# Dungine archway; 1 voxel = 1/16 unit; Y-up floor-center origin
mtllib archway.mtl
o archway
s off
v -0.500000 0.000000 -0.437500
v -0.500000 0.062500 -0.437500
v -0.500000 0.062500 -0.500000
v -0.500000 0.000000 -0.500000
v -0.437500 0.062500 -0.500000
v -0.437500 0.000000 -0.500000
v -0.437500 0.000000 -0.437500
v -0.437500 0.062500 -0.437500
v -0.500000 0.000000 -0.375000
v -0.500000 0.062500 -0.375000
v -0.437500 0.000000 -0.375000
v -0.437500 0.062500 -0.375000
v -0.500000 0.000000 -0.312500
v -0.500000 0.062500 -0.312500
v -0.437500 0.000000 -0.312500
v -0.437500 0.062500 -0.312500
v -0.500000 0.000000 -0.250000
v -0.500000 0.062500 -0.250000
v -0.437500 0.000000 -0.250000
v -0.437500 0.062500 -0.250000
v -0.500000 0.000000 -0.187500
v -0.500000 0.062500 -0.187500
v -0.437500 0.000000 -0.187500
v -0.437500 0.062500 -0.187500
v -0.500000 0.000000 -0.125000
v -0.500000 0.062500 -0.125000
v -0.437500 0.000000 -0.125000
v -0.500000 0.125000 -0.125000
v -0.500000 0.125000 -0.187500
v -0.437500 0.125000 -0.187500
v -0.500000 0.187500 -0.125000
v -0.500000 0.187500 -0.187500
v -0.437500 0.187500 -0.187500
v -0.500000 0.250000 -0.125000
v -0.500000 0.250000 -0.187500
v -0.437500 0.250000 -0.187500
v -0.500000 0.312500 -0.125000
v -0.500000 0.312500 -0.187500
v -0.437500 0.312500 -0.187500
v -0.500000 0.375000 -0.125000
v -0.500000 0.375000 -0.187500
v -0.437500 0.375000 -0.187500
v -0.500000 0.437500 -0.125000
v -0.500000 0.437500 -0.187500
v -0.437500 0.437500 -0.187500
v -0.500000 0.500000 -0.125000
v -0.500000 0.500000 -0.187500
v -0.437500 0.500000 -0.187500
v -0.500000 0.562500 -0.125000
v -0.500000 0.562500 -0.187500
v -0.437500 0.562500 -0.187500
v -0.500000 0.625000 -0.125000
v -0.500000 0.625000 -0.187500
v -0.437500 0.625000 -0.187500
v -0.500000 0.687500 -0.125000
v -0.500000 0.687500 -0.187500
v -0.437500 0.687500 -0.187500
v -0.500000 0.750000 -0.125000
v -0.500000 0.750000 -0.187500
v -0.437500 0.750000 -0.187500
v -0.500000 0.812500 -0.125000
v -0.500000 0.812500 -0.187500
v -0.437500 0.812500 -0.187500
v -0.500000 0.875000 -0.125000
v -0.500000 0.875000 -0.187500
v -0.437500 0.875000 -0.187500
v -0.500000 0.937500 -0.125000
v -0.500000 0.937500 -0.187500
v -0.437500 0.937500 -0.187500
v -0.500000 1.000000 -0.125000
v -0.500000 1.000000 -0.187500
v -0.437500 1.000000 -0.187500
v -0.500000 1.062500 -0.125000
v -0.500000 1.062500 -0.187500
v -0.437500 1.062500 -0.187500
v -0.500000 1.125000 -0.125000
v -0.500000 1.125000 -0.187500
v -0.437500 1.125000 -0.187500
v -0.500000 1.187500 -0.125000
v -0.500000 1.187500 -0.187500
v -0.437500 1.187500 -0.187500
v -0.500000 1.250000 -0.125000
v -0.500000 1.250000 -0.187500
v -0.437500 1.250000 -0.187500
v -0.500000 1.312500 -0.125000
v -0.500000 1.312500 -0.187500
v -0.437500 1.312500 -0.187500
v -0.500000 1.375000 -0.125000
v -0.500000 1.375000 -0.187500
v -0.437500 1.375000 -0.187500
v -0.500000 1.437500 -0.125000
v -0.500000 1.437500 -0.187500
v -0.437500 1.437500 -0.187500
v -0.500000 1.500000 -0.125000
v -0.500000 1.500000 -0.187500
v -0.437500 1.500000 -0.187500
v -0.500000 1.562500 -0.125000
v -0.500000 1.562500 -0.187500
v -0.437500 1.562500 -0.187500
v -0.500000 1.625000 -0.125000
v -0.500000 1.625000 -0.187500
v -0.437500 1.625000 -0.187500
v -0.500000 1.687500 -0.125000
v -0.500000 1.687500 -0.187500
v -0.437500 1.687500 -0.187500
v -0.500000 1.750000 -0.125000
v -0.500000 1.750000 -0.187500
v -0.437500 1.750000 -0.187500
v -0.500000 1.812500 -0.125000
v -0.500000 1.812500 -0.187500
v -0.437500 1.812500 -0.187500
v -0.500000 1.875000 -0.125000
v -0.500000 1.875000 -0.187500
v -0.437500 1.875000 -0.187500
v -0.500000 1.937500 -0.125000
v -0.500000 1.937500 -0.187500
v -0.437500 1.937500 -0.187500
v -0.500000 2.000000 -0.125000
v -0.500000 2.000000 -0.187500
v -0.437500 2.000000 -0.187500
v -0.437500 2.000000 -0.125000
v -0.500000 0.000000 -0.062500
v -0.500000 0.062500 -0.062500
v -0.437500 0.000000 -0.062500
v -0.500000 0.125000 -0.062500
v -0.500000 0.187500 -0.062500
v -0.500000 0.250000 -0.062500
v -0.500000 0.312500 -0.062500
v -0.500000 0.375000 -0.062500
v -0.500000 0.437500 -0.062500
v -0.500000 0.500000 -0.062500
v -0.500000 0.562500 -0.062500
v -0.500000 0.625000 -0.062500
v -0.500000 0.687500 -0.062500
v -0.500000 0.750000 -0.062500
v -0.500000 0.812500 -0.062500
v -0.500000 0.875000 -0.062500
v -0.500000 0.937500 -0.062500
v -0.500000 1.000000 -0.062500
v -0.500000 1.062500 -0.062500
v -0.500000 1.125000 -0.062500
v -0.500000 1.187500 -0.062500
v -0.500000 1.250000 -0.062500
v -0.500000 1.312500 -0.062500
v -0.500000 1.375000 -0.062500
v -0.500000 1.437500 -0.062500
v -0.500000 1.500000 -0.062500
v -0.500000 1.562500 -0.062500
v -0.500000 1.625000 -0.062500
v -0.500000 1.687500 -0.062500
v -0.500000 1.750000 -0.062500
v -0.500000 1.812500 -0.062500
v -0.500000 1.875000 -0.062500
v -0.500000 1.937500 -0.062500
v -0.500000 2.000000 -0.062500
v -0.437500 2.000000 -0.062500
v -0.500000 0.000000 0.000000
v -0.500000 0.062500 0.000000
v -0.437500 0.000000 0.000000
v -0.500000 0.125000 0.000000
v -0.500000 0.187500 0.000000
v -0.500000 0.250000 0.000000
v -0.500000 0.312500 0.000000
v -0.500000 0.375000 0.000000
v -0.500000 0.437500 0.000000
v -0.500000 0.500000 0.000000
v -0.500000 0.562500 0.000000
v -0.500000 0.625000 0.000000
v -0.500000 0.687500 0.000000
v -0.500000 0.750000 0.000000
v -0.500000 0.812500 0.000000
v -0.500000 0.875000 0.000000
v -0.500000 0.937500 0.000000
v -0.500000 1.000000 0.000000
v -0.500000 1.062500 0.000000
v -0.500000 1.125000 0.000000
v -0.500000 1.187500 0.000000
v -0.500000 1.250000 0.000000
v -0.500000 1.312500 0.000000
v -0.500000 1.375000 0.000000
v -0.500000 1.437500 0.000000
v -0.500000 1.500000 0.000000
v -0.500000 1.562500 0.000000
v -0.500000 1.625000 0.000000
v -0.500000 1.687500 0.000000
v -0.500000 1.750000 0.000000
v -0.500000 1.812500 0.000000
v -0.500000 1.875000 0.000000
v -0.500000 1.937500 0.000000
v -0.500000 2.000000 0.000000
v -0.437500 2.000000 0.000000
v -0.500000 0.000000 0.062500
v -0.500000 0.062500 0.062500
v -0.437500 0.000000 0.062500
v -0.500000 0.125000 0.062500
v -0.500000 0.187500 0.062500
v -0.500000 0.250000 0.062500
v -0.500000 0.312500 0.062500
v -0.500000 0.375000 0.062500
v -0.500000 0.437500 0.062500
v -0.500000 0.500000 0.062500
v -0.500000 0.562500 0.062500
v -0.500000 0.625000 0.062500
v -0.500000 0.687500 0.062500
v -0.500000 0.750000 0.062500
v -0.500000 0.812500 0.062500
v -0.500000 0.875000 0.062500
v -0.500000 0.937500 0.062500
v -0.500000 1.000000 0.062500
v -0.500000 1.062500 0.062500
v -0.500000 1.125000 0.062500
v -0.500000 1.187500 0.062500
v -0.500000 1.250000 0.062500
v -0.500000 1.312500 0.062500
v -0.500000 1.375000 0.062500
v -0.500000 1.437500 0.062500
v -0.500000 1.500000 0.062500
v -0.500000 1.562500 0.062500
v -0.500000 1.625000 0.062500
v -0.500000 1.687500 0.062500
v -0.500000 1.750000 0.062500
v -0.500000 1.812500 0.062500
v -0.500000 1.875000 0.062500
v -0.500000 1.937500 0.062500
v -0.500000 2.000000 0.062500
v -0.437500 2.000000 0.062500
v -0.500000 0.000000 0.125000
v -0.500000 0.062500 0.125000
v -0.437500 0.000000 0.125000
v -0.500000 0.125000 0.125000
v -0.500000 0.187500 0.125000
v -0.500000 0.250000 0.125000
v -0.500000 0.312500 0.125000
v -0.500000 0.375000 0.125000
v -0.500000 0.437500 0.125000
v -0.500000 0.500000 0.125000
v -0.500000 0.562500 0.125000
v -0.500000 0.625000 0.125000
v -0.500000 0.687500 0.125000
v -0.500000 0.750000 0.125000
v -0.500000 0.812500 0.125000
v -0.500000 0.875000 0.125000
v -0.500000 0.937500 0.125000
v -0.500000 1.000000 0.125000
v -0.500000 1.062500 0.125000
v -0.500000 1.125000 0.125000
v -0.500000 1.187500 0.125000
v -0.500000 1.250000 0.125000
v -0.500000 1.312500 0.125000
v -0.500000 1.375000 0.125000
v -0.500000 1.437500 0.125000
v -0.500000 1.500000 0.125000
v -0.500000 1.562500 0.125000
v -0.500000 1.625000 0.125000
v -0.500000 1.687500 0.125000
v -0.500000 1.750000 0.125000
v -0.500000 1.812500 0.125000
v -0.500000 1.875000 0.125000
v -0.500000 1.937500 0.125000
v -0.500000 2.000000 0.125000
v -0.437500 2.000000 0.125000
v -0.500000 0.000000 0.187500
v -0.500000 0.062500 0.187500
v -0.437500 0.000000 0.187500
v -0.500000 0.125000 0.187500
v -0.437500 0.062500 0.187500
v -0.437500 0.125000 0.187500
v -0.500000 0.187500 0.187500
v -0.437500 0.187500 0.187500
v -0.500000 0.250000 0.187500
v -0.437500 0.250000 0.187500
v -0.500000 0.312500 0.187500
v -0.437500 0.312500 0.187500
v -0.500000 0.375000 0.187500
v -0.437500 0.375000 0.187500
v -0.500000 0.437500 0.187500
v -0.437500 0.437500 0.187500
v -0.500000 0.500000 0.187500
v -0.437500 0.500000 0.187500
v -0.500000 0.562500 0.187500
v -0.437500 0.562500 0.187500
v -0.500000 0.625000 0.187500
v -0.437500 0.625000 0.187500
v -0.500000 0.687500 0.187500
v -0.437500 0.687500 0.187500
v -0.500000 0.750000 0.187500
v -0.437500 0.750000 0.187500
v -0.500000 0.812500 0.187500
v -0.437500 0.812500 0.187500
v -0.500000 0.875000 0.187500
v -0.437500 0.875000 0.187500
v -0.500000 0.937500 0.187500
v -0.437500 0.937500 0.187500
v -0.500000 1.000000 0.187500
v -0.437500 1.000000 0.187500
v -0.500000 1.062500 0.187500
v -0.437500 1.062500 0.187500
v -0.500000 1.125000 0.187500
v -0.437500 1.125000 0.187500
v -0.500000 1.187500 0.187500
v -0.437500 1.187500 0.187500
v -0.500000 1.250000 0.187500
v -0.437500 1.250000 0.187500
v -0.500000 1.312500 0.187500
v -0.437500 1.312500 0.187500
v -0.500000 1.375000 0.187500
v -0.437500 1.375000 0.187500
v -0.500000 1.437500 0.187500
v -0.437500 1.437500 0.187500
v -0.500000 1.500000 0.187500
v -0.437500 1.500000 0.187500
v -0.500000 1.562500 0.187500
v -0.437500 1.562500 0.187500
v -0.500000 1.625000 0.187500
v -0.437500 1.625000 0.187500
v -0.500000 1.687500 0.187500
v -0.437500 1.687500 0.187500
v -0.500000 1.750000 0.187500
v -0.437500 1.750000 0.187500
v -0.500000 1.812500 0.187500
v -0.437500 1.812500 0.187500
v -0.500000 1.875000 0.187500
v -0.437500 1.875000 0.187500
v -0.500000 1.937500 0.187500
v -0.437500 1.937500 0.187500
v -0.500000 2.000000 0.187500
v -0.437500 2.000000 0.187500
v -0.500000 0.000000 0.250000
v -0.500000 0.062500 0.250000
v -0.437500 0.000000 0.250000
v -0.437500 0.062500 0.250000
v -0.500000 0.000000 0.312500
v -0.500000 0.062500 0.312500
v -0.437500 0.000000 0.312500
v -0.437500 0.062500 0.312500
v -0.500000 0.000000 0.375000
v -0.500000 0.062500 0.375000
v -0.437500 0.000000 0.375000
v -0.437500 0.062500 0.375000
v -0.500000 0.000000 0.437500
v -0.500000 0.062500 0.437500
v -0.437500 0.000000 0.437500
v -0.437500 0.062500 0.437500
v -0.500000 0.000000 0.500000
v -0.500000 0.062500 0.500000
v -0.437500 0.000000 0.500000
v -0.437500 0.062500 0.500000
v -0.375000 0.062500 -0.500000
v -0.375000 0.000000 -0.500000
v -0.375000 0.000000 -0.437500
v -0.375000 0.062500 -0.437500
v -0.375000 0.000000 -0.375000
v -0.375000 0.062500 -0.375000
v -0.375000 0.000000 -0.312500
v -0.375000 0.062500 -0.312500
v -0.375000 0.000000 -0.250000
v -0.375000 0.062500 -0.250000
v -0.375000 0.000000 -0.187500
v -0.375000 0.062500 -0.187500
v -0.375000 0.000000 -0.125000
v -0.375000 0.125000 -0.187500
v -0.375000 0.187500 -0.187500
v -0.375000 0.250000 -0.187500
v -0.375000 0.312500 -0.187500
v -0.375000 0.375000 -0.187500
v -0.375000 0.437500 -0.187500
v -0.375000 0.500000 -0.187500
v -0.375000 0.562500 -0.187500
v -0.375000 0.625000 -0.187500
v -0.375000 0.687500 -0.187500
v -0.375000 0.750000 -0.187500
v -0.375000 0.812500 -0.187500
v -0.375000 0.875000 -0.187500
v -0.375000 0.937500 -0.187500
v -0.375000 1.000000 -0.187500
v -0.375000 1.062500 -0.187500
v -0.375000 1.125000 -0.187500
v -0.375000 1.187500 -0.187500
v -0.375000 1.250000 -0.187500
v -0.375000 1.312500 -0.187500
v -0.375000 1.375000 -0.187500
v -0.375000 1.437500 -0.187500
v -0.375000 1.500000 -0.187500
v -0.375000 1.562500 -0.187500
v -0.375000 1.625000 -0.187500
v -0.375000 1.687500 -0.187500
v -0.375000 1.750000 -0.187500
v -0.375000 1.812500 -0.187500
v -0.375000 1.875000 -0.187500
v -0.375000 1.937500 -0.187500
v -0.375000 2.000000 -0.187500
v -0.375000 2.000000 -0.125000
v -0.375000 0.000000 -0.062500
v -0.375000 2.000000 -0.062500
v -0.375000 0.000000 0.000000
v -0.375000 2.000000 0.000000
v -0.375000 0.000000 0.062500
v -0.375000 2.000000 0.062500
v -0.375000 0.000000 0.125000
v -0.375000 2.000000 0.125000
v -0.375000 0.000000 0.187500
v -0.375000 0.062500 0.187500
v -0.375000 0.125000 0.187500
v -0.375000 0.187500 0.187500
v -0.375000 0.250000 0.187500
v -0.375000 0.312500 0.187500
v -0.375000 0.375000 0.187500
v -0.375000 0.437500 0.187500
v -0.375000 0.500000 0.187500
v -0.375000 0.562500 0.187500
v -0.375000 0.625000 0.187500
v -0.375000 0.687500 0.187500
v -0.375000 0.750000 0.187500
v -0.375000 0.812500 0.187500
v -0.375000 0.875000 0.187500
v -0.375000 0.937500 0.187500
v -0.375000 1.000000 0.187500
v -0.375000 1.062500 0.187500
v -0.375000 1.125000 0.187500
v -0.375000 1.187500 0.187500
v -0.375000 1.250000 0.187500
v -0.375000 1.312500 0.187500
v -0.375000 1.375000 0.187500
v -0.375000 1.437500 0.187500
v -0.375000 1.500000 0.187500
v -0.375000 1.562500 0.187500
v -0.375000 1.625000 0.187500
v -0.375000 1.687500 0.187500
v -0.375000 1.750000 0.187500
v -0.375000 1.812500 0.187500
v -0.375000 1.875000 0.187500
v -0.375000 1.937500 0.187500
v -0.375000 2.000000 0.187500
v -0.375000 0.000000 0.250000
v -0.375000 0.062500 0.250000
v -0.375000 0.000000 0.312500
v -0.375000 0.062500 0.312500
v -0.375000 0.000000 0.375000
v -0.375000 0.062500 0.375000
v -0.375000 0.000000 0.437500
v -0.375000 0.062500 0.437500
v -0.375000 0.000000 0.500000
v -0.375000 0.062500 0.500000
v -0.312500 0.062500 -0.500000
v -0.312500 0.000000 -0.500000
v -0.312500 0.000000 -0.437500
v -0.312500 0.062500 -0.437500
v -0.312500 0.000000 -0.375000
v -0.312500 0.062500 -0.375000
v -0.312500 0.000000 -0.312500
v -0.312500 0.062500 -0.312500
v -0.312500 0.000000 -0.250000
v -0.312500 0.062500 -0.250000
v -0.312500 0.000000 -0.187500
v -0.312500 0.062500 -0.187500
v -0.312500 0.000000 -0.125000
v -0.312500 0.125000 -0.187500
v -0.312500 0.125000 -0.125000
v -0.312500 0.062500 -0.125000
v -0.312500 0.187500 -0.187500
v -0.312500 0.187500 -0.125000
v -0.312500 0.250000 -0.187500
v -0.312500 0.250000 -0.125000
v -0.312500 0.312500 -0.187500
v -0.312500 0.312500 -0.125000
v -0.312500 0.375000 -0.187500
v -0.312500 0.375000 -0.125000
v -0.312500 0.437500 -0.187500
v -0.312500 0.437500 -0.125000
v -0.312500 0.500000 -0.187500
v -0.312500 0.500000 -0.125000
v -0.312500 0.562500 -0.187500
v -0.312500 0.562500 -0.125000
v -0.312500 0.625000 -0.187500
v -0.312500 0.625000 -0.125000
v -0.312500 0.687500 -0.187500
v -0.312500 0.687500 -0.125000
v -0.312500 0.750000 -0.187500
v -0.312500 0.750000 -0.125000
v -0.312500 0.812500 -0.187500
v -0.312500 0.812500 -0.125000
v -0.312500 0.875000 -0.187500
v -0.312500 0.875000 -0.125000
v -0.312500 0.937500 -0.187500
v -0.312500 0.937500 -0.125000
v -0.312500 1.000000 -0.187500
v -0.312500 1.000000 -0.125000
v -0.312500 1.062500 -0.187500
v -0.312500 1.062500 -0.125000
v -0.312500 1.125000 -0.187500
v -0.312500 1.125000 -0.125000
v -0.312500 1.187500 -0.187500
v -0.312500 1.187500 -0.125000
v -0.312500 1.250000 -0.187500
v -0.312500 1.250000 -0.125000
v -0.312500 1.312500 -0.187500
v -0.312500 1.312500 -0.125000
v -0.312500 1.375000 -0.187500
v -0.312500 1.375000 -0.125000
v -0.312500 1.437500 -0.187500
v -0.312500 1.437500 -0.125000
v -0.312500 1.500000 -0.187500
v -0.312500 1.500000 -0.125000
v -0.312500 1.562500 -0.187500
v -0.312500 1.625000 -0.187500
v -0.312500 1.687500 -0.187500
v -0.312500 1.750000 -0.187500
v -0.312500 1.812500 -0.187500
v -0.312500 1.875000 -0.187500
v -0.312500 1.937500 -0.187500
v -0.312500 2.000000 -0.187500
v -0.312500 2.000000 -0.125000
v -0.312500 0.000000 -0.062500
v -0.312500 0.125000 -0.062500
v -0.312500 0.062500 -0.062500
v -0.312500 0.187500 -0.062500
v -0.312500 0.250000 -0.062500
v -0.312500 0.312500 -0.062500
v -0.312500 0.375000 -0.062500
v -0.312500 0.437500 -0.062500
v -0.312500 0.500000 -0.062500
v -0.312500 0.562500 -0.062500
v -0.312500 0.625000 -0.062500
v -0.312500 0.687500 -0.062500
v -0.312500 0.750000 -0.062500
v -0.312500 0.812500 -0.062500
v -0.312500 0.875000 -0.062500
v -0.312500 0.937500 -0.062500
v -0.312500 1.000000 -0.062500
v -0.312500 1.062500 -0.062500
v -0.312500 1.125000 -0.062500
v -0.312500 1.187500 -0.062500
v -0.312500 1.250000 -0.062500
v -0.312500 1.312500 -0.062500
v -0.312500 1.375000 -0.062500
v -0.312500 1.437500 -0.062500
v -0.312500 1.500000 -0.062500
v -0.312500 2.000000 -0.062500
v -0.312500 0.000000 0.000000
v -0.312500 0.125000 0.000000
v -0.312500 0.062500 0.000000
v -0.312500 0.187500 0.000000
v -0.312500 0.250000 0.000000
v -0.312500 0.312500 0.000000
v -0.312500 0.375000 0.000000
v -0.312500 0.437500 0.000000
v -0.312500 0.500000 0.000000
v -0.312500 0.562500 0.000000
v -0.312500 0.625000 0.000000
v -0.312500 0.687500 0.000000
v -0.312500 0.750000 0.000000
v -0.312500 0.812500 0.000000
v -0.312500 0.875000 0.000000
v -0.312500 0.937500 0.000000
v -0.312500 1.000000 0.000000
v -0.312500 1.062500 0.000000
v -0.312500 1.125000 0.000000
v -0.312500 1.187500 0.000000
v -0.312500 1.250000 0.000000
v -0.312500 1.312500 0.000000
v -0.312500 1.375000 0.000000
v -0.312500 1.437500 0.000000
v -0.312500 1.500000 0.000000
v -0.312500 2.000000 0.000000
v -0.312500 0.000000 0.062500
v -0.312500 0.125000 0.062500
v -0.312500 0.062500 0.062500
v -0.312500 0.187500 0.062500
v -0.312500 0.250000 0.062500
v -0.312500 0.312500 0.062500
v -0.312500 0.375000 0.062500
v -0.312500 0.437500 0.062500
v -0.312500 0.500000 0.062500
v -0.312500 0.562500 0.062500
v -0.312500 0.625000 0.062500
v -0.312500 0.687500 0.062500
v -0.312500 0.750000 0.062500
v -0.312500 0.812500 0.062500
v -0.312500 0.875000 0.062500
v -0.312500 0.937500 0.062500
v -0.312500 1.000000 0.062500
v -0.312500 1.062500 0.062500
v -0.312500 1.125000 0.062500
v -0.312500 1.187500 0.062500
v -0.312500 1.250000 0.062500
v -0.312500 1.312500 0.062500
v -0.312500 1.375000 0.062500
v -0.312500 1.437500 0.062500
v -0.312500 1.500000 0.062500
v -0.312500 2.000000 0.062500
v -0.312500 0.000000 0.125000
v -0.312500 0.125000 0.125000
v -0.312500 0.062500 0.125000
v -0.312500 0.187500 0.125000
v -0.312500 0.250000 0.125000
v -0.312500 0.312500 0.125000
v -0.312500 0.375000 0.125000
v -0.312500 0.437500 0.125000
v -0.312500 0.500000 0.125000
v -0.312500 0.562500 0.125000
v -0.312500 0.625000 0.125000
v -0.312500 0.687500 0.125000
v -0.312500 0.750000 0.125000
v -0.312500 0.812500 0.125000
v -0.312500 0.875000 0.125000
v -0.312500 0.937500 0.125000
v -0.312500 1.000000 0.125000
v -0.312500 1.062500 0.125000
v -0.312500 1.125000 0.125000
v -0.312500 1.187500 0.125000
v -0.312500 1.250000 0.125000
v -0.312500 1.312500 0.125000
v -0.312500 1.375000 0.125000
v -0.312500 1.437500 0.125000
v -0.312500 1.500000 0.125000
v -0.312500 2.000000 0.125000
v -0.312500 0.000000 0.187500
v -0.312500 0.125000 0.187500
v -0.312500 0.062500 0.187500
v -0.312500 0.187500 0.187500
v -0.312500 0.250000 0.187500
v -0.312500 0.312500 0.187500
v -0.312500 0.375000 0.187500
v -0.312500 0.437500 0.187500
v -0.312500 0.500000 0.187500
v -0.312500 0.562500 0.187500
v -0.312500 0.625000 0.187500
v -0.312500 0.687500 0.187500
v -0.312500 0.750000 0.187500
v -0.312500 0.812500 0.187500
v -0.312500 0.875000 0.187500
v -0.312500 0.937500 0.187500
v -0.312500 1.000000 0.187500
v -0.312500 1.062500 0.187500
v -0.312500 1.125000 0.187500
v -0.312500 1.187500 0.187500
v -0.312500 1.250000 0.187500
v -0.312500 1.312500 0.187500
v -0.312500 1.375000 0.187500
v -0.312500 1.437500 0.187500
v -0.312500 1.500000 0.187500
v -0.312500 1.562500 0.187500
v -0.312500 1.625000 0.187500
v -0.312500 1.687500 0.187500
v -0.312500 1.750000 0.187500
v -0.312500 1.812500 0.187500
v -0.312500 1.875000 0.187500
v -0.312500 1.937500 0.187500
v -0.312500 2.000000 0.187500
v -0.312500 0.000000 0.250000
v -0.312500 0.062500 0.250000
v -0.312500 0.000000 0.312500
v -0.312500 0.062500 0.312500
v -0.312500 0.000000 0.375000
v -0.312500 0.062500 0.375000
v -0.312500 0.000000 0.437500
v -0.312500 0.062500 0.437500
v -0.312500 0.000000 0.500000
v -0.312500 0.062500 0.500000
v -0.250000 0.062500 -0.500000
v -0.250000 0.000000 -0.500000
v -0.250000 0.000000 -0.437500
v -0.250000 0.062500 -0.437500
v -0.250000 0.000000 -0.375000
v -0.250000 0.062500 -0.375000
v -0.250000 0.000000 -0.312500
v -0.250000 0.062500 -0.312500
v -0.250000 0.000000 -0.250000
v -0.250000 0.062500 -0.250000
v -0.250000 0.000000 -0.187500
v -0.250000 0.062500 -0.187500
v -0.250000 0.000000 -0.125000
v -0.250000 0.062500 -0.125000
v -0.250000 1.562500 -0.187500
v -0.250000 1.500000 -0.187500
v -0.250000 1.500000 -0.125000
v -0.250000 1.625000 -0.187500
v -0.250000 1.687500 -0.187500
v -0.250000 1.750000 -0.187500
v -0.250000 1.812500 -0.187500
v -0.250000 1.875000 -0.187500
v -0.250000 1.937500 -0.187500
v -0.250000 2.000000 -0.187500
v -0.250000 2.000000 -0.125000
v -0.250000 0.000000 -0.062500
v -0.250000 0.062500 -0.062500
v -0.250000 1.500000 -0.062500
v -0.250000 2.000000 -0.062500
v -0.250000 0.000000 0.000000
v -0.250000 0.062500 0.000000
v -0.250000 1.500000 0.000000
v -0.250000 2.000000 0.000000
v -0.250000 0.000000 0.062500
v -0.250000 0.062500 0.062500
v -0.250000 1.500000 0.062500
v -0.250000 2.000000 0.062500
v -0.250000 0.000000 0.125000
v -0.250000 0.062500 0.125000
v -0.250000 1.500000 0.125000
v -0.250000 2.000000 0.125000
v -0.250000 0.000000 0.187500
v -0.250000 0.062500 0.187500
v -0.250000 1.500000 0.187500
v -0.250000 1.562500 0.187500
v -0.250000 1.625000 0.187500
v -0.250000 1.687500 0.187500
v -0.250000 1.750000 0.187500
v -0.250000 1.812500 0.187500
v -0.250000 1.875000 0.187500
v -0.250000 1.937500 0.187500
v -0.250000 2.000000 0.187500
v -0.250000 0.000000 0.250000
v -0.250000 0.062500 0.250000
v -0.250000 0.000000 0.312500
v -0.250000 0.062500 0.312500
v -0.250000 0.000000 0.375000
v -0.250000 0.062500 0.375000
v -0.250000 0.000000 0.437500
v -0.250000 0.062500 0.437500
v -0.250000 0.000000 0.500000
v -0.250000 0.062500 0.500000
v -0.187500 0.062500 -0.500000
v -0.187500 0.000000 -0.500000
v -0.187500 0.000000 -0.437500
v -0.187500 0.062500 -0.437500
v -0.187500 0.000000 -0.375000
v -0.187500 0.062500 -0.375000
v -0.187500 0.000000 -0.312500
v -0.187500 0.062500 -0.312500
v -0.187500 0.000000 -0.250000
v -0.187500 0.062500 -0.250000
v -0.187500 0.000000 -0.187500
v -0.187500 0.062500 -0.187500
v -0.187500 0.000000 -0.125000
v -0.187500 0.062500 -0.125000
v -0.187500 1.562500 -0.187500
v -0.187500 1.562500 -0.125000
v -0.187500 1.500000 -0.125000
v -0.187500 1.500000 -0.187500
v -0.187500 1.625000 -0.187500
v -0.187500 1.687500 -0.187500
v -0.187500 1.750000 -0.187500
v -0.187500 1.812500 -0.187500
v -0.187500 1.875000 -0.187500
v -0.187500 1.937500 -0.187500
v -0.187500 2.000000 -0.187500
v -0.187500 2.000000 -0.125000
v -0.187500 0.000000 -0.062500
v -0.187500 0.062500 -0.062500
v -0.187500 1.562500 -0.062500
v -0.187500 1.500000 -0.062500
v -0.187500 2.000000 -0.062500
v -0.187500 0.000000 0.000000
v -0.187500 0.062500 0.000000
v -0.187500 1.562500 0.000000
v -0.187500 1.500000 0.000000
v -0.187500 2.000000 0.000000
v -0.187500 0.000000 0.062500
v -0.187500 0.062500 0.062500
v -0.187500 1.562500 0.062500
v -0.187500 1.500000 0.062500
v -0.187500 2.000000 0.062500
v -0.187500 0.000000 0.125000
v -0.187500 0.062500 0.125000
v -0.187500 1.562500 0.125000
v -0.187500 1.500000 0.125000
v -0.187500 2.000000 0.125000
v -0.187500 0.000000 0.187500
v -0.187500 0.062500 0.187500
v -0.187500 1.562500 0.187500
v -0.187500 1.500000 0.187500
v -0.187500 1.625000 0.187500
v -0.187500 1.687500 0.187500
v -0.187500 1.750000 0.187500
v -0.187500 1.812500 0.187500
v -0.187500 1.875000 0.187500
v -0.187500 1.937500 0.187500
v -0.187500 2.000000 0.187500
v -0.187500 0.000000 0.250000
v -0.187500 0.062500 0.250000
v -0.187500 0.000000 0.312500
v -0.187500 0.062500 0.312500
v -0.187500 0.000000 0.375000
v -0.187500 0.062500 0.375000
v -0.187500 0.000000 0.437500
v -0.187500 0.062500 0.437500
v -0.187500 0.000000 0.500000
v -0.187500 0.062500 0.500000
v -0.125000 0.062500 -0.500000
v -0.125000 0.000000 -0.500000
v -0.125000 0.000000 -0.437500
v -0.125000 0.062500 -0.437500
v -0.125000 0.000000 -0.375000
v -0.125000 0.062500 -0.375000
v -0.125000 0.000000 -0.312500
v -0.125000 0.062500 -0.312500
v -0.125000 0.000000 -0.250000
v -0.125000 0.062500 -0.250000
v -0.125000 0.000000 -0.187500
v -0.125000 0.062500 -0.187500
v -0.125000 0.000000 -0.125000
v -0.125000 0.062500 -0.125000
v -0.125000 1.625000 -0.187500
v -0.125000 1.625000 -0.125000
v -0.125000 1.562500 -0.125000
v -0.125000 1.562500 -0.187500
v -0.125000 1.687500 -0.187500
v -0.125000 1.750000 -0.187500
v -0.125000 1.812500 -0.187500
v -0.125000 1.875000 -0.187500
v -0.125000 1.937500 -0.187500
v -0.125000 2.000000 -0.187500
v -0.125000 2.000000 -0.125000
v -0.125000 0.000000 -0.062500
v -0.125000 0.062500 -0.062500
v -0.125000 1.625000 -0.062500
v -0.125000 1.562500 -0.062500
v -0.125000 2.000000 -0.062500
v -0.125000 0.000000 0.000000
v -0.125000 0.062500 0.000000
v -0.125000 1.625000 0.000000
v -0.125000 1.562500 0.000000
v -0.125000 2.000000 0.000000
v -0.125000 0.000000 0.062500
v -0.125000 0.062500 0.062500
v -0.125000 1.625000 0.062500
v -0.125000 1.562500 0.062500
v -0.125000 2.000000 0.062500
v -0.125000 0.000000 0.125000
v -0.125000 0.062500 0.125000
v -0.125000 1.625000 0.125000
v -0.125000 1.562500 0.125000
v -0.125000 2.000000 0.125000
v -0.125000 0.000000 0.187500
v -0.125000 0.062500 0.187500
v -0.125000 1.625000 0.187500
v -0.125000 1.562500 0.187500
v -0.125000 1.687500 0.187500
v -0.125000 1.750000 0.187500
v -0.125000 1.812500 0.187500
v -0.125000 1.875000 0.187500
v -0.125000 1.937500 0.187500
v -0.125000 2.000000 0.187500
v -0.125000 0.000000 0.250000
v -0.125000 0.062500 0.250000
v -0.125000 0.000000 0.312500
v -0.125000 0.062500 0.312500
v -0.125000 0.000000 0.375000
v -0.125000 0.062500 0.375000
v -0.125000 0.000000 0.437500
v -0.125000 0.062500 0.437500
v -0.125000 0.000000 0.500000
v -0.125000 0.062500 0.500000
v -0.062500 0.062500 -0.500000
v -0.062500 0.000000 -0.500000
v -0.062500 0.000000 -0.437500
v -0.062500 0.062500 -0.437500
v -0.062500 0.000000 -0.375000
v -0.062500 0.062500 -0.375000
v -0.062500 0.000000 -0.312500
v -0.062500 0.062500 -0.312500
v -0.062500 0.000000 -0.250000
v -0.062500 0.062500 -0.250000
v -0.062500 0.000000 -0.187500
v -0.062500 0.062500 -0.187500
v -0.062500 0.000000 -0.125000
v -0.062500 0.062500 -0.125000
v -0.062500 1.687500 -0.187500
v -0.062500 1.687500 -0.125000
v -0.062500 1.625000 -0.125000
v -0.062500 1.625000 -0.187500
v -0.062500 1.750000 -0.187500
v -0.062500 1.812500 -0.187500
v -0.062500 1.875000 -0.187500
v -0.062500 1.937500 -0.187500
v -0.062500 2.000000 -0.187500
v -0.062500 2.000000 -0.125000
v -0.062500 0.000000 -0.062500
v -0.062500 0.062500 -0.062500
v -0.062500 1.687500 -0.062500
v -0.062500 1.625000 -0.062500
v -0.062500 2.000000 -0.062500
v -0.062500 0.000000 0.000000
v -0.062500 0.062500 0.000000
v -0.062500 1.687500 0.000000
v -0.062500 1.625000 0.000000
v -0.062500 2.000000 0.000000
v -0.062500 0.000000 0.062500
v -0.062500 0.062500 0.062500
v -0.062500 1.687500 0.062500
v -0.062500 1.625000 0.062500
v -0.062500 2.000000 0.062500
v -0.062500 0.000000 0.125000
v -0.062500 0.062500 0.125000
v -0.062500 1.687500 0.125000
v -0.062500 1.625000 0.125000
v -0.062500 2.000000 0.125000
v -0.062500 0.000000 0.187500
v -0.062500 0.062500 0.187500
v -0.062500 1.687500 0.187500
v -0.062500 1.625000 0.187500
v -0.062500 1.750000 0.187500
v -0.062500 1.812500 0.187500
v -0.062500 1.875000 0.187500
v -0.062500 1.937500 0.187500
v -0.062500 2.000000 0.187500
v -0.062500 0.000000 0.250000
v -0.062500 0.062500 0.250000
v -0.062500 0.000000 0.312500
v -0.062500 0.062500 0.312500
v -0.062500 0.000000 0.375000
v -0.062500 0.062500 0.375000
v -0.062500 0.000000 0.437500
v -0.062500 0.062500 0.437500
v -0.062500 0.000000 0.500000
v -0.062500 0.062500 0.500000
v 0.000000 0.062500 -0.500000
v 0.000000 0.000000 -0.500000
v 0.000000 0.000000 -0.437500
v 0.000000 0.062500 -0.437500
v 0.000000 0.000000 -0.375000
v 0.000000 0.062500 -0.375000
v 0.000000 0.000000 -0.312500
v 0.000000 0.062500 -0.312500
v 0.000000 0.000000 -0.250000
v 0.000000 0.062500 -0.250000
v 0.000000 0.000000 -0.187500
v 0.000000 0.062500 -0.187500
v 0.000000 0.000000 -0.125000
v 0.000000 0.062500 -0.125000
v 0.000000 1.750000 -0.187500
v 0.000000 1.687500 -0.187500
v 0.000000 1.687500 -0.125000
v 0.000000 1.812500 -0.187500
v 0.000000 1.875000 -0.187500
v 0.000000 1.937500 -0.187500
v 0.000000 2.000000 -0.187500
v 0.000000 2.000000 -0.125000
v 0.000000 0.000000 -0.062500
v 0.000000 0.062500 -0.062500
v 0.000000 1.687500 -0.062500
v 0.000000 2.000000 -0.062500
v 0.000000 0.000000 0.000000
v 0.000000 0.062500 0.000000
v 0.000000 1.687500 0.000000
v 0.000000 2.000000 0.000000
v 0.000000 0.000000 0.062500
v 0.000000 0.062500 0.062500
v 0.000000 1.687500 0.062500
v 0.000000 2.000000 0.062500
v 0.000000 0.000000 0.125000
v 0.000000 0.062500 0.125000
v 0.000000 1.687500 0.125000
v 0.000000 2.000000 0.125000
v 0.000000 0.000000 0.187500
v 0.000000 0.062500 0.187500
v 0.000000 1.687500 0.187500
v 0.000000 1.750000 0.187500
v 0.000000 1.812500 0.187500
v 0.000000 1.875000 0.187500
v 0.000000 1.937500 0.187500
v 0.000000 2.000000 0.187500
v 0.000000 0.000000 0.250000
v 0.000000 0.062500 0.250000
v 0.000000 0.000000 0.312500
v 0.000000 0.062500 0.312500
v 0.000000 0.000000 0.375000
v 0.000000 0.062500 0.375000
v 0.000000 0.000000 0.437500
v 0.000000 0.062500 0.437500
v 0.000000 0.000000 0.500000
v 0.000000 0.062500 0.500000
v 0.062500 0.062500 -0.500000
v 0.062500 0.000000 -0.500000
v 0.062500 0.000000 -0.437500
v 0.062500 0.062500 -0.437500
v 0.062500 0.000000 -0.375000
v 0.062500 0.062500 -0.375000
v 0.062500 0.000000 -0.312500
v 0.062500 0.062500 -0.312500
v 0.062500 0.000000 -0.250000
v 0.062500 0.062500 -0.250000
v 0.062500 0.000000 -0.187500
v 0.062500 0.062500 -0.187500
v 0.062500 0.000000 -0.125000
v 0.062500 0.062500 -0.125000
v 0.062500 1.750000 -0.187500
v 0.062500 1.687500 -0.187500
v 0.062500 1.687500 -0.125000
v 0.062500 1.812500 -0.187500
v 0.062500 1.875000 -0.187500
v 0.062500 1.937500 -0.187500
v 0.062500 2.000000 -0.187500
v 0.062500 2.000000 -0.125000
v 0.062500 0.000000 -0.062500
v 0.062500 0.062500 -0.062500
v 0.062500 1.687500 -0.062500
v 0.062500 2.000000 -0.062500
v 0.062500 0.000000 0.000000
v 0.062500 0.062500 0.000000
v 0.062500 1.687500 0.000000
v 0.062500 2.000000 0.000000
v 0.062500 0.000000 0.062500
v 0.062500 0.062500 0.062500
v 0.062500 1.687500 0.062500
v 0.062500 2.000000 0.062500
v 0.062500 0.000000 0.125000
v 0.062500 0.062500 0.125000
v 0.062500 1.687500 0.125000
v 0.062500 2.000000 0.125000
v 0.062500 0.000000 0.187500
v 0.062500 0.062500 0.187500
v 0.062500 1.687500 0.187500
v 0.062500 1.750000 0.187500
v 0.062500 1.812500 0.187500
v 0.062500 1.875000 0.187500
v 0.062500 1.937500 0.187500
v 0.062500 2.000000 0.187500
v 0.062500 0.000000 0.250000
v 0.062500 0.062500 0.250000
v 0.062500 0.000000 0.312500
v 0.062500 0.062500 0.312500
v 0.062500 0.000000 0.375000
v 0.062500 0.062500 0.375000
v 0.062500 0.000000 0.437500
v 0.062500 0.062500 0.437500
v 0.062500 0.000000 0.500000
v 0.062500 0.062500 0.500000
v 0.125000 0.062500 -0.500000
v 0.125000 0.000000 -0.500000
v 0.125000 0.000000 -0.437500
v 0.125000 0.062500 -0.437500
v 0.125000 0.000000 -0.375000
v 0.125000 0.062500 -0.375000
v 0.125000 0.000000 -0.312500
v 0.125000 0.062500 -0.312500
v 0.125000 0.000000 -0.250000
v 0.125000 0.062500 -0.250000
v 0.125000 0.000000 -0.187500
v 0.125000 0.062500 -0.187500
v 0.125000 0.000000 -0.125000
v 0.125000 0.062500 -0.125000
v 0.062500 1.625000 -0.125000
v 0.062500 1.625000 -0.187500
v 0.125000 1.687500 -0.187500
v 0.125000 1.625000 -0.187500
v 0.125000 1.625000 -0.125000
v 0.125000 1.750000 -0.187500
v 0.125000 1.812500 -0.187500
v 0.125000 1.875000 -0.187500
v 0.125000 1.937500 -0.187500
v 0.125000 2.000000 -0.187500
v 0.125000 2.000000 -0.125000
v 0.125000 0.000000 -0.062500
v 0.125000 0.062500 -0.062500
v 0.062500 1.625000 -0.062500
v 0.125000 1.625000 -0.062500
v 0.125000 2.000000 -0.062500
v 0.125000 0.000000 0.000000
v 0.125000 0.062500 0.000000
v 0.062500 1.625000 0.000000
v 0.125000 1.625000 0.000000
v 0.125000 2.000000 0.000000
v 0.125000 0.000000 0.062500
v 0.125000 0.062500 0.062500
v 0.062500 1.625000 0.062500
v 0.125000 1.625000 0.062500
v 0.125000 2.000000 0.062500
v 0.125000 0.000000 0.125000
v 0.125000 0.062500 0.125000
v 0.062500 1.625000 0.125000
v 0.125000 1.625000 0.125000
v 0.125000 2.000000 0.125000
v 0.125000 0.000000 0.187500
v 0.125000 0.062500 0.187500
v 0.062500 1.625000 0.187500
v 0.125000 1.625000 0.187500
v 0.125000 1.687500 0.187500
v 0.125000 1.750000 0.187500
v 0.125000 1.812500 0.187500
v 0.125000 1.875000 0.187500
v 0.125000 1.937500 0.187500
v 0.125000 2.000000 0.187500
v 0.125000 0.000000 0.250000
v 0.125000 0.062500 0.250000
v 0.125000 0.000000 0.312500
v 0.125000 0.062500 0.312500
v 0.125000 0.000000 0.375000
v 0.125000 0.062500 0.375000
v 0.125000 0.000000 0.437500
v 0.125000 0.062500 0.437500
v 0.125000 0.000000 0.500000
v 0.125000 0.062500 0.500000
v 0.187500 0.062500 -0.500000
v 0.187500 0.000000 -0.500000
v 0.187500 0.000000 -0.437500
v 0.187500 0.062500 -0.437500
v 0.187500 0.000000 -0.375000
v 0.187500 0.062500 -0.375000
v 0.187500 0.000000 -0.312500
v 0.187500 0.062500 -0.312500
v 0.187500 0.000000 -0.250000
v 0.187500 0.062500 -0.250000
v 0.187500 0.000000 -0.187500
v 0.187500 0.062500 -0.187500
v 0.187500 0.000000 -0.125000
v 0.187500 0.062500 -0.125000
v 0.125000 1.562500 -0.125000
v 0.125000 1.562500 -0.187500
v 0.187500 1.625000 -0.187500
v 0.187500 1.562500 -0.187500
v 0.187500 1.562500 -0.125000
v 0.187500 1.687500 -0.187500
v 0.187500 1.750000 -0.187500
v 0.187500 1.812500 -0.187500
v 0.187500 1.875000 -0.187500
v 0.187500 1.937500 -0.187500
v 0.187500 2.000000 -0.187500
v 0.187500 2.000000 -0.125000
v 0.187500 0.000000 -0.062500
v 0.187500 0.062500 -0.062500
v 0.125000 1.562500 -0.062500
v 0.187500 1.562500 -0.062500
v 0.187500 2.000000 -0.062500
v 0.187500 0.000000 0.000000
v 0.187500 0.062500 0.000000
v 0.125000 1.562500 0.000000
v 0.187500 1.562500 0.000000
v 0.187500 2.000000 0.000000
v 0.187500 0.000000 0.062500
v 0.187500 0.062500 0.062500
v 0.125000 1.562500 0.062500
v 0.187500 1.562500 0.062500
v 0.187500 2.000000 0.062500
v 0.187500 0.000000 0.125000
v 0.187500 0.062500 0.125000
v 0.125000 1.562500 0.125000
v 0.187500 1.562500 0.125000
v 0.187500 2.000000 0.125000
v 0.187500 0.000000 0.187500
v 0.187500 0.062500 0.187500
v 0.125000 1.562500 0.187500
v 0.187500 1.562500 0.187500
v 0.187500 1.625000 0.187500
v 0.187500 1.687500 0.187500
v 0.187500 1.750000 0.187500
v 0.187500 1.812500 0.187500
v 0.187500 1.875000 0.187500
v 0.187500 1.937500 0.187500
v 0.187500 2.000000 0.187500
v 0.187500 0.000000 0.250000
v 0.187500 0.062500 0.250000
v 0.187500 0.000000 0.312500
v 0.187500 0.062500 0.312500
v 0.187500 0.000000 0.375000
v 0.187500 0.062500 0.375000
v 0.187500 0.000000 0.437500
v 0.187500 0.062500 0.437500
v 0.187500 0.000000 0.500000
v 0.187500 0.062500 0.500000
v 0.250000 0.062500 -0.500000
v 0.250000 0.000000 -0.500000
v 0.250000 0.000000 -0.437500
v 0.250000 0.062500 -0.437500
v 0.250000 0.000000 -0.375000
v 0.250000 0.062500 -0.375000
v 0.250000 0.000000 -0.312500
v 0.250000 0.062500 -0.312500
v 0.250000 0.000000 -0.250000
v 0.250000 0.062500 -0.250000
v 0.250000 0.000000 -0.187500
v 0.250000 0.062500 -0.187500
v 0.250000 0.000000 -0.125000
v 0.250000 0.062500 -0.125000
v 0.187500 1.500000 -0.125000
v 0.187500 1.500000 -0.187500
v 0.250000 1.562500 -0.187500
v 0.250000 1.500000 -0.187500
v 0.250000 1.500000 -0.125000
v 0.250000 1.625000 -0.187500
v 0.250000 1.687500 -0.187500
v 0.250000 1.750000 -0.187500
v 0.250000 1.812500 -0.187500
v 0.250000 1.875000 -0.187500
v 0.250000 1.937500 -0.187500
v 0.250000 2.000000 -0.187500
v 0.250000 2.000000 -0.125000
v 0.250000 0.000000 -0.062500
v 0.250000 0.062500 -0.062500
v 0.187500 1.500000 -0.062500
v 0.250000 1.500000 -0.062500
v 0.250000 2.000000 -0.062500
v 0.250000 0.000000 0.000000
v 0.250000 0.062500 0.000000
v 0.187500 1.500000 0.000000
v 0.250000 1.500000 0.000000
v 0.250000 2.000000 0.000000
v 0.250000 0.000000 0.062500
v 0.250000 0.062500 0.062500
v 0.187500 1.500000 0.062500
v 0.250000 1.500000 0.062500
v 0.250000 2.000000 0.062500
v 0.250000 0.000000 0.125000
v 0.250000 0.062500 0.125000
v 0.187500 1.500000 0.125000
v 0.250000 1.500000 0.125000
v 0.250000 2.000000 0.125000
v 0.250000 0.000000 0.187500
v 0.250000 0.062500 0.187500
v 0.187500 1.500000 0.187500
v 0.250000 1.500000 0.187500
v 0.250000 1.562500 0.187500
v 0.250000 1.625000 0.187500
v 0.250000 1.687500 0.187500
v 0.250000 1.750000 0.187500
v 0.250000 1.812500 0.187500
v 0.250000 1.875000 0.187500
v 0.250000 1.937500 0.187500
v 0.250000 2.000000 0.187500
v 0.250000 0.000000 0.250000
v 0.250000 0.062500 0.250000
v 0.250000 0.000000 0.312500
v 0.250000 0.062500 0.312500
v 0.250000 0.000000 0.375000
v 0.250000 0.062500 0.375000
v 0.250000 0.000000 0.437500
v 0.250000 0.062500 0.437500
v 0.250000 0.000000 0.500000
v 0.250000 0.062500 0.500000
v 0.312500 0.062500 -0.500000
v 0.312500 0.000000 -0.500000
v 0.312500 0.000000 -0.437500
v 0.312500 0.062500 -0.437500
v 0.312500 0.000000 -0.375000
v 0.312500 0.062500 -0.375000
v 0.312500 0.000000 -0.312500
v 0.312500 0.062500 -0.312500
v 0.312500 0.000000 -0.250000
v 0.312500 0.062500 -0.250000
v 0.312500 0.000000 -0.187500
v 0.312500 0.062500 -0.187500
v 0.312500 0.000000 -0.125000
v 0.312500 0.062500 -0.125000
v 0.312500 1.562500 -0.187500
v 0.312500 1.500000 -0.187500
v 0.312500 1.500000 -0.125000
v 0.312500 1.625000 -0.187500
v 0.312500 1.687500 -0.187500
v 0.312500 1.750000 -0.187500
v 0.312500 1.812500 -0.187500
v 0.312500 1.875000 -0.187500
v 0.312500 1.937500 -0.187500
v 0.312500 2.000000 -0.187500
v 0.312500 2.000000 -0.125000
v 0.312500 0.000000 -0.062500
v 0.312500 0.062500 -0.062500
v 0.312500 1.500000 -0.062500
v 0.312500 2.000000 -0.062500
v 0.312500 0.000000 0.000000
v 0.312500 0.062500 0.000000
v 0.312500 1.500000 0.000000
v 0.312500 2.000000 0.000000
v 0.312500 0.000000 0.062500
v 0.312500 0.062500 0.062500
v 0.312500 1.500000 0.062500
v 0.312500 2.000000 0.062500
v 0.312500 0.000000 0.125000
v 0.312500 0.062500 0.125000
v 0.312500 1.500000 0.125000
v 0.312500 2.000000 0.125000
v 0.312500 0.000000 0.187500
v 0.312500 0.062500 0.187500
v 0.312500 1.500000 0.187500
v 0.312500 1.562500 0.187500
v 0.312500 1.625000 0.187500
v 0.312500 1.687500 0.187500
v 0.312500 1.750000 0.187500
v 0.312500 1.812500 0.187500
v 0.312500 1.875000 0.187500
v 0.312500 1.937500 0.187500
v 0.312500 2.000000 0.187500
v 0.312500 0.000000 0.250000
v 0.312500 0.062500 0.250000
v 0.312500 0.000000 0.312500
v 0.312500 0.062500 0.312500
v 0.312500 0.000000 0.375000
v 0.312500 0.062500 0.375000
v 0.312500 0.000000 0.437500
v 0.312500 0.062500 0.437500
v 0.312500 0.000000 0.500000
v 0.312500 0.062500 0.500000
v 0.375000 0.062500 -0.500000
v 0.375000 0.000000 -0.500000
v 0.375000 0.000000 -0.437500
v 0.375000 0.062500 -0.437500
v 0.375000 0.000000 -0.375000
v 0.375000 0.062500 -0.375000
v 0.375000 0.000000 -0.312500
v 0.375000 0.062500 -0.312500
v 0.375000 0.000000 -0.250000
v 0.375000 0.062500 -0.250000
v 0.375000 0.000000 -0.187500
v 0.375000 0.062500 -0.187500
v 0.375000 0.000000 -0.125000
v 0.312500 0.125000 -0.125000
v 0.312500 0.125000 -0.187500
v 0.375000 0.125000 -0.187500
v 0.312500 0.187500 -0.125000
v 0.312500 0.187500 -0.187500
v 0.375000 0.187500 -0.187500
v 0.312500 0.250000 -0.125000
v 0.312500 0.250000 -0.187500
v 0.375000 0.250000 -0.187500
v 0.312500 0.312500 -0.125000
v 0.312500 0.312500 -0.187500
v 0.375000 0.312500 -0.187500
v 0.312500 0.375000 -0.125000
v 0.312500 0.375000 -0.187500
v 0.375000 0.375000 -0.187500
v 0.312500 0.437500 -0.125000
v 0.312500 0.437500 -0.187500
v 0.375000 0.437500 -0.187500
v 0.312500 0.500000 -0.125000
v 0.312500 0.500000 -0.187500
v 0.375000 0.500000 -0.187500
v 0.312500 0.562500 -0.125000
v 0.312500 0.562500 -0.187500
v 0.375000 0.562500 -0.187500
v 0.312500 0.625000 -0.125000
v 0.312500 0.625000 -0.187500
v 0.375000 0.625000 -0.187500
v 0.312500 0.687500 -0.125000
v 0.312500 0.687500 -0.187500
v 0.375000 0.687500 -0.187500
v 0.312500 0.750000 -0.125000
v 0.312500 0.750000 -0.187500
v 0.375000 0.750000 -0.187500
v 0.312500 0.812500 -0.125000
v 0.312500 0.812500 -0.187500
v 0.375000 0.812500 -0.187500
v 0.312500 0.875000 -0.125000
v 0.312500 0.875000 -0.187500
v 0.375000 0.875000 -0.187500
v 0.312500 0.937500 -0.125000
v 0.312500 0.937500 -0.187500
v 0.375000 0.937500 -0.187500
v 0.312500 1.000000 -0.125000
v 0.312500 1.000000 -0.187500
v 0.375000 1.000000 -0.187500
v 0.312500 1.062500 -0.125000
v 0.312500 1.062500 -0.187500
v 0.375000 1.062500 -0.187500
v 0.312500 1.125000 -0.125000
v 0.312500 1.125000 -0.187500
v 0.375000 1.125000 -0.187500
v 0.312500 1.187500 -0.125000
v 0.312500 1.187500 -0.187500
v 0.375000 1.187500 -0.187500
v 0.312500 1.250000 -0.125000
v 0.312500 1.250000 -0.187500
v 0.375000 1.250000 -0.187500
v 0.312500 1.312500 -0.125000
v 0.312500 1.312500 -0.187500
v 0.375000 1.312500 -0.187500
v 0.312500 1.375000 -0.125000
v 0.312500 1.375000 -0.187500
v 0.375000 1.375000 -0.187500
v 0.312500 1.437500 -0.125000
v 0.312500 1.437500 -0.187500
v 0.375000 1.437500 -0.187500
v 0.375000 1.500000 -0.187500
v 0.375000 1.562500 -0.187500
v 0.375000 1.625000 -0.187500
v 0.375000 1.687500 -0.187500
v 0.375000 1.750000 -0.187500
v 0.375000 1.812500 -0.187500
v 0.375000 1.875000 -0.187500
v 0.375000 1.937500 -0.187500
v 0.375000 2.000000 -0.187500
v 0.375000 2.000000 -0.125000
v 0.375000 0.000000 -0.062500
v 0.312500 0.125000 -0.062500
v 0.312500 0.187500 -0.062500
v 0.312500 0.250000 -0.062500
v 0.312500 0.312500 -0.062500
v 0.312500 0.375000 -0.062500
v 0.312500 0.437500 -0.062500
v 0.312500 0.500000 -0.062500
v 0.312500 0.562500 -0.062500
v 0.312500 0.625000 -0.062500
v 0.312500 0.687500 -0.062500
v 0.312500 0.750000 -0.062500
v 0.312500 0.812500 -0.062500
v 0.312500 0.875000 -0.062500
v 0.312500 0.937500 -0.062500
v 0.312500 1.000000 -0.062500
v 0.312500 1.062500 -0.062500
v 0.312500 1.125000 -0.062500
v 0.312500 1.187500 -0.062500
v 0.312500 1.250000 -0.062500
v 0.312500 1.312500 -0.062500
v 0.312500 1.375000 -0.062500
v 0.312500 1.437500 -0.062500
v 0.375000 2.000000 -0.062500
v 0.375000 0.000000 0.000000
v 0.312500 0.125000 0.000000
v 0.312500 0.187500 0.000000
v 0.312500 0.250000 0.000000
v 0.312500 0.312500 0.000000
v 0.312500 0.375000 0.000000
v 0.312500 0.437500 0.000000
v 0.312500 0.500000 0.000000
v 0.312500 0.562500 0.000000
v 0.312500 0.625000 0.000000
v 0.312500 0.687500 0.000000
v 0.312500 0.750000 0.000000
v 0.312500 0.812500 0.000000
v 0.312500 0.875000 0.000000
v 0.312500 0.937500 0.000000
v 0.312500 1.000000 0.000000
v 0.312500 1.062500 0.000000
v 0.312500 1.125000 0.000000
v 0.312500 1.187500 0.000000
v 0.312500 1.250000 0.000000
v 0.312500 1.312500 0.000000
v 0.312500 1.375000 0.000000
v 0.312500 1.437500 0.000000
v 0.375000 2.000000 0.000000
v 0.375000 0.000000 0.062500
v 0.312500 0.125000 0.062500
v 0.312500 0.187500 0.062500
v 0.312500 0.250000 0.062500
v 0.312500 0.312500 0.062500
v 0.312500 0.375000 0.062500
v 0.312500 0.437500 0.062500
v 0.312500 0.500000 0.062500
v 0.312500 0.562500 0.062500
v 0.312500 0.625000 0.062500
v 0.312500 0.687500 0.062500
v 0.312500 0.750000 0.062500
v 0.312500 0.812500 0.062500
v 0.312500 0.875000 0.062500
v 0.312500 0.937500 0.062500
v 0.312500 1.000000 0.062500
v 0.312500 1.062500 0.062500
v 0.312500 1.125000 0.062500
v 0.312500 1.187500 0.062500
v 0.312500 1.250000 0.062500
v 0.312500 1.312500 0.062500
v 0.312500 1.375000 0.062500
v 0.312500 1.437500 0.062500
v 0.375000 2.000000 0.062500
v 0.375000 0.000000 0.125000
v 0.312500 0.125000 0.125000
v 0.312500 0.187500 0.125000
v 0.312500 0.250000 0.125000
v 0.312500 0.312500 0.125000
v 0.312500 0.375000 0.125000
v 0.312500 0.437500 0.125000
v 0.312500 0.500000 0.125000
v 0.312500 0.562500 0.125000
v 0.312500 0.625000 0.125000
v 0.312500 0.687500 0.125000
v 0.312500 0.750000 0.125000
v 0.312500 0.812500 0.125000
v 0.312500 0.875000 0.125000
v 0.312500 0.937500 0.125000
v 0.312500 1.000000 0.125000
v 0.312500 1.062500 0.125000
v 0.312500 1.125000 0.125000
v 0.312500 1.187500 0.125000
v 0.312500 1.250000 0.125000
v 0.312500 1.312500 0.125000
v 0.312500 1.375000 0.125000
v 0.312500 1.437500 0.125000
v 0.375000 2.000000 0.125000
v 0.375000 0.000000 0.187500
v 0.312500 0.125000 0.187500
v 0.375000 0.062500 0.187500
v 0.375000 0.125000 0.187500
v 0.312500 0.187500 0.187500
v 0.375000 0.187500 0.187500
v 0.312500 0.250000 0.187500
v 0.375000 0.250000 0.187500
v 0.312500 0.312500 0.187500
v 0.375000 0.312500 0.187500
v 0.312500 0.375000 0.187500
v 0.375000 0.375000 0.187500
v 0.312500 0.437500 0.187500
v 0.375000 0.437500 0.187500
v 0.312500 0.500000 0.187500
v 0.375000 0.500000 0.187500
v 0.312500 0.562500 0.187500
v 0.375000 0.562500 0.187500
v 0.312500 0.625000 0.187500
v 0.375000 0.625000 0.187500
v 0.312500 0.687500 0.187500
v 0.375000 0.687500 0.187500
v 0.312500 0.750000 0.187500
v 0.375000 0.750000 0.187500
v 0.312500 0.812500 0.187500
v 0.375000 0.812500 0.187500
v 0.312500 0.875000 0.187500
v 0.375000 0.875000 0.187500
v 0.312500 0.937500 0.187500
v 0.375000 0.937500 0.187500
v 0.312500 1.000000 0.187500
v 0.375000 1.000000 0.187500
v 0.312500 1.062500 0.187500
v 0.375000 1.062500 0.187500
v 0.312500 1.125000 0.187500
v 0.375000 1.125000 0.187500
v 0.312500 1.187500 0.187500
v 0.375000 1.187500 0.187500
v 0.312500 1.250000 0.187500
v 0.375000 1.250000 0.187500
v 0.312500 1.312500 0.187500
v 0.375000 1.312500 0.187500
v 0.312500 1.375000 0.187500
v 0.375000 1.375000 0.187500
v 0.312500 1.437500 0.187500
v 0.375000 1.437500 0.187500
v 0.375000 1.500000 0.187500
v 0.375000 1.562500 0.187500
v 0.375000 1.625000 0.187500
v 0.375000 1.687500 0.187500
v 0.375000 1.750000 0.187500
v 0.375000 1.812500 0.187500
v 0.375000 1.875000 0.187500
v 0.375000 1.937500 0.187500
v 0.375000 2.000000 0.187500
v 0.375000 0.000000 0.250000
v 0.375000 0.062500 0.250000
v 0.375000 0.000000 0.312500
v 0.375000 0.062500 0.312500
v 0.375000 0.000000 0.375000
v 0.375000 0.062500 0.375000
v 0.375000 0.000000 0.437500
v 0.375000 0.062500 0.437500
v 0.375000 0.000000 0.500000
v 0.375000 0.062500 0.500000
v 0.437500 0.062500 -0.500000
v 0.437500 0.000000 -0.500000
v 0.437500 0.000000 -0.437500
v 0.437500 0.062500 -0.437500
v 0.437500 0.000000 -0.375000
v 0.437500 0.062500 -0.375000
v 0.437500 0.000000 -0.312500
v 0.437500 0.062500 -0.312500
v 0.437500 0.000000 -0.250000
v 0.437500 0.062500 -0.250000
v 0.437500 0.000000 -0.187500
v 0.437500 0.062500 -0.187500
v 0.437500 0.000000 -0.125000
v 0.437500 0.125000 -0.187500
v 0.437500 0.187500 -0.187500
v 0.437500 0.250000 -0.187500
v 0.437500 0.312500 -0.187500
v 0.437500 0.375000 -0.187500
v 0.437500 0.437500 -0.187500
v 0.437500 0.500000 -0.187500
v 0.437500 0.562500 -0.187500
v 0.437500 0.625000 -0.187500
v 0.437500 0.687500 -0.187500
v 0.437500 0.750000 -0.187500
v 0.437500 0.812500 -0.187500
v 0.437500 0.875000 -0.187500
v 0.437500 0.937500 -0.187500
v 0.437500 1.000000 -0.187500
v 0.437500 1.062500 -0.187500
v 0.437500 1.125000 -0.187500
v 0.437500 1.187500 -0.187500
v 0.437500 1.250000 -0.187500
v 0.437500 1.312500 -0.187500
v 0.437500 1.375000 -0.187500
v 0.437500 1.437500 -0.187500
v 0.437500 1.500000 -0.187500
v 0.437500 1.562500 -0.187500
v 0.437500 1.625000 -0.187500
v 0.437500 1.687500 -0.187500
v 0.437500 1.750000 -0.187500
v 0.437500 1.812500 -0.187500
v 0.437500 1.875000 -0.187500
v 0.437500 1.937500 -0.187500
v 0.437500 2.000000 -0.187500
v 0.437500 2.000000 -0.125000
v 0.437500 0.000000 -0.062500
v 0.437500 2.000000 -0.062500
v 0.437500 0.000000 0.000000
v 0.437500 2.000000 0.000000
v 0.437500 0.000000 0.062500
v 0.437500 2.000000 0.062500
v 0.437500 0.000000 0.125000
v 0.437500 2.000000 0.125000
v 0.437500 0.000000 0.187500
v 0.437500 0.062500 0.187500
v 0.437500 0.125000 0.187500
v 0.437500 0.187500 0.187500
v 0.437500 0.250000 0.187500
v 0.437500 0.312500 0.187500
v 0.437500 0.375000 0.187500
v 0.437500 0.437500 0.187500
v 0.437500 0.500000 0.187500
v 0.437500 0.562500 0.187500
v 0.437500 0.625000 0.187500
v 0.437500 0.687500 0.187500
v 0.437500 0.750000 0.187500
v 0.437500 0.812500 0.187500
v 0.437500 0.875000 0.187500
v 0.437500 0.937500 0.187500
v 0.437500 1.000000 0.187500
v 0.437500 1.062500 0.187500
v 0.437500 1.125000 0.187500
v 0.437500 1.187500 0.187500
v 0.437500 1.250000 0.187500
v 0.437500 1.312500 0.187500
v 0.437500 1.375000 0.187500
v 0.437500 1.437500 0.187500
v 0.437500 1.500000 0.187500
v 0.437500 1.562500 0.187500
v 0.437500 1.625000 0.187500
v 0.437500 1.687500 0.187500
v 0.437500 1.750000 0.187500
v 0.437500 1.812500 0.187500
v 0.437500 1.875000 0.187500
v 0.437500 1.937500 0.187500
v 0.437500 2.000000 0.187500
v 0.437500 0.000000 0.250000
v 0.437500 0.062500 0.250000
v 0.437500 0.000000 0.312500
v 0.437500 0.062500 0.312500
v 0.437500 0.000000 0.375000
v 0.437500 0.062500 0.375000
v 0.437500 0.000000 0.437500
v 0.437500 0.062500 0.437500
v 0.437500 0.000000 0.500000
v 0.437500 0.062500 0.500000
v 0.500000 0.062500 -0.500000
v 0.500000 0.062500 -0.437500
v 0.500000 0.000000 -0.437500
v 0.500000 0.000000 -0.500000
v 0.500000 0.062500 -0.375000
v 0.500000 0.000000 -0.375000
v 0.500000 0.062500 -0.312500
v 0.500000 0.000000 -0.312500
v 0.500000 0.062500 -0.250000
v 0.500000 0.000000 -0.250000
v 0.500000 0.062500 -0.187500
v 0.500000 0.000000 -0.187500
v 0.500000 0.062500 -0.125000
v 0.500000 0.000000 -0.125000
v 0.500000 0.125000 -0.187500
v 0.500000 0.125000 -0.125000
v 0.500000 0.187500 -0.187500
v 0.500000 0.187500 -0.125000
v 0.500000 0.250000 -0.187500
v 0.500000 0.250000 -0.125000
v 0.500000 0.312500 -0.187500
v 0.500000 0.312500 -0.125000
v 0.500000 0.375000 -0.187500
v 0.500000 0.375000 -0.125000
v 0.500000 0.437500 -0.187500
v 0.500000 0.437500 -0.125000
v 0.500000 0.500000 -0.187500
v 0.500000 0.500000 -0.125000
v 0.500000 0.562500 -0.187500
v 0.500000 0.562500 -0.125000
v 0.500000 0.625000 -0.187500
v 0.500000 0.625000 -0.125000
v 0.500000 0.687500 -0.187500
v 0.500000 0.687500 -0.125000
v 0.500000 0.750000 -0.187500
v 0.500000 0.750000 -0.125000
v 0.500000 0.812500 -0.187500
v 0.500000 0.812500 -0.125000
v 0.500000 0.875000 -0.187500
v 0.500000 0.875000 -0.125000
v 0.500000 0.937500 -0.187500
v 0.500000 0.937500 -0.125000
v 0.500000 1.000000 -0.187500
v 0.500000 1.000000 -0.125000
v 0.500000 1.062500 -0.187500
v 0.500000 1.062500 -0.125000
v 0.500000 1.125000 -0.187500
v 0.500000 1.125000 -0.125000
v 0.500000 1.187500 -0.187500
v 0.500000 1.187500 -0.125000
v 0.500000 1.250000 -0.187500
v 0.500000 1.250000 -0.125000
v 0.500000 1.312500 -0.187500
v 0.500000 1.312500 -0.125000
v 0.500000 1.375000 -0.187500
v 0.500000 1.375000 -0.125000
v 0.500000 1.437500 -0.187500
v 0.500000 1.437500 -0.125000
v 0.500000 1.500000 -0.187500
v 0.500000 1.500000 -0.125000
v 0.500000 1.562500 -0.187500
v 0.500000 1.562500 -0.125000
v 0.500000 1.625000 -0.187500
v 0.500000 1.625000 -0.125000
v 0.500000 1.687500 -0.187500
v 0.500000 1.687500 -0.125000
v 0.500000 1.750000 -0.187500
v 0.500000 1.750000 -0.125000
v 0.500000 1.812500 -0.187500
v 0.500000 1.812500 -0.125000
v 0.500000 1.875000 -0.187500
v 0.500000 1.875000 -0.125000
v 0.500000 1.937500 -0.187500
v 0.500000 1.937500 -0.125000
v 0.500000 2.000000 -0.187500
v 0.500000 2.000000 -0.125000
v 0.500000 0.062500 -0.062500
v 0.500000 0.000000 -0.062500
v 0.500000 0.125000 -0.062500
v 0.500000 0.187500 -0.062500
v 0.500000 0.250000 -0.062500
v 0.500000 0.312500 -0.062500
v 0.500000 0.375000 -0.062500
v 0.500000 0.437500 -0.062500
v 0.500000 0.500000 -0.062500
v 0.500000 0.562500 -0.062500
v 0.500000 0.625000 -0.062500
v 0.500000 0.687500 -0.062500
v 0.500000 0.750000 -0.062500
v 0.500000 0.812500 -0.062500
v 0.500000 0.875000 -0.062500
v 0.500000 0.937500 -0.062500
v 0.500000 1.000000 -0.062500
v 0.500000 1.062500 -0.062500
v 0.500000 1.125000 -0.062500
v 0.500000 1.187500 -0.062500
v 0.500000 1.250000 -0.062500
v 0.500000 1.312500 -0.062500
v 0.500000 1.375000 -0.062500
v 0.500000 1.437500 -0.062500
v 0.500000 1.500000 -0.062500
v 0.500000 1.562500 -0.062500
v 0.500000 1.625000 -0.062500
v 0.500000 1.687500 -0.062500
v 0.500000 1.750000 -0.062500
v 0.500000 1.812500 -0.062500
v 0.500000 1.875000 -0.062500
v 0.500000 1.937500 -0.062500
v 0.500000 2.000000 -0.062500
v 0.500000 0.062500 0.000000
v 0.500000 0.000000 0.000000
v 0.500000 0.125000 0.000000
v 0.500000 0.187500 0.000000
v 0.500000 0.250000 0.000000
v 0.500000 0.312500 0.000000
v 0.500000 0.375000 0.000000
v 0.500000 0.437500 0.000000
v 0.500000 0.500000 0.000000
v 0.500000 0.562500 0.000000
v 0.500000 0.625000 0.000000
v 0.500000 0.687500 0.000000
v 0.500000 0.750000 0.000000
v 0.500000 0.812500 0.000000
v 0.500000 0.875000 0.000000
v 0.500000 0.937500 0.000000
v 0.500000 1.000000 0.000000
v 0.500000 1.062500 0.000000
v 0.500000 1.125000 0.000000
v 0.500000 1.187500 0.000000
v 0.500000 1.250000 0.000000
v 0.500000 1.312500 0.000000
v 0.500000 1.375000 0.000000
v 0.500000 1.437500 0.000000
v 0.500000 1.500000 0.000000
v 0.500000 1.562500 0.000000
v 0.500000 1.625000 0.000000
v 0.500000 1.687500 0.000000
v 0.500000 1.750000 0.000000
v 0.500000 1.812500 0.000000
v 0.500000 1.875000 0.000000
v 0.500000 1.937500 0.000000
v 0.500000 2.000000 0.000000
v 0.500000 0.062500 0.062500
v 0.500000 0.000000 0.062500
v 0.500000 0.125000 0.062500
v 0.500000 0.187500 0.062500
v 0.500000 0.250000 0.062500
v 0.500000 0.312500 0.062500
v 0.500000 0.375000 0.062500
v 0.500000 0.437500 0.062500
v 0.500000 0.500000 0.062500
v 0.500000 0.562500 0.062500
v 0.500000 0.625000 0.062500
v 0.500000 0.687500 0.062500
v 0.500000 0.750000 0.062500
v 0.500000 0.812500 0.062500
v 0.500000 0.875000 0.062500
v 0.500000 0.937500 0.062500
v 0.500000 1.000000 0.062500
v 0.500000 1.062500 0.062500
v 0.500000 1.125000 0.062500
v 0.500000 1.187500 0.062500
v 0.500000 1.250000 0.062500
v 0.500000 1.312500 0.062500
v 0.500000 1.375000 0.062500
v 0.500000 1.437500 0.062500
v 0.500000 1.500000 0.062500
v 0.500000 1.562500 0.062500
v 0.500000 1.625000 0.062500
v 0.500000 1.687500 0.062500
v 0.500000 1.750000 0.062500
v 0.500000 1.812500 0.062500
v 0.500000 1.875000 0.062500
v 0.500000 1.937500 0.062500
v 0.500000 2.000000 0.062500
v 0.500000 0.062500 0.125000
v 0.500000 0.000000 0.125000
v 0.500000 0.125000 0.125000
v 0.500000 0.187500 0.125000
v 0.500000 0.250000 0.125000
v 0.500000 0.312500 0.125000
v 0.500000 0.375000 0.125000
v 0.500000 0.437500 0.125000
v 0.500000 0.500000 0.125000
v 0.500000 0.562500 0.125000
v 0.500000 0.625000 0.125000
v 0.500000 0.687500 0.125000
v 0.500000 0.750000 0.125000
v 0.500000 0.812500 0.125000
v 0.500000 0.875000 0.125000
v 0.500000 0.937500 0.125000
v 0.500000 1.000000 0.125000
v 0.500000 1.062500 0.125000
v 0.500000 1.125000 0.125000
v 0.500000 1.187500 0.125000
v 0.500000 1.250000 0.125000
v 0.500000 1.312500 0.125000
v 0.500000 1.375000 0.125000
v 0.500000 1.437500 0.125000
v 0.500000 1.500000 0.125000
v 0.500000 1.562500 0.125000
v 0.500000 1.625000 0.125000
v 0.500000 1.687500 0.125000
v 0.500000 1.750000 0.125000
v 0.500000 1.812500 0.125000
v 0.500000 1.875000 0.125000
v 0.500000 1.937500 0.125000
v 0.500000 2.000000 0.125000
v 0.500000 0.062500 0.187500
v 0.500000 0.000000 0.187500
v 0.500000 0.125000 0.187500
v 0.500000 0.187500 0.187500
v 0.500000 0.250000 0.187500
v 0.500000 0.312500 0.187500
v 0.500000 0.375000 0.187500
v 0.500000 0.437500 0.187500
v 0.500000 0.500000 0.187500
v 0.500000 0.562500 0.187500
v 0.500000 0.625000 0.187500
v 0.500000 0.687500 0.187500
v 0.500000 0.750000 0.187500
v 0.500000 0.812500 0.187500
v 0.500000 0.875000 0.187500
v 0.500000 0.937500 0.187500
v 0.500000 1.000000 0.187500
v 0.500000 1.062500 0.187500
v 0.500000 1.125000 0.187500
v 0.500000 1.187500 0.187500
v 0.500000 1.250000 0.187500
v 0.500000 1.312500 0.187500
v 0.500000 1.375000 0.187500
v 0.500000 1.437500 0.187500
v 0.500000 1.500000 0.187500
v 0.500000 1.562500 0.187500
v 0.500000 1.625000 0.187500
v 0.500000 1.687500 0.187500
v 0.500000 1.750000 0.187500
v 0.500000 1.812500 0.187500
v 0.500000 1.875000 0.187500
v 0.500000 1.937500 0.187500
v 0.500000 2.000000 0.187500
v 0.500000 0.062500 0.250000
v 0.500000 0.000000 0.250000
v 0.500000 0.062500 0.312500
v 0.500000 0.000000 0.312500
v 0.500000 0.062500 0.375000
v 0.500000 0.000000 0.375000
v 0.500000 0.062500 0.437500
v 0.500000 0.000000 0.437500
v 0.500000 0.062500 0.500000
v 0.500000 0.000000 0.500000
vt 0.03125000 0.96875000
vt 0.09375000 0.96875000
vt 0.15625000 0.96875000
vt 0.21875000 0.96875000
vt 0.28125000 0.96875000
vt 0.34375000 0.96875000
vt 0.40625000 0.96875000
vt 0.46875000 0.96875000
vt 0.53125000 0.96875000
vt 0.59375000 0.96875000
vt 0.65625000 0.96875000
vt 0.71875000 0.96875000
vt 0.78125000 0.96875000
vt 0.84375000 0.96875000
vt 0.90625000 0.96875000
vt 0.96875000 0.96875000
vt 0.03125000 0.90625000
vt 0.09375000 0.90625000
vt 0.15625000 0.90625000
vt 0.21875000 0.90625000
vt 0.28125000 0.90625000
vt 0.34375000 0.90625000
vt 0.40625000 0.90625000
vt 0.46875000 0.90625000
vt 0.53125000 0.90625000
vt 0.59375000 0.90625000
vt 0.65625000 0.90625000
vt 0.71875000 0.90625000
vt 0.78125000 0.90625000
vt 0.84375000 0.90625000
vt 0.90625000 0.90625000
vt 0.96875000 0.90625000
vt 0.03125000 0.84375000
vt 0.09375000 0.84375000
vt 0.15625000 0.84375000
vt 0.21875000 0.84375000
vt 0.28125000 0.84375000
vt 0.34375000 0.84375000
vt 0.40625000 0.84375000
vt 0.46875000 0.84375000
vt 0.53125000 0.84375000
vt 0.59375000 0.84375000
vt 0.65625000 0.84375000
vt 0.71875000 0.84375000
vt 0.78125000 0.84375000
vt 0.84375000 0.84375000
vt 0.90625000 0.84375000
vt 0.96875000 0.84375000
vt 0.03125000 0.78125000
vt 0.09375000 0.78125000
vt 0.15625000 0.78125000
vt 0.21875000 0.78125000
vt 0.28125000 0.78125000
vt 0.34375000 0.78125000
vt 0.40625000 0.78125000
vt 0.46875000 0.78125000
vt 0.53125000 0.78125000
vt 0.59375000 0.78125000
vt 0.65625000 0.78125000
vt 0.71875000 0.78125000
vt 0.78125000 0.78125000
vt 0.84375000 0.78125000
vt 0.90625000 0.78125000
vt 0.96875000 0.78125000
vt 0.03125000 0.71875000
vt 0.09375000 0.71875000
vt 0.15625000 0.71875000
vt 0.21875000 0.71875000
vt 0.28125000 0.71875000
vt 0.34375000 0.71875000
vt 0.40625000 0.71875000
vt 0.46875000 0.71875000
vt 0.53125000 0.71875000
vt 0.59375000 0.71875000
vt 0.65625000 0.71875000
vt 0.71875000 0.71875000
vt 0.78125000 0.71875000
vt 0.84375000 0.71875000
vt 0.90625000 0.71875000
vt 0.96875000 0.71875000
vt 0.03125000 0.65625000
vt 0.09375000 0.65625000
vt 0.15625000 0.65625000
vt 0.21875000 0.65625000
vt 0.28125000 0.65625000
vt 0.34375000 0.65625000
vt 0.40625000 0.65625000
vt 0.46875000 0.65625000
vt 0.53125000 0.65625000
vt 0.59375000 0.65625000
vt 0.65625000 0.65625000
vt 0.71875000 0.65625000
vt 0.78125000 0.65625000
vt 0.84375000 0.65625000
vt 0.90625000 0.65625000
vt 0.96875000 0.65625000
vt 0.03125000 0.59375000
vt 0.09375000 0.59375000
vt 0.15625000 0.59375000
vt 0.21875000 0.59375000
vt 0.28125000 0.59375000
vt 0.34375000 0.59375000
vt 0.40625000 0.59375000
vt 0.46875000 0.59375000
vt 0.53125000 0.59375000
vt 0.59375000 0.59375000
vt 0.65625000 0.59375000
vt 0.71875000 0.59375000
vt 0.78125000 0.59375000
vt 0.84375000 0.59375000
vt 0.90625000 0.59375000
vt 0.96875000 0.59375000
vt 0.03125000 0.53125000
vt 0.09375000 0.53125000
vt 0.15625000 0.53125000
vt 0.21875000 0.53125000
vt 0.28125000 0.53125000
vt 0.34375000 0.53125000
vt 0.40625000 0.53125000
vt 0.46875000 0.53125000
vt 0.53125000 0.53125000
vt 0.59375000 0.53125000
vt 0.65625000 0.53125000
vt 0.71875000 0.53125000
vt 0.78125000 0.53125000
vt 0.84375000 0.53125000
vt 0.90625000 0.53125000
vt 0.96875000 0.53125000
vt 0.03125000 0.46875000
vt 0.09375000 0.46875000
vt 0.15625000 0.46875000
vt 0.21875000 0.46875000
vt 0.28125000 0.46875000
vt 0.34375000 0.46875000
vt 0.40625000 0.46875000
vt 0.46875000 0.46875000
vt 0.53125000 0.46875000
vt 0.59375000 0.46875000
vt 0.65625000 0.46875000
vt 0.71875000 0.46875000
vt 0.78125000 0.46875000
vt 0.84375000 0.46875000
vt 0.90625000 0.46875000
vt 0.96875000 0.46875000
vt 0.03125000 0.40625000
vt 0.09375000 0.40625000
vt 0.15625000 0.40625000
vt 0.21875000 0.40625000
vt 0.28125000 0.40625000
vt 0.34375000 0.40625000
vt 0.40625000 0.40625000
vt 0.46875000 0.40625000
vt 0.53125000 0.40625000
vt 0.59375000 0.40625000
vt 0.65625000 0.40625000
vt 0.71875000 0.40625000
vt 0.78125000 0.40625000
vt 0.84375000 0.40625000
vt 0.90625000 0.40625000
vt 0.96875000 0.40625000
vt 0.03125000 0.34375000
vt 0.09375000 0.34375000
vt 0.15625000 0.34375000
vt 0.21875000 0.34375000
vt 0.28125000 0.34375000
vt 0.34375000 0.34375000
vt 0.40625000 0.34375000
vt 0.46875000 0.34375000
vt 0.53125000 0.34375000
vt 0.59375000 0.34375000
vt 0.65625000 0.34375000
vt 0.71875000 0.34375000
vt 0.78125000 0.34375000
vt 0.84375000 0.34375000
vt 0.90625000 0.34375000
vt 0.96875000 0.34375000
vt 0.03125000 0.28125000
vt 0.09375000 0.28125000
vt 0.15625000 0.28125000
vt 0.21875000 0.28125000
vt 0.28125000 0.28125000
vt 0.34375000 0.28125000
vt 0.40625000 0.28125000
vt 0.46875000 0.28125000
vt 0.53125000 0.28125000
vt 0.59375000 0.28125000
vt 0.65625000 0.28125000
vt 0.71875000 0.28125000
vt 0.78125000 0.28125000
vt 0.84375000 0.28125000
vt 0.90625000 0.28125000
vt 0.96875000 0.28125000
vt 0.03125000 0.21875000
vt 0.09375000 0.21875000
vt 0.15625000 0.21875000
vt 0.21875000 0.21875000
vt 0.28125000 0.21875000
vt 0.34375000 0.21875000
vt 0.40625000 0.21875000
vt 0.46875000 0.21875000
vt 0.53125000 0.21875000
vt 0.59375000 0.21875000
vt 0.65625000 0.21875000
vt 0.71875000 0.21875000
vt 0.78125000 0.21875000
vt 0.84375000 0.21875000
vt 0.90625000 0.21875000
vt 0.96875000 0.21875000
vt 0.03125000 0.15625000
vt 0.09375000 0.15625000
vt 0.15625000 0.15625000
vt 0.21875000 0.15625000
vt 0.28125000 0.15625000
vt 0.34375000 0.15625000
vt 0.40625000 0.15625000
vt 0.46875000 0.15625000
vt 0.53125000 0.15625000
vt 0.59375000 0.15625000
vt 0.65625000 0.15625000
vt 0.71875000 0.15625000
vt 0.78125000 0.15625000
vt 0.84375000 0.15625000
vt 0.90625000 0.15625000
vt 0.96875000 0.15625000
vt 0.03125000 0.09375000
vt 0.09375000 0.09375000
vt 0.15625000 0.09375000
vt 0.21875000 0.09375000
vt 0.28125000 0.09375000
vt 0.34375000 0.09375000
vt 0.40625000 0.09375000
vt 0.46875000 0.09375000
vt 0.53125000 0.09375000
vt 0.59375000 0.09375000
vt 0.65625000 0.09375000
vt 0.71875000 0.09375000
vt 0.78125000 0.09375000
vt 0.84375000 0.09375000
vt 0.90625000 0.09375000
vt 0.96875000 0.09375000
vt 0.03125000 0.03125000
vt 0.09375000 0.03125000
vt 0.15625000 0.03125000
vt 0.21875000 0.03125000
vt 0.28125000 0.03125000
vt 0.34375000 0.03125000
vt 0.40625000 0.03125000
vt 0.46875000 0.03125000
vt 0.53125000 0.03125000
vt 0.59375000 0.03125000
vt 0.65625000 0.03125000
vt 0.71875000 0.03125000
vt 0.78125000 0.03125000
vt 0.84375000 0.03125000
vt 0.90625000 0.03125000
vt 0.96875000 0.03125000
vn -1 0 0
vn 1 0 0
vn 0 0 -1
vn 0 0 1
vn 0 -1 0
vn 0 1 0
g palette
usemtl palette
f 1/4/1 2/4/1 3/4/1 4/4/1
f 3/4/3 5/4/3 6/4/3 4/4/3
f 6/4/5 7/4/5 1/4/5 4/4/5
f 2/4/6 8/4/6 5/4/6 3/4/6
f 9/4/1 10/4/1 2/4/1 1/4/1
f 7/4/5 11/4/5 9/4/5 1/4/5
f 10/4/6 12/4/6 8/4/6 2/4/6
f 13/4/1 14/4/1 10/4/1 9/4/1
f 11/4/5 15/4/5 13/4/5 9/4/5
f 14/4/6 16/4/6 12/4/6 10/4/6
f 17/4/1 18/4/1 14/4/1 13/4/1
f 15/4/5 19/4/5 17/4/5 13/4/5
f 18/4/6 20/4/6 16/4/6 14/4/6
f 21/4/1 22/4/1 18/4/1 17/4/1
f 19/4/5 23/4/5 21/4/5 17/4/5
f 22/4/6 24/4/6 20/4/6 18/4/6
f 25/4/1 26/4/1 22/4/1 21/4/1
f 23/4/5 27/4/5 25/4/5 21/4/5
f 26/4/1 28/4/1 29/4/1 22/4/1
f 29/4/3 30/4/3 24/4/3 22/4/3
f 28/4/1 31/4/1 32/4/1 29/4/1
f 32/4/3 33/4/3 30/4/3 29/4/3
f 31/4/1 34/4/1 35/4/1 32/4/1
f 35/4/3 36/4/3 33/4/3 32/4/3
f 34/4/1 37/4/1 38/4/1 35/4/1
f 38/4/3 39/4/3 36/4/3 35/4/3
f 37/4/1 40/4/1 41/4/1 38/4/1
f 41/4/3 42/4/3 39/4/3 38/4/3
f 40/4/1 43/4/1 44/4/1 41/4/1
f 44/4/3 45/4/3 42/4/3 41/4/3
f 43/4/1 46/4/1 47/4/1 44/4/1
f 47/4/3 48/4/3 45/4/3 44/4/3
f 46/4/1 49/4/1 50/4/1 47/4/1
f 50/4/3 51/4/3 48/4/3 47/4/3
f 49/4/1 52/4/1 53/4/1 50/4/1
f 53/4/3 54/4/3 51/4/3 50/4/3
f 52/4/1 55/4/1 56/4/1 53/4/1
f 56/4/3 57/4/3 54/4/3 53/4/3
f 55/4/1 58/4/1 59/4/1 56/4/1
f 59/4/3 60/4/3 57/4/3 56/4/3
f 58/4/1 61/4/1 62/4/1 59/4/1
f 62/4/3 63/4/3 60/4/3 59/4/3
f 61/4/1 64/4/1 65/4/1 62/4/1
f 65/4/3 66/4/3 63/4/3 62/4/3
f 64/4/1 67/4/1 68/4/1 65/4/1
f 68/4/3 69/4/3 66/4/3 65/4/3
f 67/4/1 70/4/1 71/4/1 68/4/1
f 71/4/3 72/4/3 69/4/3 68/4/3
f 70/4/1 73/4/1 74/4/1 71/4/1
f 74/4/3 75/4/3 72/4/3 71/4/3
f 73/4/1 76/4/1 77/4/1 74/4/1
f 77/4/3 78/4/3 75/4/3 74/4/3
f 76/4/1 79/4/1 80/4/1 77/4/1
f 80/4/3 81/4/3 78/4/3 77/4/3
f 79/4/1 82/4/1 83/4/1 80/4/1
f 83/4/3 84/4/3 81/4/3 80/4/3
f 82/4/1 85/4/1 86/4/1 83/4/1
f 86/4/3 87/4/3 84/4/3 83/4/3
f 85/4/1 88/4/1 89/4/1 86/4/1
f 89/4/3 90/4/3 87/4/3 86/4/3
f 88/4/1 91/4/1 92/4/1 89/4/1
f 92/4/3 93/4/3 90/4/3 89/4/3
f 91/4/1 94/4/1 95/4/1 92/4/1
f 95/4/3 96/4/3 93/4/3 92/4/3
f 94/4/1 97/4/1 98/4/1 95/4/1
f 98/4/3 99/4/3 96/4/3 95/4/3
f 97/4/1 100/4/1 101/4/1 98/4/1
f 101/4/3 102/4/3 99/4/3 98/4/3
f 100/4/1 103/4/1 104/4/1 101/4/1
f 104/4/3 105/4/3 102/4/3 101/4/3
f 103/4/1 106/4/1 107/4/1 104/4/1
f 107/4/3 108/4/3 105/4/3 104/4/3
f 106/5/1 109/5/1 110/5/1 107/5/1
f 110/5/3 111/5/3 108/5/3 107/5/3
f 109/5/1 112/5/1 113/5/1 110/5/1
f 113/5/3 114/5/3 111/5/3 110/5/3
f 112/5/1 115/5/1 116/5/1 113/5/1
f 116/5/3 117/5/3 114/5/3 113/5/3
f 115/5/1 118/5/1 119/5/1 116/5/1
f 119/5/3 120/5/3 117/5/3 116/5/3
f 118/5/6 121/5/6 120/5/6 119/5/6
f 122/4/1 123/4/1 26/4/1 25/4/1
f 27/4/5 124/4/5 122/4/5 25/4/5
f 123/4/1 125/4/1 28/4/1 26/4/1
f 125/4/1 126/4/1 31/4/1 28/4/1
f 126/4/1 127/4/1 34/4/1 31/4/1
f 127/4/1 128/4/1 37/4/1 34/4/1
f 128/4/1 129/4/1 40/4/1 37/4/1
f 129/4/1 130/4/1 43/4/1 40/4/1
f 130/4/1 131/4/1 46/4/1 43/4/1
f 131/4/1 132/4/1 49/4/1 46/4/1
f 132/4/1 133/4/1 52/4/1 49/4/1
f 133/4/1 134/4/1 55/4/1 52/4/1
f 134/4/1 135/4/1 58/4/1 55/4/1
f 135/4/1 136/4/1 61/4/1 58/4/1
f 136/4/1 137/4/1 64/4/1 61/4/1
f 137/4/1 138/4/1 67/4/1 64/4/1
f 138/4/1 139/4/1 70/4/1 67/4/1
f 139/4/1 140/4/1 73/4/1 70/4/1
f 140/4/1 141/4/1 76/4/1 73/4/1
f 141/4/1 142/4/1 79/4/1 76/4/1
f 142/4/1 143/4/1 82/4/1 79/4/1
f 143/4/1 144/4/1 85/4/1 82/4/1
f 144/4/1 145/4/1 88/4/1 85/4/1
f 145/4/1 146/4/1 91/4/1 88/4/1
f 146/4/1 147/4/1 94/4/1 91/4/1
f 147/4/1 148/4/1 97/4/1 94/4/1
f 148/4/1 149/4/1 100/4/1 97/4/1
f 149/4/1 150/4/1 103/4/1 100/4/1
f 150/4/1 151/4/1 106/4/1 103/4/1
f 151/5/1 152/5/1 109/5/1 106/5/1
f 152/5/1 153/5/1 112/5/1 109/5/1
f 153/5/1 154/5/1 115/5/1 112/5/1
f 154/5/1 155/5/1 118/5/1 115/5/1
f 155/5/6 156/5/6 121/5/6 118/5/6
f 157/4/1 158/4/1 123/4/1 122/4/1
f 124/4/5 159/4/5 157/4/5 122/4/5
f 158/4/1 160/4/1 125/4/1 123/4/1
f 160/4/1 161/4/1 126/4/1 125/4/1
f 161/4/1 162/4/1 127/4/1 126/4/1
f 162/4/1 163/4/1 128/4/1 127/4/1
f 163/4/1 164/4/1 129/4/1 128/4/1
f 164/4/1 165/4/1 130/4/1 129/4/1
f 165/4/1 166/4/1 131/4/1 130/4/1
f 166/4/1 167/4/1 132/4/1 131/4/1
f 167/4/1 168/4/1 133/4/1 132/4/1
f 168/4/1 169/4/1 134/4/1 133/4/1
f 169/4/1 170/4/1 135/4/1 134/4/1
f 170/4/1 171/4/1 136/4/1 135/4/1
f 171/4/1 172/4/1 137/4/1 136/4/1
f 172/4/1 173/4/1 138/4/1 137/4/1
f 173/4/1 174/4/1 139/4/1 138/4/1
f 174/4/1 175/4/1 140/4/1 139/4/1
f 175/4/1 176/4/1 141/4/1 140/4/1
f 176/4/1 177/4/1 142/4/1 141/4/1
f 177/4/1 178/4/1 143/4/1 142/4/1
f 178/4/1 179/4/1 144/4/1 143/4/1
f 179/4/1 180/4/1 145/4/1 144/4/1
f 180/4/1 181/4/1 146/4/1 145/4/1
f 181/4/1 182/4/1 147/4/1 146/4/1
f 182/4/1 183/4/1 148/4/1 147/4/1
f 183/4/1 184/4/1 149/4/1 148/4/1
f 184/4/1 185/4/1 150/4/1 149/4/1
f 185/4/1 186/4/1 151/4/1 150/4/1
f 186/5/1 187/5/1 152/5/1 151/5/1
f 187/5/1 188/5/1 153/5/1 152/5/1
f 188/5/1 189/5/1 154/5/1 153/5/1
f 189/5/1 190/5/1 155/5/1 154/5/1
f 190/5/6 191/5/6 156/5/6 155/5/6
f 192/4/1 193/4/1 158/4/1 157/4/1
f 159/4/5 194/4/5 192/4/5 157/4/5
f 193/4/1 195/4/1 160/4/1 158/4/1
f 195/4/1 196/4/1 161/4/1 160/4/1
f 196/4/1 197/4/1 162/4/1 161/4/1
f 197/4/1 198/4/1 163/4/1 162/4/1
f 198/4/1 199/4/1 164/4/1 163/4/1
f 199/4/1 200/4/1 165/4/1 164/4/1
f 200/4/1 201/4/1 166/4/1 165/4/1
f 201/4/1 202/4/1 167/4/1 166/4/1
f 202/4/1 203/4/1 168/4/1 167/4/1
f 203/4/1 204/4/1 169/4/1 168/4/1
f 204/4/1 205/4/1 170/4/1 169/4/1
f 205/4/1 206/4/1 171/4/1 170/4/1
f 206/4/1 207/4/1 172/4/1 171/4/1
f 207/4/1 208/4/1 173/4/1 172/4/1
f 208/4/1 209/4/1 174/4/1 173/4/1
f 209/4/1 210/4/1 175/4/1 174/4/1
f 210/4/1 211/4/1 176/4/1 175/4/1
f 211/4/1 212/4/1 177/4/1 176/4/1
f 212/4/1 213/4/1 178/4/1 177/4/1
f 213/4/1 214/4/1 179/4/1 178/4/1
f 214/4/1 215/4/1 180/4/1 179/4/1
f 215/4/1 216/4/1 181/4/1 180/4/1
f 216/4/1 217/4/1 182/4/1 181/4/1
f 217/4/1 218/4/1 183/4/1 182/4/1
f 218/5/1 219/5/1 184/5/1 183/5/1
f 219/4/1 220/4/1 185/4/1 184/4/1
f 220/4/1 221/4/1 186/4/1 185/4/1
f 221/5/1 222/5/1 187/5/1 186/5/1
f 222/5/1 223/5/1 188/5/1 187/5/1
f 223/5/1 224/5/1 189/5/1 188/5/1
f 224/5/1 225/5/1 190/5/1 189/5/1
f 225/5/6 226/5/6 191/5/6 190/5/6
f 227/4/1 228/4/1 193/4/1 192/4/1
f 194/4/5 229/4/5 227/4/5 192/4/5
f 228/4/1 230/4/1 195/4/1 193/4/1
f 230/4/1 231/4/1 196/4/1 195/4/1
f 231/4/1 232/4/1 197/4/1 196/4/1
f 232/4/1 233/4/1 198/4/1 197/4/1
f 233/11/1 234/11/1 199/11/1 198/11/1
f 234/4/1 235/4/1 200/4/1 199/4/1
f 235/4/1 236/4/1 201/4/1 200/4/1
f 236/4/1 237/4/1 202/4/1 201/4/1
f 237/4/1 238/4/1 203/4/1 202/4/1
f 238/4/1 239/4/1 204/4/1 203/4/1
f 239/4/1 240/4/1 205/4/1 204/4/1
f 240/4/1 241/4/1 206/4/1 205/4/1
f 241/4/1 242/4/1 207/4/1 206/4/1
f 242/4/1 243/4/1 208/4/1 207/4/1
f 243/4/1 244/4/1 209/4/1 208/4/1
f 244/4/1 245/4/1 210/4/1 209/4/1
f 245/4/1 246/4/1 211/4/1 210/4/1
f 246/4/1 247/4/1 212/4/1 211/4/1
f 247/4/1 248/4/1 213/4/1 212/4/1
f 248/4/1 249/4/1 214/4/1 213/4/1
f 249/4/1 250/4/1 215/4/1 214/4/1
f 250/4/1 251/4/1 216/4/1 215/4/1
f 251/4/1 252/4/1 217/4/1 216/4/1
f 252/4/1 253/4/1 218/4/1 217/4/1
f 253/4/1 254/4/1 219/4/1 218/4/1
f 254/4/1 255/4/1 220/4/1 219/4/1
f 255/4/1 256/4/1 221/4/1 220/4/1
f 256/5/1 257/5/1 222/5/1 221/5/1
f 257/5/1 258/5/1 223/5/1 222/5/1
f 258/5/1 259/5/1 224/5/1 223/5/1
f 259/5/1 260/5/1 225/5/1 224/5/1
f 260/5/6 261/5/6 226/5/6 225/5/6
f 262/4/1 263/4/1 228/4/1 227/4/1
f 229/4/5 264/4/5 262/4/5 227/4/5
f 263/4/1 265/4/1 230/4/1 228/4/1
f 266/4/4 267/4/4 265/4/4 263/4/4
f 265/4/1 268/4/1 231/4/1 230/4/1
f 267/4/4 269/4/4 268/4/4 265/4/4
f 268/4/1 270/4/1 232/4/1 231/4/1
f 269/4/4 271/4/4 270/4/4 268/4/4
f 270/4/1 272/4/1 233/4/1 232/4/1
f 271/4/4 273/4/4 272/4/4 270/4/4
f 272/4/1 274/4/1 234/4/1 233/4/1
f 273/4/4 275/4/4 274/4/4 272/4/4
f 274/4/1 276/4/1 235/4/1 234/4/1
f 275/4/4 277/4/4 276/4/4 274/4/4
f 276/4/1 278/4/1 236/4/1 235/4/1
f 277/4/4 279/4/4 278/4/4 276/4/4
f 278/4/1 280/4/1 237/4/1 236/4/1
f 279/4/4 281/4/4 280/4/4 278/4/4
f 280/4/1 282/4/1 238/4/1 237/4/1
f 281/4/4 283/4/4 282/4/4 280/4/4
f 282/4/1 284/4/1 239/4/1 238/4/1
f 283/4/4 285/4/4 284/4/4 282/4/4
f 284/4/1 286/4/1 240/4/1 239/4/1
f 285/4/4 287/4/4 286/4/4 284/4/4
f 286/4/1 288/4/1 241/4/1 240/4/1
f 287/4/4 289/4/4 288/4/4 286/4/4
f 288/4/1 290/4/1 242/4/1 241/4/1
f 289/4/4 291/4/4 290/4/4 288/4/4
f 290/4/1 292/4/1 243/4/1 242/4/1
f 291/4/4 293/4/4 292/4/4 290/4/4
f 292/4/1 294/4/1 244/4/1 243/4/1
f 293/4/4 295/4/4 294/4/4 292/4/4
f 294/4/1 296/4/1 245/4/1 244/4/1
f 295/4/4 297/4/4 296/4/4 294/4/4
f 296/4/1 298/4/1 246/4/1 245/4/1
f 297/4/4 299/4/4 298/4/4 296/4/4
f 298/4/1 300/4/1 247/4/1 246/4/1
f 299/4/4 301/4/4 300/4/4 298/4/4
f 300/4/1 302/4/1 248/4/1 247/4/1
f 301/4/4 303/4/4 302/4/4 300/4/4
f 302/4/1 304/4/1 249/4/1 248/4/1
f 303/4/4 305/4/4 304/4/4 302/4/4
f 304/4/1 306/4/1 250/4/1 249/4/1
f 305/4/4 307/4/4 306/4/4 304/4/4
f 306/4/1 308/4/1 251/4/1 250/4/1
f 307/4/4 309/4/4 308/4/4 306/4/4
f 308/4/1 310/4/1 252/4/1 251/4/1
f 309/4/4 311/4/4 310/4/4 308/4/4
f 310/4/1 312/4/1 253/4/1 252/4/1
f 311/4/4 313/4/4 312/4/4 310/4/4
f 312/4/1 314/4/1 254/4/1 253/4/1
f 313/4/4 315/4/4 314/4/4 312/4/4
f 314/4/1 316/4/1 255/4/1 254/4/1
f 315/4/4 317/4/4 316/4/4 314/4/4
f 316/4/1 318/4/1 256/4/1 255/4/1
f 317/4/4 319/4/4 318/4/4 316/4/4
f 318/5/1 320/5/1 257/5/1 256/5/1
f 319/5/4 321/5/4 320/5/4 318/5/4
f 320/5/1 322/5/1 258/5/1 257/5/1
f 321/5/4 323/5/4 322/5/4 320/5/4
f 322/5/1 324/5/1 259/5/1 258/5/1
f 323/5/4 325/5/4 324/5/4 322/5/4
f 324/5/1 326/5/1 260/5/1 259/5/1
f 325/5/4 327/5/4 326/5/4 324/5/4
f 326/5/6 327/5/6 261/5/6 260/5/6
f 328/4/1 329/4/1 263/4/1 262/4/1
f 264/4/5 330/4/5 328/4/5 262/4/5
f 329/4/6 331/4/6 266/4/6 263/4/6
f 332/4/1 333/4/1 329/4/1 328/4/1
f 330/4/5 334/4/5 332/4/5 328/4/5
f 333/4/6 335/4/6 331/4/6 329/4/6
f 336/4/1 337/4/1 333/4/1 332/4/1
f 334/4/5 338/4/5 336/4/5 332/4/5
f 337/4/6 339/4/6 335/4/6 333/4/6
f 340/4/1 341/4/1 337/4/1 336/4/1
f 338/4/5 342/4/5 340/4/5 336/4/5
f 341/4/6 343/4/6 339/4/6 337/4/6
f 344/4/1 345/4/1 341/4/1 340/4/1
f 346/4/4 347/4/4 345/4/4 344/4/4
f 342/4/5 346/4/5 344/4/5 340/4/5
f 345/4/6 347/4/6 343/4/6 341/4/6
f 5/4/3 348/4/3 349/4/3 6/4/3
f 349/4/5 350/4/5 7/4/5 6/4/5
f 8/4/6 351/4/6 348/4/6 5/4/6
f 350/4/5 352/4/5 11/4/5 7/4/5
f 12/4/6 353/4/6 351/4/6 8/4/6
f 352/4/5 354/4/5 15/4/5 11/4/5
f 16/4/6 355/4/6 353/4/6 12/4/6
f 354/4/5 356/4/5 19/4/5 15/4/5
f 20/4/6 357/4/6 355/4/6 16/4/6
f 356/4/5 358/4/5 23/4/5 19/4/5
f 24/4/6 359/4/6 357/4/6 20/4/6
f 358/4/5 360/4/5 27/4/5 23/4/5
f 30/4/3 361/4/3 359/4/3 24/4/3
f 33/4/3 362/4/3 361/4/3 30/4/3
f 36/4/3 363/4/3 362/4/3 33/4/3
f 39/4/3 364/4/3 363/4/3 36/4/3
f 42/4/3 365/4/3 364/4/3 39/4/3
f 45/4/3 366/4/3 365/4/3 42/4/3
f 48/4/3 367/4/3 366/4/3 45/4/3
f 51/4/3 368/4/3 367/4/3 48/4/3
f 54/4/3 369/4/3 368/4/3 51/4/3
f 57/4/3 370/4/3 369/4/3 54/4/3
f 60/4/3 371/4/3 370/4/3 57/4/3
f 63/4/3 372/4/3 371/4/3 60/4/3
f 66/4/3 373/4/3 372/4/3 63/4/3
f 69/4/3 374/4/3 373/4/3 66/4/3
f 72/4/3 375/4/3 374/4/3 69/4/3
f 75/4/3 376/4/3 375/4/3 72/4/3
f 78/11/3 377/11/3 376/11/3 75/11/3
f 81/11/3 378/11/3 377/11/3 78/11/3
f 84/11/3 379/11/3 378/11/3 81/11/3
f 87/4/3 380/4/3 379/4/3 84/4/3
f 90/4/3 381/4/3 380/4/3 87/4/3
f 93/4/3 382/4/3 381/4/3 90/4/3
f 96/4/3 383/4/3 382/4/3 93/4/3
f 99/4/3 384/4/3 383/4/3 96/4/3
f 102/4/3 385/4/3 384/4/3 99/4/3
f 105/4/3 386/4/3 385/4/3 102/4/3
f 108/4/3 387/4/3 386/4/3 105/4/3
f 111/5/3 388/5/3 387/5/3 108/5/3
f 114/5/3 389/5/3 388/5/3 111/5/3
f 117/5/3 390/5/3 389/5/3 114/5/3
f 120/5/3 391/5/3 390/5/3 117/5/3
f 121/5/6 392/5/6 391/5/6 120/5/6
f 360/4/5 393/4/5 124/4/5 27/4/5
f 156/5/6 394/5/6 392/5/6 121/5/6
f 393/4/5 395/4/5 159/4/5 124/4/5
f 191/5/6 396/5/6 394/5/6 156/5/6
f 395/4/5 397/4/5 194/4/5 159/4/5
f 226/5/6 398/5/6 396/5/6 191/5/6
f 397/4/5 399/4/5 229/4/5 194/4/5
f 261/5/6 400/5/6 398/5/6 226/5/6
f 399/4/5 401/4/5 264/4/5 229/4/5
f 402/4/4 403/4/4 267/4/4 266/4/4
f 403/4/4 404/4/4 269/4/4 267/4/4
f 404/4/4 405/4/4 271/4/4 269/4/4
f 405/4/4 406/4/4 273/4/4 271/4/4
f 406/4/4 407/4/4 275/4/4 273/4/4
f 407/4/4 408/4/4 277/4/4 275/4/4
f 408/4/4 409/4/4 279/4/4 277/4/4
f 409/4/4 410/4/4 281/4/4 279/4/4
f 410/4/4 411/4/4 283/4/4 281/4/4
f 411/4/4 412/4/4 285/4/4 283/4/4
f 412/4/4 413/4/4 287/4/4 285/4/4
f 413/4/4 414/4/4 289/4/4 287/4/4
f 414/4/4 415/4/4 291/4/4 289/4/4
f 415/4/4 416/4/4 293/4/4 291/4/4
f 416/4/4 417/4/4 295/4/4 293/4/4
f 417/4/4 418/4/4 297/4/4 295/4/4
f 418/4/4 419/4/4 299/4/4 297/4/4
f 419/4/4 420/4/4 301/4/4 299/4/4
f 420/4/4 421/4/4 303/4/4 301/4/4
f 421/4/4 422/4/4 305/4/4 303/4/4
f 422/4/4 423/4/4 307/4/4 305/4/4
f 423/4/4 424/4/4 309/4/4 307/4/4
f 424/4/4 425/4/4 311/4/4 309/4/4
f 425/4/4 426/4/4 313/4/4 311/4/4
f 426/4/4 427/4/4 315/4/4 313/4/4
f 427/4/4 428/4/4 317/4/4 315/4/4
f 428/4/4 429/4/4 319/4/4 317/4/4
f 429/5/4 430/5/4 321/5/4 319/5/4
f 430/5/4 431/5/4 323/5/4 321/5/4
f 431/5/4 432/5/4 325/5/4 323/5/4
f 432/5/4 433/5/4 327/5/4 325/5/4
f 327/5/6 433/5/6 400/5/6 261/5/6
f 401/4/5 434/4/5 330/4/5 264/4/5
f 331/4/6 435/4/6 402/4/6 266/4/6
f 434/4/5 436/4/5 334/4/5 330/4/5
f 335/4/6 437/4/6 435/4/6 331/4/6
f 436/4/5 438/4/5 338/4/5 334/4/5
f 339/4/6 439/4/6 437/4/6 335/4/6
f 438/4/5 440/4/5 342/4/5 338/4/5
f 343/4/6 441/4/6 439/4/6 339/4/6
f 442/4/4 443/4/4 347/4/4 346/4/4
f 440/4/5 442/4/5 346/4/5 342/4/5
f 347/4/6 443/4/6 441/4/6 343/4/6
f 348/4/3 444/4/3 445/4/3 349/4/3
f 445/4/5 446/4/5 350/4/5 349/4/5
f 351/4/6 447/4/6 444/4/6 348/4/6
f 446/4/5 448/4/5 352/4/5 350/4/5
f 353/4/6 449/4/6 447/4/6 351/4/6
f 448/4/5 450/4/5 354/4/5 352/4/5
f 355/4/6 451/4/6 449/4/6 353/4/6
f 450/4/5 452/4/5 356/4/5 354/4/5
f 357/4/6 453/4/6 451/4/6 355/4/6
f 452/4/5 454/4/5 358/4/5 356/4/5
f 359/4/6 455/4/6 453/4/6 357/4/6
f 454/4/5 456/4/5 360/4/5 358/4/5
f 457/4/2 458/4/2 459/4/2 455/4/2
f 361/4/3 457/4/3 455/4/3 359/4/3
f 460/4/2 461/4/2 458/4/2 457/4/2
f 362/4/3 460/4/3 457/4/3 361/4/3
f 462/4/2 463/4/2 461/4/2 460/4/2
f 363/4/3 462/4/3 460/4/3 362/4/3
f 464/4/2 465/4/2 463/4/2 462/4/2
f 364/4/3 464/4/3 462/4/3 363/4/3
f 466/4/2 467/4/2 465/4/2 464/4/2
f 365/4/3 466/4/3 464/4/3 364/4/3
f 468/4/2 469/4/2 467/4/2 466/4/2
f 366/4/3 468/4/3 466/4/3 365/4/3
f 470/4/2 471/4/2 469/4/2 468/4/2
f 367/4/3 470/4/3 468/4/3 366/4/3
f 472/4/2 473/4/2 471/4/2 470/4/2
f 368/4/3 472/4/3 470/4/3 367/4/3
f 474/4/2 475/4/2 473/4/2 472/4/2
f 369/4/3 474/4/3 472/4/3 368/4/3
f 476/4/2 477/4/2 475/4/2 474/4/2
f 370/4/3 476/4/3 474/4/3 369/4/3
f 478/4/2 479/4/2 477/4/2 476/4/2
f 371/4/3 478/4/3 476/4/3 370/4/3
f 480/4/2 481/4/2 479/4/2 478/4/2
f 372/4/3 480/4/3 478/4/3 371/4/3
f 482/4/2 483/4/2 481/4/2 480/4/2
f 373/4/3 482/4/3 480/4/3 372/4/3
f 484/4/2 485/4/2 483/4/2 482/4/2
f 374/4/3 484/4/3 482/4/3 373/4/3
f 486/4/2 487/4/2 485/4/2 484/4/2
f 375/4/3 486/4/3 484/4/3 374/4/3
f 488/4/2 489/4/2 487/4/2 486/4/2
f 376/4/3 488/4/3 486/4/3 375/4/3
f 490/4/2 491/4/2 489/4/2 488/4/2
f 377/4/3 490/4/3 488/4/3 376/4/3
f 492/4/2 493/4/2 491/4/2 490/4/2
f 378/4/3 492/4/3 490/4/3 377/4/3
f 494/4/2 495/4/2 493/4/2 492/4/2
f 379/4/3 494/4/3 492/4/3 378/4/3
f 496/4/2 497/4/2 495/4/2 494/4/2
f 380/4/3 496/4/3 494/4/3 379/4/3
f 498/4/2 499/4/2 497/4/2 496/4/2
f 381/4/3 498/4/3 496/4/3 380/4/3
f 500/4/2 501/4/2 499/4/2 498/4/2
f 382/4/3 500/4/3 498/4/3 381/4/3
f 502/4/2 503/4/2 501/4/2 500/4/2
f 383/4/3 502/4/3 500/4/3 382/4/3
f 384/4/3 504/4/3 502/4/3 383/4/3
f 385/4/3 505/4/3 504/4/3 384/4/3
f 386/4/3 506/4/3 505/4/3 385/4/3
f 387/4/3 507/4/3 506/4/3 386/4/3
f 388/5/3 508/5/3 507/5/3 387/5/3
f 389/5/3 509/5/3 508/5/3 388/5/3
f 390/5/3 510/5/3 509/5/3 389/5/3
f 391/5/3 511/5/3 510/5/3 390/5/3
f 392/5/6 512/5/6 511/5/6 391/5/6
f 456/4/5 513/4/5 393/4/5 360/4/5
f 458/4/2 514/4/2 515/4/2 459/4/2
f 461/4/2 516/4/2 514/4/2 458/4/2
f 463/4/2 517/4/2 516/4/2 461/4/2
f 465/4/2 518/4/2 517/4/2 463/4/2
f 467/4/2 519/4/2 518/4/2 465/4/2
f 469/4/2 520/4/2 519/4/2 467/4/2
f 471/4/2 521/4/2 520/4/2 469/4/2
f 473/4/2 522/4/2 521/4/2 471/4/2
f 475/4/2 523/4/2 522/4/2 473/4/2
f 477/4/2 524/4/2 523/4/2 475/4/2
f 479/4/2 525/4/2 524/4/2 477/4/2
f 481/4/2 526/4/2 525/4/2 479/4/2
f 483/4/2 527/4/2 526/4/2 481/4/2
f 485/4/2 528/4/2 527/4/2 483/4/2
f 487/4/2 529/4/2 528/4/2 485/4/2
f 489/4/2 530/4/2 529/4/2 487/4/2
f 491/4/2 531/4/2 530/4/2 489/4/2
f 493/4/2 532/4/2 531/4/2 491/4/2
f 495/4/2 533/4/2 532/4/2 493/4/2
f 497/4/2 534/4/2 533/4/2 495/4/2
f 499/4/2 535/4/2 534/4/2 497/4/2
f 501/4/2 536/4/2 535/4/2 499/4/2
f 503/4/2 537/4/2 536/4/2 501/4/2
f 394/5/6 538/5/6 512/5/6 392/5/6
f 513/4/5 539/4/5 395/4/5 393/4/5
f 514/4/2 540/4/2 541/4/2 515/4/2
f 516/4/2 542/4/2 540/4/2 514/4/2
f 517/4/2 543/4/2 542/4/2 516/4/2
f 518/4/2 544/4/2 543/4/2 517/4/2
f 519/5/2 545/5/2 544/5/2 518/5/2
f 520/4/2 546/4/2 545/4/2 519/4/2
f 521/4/2 547/4/2 546/4/2 520/4/2
f 522/4/2 548/4/2 547/4/2 521/4/2
f 523/4/2 549/4/2 548/4/2 522/4/2
f 524/4/2 550/4/2 549/4/2 523/4/2
f 525/4/2 551/4/2 550/4/2 524/4/2
f 526/4/2 552/4/2 551/4/2 525/4/2
f 527/4/2 553/4/2 552/4/2 526/4/2
f 528/4/2 554/4/2 553/4/2 527/4/2
f 529/4/2 555/4/2 554/4/2 528/4/2
f 530/4/2 556/4/2 555/4/2 529/4/2
f 531/4/2 557/4/2 556/4/2 530/4/2
f 532/4/2 558/4/2 557/4/2 531/4/2
f 533/4/2 559/4/2 558/4/2 532/4/2
f 534/4/2 560/4/2 559/4/2 533/4/2
f 535/4/2 561/4/2 560/4/2 534/4/2
f 536/4/2 562/4/2 561/4/2 535/4/2
f 537/4/2 563/4/2 562/4/2 536/4/2
f 396/5/6 564/5/6 538/5/6 394/5/6
f 539/4/5 565/4/5 397/4/5 395/4/5
f 540/4/2 566/4/2 567/4/2 541/4/2
f 542/4/2 568/4/2 566/4/2 540/4/2
f 543/4/2 569/4/2 568/4/2 542/4/2
f 544/4/2 570/4/2 569/4/2 543/4/2
f 545/4/2 571/4/2 570/4/2 544/4/2
f 546/4/2 572/4/2 571/4/2 545/4/2
f 547/4/2 573/4/2 572/4/2 546/4/2
f 548/4/2 574/4/2 573/4/2 547/4/2
f 549/4/2 575/4/2 574/4/2 548/4/2
f 550/4/2 576/4/2 575/4/2 549/4/2
f 551/4/2 577/4/2 576/4/2 550/4/2
f 552/4/2 578/4/2 577/4/2 551/4/2
f 553/4/2 579/4/2 578/4/2 552/4/2
f 554/4/2 580/4/2 579/4/2 553/4/2
f 555/4/2 581/4/2 580/4/2 554/4/2
f 556/4/2 582/4/2 581/4/2 555/4/2
f 557/4/2 583/4/2 582/4/2 556/4/2
f 558/4/2 584/4/2 583/4/2 557/4/2
f 559/4/2 585/4/2 584/4/2 558/4/2
f 560/4/2 586/4/2 585/4/2 559/4/2
f 561/4/2 587/4/2 586/4/2 560/4/2
f 562/4/2 588/4/2 587/4/2 561/4/2
f 563/4/2 589/4/2 588/4/2 562/4/2
f 398/5/6 590/5/6 564/5/6 396/5/6
f 565/4/5 591/4/5 399/4/5 397/4/5
f 566/4/2 592/4/2 593/4/2 567/4/2
f 568/4/2 594/4/2 592/4/2 566/4/2
f 569/4/2 595/4/2 594/4/2 568/4/2
f 570/4/2 596/4/2 595/4/2 569/4/2
f 571/4/2 597/4/2 596/4/2 570/4/2
f 572/4/2 598/4/2 597/4/2 571/4/2
f 573/4/2 599/4/2 598/4/2 572/4/2
f 574/4/2 600/4/2 599/4/2 573/4/2
f 575/4/2 601/4/2 600/4/2 574/4/2
f 576/4/2 602/4/2 601/4/2 575/4/2
f 577/4/2 603/4/2 602/4/2 576/4/2
f 578/4/2 604/4/2 603/4/2 577/4/2
f 579/4/2 605/4/2 604/4/2 578/4/2
f 580/4/2 606/4/2 605/4/2 579/4/2
f 581/4/2 607/4/2 606/4/2 580/4/2
f 582/4/2 608/4/2 607/4/2 581/4/2
f 583/4/2 609/4/2 608/4/2 582/4/2
f 584/4/2 610/4/2 609/4/2 583/4/2
f 585/4/2 611/4/2 610/4/2 584/4/2
f 586/4/2 612/4/2 611/4/2 585/4/2
f 587/4/2 613/4/2 612/4/2 586/4/2
f 588/4/2 614/4/2 613/4/2 587/4/2
f 589/4/2 615/4/2 614/4/2 588/4/2
f 400/5/6 616/5/6 590/5/6 398/5/6
f 591/4/5 617/4/5 401/4/5 399/4/5
f 592/4/2 618/4/2 619/4/2 593/4/2
f 619/4/4 618/4/4 403/4/4 402/4/4
f 594/4/2 620/4/2 618/4/2 592/4/2
f 618/4/4 620/4/4 404/4/4 403/4/4
f 595/4/2 621/4/2 620/4/2 594/4/2
f 620/4/4 621/4/4 405/4/4 404/4/4
f 596/4/2 622/4/2 621/4/2 595/4/2
f 621/4/4 622/4/4 406/4/4 405/4/4
f 597/4/2 623/4/2 622/4/2 596/4/2
f 622/4/4 623/4/4 407/4/4 406/4/4
f 598/4/2 624/4/2 623/4/2 597/4/2
f 623/4/4 624/4/4 408/4/4 407/4/4
f 599/4/2 625/4/2 624/4/2 598/4/2
f 624/4/4 625/4/4 409/4/4 408/4/4
f 600/4/2 626/4/2 625/4/2 599/4/2
f 625/4/4 626/4/4 410/4/4 409/4/4
f 601/4/2 627/4/2 626/4/2 600/4/2
f 626/4/4 627/4/4 411/4/4 410/4/4
f 602/4/2 628/4/2 627/4/2 601/4/2
f 627/4/4 628/4/4 412/4/4 411/4/4
f 603/4/2 629/4/2 628/4/2 602/4/2
f 628/4/4 629/4/4 413/4/4 412/4/4
f 604/4/2 630/4/2 629/4/2 603/4/2
f 629/4/4 630/4/4 414/4/4 413/4/4
f 605/4/2 631/4/2 630/4/2 604/4/2
f 630/4/4 631/4/4 415/4/4 414/4/4
f 606/4/2 632/4/2 631/4/2 605/4/2
f 631/4/4 632/4/4 416/4/4 415/4/4
f 607/4/2 633/4/2 632/4/2 606/4/2
f 632/4/4 633/4/4 417/4/4 416/4/4
f 608/4/2 634/4/2 633/4/2 607/4/2
f 633/4/4 634/4/4 418/4/4 417/4/4
f 609/4/2 635/4/2 634/4/2 608/4/2
f 634/4/4 635/4/4 419/4/4 418/4/4
f 610/4/2 636/4/2 635/4/2 609/4/2
f 635/4/4 636/4/4 420/4/4 419/4/4
f 611/4/2 637/4/2 636/4/2 610/4/2
f 636/4/4 637/4/4 421/4/4 420/4/4
f 612/4/2 638/4/2 637/4/2 611/4/2
f 637/4/4 638/4/4 422/4/4 421/4/4
f 613/4/2 639/4/2 638/4/2 612/4/2
f 638/4/4 639/4/4 423/4/4 422/4/4
f 614/4/2 640/4/2 639/4/2 613/4/2
f 639/4/4 640/4/4 424/4/4 423/4/4
f 615/4/2 641/4/2 640/4/2 614/4/2
f 640/4/4 641/4/4 425/4/4 424/4/4
f 641/4/4 642/4/4 426/4/4 425/4/4
f 642/4/4 643/4/4 427/4/4 426/4/4
f 643/4/4 644/4/4 428/4/4 427/4/4
f 644/4/4 645/4/4 429/4/4 428/4/4
f 645/5/4 646/5/4 430/5/4 429/5/4
f 646/5/4 647/5/4 431/5/4 430/5/4
f 647/5/4 648/5/4 432/5/4 431/5/4
f 648/5/4 649/5/4 433/5/4 432/5/4
f 433/5/6 649/5/6 616/5/6 400/5/6
f 617/4/5 650/4/5 434/4/5 401/4/5
f 435/4/6 651/4/6 619/4/6 402/4/6
f 650/4/5 652/4/5 436/4/5 434/4/5
f 437/4/6 653/4/6 651/4/6 435/4/6
f 652/4/5 654/4/5 438/4/5 436/4/5
f 439/4/6 655/4/6 653/4/6 437/4/6
f 654/4/5 656/4/5 440/4/5 438/4/5
f 441/4/6 657/4/6 655/4/6 439/4/6
f 658/4/4 659/4/4 443/4/4 442/4/4
f 656/4/5 658/4/5 442/4/5 440/4/5
f 443/4/6 659/4/6 657/4/6 441/4/6
f 444/4/3 660/4/3 661/4/3 445/4/3
f 661/4/5 662/4/5 446/4/5 445/4/5
f 447/4/6 663/4/6 660/4/6 444/4/6
f 662/4/5 664/4/5 448/4/5 446/4/5
f 449/4/6 665/4/6 663/4/6 447/4/6
f 664/4/5 666/4/5 450/4/5 448/4/5
f 451/4/6 667/4/6 665/4/6 449/4/6
f 666/4/5 668/4/5 452/4/5 450/4/5
f 453/4/6 669/4/6 667/4/6 451/4/6
f 668/4/5 670/4/5 454/4/5 452/4/5
f 455/4/6 671/4/6 669/4/6 453/4/6
f 670/4/5 672/4/5 456/4/5 454/4/5
f 459/4/6 673/4/6 671/4/6 455/4/6
f 504/4/3 674/4/3 675/4/3 502/4/3
f 675/4/5 676/4/5 503/4/5 502/4/5
f 505/4/3 677/4/3 674/4/3 504/4/3
f 506/4/3 678/4/3 677/4/3 505/4/3
f 507/4/3 679/4/3 678/4/3 506/4/3
f 508/5/3 680/5/3 679/5/3 507/5/3
f 509/5/3 681/5/3 680/5/3 508/5/3
f 510/5/3 682/5/3 681/5/3 509/5/3
f 511/5/3 683/5/3 682/5/3 510/5/3
f 512/5/6 684/5/6 683/5/6 511/5/6
f 672/4/5 685/4/5 513/4/5 456/4/5
f 515/4/6 686/4/6 673/4/6 459/4/6
f 676/4/5 687/4/5 537/4/5 503/4/5
f 538/5/6 688/5/6 684/5/6 512/5/6
f 685/4/5 689/4/5 539/4/5 513/4/5
f 541/4/6 690/4/6 686/4/6 515/4/6
f 687/4/5 691/4/5 563/4/5 537/4/5
f 564/5/6 692/5/6 688/5/6 538/5/6
f 689/4/5 693/4/5 565/4/5 539/4/5
f 567/4/6 694/4/6 690/4/6 541/4/6
f 691/4/5 695/4/5 589/4/5 563/4/5
f 590/5/6 696/5/6 692/5/6 564/5/6
f 693/4/5 697/4/5 591/4/5 565/4/5
f 593/4/6 698/4/6 694/4/6 567/4/6
f 695/4/5 699/4/5 615/4/5 589/4/5
f 616/5/6 700/5/6 696/5/6 590/5/6
f 697/4/5 701/4/5 617/4/5 591/4/5
f 619/4/6 702/4/6 698/4/6 593/4/6
f 703/4/4 704/4/4 642/4/4 641/4/4
f 699/4/5 703/4/5 641/4/5 615/4/5
f 704/4/4 705/4/4 643/4/4 642/4/4
f 705/4/4 706/4/4 644/4/4 643/4/4
f 706/4/4 707/4/4 645/4/4 644/4/4
f 707/5/4 708/5/4 646/5/4 645/5/4
f 708/11/4 709/11/4 647/11/4 646/11/4
f 709/5/4 710/5/4 648/5/4 647/5/4
f 710/5/4 711/5/4 649/5/4 648/5/4
f 649/5/6 711/5/6 700/5/6 616/5/6
f 701/4/5 712/4/5 650/4/5 617/4/5
f 651/4/6 713/4/6 702/4/6 619/4/6
f 712/4/5 714/4/5 652/4/5 650/4/5
f 653/4/6 715/4/6 713/4/6 651/4/6
f 714/4/5 716/4/5 654/4/5 652/4/5
f 655/4/6 717/4/6 715/4/6 653/4/6
f 716/4/5 718/4/5 656/4/5 654/4/5
f 657/4/6 719/4/6 717/4/6 655/4/6
f 720/4/4 721/4/4 659/4/4 658/4/4
f 718/4/5 720/4/5 658/4/5 656/4/5
f 659/4/6 721/4/6 719/4/6 657/4/6
f 660/4/3 722/4/3 723/4/3 661/4/3
f 723/4/5 724/4/5 662/4/5 661/4/5
f 663/4/6 725/4/6 722/4/6 660/4/6
f 724/4/5 726/4/5 664/4/5 662/4/5
f 665/4/6 727/4/6 725/4/6 663/4/6
f 726/4/5 728/4/5 666/4/5 664/4/5
f 667/4/6 729/4/6 727/4/6 665/4/6
f 728/4/5 730/4/5 668/4/5 666/4/5
f 669/4/6 731/4/6 729/4/6 667/4/6
f 730/4/5 732/4/5 670/4/5 668/4/5
f 671/4/6 733/4/6 731/4/6 669/4/6
f 732/4/5 734/4/5 672/4/5 670/4/5
f 673/4/6 735/4/6 733/4/6 671/4/6
f 736/4/2 737/4/2 738/4/2 739/4/2
f 674/4/3 736/4/3 739/4/3 675/4/3
f 739/4/5 738/4/5 676/4/5 675/4/5
f 677/4/3 740/4/3 736/4/3 674/4/3
f 678/4/3 741/4/3 740/4/3 677/4/3
f 679/4/3 742/4/3 741/4/3 678/4/3
f 680/5/3 743/5/3 742/5/3 679/5/3
f 681/5/3 744/5/3 743/5/3 680/5/3
f 682/5/3 745/5/3 744/5/3 681/5/3
f 683/5/3 746/5/3 745/5/3 682/5/3
f 684/5/6 747/5/6 746/5/6 683/5/6
f 734/5/5 748/5/5 685/5/5 672/5/5
f 686/5/6 749/5/6 735/5/6 673/5/6
f 737/4/2 750/4/2 751/4/2 738/4/2
f 738/4/5 751/4/5 687/4/5 676/4/5
f 688/5/6 752/5/6 747/5/6 684/5/6
f 748/4/5 753/4/5 689/4/5 685/4/5
f 690/4/6 754/4/6 749/4/6 686/4/6
f 750/4/2 755/4/2 756/4/2 751/4/2
f 751/4/5 756/4/5 691/4/5 687/4/5
f 692/5/6 757/5/6 752/5/6 688/5/6
f 753/4/5 758/4/5 693/4/5 689/4/5
f 694/4/6 759/4/6 754/4/6 690/4/6
f 755/4/2 760/4/2 761/4/2 756/4/2
f 756/4/5 761/4/5 695/4/5 691/4/5
f 696/5/6 762/5/6 757/5/6 692/5/6
f 758/4/5 763/4/5 697/4/5 693/4/5
f 698/4/6 764/4/6 759/4/6 694/4/6
f 760/4/2 765/4/2 766/4/2 761/4/2
f 761/4/5 766/4/5 699/4/5 695/4/5
f 700/5/6 767/5/6 762/5/6 696/5/6
f 763/4/5 768/4/5 701/4/5 697/4/5
f 702/4/6 769/4/6 764/4/6 698/4/6
f 765/4/2 770/4/2 771/4/2 766/4/2
f 771/4/4 770/4/4 704/4/4 703/4/4
f 766/4/5 771/4/5 703/4/5 699/4/5
f 770/4/4 772/4/4 705/4/4 704/4/4
f 772/4/4 773/4/4 706/4/4 705/4/4
f 773/4/4 774/4/4 707/4/4 706/4/4
f 774/5/4 775/5/4 708/5/4 707/5/4
f 775/5/4 776/5/4 709/5/4 708/5/4
f 776/5/4 777/5/4 710/5/4 709/5/4
f 777/5/4 778/5/4 711/5/4 710/5/4
f 711/5/6 778/5/6 767/5/6 700/5/6
f 768/4/5 779/4/5 712/4/5 701/4/5
f 713/4/6 780/4/6 769/4/6 702/4/6
f 779/4/5 781/4/5 714/4/5 712/4/5
f 715/4/6 782/4/6 780/4/6 713/4/6
f 781/4/5 783/4/5 716/4/5 714/4/5
f 717/4/6 784/4/6 782/4/6 715/4/6
f 783/4/5 785/4/5 718/4/5 716/4/5
f 719/4/6 786/4/6 784/4/6 717/4/6
f 787/4/4 788/4/4 721/4/4 720/4/4
f 785/4/5 787/4/5 720/4/5 718/4/5
f 721/4/6 788/4/6 786/4/6 719/4/6
f 722/4/3 789/4/3 790/4/3 723/4/3
f 790/4/5 791/4/5 724/4/5 723/4/5
f 725/4/6 792/4/6 789/4/6 722/4/6
f 791/4/5 793/4/5 726/4/5 724/4/5
f 727/4/6 794/4/6 792/4/6 725/4/6
f 793/4/5 795/4/5 728/4/5 726/4/5
f 729/4/6 796/4/6 794/4/6 727/4/6
f 795/4/5 797/4/5 730/4/5 728/4/5
f 731/4/6 798/4/6 796/4/6 729/4/6
f 797/4/5 799/4/5 732/4/5 730/4/5
f 733/4/6 800/4/6 798/4/6 731/4/6
f 799/4/5 801/4/5 734/4/5 732/4/5
f 735/4/6 802/4/6 800/4/6 733/4/6
f 803/4/2 804/4/2 805/4/2 806/4/2
f 740/4/3 803/4/3 806/4/3 736/4/3
f 806/4/5 805/4/5 737/4/5 736/4/5
f 741/4/3 807/4/3 803/4/3 740/4/3
f 742/4/3 808/4/3 807/4/3 741/4/3
f 743/5/3 809/5/3 808/5/3 742/5/3
f 744/5/3 810/5/3 809/5/3 743/5/3
f 745/5/3 811/5/3 810/5/3 744/5/3
f 746/5/3 812/5/3 811/5/3 745/5/3
f 747/5/6 813/5/6 812/5/6 746/5/6
f 801/4/5 814/4/5 748/4/5 734/4/5
f 749/4/6 815/4/6 802/4/6 735/4/6
f 804/4/2 816/4/2 817/4/2 805/4/2
f 805/4/5 817/4/5 750/4/5 737/4/5
f 752/5/6 818/5/6 813/5/6 747/5/6
f 814/4/5 819/4/5 753/4/5 748/4/5
f 754/4/6 820/4/6 815/4/6 749/4/6
f 816/4/2 821/4/2 822/4/2 817/4/2
f 817/4/5 822/4/5 755/4/5 750/4/5
f 757/5/6 823/5/6 818/5/6 752/5/6
f 819/4/5 824/4/5 758/4/5 753/4/5
f 759/4/6 825/4/6 820/4/6 754/4/6
f 821/4/2 826/4/2 827/4/2 822/4/2
f 822/4/5 827/4/5 760/4/5 755/4/5
f 762/5/6 828/5/6 823/5/6 757/5/6
f 824/4/5 829/4/5 763/4/5 758/4/5
f 764/4/6 830/4/6 825/4/6 759/4/6
f 826/4/2 831/4/2 832/4/2 827/4/2
f 827/4/5 832/4/5 765/4/5 760/4/5
f 767/5/6 833/5/6 828/5/6 762/5/6
f 829/4/5 834/4/5 768/4/5 763/4/5
f 769/4/6 835/4/6 830/4/6 764/4/6
f 831/4/2 836/4/2 837/4/2 832/4/2
f 837/4/4 836/4/4 772/4/4 770/4/4
f 832/4/5 837/4/5 770/4/5 765/4/5
f 836/4/4 838/4/4 773/4/4 772/4/4
f 838/4/4 839/4/4 774/4/4 773/4/4
f 839/5/4 840/5/4 775/5/4 774/5/4
f 840/5/4 841/5/4 776/5/4 775/5/4
f 841/5/4 842/5/4 777/5/4 776/5/4
f 842/5/4 843/5/4 778/5/4 777/5/4
f 778/5/6 843/5/6 833/5/6 767/5/6
f 834/4/5 844/4/5 779/4/5 768/4/5
f 780/4/6 845/4/6 835/4/6 769/4/6
f 844/4/5 846/4/5 781/4/5 779/4/5
f 782/4/6 847/4/6 845/4/6 780/4/6
f 846/4/5 848/4/5 783/4/5 781/4/5
f 784/4/6 849/4/6 847/4/6 782/4/6
f 848/4/5 850/4/5 785/4/5 783/4/5
f 786/4/6 851/4/6 849/4/6 784/4/6
f 852/4/4 853/4/4 788/4/4 787/4/4
f 850/4/5 852/4/5 787/4/5 785/4/5
f 788/4/6 853/4/6 851/4/6 786/4/6
f 789/4/3 854/4/3 855/4/3 790/4/3
f 855/4/5 856/4/5 791/4/5 790/4/5
f 792/4/6 857/4/6 854/4/6 789/4/6
f 856/4/5 858/4/5 793/4/5 791/4/5
f 794/4/6 859/4/6 857/4/6 792/4/6
f 858/4/5 860/4/5 795/4/5 793/4/5
f 796/4/6 861/4/6 859/4/6 794/4/6
f 860/4/5 862/4/5 797/4/5 795/4/5
f 798/4/6 863/4/6 861/4/6 796/4/6
f 862/4/5 864/4/5 799/4/5 797/4/5
f 800/4/6 865/4/6 863/4/6 798/4/6
f 864/4/5 866/4/5 801/4/5 799/4/5
f 802/4/6 867/4/6 865/4/6 800/4/6
f 868/4/2 869/4/2 870/4/2 871/4/2
f 807/4/3 868/4/3 871/4/3 803/4/3
f 871/4/5 870/4/5 804/4/5 803/4/5
f 808/4/3 872/4/3 868/4/3 807/4/3
f 809/5/3 873/5/3 872/5/3 808/5/3
f 810/5/3 874/5/3 873/5/3 809/5/3
f 811/5/3 875/5/3 874/5/3 810/5/3
f 812/5/3 876/5/3 875/5/3 811/5/3
f 813/5/6 877/5/6 876/5/6 812/5/6
f 866/4/5 878/4/5 814/4/5 801/4/5
f 815/4/6 879/4/6 867/4/6 802/4/6
f 869/4/2 880/4/2 881/4/2 870/4/2
f 870/4/5 881/4/5 816/4/5 804/4/5
f 818/5/6 882/5/6 877/5/6 813/5/6
f 878/4/5 883/4/5 819/4/5 814/4/5
f 820/4/6 884/4/6 879/4/6 815/4/6
f 880/4/2 885/4/2 886/4/2 881/4/2
f 881/4/5 886/4/5 821/4/5 816/4/5
f 823/5/6 887/5/6 882/5/6 818/5/6
f 883/4/5 888/4/5 824/4/5 819/4/5
f 825/4/6 889/4/6 884/4/6 820/4/6
f 885/4/2 890/4/2 891/4/2 886/4/2
f 886/4/5 891/4/5 826/4/5 821/4/5
f 828/5/6 892/5/6 887/5/6 823/5/6
f 888/4/5 893/4/5 829/4/5 824/4/5
f 830/4/6 894/4/6 889/4/6 825/4/6
f 890/4/2 895/4/2 896/4/2 891/4/2
f 891/4/5 896/4/5 831/4/5 826/4/5
f 833/5/6 897/5/6 892/5/6 828/5/6
f 893/4/5 898/4/5 834/4/5 829/4/5
f 835/4/6 899/4/6 894/4/6 830/4/6
f 895/4/2 900/4/2 901/4/2 896/4/2
f 901/4/4 900/4/4 838/4/4 836/4/4
f 896/4/5 901/4/5 836/4/5 831/4/5
f 900/4/4 902/4/4 839/4/4 838/4/4
f 902/5/4 903/5/4 840/5/4 839/5/4
f 903/5/4 904/5/4 841/5/4 840/5/4
f 904/5/4 905/5/4 842/5/4 841/5/4
f 905/5/4 906/5/4 843/5/4 842/5/4
f 843/5/6 906/5/6 897/5/6 833/5/6
f 898/4/5 907/4/5 844/4/5 834/4/5
f 845/4/6 908/4/6 899/4/6 835/4/6
f 907/4/5 909/4/5 846/4/5 844/4/5
f 847/4/6 910/4/6 908/4/6 845/4/6
f 909/4/5 911/4/5 848/4/5 846/4/5
f 849/4/6 912/4/6 910/4/6 847/4/6
f 911/4/5 913/4/5 850/4/5 848/4/5
f 851/4/6 914/4/6 912/4/6 849/4/6
f 915/4/4 916/4/4 853/4/4 852/4/4
f 913/4/5 915/4/5 852/4/5 850/4/5
f 853/4/6 916/4/6 914/4/6 851/4/6
f 854/4/3 917/4/3 918/4/3 855/4/3
f 918/4/5 919/4/5 856/4/5 855/4/5
f 857/4/6 920/4/6 917/4/6 854/4/6
f 919/4/5 921/4/5 858/4/5 856/4/5
f 859/4/6 922/4/6 920/4/6 857/4/6
f 921/4/5 923/4/5 860/4/5 858/4/5
f 861/4/6 924/4/6 922/4/6 859/4/6
f 923/4/5 925/4/5 862/4/5 860/4/5
f 863/4/6 926/4/6 924/4/6 861/4/6
f 925/4/5 927/4/5 864/4/5 862/4/5
f 865/4/6 928/4/6 926/4/6 863/4/6
f 927/4/5 929/4/5 866/4/5 864/4/5
f 867/4/6 930/4/6 928/4/6 865/4/6
f 872/4/3 931/4/3 932/4/3 868/4/3
f 932/4/5 933/4/5 869/4/5 868/4/5
f 873/5/3 934/5/3 931/5/3 872/5/3
f 874/5/3 935/5/3 934/5/3 873/5/3
f 875/5/3 936/5/3 935/5/3 874/5/3
f 876/5/3 937/5/3 936/5/3 875/5/3
f 877/5/6 938/5/6 937/5/6 876/5/6
f 929/4/5 939/4/5 878/4/5 866/4/5
f 879/4/6 940/4/6 930/4/6 867/4/6
f 933/4/5 941/4/5 880/4/5 869/4/5
f 882/5/6 942/5/6 938/5/6 877/5/6
f 939/4/5 943/4/5 883/4/5 878/4/5
f 884/4/6 944/4/6 940/4/6 879/4/6
f 941/4/5 945/4/5 885/4/5 880/4/5
f 887/5/6 946/5/6 942/5/6 882/5/6
f 943/4/5 947/4/5 888/4/5 883/4/5
f 889/4/6 948/4/6 944/4/6 884/4/6
f 945/4/5 949/4/5 890/4/5 885/4/5
f 892/5/6 950/5/6 946/5/6 887/5/6
f 947/5/5 951/5/5 893/5/5 888/5/5
f 894/5/6 952/5/6 948/5/6 889/5/6
f 949/4/5 953/4/5 895/4/5 890/4/5
f 897/5/6 954/5/6 950/5/6 892/5/6
f 951/4/5 955/4/5 898/4/5 893/4/5
f 899/4/6 956/4/6 952/4/6 894/4/6
f 957/4/4 958/4/4 902/4/4 900/4/4
f 953/4/5 957/4/5 900/4/5 895/4/5
f 958/5/4 959/5/4 903/5/4 902/5/4
f 959/5/4 960/5/4 904/5/4 903/5/4
f 960/5/4 961/5/4 905/5/4 904/5/4
f 961/5/4 962/5/4 906/5/4 905/5/4
f 906/5/6 962/5/6 954/5/6 897/5/6
f 955/4/5 963/4/5 907/4/5 898/4/5
f 908/4/6 964/4/6 956/4/6 899/4/6
f 963/4/5 965/4/5 909/4/5 907/4/5
f 910/4/6 966/4/6 964/4/6 908/4/6
f 965/4/5 967/4/5 911/4/5 909/4/5
f 912/4/6 968/4/6 966/4/6 910/4/6
f 967/4/5 969/4/5 913/4/5 911/4/5
f 914/4/6 970/4/6 968/4/6 912/4/6
f 971/4/4 972/4/4 916/4/4 915/4/4
f 969/4/5 971/4/5 915/4/5 913/4/5
f 916/4/6 972/4/6 970/4/6 914/4/6
f 917/4/3 973/4/3 974/4/3 918/4/3
f 974/4/5 975/4/5 919/4/5 918/4/5
f 920/4/6 976/4/6 973/4/6 917/4/6
f 975/4/5 977/4/5 921/4/5 919/4/5
f 922/4/6 978/4/6 976/4/6 920/4/6
f 977/4/5 979/4/5 923/4/5 921/4/5
f 924/4/6 980/4/6 978/4/6 922/4/6
f 979/4/5 981/4/5 925/4/5 923/4/5
f 926/4/6 982/4/6 980/4/6 924/4/6
f 981/4/5 983/4/5 927/4/5 925/4/5
f 928/4/6 984/4/6 982/4/6 926/4/6
f 983/4/5 985/4/5 929/4/5 927/4/5
f 930/4/6 986/4/6 984/4/6 928/4/6
f 931/4/3 987/4/3 988/4/3 932/4/3
f 988/4/5 989/4/5 933/4/5 932/4/5
f 934/5/3 990/5/3 987/5/3 931/5/3
f 935/5/3 991/5/3 990/5/3 934/5/3
f 936/5/3 992/5/3 991/5/3 935/5/3
f 937/5/3 993/5/3 992/5/3 936/5/3
f 938/5/6 994/5/6 993/5/6 937/5/6
f 985/4/5 995/4/5 939/4/5 929/4/5
f 940/4/6 996/4/6 986/4/6 930/4/6
f 989/11/5 997/11/5 941/11/5 933/11/5
f 942/5/6 998/5/6 994/5/6 938/5/6
f 995/4/5 999/4/5 943/4/5 939/4/5
f 944/4/6 1000/4/6 996/4/6 940/4/6
f 997/4/5 1001/4/5 945/4/5 941/4/5
f 946/5/6 1002/5/6 998/5/6 942/5/6
f 999/4/5 1003/4/5 947/4/5 943/4/5
f 948/4/6 1004/4/6 1000/4/6 944/4/6
f 1001/4/5 1005/4/5 949/4/5 945/4/5
f 950/5/6 1006/5/6 1002/5/6 946/5/6
f 1003/4/5 1007/4/5 951/4/5 947/4/5
f 952/4/6 1008/4/6 1004/4/6 948/4/6
f 1005/4/5 1009/4/5 953/4/5 949/4/5
f 954/5/6 1010/5/6 1006/5/6 950/5/6
f 1007/4/5 1011/4/5 955/4/5 951/4/5
f 956/4/6 1012/4/6 1008/4/6 952/4/6
f 1013/4/4 1014/4/4 958/4/4 957/4/4
f 1009/4/5 1013/4/5 957/4/5 953/4/5
f 1014/5/4 1015/5/4 959/5/4 958/5/4
f 1015/5/4 1016/5/4 960/5/4 959/5/4
f 1016/5/4 1017/5/4 961/5/4 960/5/4
f 1017/5/4 1018/5/4 962/5/4 961/5/4
f 962/5/6 1018/5/6 1010/5/6 954/5/6
f 1011/4/5 1019/4/5 963/4/5 955/4/5
f 964/4/6 1020/4/6 1012/4/6 956/4/6
f 1019/4/5 1021/4/5 965/4/5 963/4/5
f 966/4/6 1022/4/6 1020/4/6 964/4/6
f 1021/4/5 1023/4/5 967/4/5 965/4/5
f 968/4/6 1024/4/6 1022/4/6 966/4/6
f 1023/4/5 1025/4/5 969/4/5 967/4/5
f 970/4/6 1026/4/6 1024/4/6 968/4/6
f 1027/4/4 1028/4/4 972/4/4 971/4/4
f 1025/4/5 1027/4/5 971/4/5 969/4/5
f 972/4/6 1028/4/6 1026/4/6 970/4/6
f 973/4/3 1029/4/3 1030/4/3 974/4/3
f 1030/4/5 1031/4/5 975/4/5 974/4/5
f 976/4/6 1032/4/6 1029/4/6 973/4/6
f 1031/4/5 1033/4/5 977/4/5 975/4/5
f 978/4/6 1034/4/6 1032/4/6 976/4/6
f 1033/4/5 1035/4/5 979/4/5 977/4/5
f 980/4/6 1036/4/6 1034/4/6 978/4/6
f 1035/4/5 1037/4/5 981/4/5 979/4/5
f 982/4/6 1038/4/6 1036/4/6 980/4/6
f 1037/4/5 1039/4/5 983/4/5 981/4/5
f 984/4/6 1040/4/6 1038/4/6 982/4/6
f 1039/4/5 1041/4/5 985/4/5 983/4/5
f 986/4/6 1042/4/6 1040/4/6 984/4/6
f 1043/4/1 989/4/1 988/4/1 1044/4/1
f 988/4/3 1045/4/3 1046/4/3 1044/4/3
f 1046/4/5 1047/4/5 1043/4/5 1044/4/5
f 987/4/3 1048/4/3 1045/4/3 988/4/3
f 990/5/3 1049/5/3 1048/5/3 987/5/3
f 991/5/3 1050/5/3 1049/5/3 990/5/3
f 992/5/3 1051/5/3 1050/5/3 991/5/3
f 993/5/3 1052/5/3 1051/5/3 992/5/3
f 994/5/6 1053/5/6 1052/5/6 993/5/6
f 1041/4/5 1054/4/5 995/4/5 985/4/5
f 996/4/6 1055/4/6 1042/4/6 986/4/6
f 1056/4/1 997/4/1 989/4/1 1043/4/1
f 1047/4/5 1057/4/5 1056/4/5 1043/4/5
f 998/5/6 1058/5/6 1053/5/6 994/5/6
f 1054/4/5 1059/4/5 999/4/5 995/4/5
f 1000/4/6 1060/4/6 1055/4/6 996/4/6
f 1061/4/1 1001/4/1 997/4/1 1056/4/1
f 1057/4/5 1062/4/5 1061/4/5 1056/4/5
f 1002/5/6 1063/5/6 1058/5/6 998/5/6
f 1059/4/5 1064/4/5 1003/4/5 999/4/5
f 1004/4/6 1065/4/6 1060/4/6 1000/4/6
f 1066/4/1 1005/4/1 1001/4/1 1061/4/1
f 1062/4/5 1067/4/5 1066/4/5 1061/4/5
f 1006/5/6 1068/5/6 1063/5/6 1002/5/6
f 1064/4/5 1069/4/5 1007/4/5 1003/4/5
f 1008/4/6 1070/4/6 1065/4/6 1004/4/6
f 1071/4/1 1009/4/1 1005/4/1 1066/4/1
f 1067/4/5 1072/4/5 1071/4/5 1066/4/5
f 1010/5/6 1073/5/6 1068/5/6 1006/5/6
f 1069/4/5 1074/4/5 1011/4/5 1007/4/5
f 1012/4/6 1075/4/6 1070/4/6 1008/4/6
f 1076/4/1 1013/4/1 1009/4/1 1071/4/1
f 1077/4/4 1078/4/4 1013/4/4 1076/4/4
f 1072/4/5 1077/4/5 1076/4/5 1071/4/5
f 1078/4/4 1079/4/4 1014/4/4 1013/4/4
f 1079/5/4 1080/5/4 1015/5/4 1014/5/4
f 1080/5/4 1081/5/4 1016/5/4 1015/5/4
f 1081/5/4 1082/5/4 1017/5/4 1016/5/4
f 1082/5/4 1083/5/4 1018/5/4 1017/5/4
f 1018/5/6 1083/5/6 1073/5/6 1010/5/6
f 1074/4/5 1084/4/5 1019/4/5 1011/4/5
f 1020/4/6 1085/4/6 1075/4/6 1012/4/6
f 1084/4/5 1086/4/5 1021/4/5 1019/4/5
f 1022/4/6 1087/4/6 1085/4/6 1020/4/6
f 1086/4/5 1088/4/5 1023/4/5 1021/4/5
f 1024/4/6 1089/4/6 1087/4/6 1022/4/6
f 1088/4/5 1090/4/5 1025/4/5 1023/4/5
f 1026/4/6 1091/4/6 1089/4/6 1024/4/6
f 1092/4/4 1093/4/4 1028/4/4 1027/4/4
f 1090/4/5 1092/4/5 1027/4/5 1025/4/5
f 1028/4/6 1093/4/6 1091/4/6 1026/4/6
f 1029/4/3 1094/4/3 1095/4/3 1030/4/3
f 1095/4/5 1096/4/5 1031/4/5 1030/4/5
f 1032/4/6 1097/4/6 1094/4/6 1029/4/6
f 1096/4/5 1098/4/5 1033/4/5 1031/4/5
f 1034/4/6 1099/4/6 1097/4/6 1032/4/6
f 1098/4/5 1100/4/5 1035/4/5 1033/4/5
f 1036/4/6 1101/4/6 1099/4/6 1034/4/6
f 1100/4/5 1102/4/5 1037/4/5 1035/4/5
f 1038/4/6 1103/4/6 1101/4/6 1036/4/6
f 1102/4/5 1104/4/5 1039/4/5 1037/4/5
f 1040/4/6 1105/4/6 1103/4/6 1038/4/6
f 1104/4/5 1106/4/5 1041/4/5 1039/4/5
f 1042/4/6 1107/4/6 1105/4/6 1040/4/6
f 1108/4/1 1047/4/1 1046/4/1 1109/4/1
f 1046/4/3 1110/4/3 1111/4/3 1109/4/3
f 1111/4/5 1112/4/5 1108/4/5 1109/4/5
f 1045/4/3 1113/4/3 1110/4/3 1046/4/3
f 1048/4/3 1114/4/3 1113/4/3 1045/4/3
f 1049/5/3 1115/5/3 1114/5/3 1048/5/3
f 1050/5/3 1116/5/3 1115/5/3 1049/5/3
f 1051/5/3 1117/5/3 1116/5/3 1050/5/3
f 1052/5/3 1118/5/3 1117/5/3 1051/5/3
f 1053/5/6 1119/5/6 1118/5/6 1052/5/6
f 1106/4/5 1120/4/5 1054/4/5 1041/4/5
f 1055/4/6 1121/4/6 1107/4/6 1042/4/6
f 1122/4/1 1057/4/1 1047/4/1 1108/4/1
f 1112/4/5 1123/4/5 1122/4/5 1108/4/5
f 1058/5/6 1124/5/6 1119/5/6 1053/5/6
f 1120/4/5 1125/4/5 1059/4/5 1054/4/5
f 1060/4/6 1126/4/6 1121/4/6 1055/4/6
f 1127/4/1 1062/4/1 1057/4/1 1122/4/1
f 1123/4/5 1128/4/5 1127/4/5 1122/4/5
f 1063/5/6 1129/5/6 1124/5/6 1058/5/6
f 1125/4/5 1130/4/5 1064/4/5 1059/4/5
f 1065/4/6 1131/4/6 1126/4/6 1060/4/6
f 1132/4/1 1067/4/1 1062/4/1 1127/4/1
f 1128/4/5 1133/4/5 1132/4/5 1127/4/5
f 1068/5/6 1134/5/6 1129/5/6 1063/5/6
f 1130/4/5 1135/4/5 1069/4/5 1064/4/5
f 1070/4/6 1136/4/6 1131/4/6 1065/4/6
f 1137/4/1 1072/4/1 1067/4/1 1132/4/1
f 1133/4/5 1138/4/5 1137/4/5 1132/4/5
f 1073/5/6 1139/5/6 1134/5/6 1068/5/6
f 1135/4/5 1140/4/5 1074/4/5 1069/4/5
f 1075/4/6 1141/4/6 1136/4/6 1070/4/6
f 1142/4/1 1077/4/1 1072/4/1 1137/4/1
f 1143/4/4 1144/4/4 1077/4/4 1142/4/4
f 1138/4/5 1143/4/5 1142/4/5 1137/4/5
f 1144/4/4 1145/4/4 1078/4/4 1077/4/4
f 1145/4/4 1146/4/4 1079/4/4 1078/4/4
f 1146/5/4 1147/5/4 1080/5/4 1079/5/4
f 1147/5/4 1148/5/4 1081/5/4 1080/5/4
f 1148/5/4 1149/5/4 1082/5/4 1081/5/4
f 1149/5/4 1150/5/4 1083/5/4 1082/5/4
f 1083/5/6 1150/5/6 1139/5/6 1073/5/6
f 1140/4/5 1151/4/5 1084/4/5 1074/4/5
f 1085/4/6 1152/4/6 1141/4/6 1075/4/6
f 1151/4/5 1153/4/5 1086/4/5 1084/4/5
f 1087/4/6 1154/4/6 1152/4/6 1085/4/6
f 1153/4/5 1155/4/5 1088/4/5 1086/4/5
f 1089/4/6 1156/4/6 1154/4/6 1087/4/6
f 1155/4/5 1157/4/5 1090/4/5 1088/4/5
f 1091/4/6 1158/4/6 1156/4/6 1089/4/6
f 1159/4/4 1160/4/4 1093/4/4 1092/4/4
f 1157/4/5 1159/4/5 1092/4/5 1090/4/5
f 1093/4/6 1160/4/6 1158/4/6 1091/4/6
f 1094/4/3 1161/4/3 1162/4/3 1095/4/3
f 1162/4/5 1163/4/5 1096/4/5 1095/4/5
f 1097/4/6 1164/4/6 1161/4/6 1094/4/6
f 1163/4/5 1165/4/5 1098/4/5 1096/4/5
f 1099/4/6 1166/4/6 1164/4/6 1097/4/6
f 1165/4/5 1167/4/5 1100/4/5 1098/4/5
f 1101/4/6 1168/4/6 1166/4/6 1099/4/6
f 1167/4/5 1169/4/5 1102/4/5 1100/4/5
f 1103/4/6 1170/4/6 1168/4/6 1101/4/6
f 1169/4/5 1171/4/5 1104/4/5 1102/4/5
f 1105/4/6 1172/4/6 1170/4/6 1103/4/6
f 1171/4/5 1173/4/5 1106/4/5 1104/4/5
f 1107/4/6 1174/4/6 1172/4/6 1105/4/6
f 1175/4/1 1112/4/1 1111/4/1 1176/4/1
f 1111/4/3 1177/4/3 1178/4/3 1176/4/3
f 1178/4/5 1179/4/5 1175/4/5 1176/4/5
f 1110/4/3 1180/4/3 1177/4/3 1111/4/3
f 1113/4/3 1181/4/3 1180/4/3 1110/4/3
f 1114/4/3 1182/4/3 1181/4/3 1113/4/3
f 1115/5/3 1183/5/3 1182/5/3 1114/5/3
f 1116/5/3 1184/5/3 1183/5/3 1115/5/3
f 1117/5/3 1185/5/3 1184/5/3 1116/5/3
f 1118/5/3 1186/5/3 1185/5/3 1117/5/3
f 1119/5/6 1187/5/6 1186/5/6 1118/5/6
f 1173/4/5 1188/4/5 1120/4/5 1106/4/5
f 1121/4/6 1189/4/6 1174/4/6 1107/4/6
f 1190/4/1 1123/4/1 1112/4/1 1175/4/1
f 1179/4/5 1191/4/5 1190/4/5 1175/4/5
f 1124/5/6 1192/5/6 1187/5/6 1119/5/6
f 1188/4/5 1193/4/5 1125/4/5 1120/4/5
f 1126/4/6 1194/4/6 1189/4/6 1121/4/6
f 1195/4/1 1128/4/1 1123/4/1 1190/4/1
f 1191/4/5 1196/4/5 1195/4/5 1190/4/5
f 1129/5/6 1197/5/6 1192/5/6 1124/5/6
f 1193/4/5 1198/4/5 1130/4/5 1125/4/5
f 1131/4/6 1199/4/6 1194/4/6 1126/4/6
f 1200/4/1 1133/4/1 1128/4/1 1195/4/1
f 1196/4/5 1201/4/5 1200/4/5 1195/4/5
f 1134/5/6 1202/5/6 1197/5/6 1129/5/6
f 1198/4/5 1203/4/5 1135/4/5 1130/4/5
f 1136/4/6 1204/4/6 1199/4/6 1131/4/6
f 1205/4/1 1138/4/1 1133/4/1 1200/4/1
f 1201/4/5 1206/4/5 1205/4/5 1200/4/5
f 1139/5/6 1207/5/6 1202/5/6 1134/5/6
f 1203/4/5 1208/4/5 1140/4/5 1135/4/5
f 1141/4/6 1209/4/6 1204/4/6 1136/4/6
f 1210/4/1 1143/4/1 1138/4/1 1205/4/1
f 1211/4/4 1212/4/4 1143/4/4 1210/4/4
f 1206/4/5 1211/4/5 1210/4/5 1205/4/5
f 1212/4/4 1213/4/4 1144/4/4 1143/4/4
f 1213/4/4 1214/4/4 1145/4/4 1144/4/4
f 1214/4/4 1215/4/4 1146/4/4 1145/4/4
f 1215/5/4 1216/5/4 1147/5/4 1146/5/4
f 1216/5/4 1217/5/4 1148/5/4 1147/5/4
f 1217/5/4 1218/5/4 1149/5/4 1148/5/4
f 1218/5/4 1219/5/4 1150/5/4 1149/5/4
f 1150/5/6 1219/5/6 1207/5/6 1139/5/6
f 1208/4/5 1220/4/5 1151/4/5 1140/4/5
f 1152/4/6 1221/4/6 1209/4/6 1141/4/6
f 1220/4/5 1222/4/5 1153/4/5 1151/4/5
f 1154/4/6 1223/4/6 1221/4/6 1152/4/6
f 1222/4/5 1224/4/5 1155/4/5 1153/4/5
f 1156/4/6 1225/4/6 1223/4/6 1154/4/6
f 1224/4/5 1226/4/5 1157/4/5 1155/4/5
f 1158/4/6 1227/4/6 1225/4/6 1156/4/6
f 1228/4/4 1229/4/4 1160/4/4 1159/4/4
f 1226/4/5 1228/4/5 1159/4/5 1157/4/5
f 1160/4/6 1229/4/6 1227/4/6 1158/4/6
f 1161/4/3 1230/4/3 1231/4/3 1162/4/3
f 1231/4/5 1232/4/5 1163/4/5 1162/4/5
f 1164/4/6 1233/4/6 1230/4/6 1161/4/6
f 1232/4/5 1234/4/5 1165/4/5 1163/4/5
f 1166/4/6 1235/4/6 1233/4/6 1164/4/6
f 1234/4/5 1236/4/5 1167/4/5 1165/4/5
f 1168/4/6 1237/4/6 1235/4/6 1166/4/6
f 1236/4/5 1238/4/5 1169/4/5 1167/4/5
f 1170/4/6 1239/4/6 1237/4/6 1168/4/6
f 1238/4/5 1240/4/5 1171/4/5 1169/4/5
f 1172/4/6 1241/4/6 1239/4/6 1170/4/6
f 1240/4/5 1242/4/5 1173/4/5 1171/4/5
f 1174/4/6 1243/4/6 1241/4/6 1172/4/6
f 1177/4/3 1244/4/3 1245/4/3 1178/4/3
f 1245/4/5 1246/4/5 1179/4/5 1178/4/5
f 1180/4/3 1247/4/3 1244/4/3 1177/4/3
f 1181/4/3 1248/4/3 1247/4/3 1180/4/3
f 1182/4/3 1249/4/3 1248/4/3 1181/4/3
f 1183/5/3 1250/5/3 1249/5/3 1182/5/3
f 1184/5/3 1251/5/3 1250/5/3 1183/5/3
f 1185/5/3 1252/5/3 1251/5/3 1184/5/3
f 1186/5/3 1253/5/3 1252/5/3 1185/5/3
f 1187/5/6 1254/5/6 1253/5/6 1186/5/6
f 1242/4/5 1255/4/5 1188/4/5 1173/4/5
f 1189/4/6 1256/4/6 1243/4/6 1174/4/6
f 1246/4/5 1257/4/5 1191/4/5 1179/4/5
f 1192/5/6 1258/5/6 1254/5/6 1187/5/6
f 1255/4/5 1259/4/5 1193/4/5 1188/4/5
f 1194/4/6 1260/4/6 1256/4/6 1189/4/6
f 1257/4/5 1261/4/5 1196/4/5 1191/4/5
f 1197/5/6 1262/5/6 1258/5/6 1192/5/6
f 1259/4/5 1263/4/5 1198/4/5 1193/4/5
f 1199/4/6 1264/4/6 1260/4/6 1194/4/6
f 1261/4/5 1265/4/5 1201/4/5 1196/4/5
f 1202/5/6 1266/5/6 1262/5/6 1197/5/6
f 1263/4/5 1267/4/5 1203/4/5 1198/4/5
f 1204/4/6 1268/4/6 1264/4/6 1199/4/6
f 1265/4/5 1269/4/5 1206/4/5 1201/4/5
f 1207/5/6 1270/5/6 1266/5/6 1202/5/6
f 1267/4/5 1271/4/5 1208/4/5 1203/4/5
f 1209/4/6 1272/4/6 1268/4/6 1204/4/6
f 1273/5/4 1274/5/4 1212/5/4 1211/5/4
f 1269/5/5 1273/5/5 1211/5/5 1206/5/5
f 1274/4/4 1275/4/4 1213/4/4 1212/4/4
f 1275/4/4 1276/4/4 1214/4/4 1213/4/4
f 1276/4/4 1277/4/4 1215/4/4 1214/4/4
f 1277/5/4 1278/5/4 1216/5/4 1215/5/4
f 1278/5/4 1279/5/4 1217/5/4 1216/5/4
f 1279/5/4 1280/5/4 1218/5/4 1217/5/4
f 1280/5/4 1281/5/4 1219/5/4 1218/5/4
f 1219/5/6 1281/5/6 1270/5/6 1207/5/6
f 1271/4/5 1282/4/5 1220/4/5 1208/4/5
f 1221/4/6 1283/4/6 1272/4/6 1209/4/6
f 1282/4/5 1284/4/5 1222/4/5 1220/4/5
f 1223/4/6 1285/4/6 1283/4/6 1221/4/6
f 1284/4/5 1286/4/5 1224/4/5 1222/4/5
f 1225/4/6 1287/4/6 1285/4/6 1223/4/6
f 1286/4/5 1288/4/5 1226/4/5 1224/4/5
f 1227/4/6 1289/4/6 1287/4/6 1225/4/6
f 1290/4/4 1291/4/4 1229/4/4 1228/4/4
f 1288/4/5 1290/4/5 1228/4/5 1226/4/5
f 1229/4/6 1291/4/6 1289/4/6 1227/4/6
f 1230/4/3 1292/4/3 1293/4/3 1231/4/3
f 1293/4/5 1294/4/5 1232/4/5 1231/4/5
f 1233/4/6 1295/4/6 1292/4/6 1230/4/6
f 1294/4/5 1296/4/5 1234/4/5 1232/4/5
f 1235/4/6 1297/4/6 1295/4/6 1233/4/6
f 1296/4/5 1298/4/5 1236/4/5 1234/4/5
f 1237/4/6 1299/4/6 1297/4/6 1235/4/6
f 1298/4/5 1300/4/5 1238/4/5 1236/4/5
f 1239/4/6 1301/4/6 1299/4/6 1237/4/6
f 1300/4/5 1302/4/5 1240/4/5 1238/4/5
f 1241/4/6 1303/4/6 1301/4/6 1239/4/6
f 1302/4/5 1304/4/5 1242/4/5 1240/4/5
f 1243/4/1 1305/4/1 1306/4/1 1241/4/1
f 1306/4/3 1307/4/3 1303/4/3 1241/4/3
f 1305/4/1 1308/4/1 1309/4/1 1306/4/1
f 1309/4/3 1310/4/3 1307/4/3 1306/4/3
f 1308/4/1 1311/4/1 1312/4/1 1309/4/1
f 1312/4/3 1313/4/3 1310/4/3 1309/4/3
f 1311/4/1 1314/4/1 1315/4/1 1312/4/1
f 1315/4/3 1316/4/3 1313/4/3 1312/4/3
f 1314/4/1 1317/4/1 1318/4/1 1315/4/1
f 1318/4/3 1319/4/3 1316/4/3 1315/4/3
f 1317/4/1 1320/4/1 1321/4/1 1318/4/1
f 1321/4/3 1322/4/3 1319/4/3 1318/4/3
f 1320/4/1 1323/4/1 1324/4/1 1321/4/1
f 1324/4/3 1325/4/3 1322/4/3 1321/4/3
f 1323/4/1 1326/4/1 1327/4/1 1324/4/1
f 1327/4/3 1328/4/3 1325/4/3 1324/4/3
f 1326/4/1 1329/4/1 1330/4/1 1327/4/1
f 1330/4/3 1331/4/3 1328/4/3 1327/4/3
f 1329/4/1 1332/4/1 1333/4/1 1330/4/1
f 1333/4/3 1334/4/3 1331/4/3 1330/4/3
f 1332/4/1 1335/4/1 1336/4/1 1333/4/1
f 1336/4/3 1337/4/3 1334/4/3 1333/4/3
f 1335/4/1 1338/4/1 1339/4/1 1336/4/1
f 1339/4/3 1340/4/3 1337/4/3 1336/4/3
f 1338/4/1 1341/4/1 1342/4/1 1339/4/1
f 1342/4/3 1343/4/3 1340/4/3 1339/4/3
f 1341/4/1 1344/4/1 1345/4/1 1342/4/1
f 1345/4/3 1346/4/3 1343/4/3 1342/4/3
f 1344/4/1 1347/4/1 1348/4/1 1345/4/1
f 1348/4/3 1349/4/3 1346/4/3 1345/4/3
f 1347/4/1 1350/4/1 1351/4/1 1348/4/1
f 1351/4/3 1352/4/3 1349/4/3 1348/4/3
f 1350/4/1 1353/4/1 1354/4/1 1351/4/1
f 1354/4/3 1355/4/3 1352/4/3 1351/4/3
f 1353/4/1 1356/4/1 1357/4/1 1354/4/1
f 1357/4/3 1358/4/3 1355/4/3 1354/4/3
f 1356/4/1 1359/4/1 1360/4/1 1357/4/1
f 1360/4/3 1361/4/3 1358/4/3 1357/4/3
f 1359/4/1 1362/4/1 1363/4/1 1360/4/1
f 1363/4/3 1364/4/3 1361/4/3 1360/4/3
f 1362/4/1 1365/4/1 1366/4/1 1363/4/1
f 1366/4/3 1367/4/3 1364/4/3 1363/4/3
f 1365/4/1 1368/4/1 1369/4/1 1366/4/1
f 1369/4/3 1370/4/3 1367/4/3 1366/4/3
f 1368/4/1 1246/4/1 1245/4/1 1369/4/1
f 1245/4/3 1371/4/3 1370/4/3 1369/4/3
f 1244/11/3 1372/11/3 1371/11/3 1245/11/3
f 1247/4/3 1373/4/3 1372/4/3 1244/4/3
f 1248/4/3 1374/4/3 1373/4/3 1247/4/3
f 1249/4/3 1375/4/3 1374/4/3 1248/4/3
f 1250/5/3 1376/5/3 1375/5/3 1249/5/3
f 1251/5/3 1377/5/3 1376/5/3 1250/5/3
f 1252/5/3 1378/5/3 1377/5/3 1251/5/3
f 1253/5/3 1379/5/3 1378/5/3 1252/5/3
f 1254/5/6 1380/5/6 1379/5/6 1253/5/6
f 1304/4/5 1381/4/5 1255/4/5 1242/4/5
f 1256/4/1 1382/4/1 1305/4/1 1243/4/1
f 1382/4/1 1383/4/1 1308/4/1 1305/4/1
f 1383/4/1 1384/4/1 1311/4/1 1308/4/1
f 1384/4/1 1385/4/1 1314/4/1 1311/4/1
f 1385/4/1 1386/4/1 1317/4/1 1314/4/1
f 1386/4/1 1387/4/1 1320/4/1 1317/4/1
f 1387/4/1 1388/4/1 1323/4/1 1320/4/1
f 1388/4/1 1389/4/1 1326/4/1 1323/4/1
f 1389/4/1 1390/4/1 1329/4/1 1326/4/1
f 1390/4/1 1391/4/1 1332/4/1 1329/4/1
f 1391/4/1 1392/4/1 1335/4/1 1332/4/1
f 1392/4/1 1393/4/1 1338/4/1 1335/4/1
f 1393/4/1 1394/4/1 1341/4/1 1338/4/1
f 1394/4/1 1395/4/1 1344/4/1 1341/4/1
f 1395/4/1 1396/4/1 1347/4/1 1344/4/1
f 1396/4/1 1397/4/1 1350/4/1 1347/4/1
f 1397/4/1 1398/4/1 1353/4/1 1350/4/1
f 1398/4/1 1399/4/1 1356/4/1 1353/4/1
f 1399/4/1 1400/4/1 1359/4/1 1356/4/1
f 1400/11/1 1401/11/1 1362/11/1 1359/11/1
f 1401/4/1 1402/4/1 1365/4/1 1362/4/1
f 1402/4/1 1403/4/1 1368/4/1 1365/4/1
f 1403/4/1 1257/4/1 1246/4/1 1368/4/1
f 1258/5/6 1404/5/6 1380/5/6 1254/5/6
f 1381/4/5 1405/4/5 1259/4/5 1255/4/5
f 1260/4/1 1406/4/1 1382/4/1 1256/4/1
f 1406/4/1 1407/4/1 1383/4/1 1382/4/1
f 1407/4/1 1408/4/1 1384/4/1 1383/4/1
f 1408/4/1 1409/4/1 1385/4/1 1384/4/1
f 1409/4/1 1410/4/1 1386/4/1 1385/4/1
f 1410/4/1 1411/4/1 1387/4/1 1386/4/1
f 1411/4/1 1412/4/1 1388/4/1 1387/4/1
f 1412/4/1 1413/4/1 1389/4/1 1388/4/1
f 1413/4/1 1414/4/1 1390/4/1 1389/4/1
f 1414/4/1 1415/4/1 1391/4/1 1390/4/1
f 1415/4/1 1416/4/1 1392/4/1 1391/4/1
f 1416/4/1 1417/4/1 1393/4/1 1392/4/1
f 1417/5/1 1418/5/1 1394/5/1 1393/5/1
f 1418/4/1 1419/4/1 1395/4/1 1394/4/1
f 1419/4/1 1420/4/1 1396/4/1 1395/4/1
f 1420/4/1 1421/4/1 1397/4/1 1396/4/1
f 1421/4/1 1422/4/1 1398/4/1 1397/4/1
f 1422/4/1 1423/4/1 1399/4/1 1398/4/1
f 1423/4/1 1424/4/1 1400/4/1 1399/4/1
f 1424/4/1 1425/4/1 1401/4/1 1400/4/1
f 1425/4/1 1426/4/1 1402/4/1 1401/4/1
f 1426/4/1 1427/4/1 1403/4/1 1402/4/1
f 1427/4/1 1261/4/1 1257/4/1 1403/4/1
f 1262/5/6 1428/5/6 1404/5/6 1258/5/6
f 1405/4/5 1429/4/5 1263/4/5 1259/4/5
f 1264/4/1 1430/4/1 1406/4/1 1260/4/1
f 1430/4/1 1431/4/1 1407/4/1 1406/4/1
f 1431/4/1 1432/4/1 1408/4/1 1407/4/1
f 1432/4/1 1433/4/1 1409/4/1 1408/4/1
f 1433/4/1 1434/4/1 1410/4/1 1409/4/1
f 1434/4/1 1435/4/1 1411/4/1 1410/4/1
f 1435/4/1 1436/4/1 1412/4/1 1411/4/1
f 1436/4/1 1437/4/1 1413/4/1 1412/4/1
f 1437/4/1 1438/4/1 1414/4/1 1413/4/1
f 1438/4/1 1439/4/1 1415/4/1 1414/4/1
f 1439/4/1 1440/4/1 1416/4/1 1415/4/1
f 1440/4/1 1441/4/1 1417/4/1 1416/4/1
f 1441/4/1 1442/4/1 1418/4/1 1417/4/1
f 1442/4/1 1443/4/1 1419/4/1 1418/4/1
f 1443/4/1 1444/4/1 1420/4/1 1419/4/1
f 1444/4/1 1445/4/1 1421/4/1 1420/4/1
f 1445/4/1 1446/4/1 1422/4/1 1421/4/1
f 1446/4/1 1447/4/1 1423/4/1 1422/4/1
f 1447/4/1 1448/4/1 1424/4/1 1423/4/1
f 1448/4/1 1449/4/1 1425/4/1 1424/4/1
f 1449/4/1 1450/4/1 1426/4/1 1425/4/1
f 1450/4/1 1451/4/1 1427/4/1 1426/4/1
f 1451/4/1 1265/4/1 1261/4/1 1427/4/1
f 1266/5/6 1452/5/6 1428/5/6 1262/5/6
f 1429/4/5 1453/4/5 1267/4/5 1263/4/5
f 1268/4/1 1454/4/1 1430/4/1 1264/4/1
f 1454/4/1 1455/4/1 1431/4/1 1430/4/1
f 1455/4/1 1456/4/1 1432/4/1 1431/4/1
f 1456/4/1 1457/4/1 1433/4/1 1432/4/1
f 1457/4/1 1458/4/1 1434/4/1 1433/4/1
f 1458/4/1 1459/4/1 1435/4/1 1434/4/1
f 1459/4/1 1460/4/1 1436/4/1 1435/4/1
f 1460/4/1 1461/4/1 1437/4/1 1436/4/1
f 1461/4/1 1462/4/1 1438/4/1 1437/4/1
f 1462/4/1 1463/4/1 1439/4/1 1438/4/1
f 1463/4/1 1464/4/1 1440/4/1 1439/4/1
f 1464/4/1 1465/4/1 1441/4/1 1440/4/1
f 1465/4/1 1466/4/1 1442/4/1 1441/4/1
f 1466/4/1 1467/4/1 1443/4/1 1442/4/1
f 1467/4/1 1468/4/1 1444/4/1 1443/4/1
f 1468/4/1 1469/4/1 1445/4/1 1444/4/1
f 1469/4/1 1470/4/1 1446/4/1 1445/4/1
f 1470/4/1 1471/4/1 1447/4/1 1446/4/1
f 1471/4/1 1472/4/1 1448/4/1 1447/4/1
f 1472/4/1 1473/4/1 1449/4/1 1448/4/1
f 1473/4/1 1474/4/1 1450/4/1 1449/4/1
f 1474/4/1 1475/4/1 1451/4/1 1450/4/1
f 1475/4/1 1269/4/1 1265/4/1 1451/4/1
f 1270/5/6 1476/5/6 1452/5/6 1266/5/6
f 1453/4/5 1477/4/5 1271/4/5 1267/4/5
f 1272/4/1 1478/4/1 1454/4/1 1268/4/1
f 1479/4/4 1480/4/4 1478/4/4 1272/4/4
f 1478/4/1 1481/4/1 1455/4/1 1454/4/1
f 1480/4/4 1482/4/4 1481/4/4 1478/4/4
f 1481/4/1 1483/4/1 1456/4/1 1455/4/1
f 1482/4/4 1484/4/4 1483/4/4 1481/4/4
f 1483/4/1 1485/4/1 1457/4/1 1456/4/1
f 1484/4/4 1486/4/4 1485/4/4 1483/4/4
f 1485/4/1 1487/4/1 1458/4/1 1457/4/1
f 1486/4/4 1488/4/4 1487/4/4 1485/4/4
f 1487/4/1 1489/4/1 1459/4/1 1458/4/1
f 1488/4/4 1490/4/4 1489/4/4 1487/4/4
f 1489/4/1 1491/4/1 1460/4/1 1459/4/1
f 1490/4/4 1492/4/4 1491/4/4 1489/4/4
f 1491/4/1 1493/4/1 1461/4/1 1460/4/1
f 1492/4/4 1494/4/4 1493/4/4 1491/4/4
f 1493/4/1 1495/4/1 1462/4/1 1461/4/1
f 1494/4/4 1496/4/4 1495/4/4 1493/4/4
f 1495/4/1 1497/4/1 1463/4/1 1462/4/1
f 1496/4/4 1498/4/4 1497/4/4 1495/4/4
f 1497/4/1 1499/4/1 1464/4/1 1463/4/1
f 1498/4/4 1500/4/4 1499/4/4 1497/4/4
f 1499/4/1 1501/4/1 1465/4/1 1464/4/1
f 1500/4/4 1502/4/4 1501/4/4 1499/4/4
f 1501/4/1 1503/4/1 1466/4/1 1465/4/1
f 1502/4/4 1504/4/4 1503/4/4 1501/4/4
f 1503/4/1 1505/4/1 1467/4/1 1466/4/1
f 1504/4/4 1506/4/4 1505/4/4 1503/4/4
f 1505/4/1 1507/4/1 1468/4/1 1467/4/1
f 1506/4/4 1508/4/4 1507/4/4 1505/4/4
f 1507/4/1 1509/4/1 1469/4/1 1468/4/1
f 1508/4/4 1510/4/4 1509/4/4 1507/4/4
f 1509/4/1 1511/4/1 1470/4/1 1469/4/1
f 1510/4/4 1512/4/4 1511/4/4 1509/4/4
f 1511/4/1 1513/4/1 1471/4/1 1470/4/1
f 1512/4/4 1514/4/4 1513/4/4 1511/4/4
f 1513/4/1 1515/4/1 1472/4/1 1471/4/1
f 1514/4/4 1516/4/4 1515/4/4 1513/4/4
f 1515/4/1 1517/4/1 1473/4/1 1472/4/1
f 1516/4/4 1518/4/4 1517/4/4 1515/4/4
f 1517/4/1 1519/4/1 1474/4/1 1473/4/1
f 1518/4/4 1520/4/4 1519/4/4 1517/4/4
f 1519/4/1 1521/4/1 1475/4/1 1474/4/1
f 1520/4/4 1522/4/4 1521/4/4 1519/4/4
f 1521/4/1 1273/4/1 1269/4/1 1475/4/1
f 1522/4/4 1523/4/4 1273/4/4 1521/4/4
f 1523/4/4 1524/4/4 1274/4/4 1273/4/4
f 1524/4/4 1525/4/4 1275/4/4 1274/4/4
f 1525/4/4 1526/4/4 1276/4/4 1275/4/4
f 1526/4/4 1527/4/4 1277/4/4 1276/4/4
f 1527/5/4 1528/5/4 1278/5/4 1277/5/4
f 1528/5/4 1529/5/4 1279/5/4 1278/5/4
f 1529/5/4 1530/5/4 1280/5/4 1279/5/4
f 1530/5/4 1531/5/4 1281/5/4 1280/5/4
f 1281/5/6 1531/5/6 1476/5/6 1270/5/6
f 1477/4/5 1532/4/5 1282/4/5 1271/4/5
f 1283/4/6 1533/4/6 1479/4/6 1272/4/6
f 1532/4/5 1534/4/5 1284/4/5 1282/4/5
f 1285/4/6 1535/4/6 1533/4/6 1283/4/6
f 1534/4/5 1536/4/5 1286/4/5 1284/4/5
f 1287/4/6 1537/4/6 1535/4/6 1285/4/6
f 1536/4/5 1538/4/5 1288/4/5 1286/4/5
f 1289/4/6 1539/4/6 1537/4/6 1287/4/6
f 1540/4/4 1541/4/4 1291/4/4 1290/4/4
f 1538/4/5 1540/4/5 1290/4/5 1288/4/5
f 1291/4/6 1541/4/6 1539/4/6 1289/4/6
f 1292/4/3 1542/4/3 1543/4/3 1293/4/3
f 1543/4/5 1544/4/5 1294/4/5 1293/4/5
f 1295/4/6 1545/4/6 1542/4/6 1292/4/6
f 1544/4/5 1546/4/5 1296/4/5 1294/4/5
f 1297/4/6 1547/4/6 1545/4/6 1295/4/6
f 1546/4/5 1548/4/5 1298/4/5 1296/4/5
f 1299/4/6 1549/4/6 1547/4/6 1297/4/6
f 1548/4/5 1550/4/5 1300/4/5 1298/4/5
f 1301/4/6 1551/4/6 1549/4/6 1299/4/6
f 1550/4/5 1552/4/5 1302/4/5 1300/4/5
f 1303/4/6 1553/4/6 1551/4/6 1301/4/6
f 1552/4/5 1554/4/5 1304/4/5 1302/4/5
f 1307/4/3 1555/4/3 1553/4/3 1303/4/3
f 1310/4/3 1556/4/3 1555/4/3 1307/4/3
f 1313/4/3 1557/4/3 1556/4/3 1310/4/3
f 1316/4/3 1558/4/3 1557/4/3 1313/4/3
f 1319/4/3 1559/4/3 1558/4/3 1316/4/3
f 1322/4/3 1560/4/3 1559/4/3 1319/4/3
f 1325/4/3 1561/4/3 1560/4/3 1322/4/3
f 1328/4/3 1562/4/3 1561/4/3 1325/4/3
f 1331/4/3 1563/4/3 1562/4/3 1328/4/3
f 1334/4/3 1564/4/3 1563/4/3 1331/4/3
f 1337/4/3 1565/4/3 1564/4/3 1334/4/3
f 1340/4/3 1566/4/3 1565/4/3 1337/4/3
f 1343/4/3 1567/4/3 1566/4/3 1340/4/3
f 1346/4/3 1568/4/3 1567/4/3 1343/4/3
f 1349/4/3 1569/4/3 1568/4/3 1346/4/3
f 1352/4/3 1570/4/3 1569/4/3 1349/4/3
f 1355/4/3 1571/4/3 1570/4/3 1352/4/3
f 1358/4/3 1572/4/3 1571/4/3 1355/4/3
f 1361/4/3 1573/4/3 1572/4/3 1358/4/3
f 1364/4/3 1574/4/3 1573/4/3 1361/4/3
f 1367/4/3 1575/4/3 1574/4/3 1364/4/3
f 1370/4/3 1576/4/3 1575/4/3 1367/4/3
f 1371/4/3 1577/4/3 1576/4/3 1370/4/3
f 1372/4/3 1578/4/3 1577/4/3 1371/4/3
f 1373/4/3 1579/4/3 1578/4/3 1372/4/3
f 1374/4/3 1580/4/3 1579/4/3 1373/4/3
f 1375/4/3 1581/4/3 1580/4/3 1374/4/3
f 1376/5/3 1582/5/3 1581/5/3 1375/5/3
f 1377/5/3 1583/5/3 1582/5/3 1376/5/3
f 1378/5/3 1584/5/3 1583/5/3 1377/5/3
f 1379/5/3 1585/5/3 1584/5/3 1378/5/3
f 1380/5/6 1586/5/6 1585/5/6 1379/5/6
f 1554/4/5 1587/4/5 1381/4/5 1304/4/5
f 1404/5/6 1588/5/6 1586/5/6 1380/5/6
f 1587/4/5 1589/4/5 1405/4/5 1381/4/5
f 1428/5/6 1590/5/6 1588/5/6 1404/5/6
f 1589/4/5 1591/4/5 1429/4/5 1405/4/5
f 1452/5/6 1592/5/6 1590/5/6 1428/5/6
f 1591/4/5 1593/4/5 1453/4/5 1429/4/5
f 1476/5/6 1594/5/6 1592/5/6 1452/5/6
f 1593/4/5 1595/4/5 1477/4/5 1453/4/5
f 1596/4/4 1597/4/4 1480/4/4 1479/4/4
f 1597/4/4 1598/4/4 1482/4/4 1480/4/4
f 1598/4/4 1599/4/4 1484/4/4 1482/4/4
f 1599/4/4 1600/4/4 1486/4/4 1484/4/4
f 1600/4/4 1601/4/4 1488/4/4 1486/4/4
f 1601/4/4 1602/4/4 1490/4/4 1488/4/4
f 1602/4/4 1603/4/4 1492/4/4 1490/4/4
f 1603/4/4 1604/4/4 1494/4/4 1492/4/4
f 1604/4/4 1605/4/4 1496/4/4 1494/4/4
f 1605/4/4 1606/4/4 1498/4/4 1496/4/4
f 1606/4/4 1607/4/4 1500/4/4 1498/4/4
f 1607/4/4 1608/4/4 1502/4/4 1500/4/4
f 1608/4/4 1609/4/4 1504/4/4 1502/4/4
f 1609/4/4 1610/4/4 1506/4/4 1504/4/4
f 1610/4/4 1611/4/4 1508/4/4 1506/4/4
f 1611/4/4 1612/4/4 1510/4/4 1508/4/4
f 1612/4/4 1613/4/4 1512/4/4 1510/4/4
f 1613/4/4 1614/4/4 1514/4/4 1512/4/4
f 1614/4/4 1615/4/4 1516/4/4 1514/4/4
f 1615/4/4 1616/4/4 1518/4/4 1516/4/4
f 1616/4/4 1617/4/4 1520/4/4 1518/4/4
f 1617/4/4 1618/4/4 1522/4/4 1520/4/4
f 1618/4/4 1619/4/4 1523/4/4 1522/4/4
f 1619/5/4 1620/5/4 1524/5/4 1523/5/4
f 1620/4/4 1621/4/4 1525/4/4 1524/4/4
f 1621/4/4 1622/4/4 1526/4/4 1525/4/4
f 1622/4/4 1623/4/4 1527/4/4 1526/4/4
f 1623/5/4 1624/5/4 1528/5/4 1527/5/4
f 1624/5/4 1625/5/4 1529/5/4 1528/5/4
f 1625/5/4 1626/5/4 1530/5/4 1529/5/4
f 1626/5/4 1627/5/4 1531/5/4 1530/5/4
f 1531/5/6 1627/5/6 1594/5/6 1476/5/6
f 1595/4/5 1628/4/5 1532/4/5 1477/4/5
f 1533/4/6 1629/4/6 1596/4/6 1479/4/6
f 1628/4/5 1630/4/5 1534/4/5 1532/4/5
f 1535/4/6 1631/4/6 1629/4/6 1533/4/6
f 1630/4/5 1632/4/5 1536/4/5 1534/4/5
f 1537/4/6 1633/4/6 1631/4/6 1535/4/6
f 1632/4/5 1634/4/5 1538/4/5 1536/4/5
f 1539/4/6 1635/4/6 1633/4/6 1537/4/6
f 1636/4/4 1637/4/4 1541/4/4 1540/4/4
f 1634/4/5 1636/4/5 1540/4/5 1538/4/5
f 1541/4/6 1637/4/6 1635/4/6 1539/4/6
f 1638/4/2 1639/4/2 1640/4/2 1641/4/2
f 1542/4/3 1638/4/3 1641/4/3 1543/4/3
f 1641/4/5 1640/4/5 1544/4/5 1543/4/5
f 1545/4/6 1639/4/6 1638/4/6 1542/4/6
f 1639/4/2 1642/4/2 1643/4/2 1640/4/2
f 1640/4/5 1643/4/5 1546/4/5 1544/4/5
f 1547/4/6 1642/4/6 1639/4/6 1545/4/6
f 1642/4/2 1644/4/2 1645/4/2 1643/4/2
f 1643/4/5 1645/4/5 1548/4/5 1546/4/5
f 1549/4/6 1644/4/6 1642/4/6 1547/4/6
f 1644/4/2 1646/4/2 1647/4/2 1645/4/2
f 1645/4/5 1647/4/5 1550/4/5 1548/4/5
f 1551/4/6 1646/4/6 1644/4/6 1549/4/6
f 1646/4/2 1648/4/2 1649/4/2 1647/4/2
f 1647/4/5 1649/4/5 1552/4/5 1550/4/5
f 1553/4/6 1648/4/6 1646/4/6 1551/4/6
f 1648/4/2 1650/4/2 1651/4/2 1649/4/2
f 1649/4/5 1651/4/5 1554/4/5 1552/4/5
f 1652/4/2 1653/4/2 1650/4/2 1648/4/2
f 1555/4/3 1652/4/3 1648/4/3 1553/4/3
f 1654/4/2 1655/4/2 1653/4/2 1652/4/2
f 1556/4/3 1654/4/3 1652/4/3 1555/4/3
f 1656/4/2 1657/4/2 1655/4/2 1654/4/2
f 1557/4/3 1656/4/3 1654/4/3 1556/4/3
f 1658/4/2 1659/4/2 1657/4/2 1656/4/2
f 1558/4/3 1658/4/3 1656/4/3 1557/4/3
f 1660/4/2 1661/4/2 1659/4/2 1658/4/2
f 1559/4/3 1660/4/3 1658/4/3 1558/4/3
f 1662/4/2 1663/4/2 1661/4/2 1660/4/2
f 1560/4/3 1662/4/3 1660/4/3 1559/4/3
f 1664/4/2 1665/4/2 1663/4/2 1662/4/2
f 1561/4/3 1664/4/3 1662/4/3 1560/4/3
f 1666/4/2 1667/4/2 1665/4/2 1664/4/2
f 1562/4/3 1666/4/3 1664/4/3 1561/4/3
f 1668/11/2 1669/11/2 1667/11/2 1666/11/2
f 1563/11/3 1668/11/3 1666/11/3 1562/11/3
f 1670/4/2 1671/4/2 1669/4/2 1668/4/2
f 1564/4/3 1670/4/3 1668/4/3 1563/4/3
f 1672/4/2 1673/4/2 1671/4/2 1670/4/2
f 1565/4/3 1672/4/3 1670/4/3 1564/4/3
f 1674/4/2 1675/4/2 1673/4/2 1672/4/2
f 1566/4/3 1674/4/3 1672/4/3 1565/4/3
f 1676/4/2 1677/4/2 1675/4/2 1674/4/2
f 1567/4/3 1676/4/3 1674/4/3 1566/4/3
f 1678/4/2 1679/4/2 1677/4/2 1676/4/2
f 1568/4/3 1678/4/3 1676/4/3 1567/4/3
f 1680/4/2 1681/4/2 1679/4/2 1678/4/2
f 1569/4/3 1680/4/3 1678/4/3 1568/4/3
f 1682/4/2 1683/4/2 1681/4/2 1680/4/2
f 1570/4/3 1682/4/3 1680/4/3 1569/4/3
f 1684/4/2 1685/4/2 1683/4/2 1682/4/2
f 1571/4/3 1684/4/3 1682/4/3 1570/4/3
f 1686/4/2 1687/4/2 1685/4/2 1684/4/2
f 1572/4/3 1686/4/3 1684/4/3 1571/4/3
f 1688/4/2 1689/4/2 1687/4/2 1686/4/2
f 1573/4/3 1688/4/3 1686/4/3 1572/4/3
f 1690/4/2 1691/4/2 1689/4/2 1688/4/2
f 1574/4/3 1690/4/3 1688/4/3 1573/4/3
f 1692/4/2 1693/4/2 1691/4/2 1690/4/2
f 1575/4/3 1692/4/3 1690/4/3 1574/4/3
f 1694/4/2 1695/4/2 1693/4/2 1692/4/2
f 1576/4/3 1694/4/3 1692/4/3 1575/4/3
f 1696/4/2 1697/4/2 1695/4/2 1694/4/2
f 1577/4/3 1696/4/3 1694/4/3 1576/4/3
f 1698/4/2 1699/4/2 1697/4/2 1696/4/2
f 1578/4/3 1698/4/3 1696/4/3 1577/4/3
f 1700/4/2 1701/4/2 1699/4/2 1698/4/2
f 1579/4/3 1700/4/3 1698/4/3 1578/4/3
f 1702/4/2 1703/4/2 1701/4/2 1700/4/2
f 1580/4/3 1702/4/3 1700/4/3 1579/4/3
f 1704/4/2 1705/4/2 1703/4/2 1702/4/2
f 1581/4/3 1704/4/3 1702/4/3 1580/4/3
f 1706/5/2 1707/5/2 1705/5/2 1704/5/2
f 1582/5/3 1706/5/3 1704/5/3 1581/5/3
f 1708/5/2 1709/5/2 1707/5/2 1706/5/2
f 1583/5/3 1708/5/3 1706/5/3 1582/5/3
f 1710/5/2 1711/5/2 1709/5/2 1708/5/2
f 1584/5/3 1710/5/3 1708/5/3 1583/5/3
f 1712/5/2 1713/5/2 1711/5/2 1710/5/2
f 1585/5/3 1712/5/3 1710/5/3 1584/5/3
f 1586/5/6 1713/5/6 1712/5/6 1585/5/6
f 1650/4/2 1714/4/2 1715/4/2 1651/4/2
f 1651/4/5 1715/4/5 1587/4/5 1554/4/5
f 1653/4/2 1716/4/2 1714/4/2 1650/4/2
f 1655/4/2 1717/4/2 1716/4/2 1653/4/2
f 1657/4/2 1718/4/2 1717/4/2 1655/4/2
f 1659/4/2 1719/4/2 1718/4/2 1657/4/2
f 1661/4/2 1720/4/2 1719/4/2 1659/4/2
f 1663/4/2 1721/4/2 1720/4/2 1661/4/2
f 1665/4/2 1722/4/2 1721/4/2 1663/4/2
f 1667/4/2 1723/4/2 1722/4/2 1665/4/2
f 1669/4/2 1724/4/2 1723/4/2 1667/4/2
f 1671/4/2 1725/4/2 1724/4/2 1669/4/2
f 1673/4/2 1726/4/2 1725/4/2 1671/4/2
f 1675/4/2 1727/4/2 1726/4/2 1673/4/2
f 1677/4/2 1728/4/2 1727/4/2 1675/4/2
f 1679/4/2 1729/4/2 1728/4/2 1677/4/2
f 1681/4/2 1730/4/2 1729/4/2 1679/4/2
f 1683/4/2 1731/4/2 1730/4/2 1681/4/2
f 1685/4/2 1732/4/2 1731/4/2 1683/4/2
f 1687/4/2 1733/4/2 1732/4/2 1685/4/2
f 1689/4/2 1734/4/2 1733/4/2 1687/4/2
f 1691/4/2 1735/4/2 1734/4/2 1689/4/2
f 1693/4/2 1736/4/2 1735/4/2 1691/4/2
f 1695/4/2 1737/4/2 1736/4/2 1693/4/2
f 1697/4/2 1738/4/2 1737/4/2 1695/4/2
f 1699/4/2 1739/4/2 1738/4/2 1697/4/2
f 1701/4/2 1740/4/2 1739/4/2 1699/4/2
f 1703/4/2 1741/4/2 1740/4/2 1701/4/2
f 1705/4/2 1742/4/2 1741/4/2 1703/4/2
f 1707/5/2 1743/5/2 1742/5/2 1705/5/2
f 1709/5/2 1744/5/2 1743/5/2 1707/5/2
f 1711/5/2 1745/5/2 1744/5/2 1709/5/2
f 1713/5/2 1746/5/2 1745/5/2 1711/5/2
f 1588/5/6 1746/5/6 1713/5/6 1586/5/6
f 1714/4/2 1747/4/2 1748/4/2 1715/4/2
f 1715/4/5 1748/4/5 1589/4/5 1587/4/5
f 1716/4/2 1749/4/2 1747/4/2 1714/4/2
f 1717/4/2 1750/4/2 1749/4/2 1716/4/2
f 1718/4/2 1751/4/2 1750/4/2 1717/4/2
f 1719/4/2 1752/4/2 1751/4/2 1718/4/2
f 1720/4/2 1753/4/2 1752/4/2 1719/4/2
f 1721/4/2 1754/4/2 1753/4/2 1720/4/2
f 1722/4/2 1755/4/2 1754/4/2 1721/4/2
f 1723/4/2 1756/4/2 1755/4/2 1722/4/2
f 1724/4/2 1757/4/2 1756/4/2 1723/4/2
f 1725/4/2 1758/4/2 1757/4/2 1724/4/2
f 1726/4/2 1759/4/2 1758/4/2 1725/4/2
f 1727/4/2 1760/4/2 1759/4/2 1726/4/2
f 1728/4/2 1761/4/2 1760/4/2 1727/4/2
f 1729/4/2 1762/4/2 1761/4/2 1728/4/2
f 1730/4/2 1763/4/2 1762/4/2 1729/4/2
f 1731/5/2 1764/5/2 1763/5/2 1730/5/2
f 1732/4/2 1765/4/2 1764/4/2 1731/4/2
f 1733/4/2 1766/4/2 1765/4/2 1732/4/2
f 1734/4/2 1767/4/2 1766/4/2 1733/4/2
f 1735/4/2 1768/4/2 1767/4/2 1734/4/2
f 1736/4/2 1769/4/2 1768/4/2 1735/4/2
f 1737/4/2 1770/4/2 1769/4/2 1736/4/2
f 1738/4/2 1771/4/2 1770/4/2 1737/4/2
f 1739/4/2 1772/4/2 1771/4/2 1738/4/2
f 1740/4/2 1773/4/2 1772/4/2 1739/4/2
f 1741/4/2 1774/4/2 1773/4/2 1740/4/2
f 1742/4/2 1775/4/2 1774/4/2 1741/4/2
f 1743/5/2 1776/5/2 1775/5/2 1742/5/2
f 1744/5/2 1777/5/2 1776/5/2 1743/5/2
f 1745/5/2 1778/5/2 1777/5/2 1744/5/2
f 1746/5/2 1779/5/2 1778/5/2 1745/5/2
f 1590/5/6 1779/5/6 1746/5/6 1588/5/6
f 1747/4/2 1780/4/2 1781/4/2 1748/4/2
f 1748/4/5 1781/4/5 1591/4/5 1589/4/5
f 1749/4/2 1782/4/2 1780/4/2 1747/4/2
f 1750/4/2 1783/4/2 1782/4/2 1749/4/2
f 1751/4/2 1784/4/2 1783/4/2 1750/4/2
f 1752/4/2 1785/4/2 1784/4/2 1751/4/2
f 1753/4/2 1786/4/2 1785/4/2 1752/4/2
f 1754/4/2 1787/4/2 1786/4/2 1753/4/2
f 1755/4/2 1788/4/2 1787/4/2 1754/4/2
f 1756/4/2 1789/4/2 1788/4/2 1755/4/2
f 1757/4/2 1790/4/2 1789/4/2 1756/4/2
f 1758/4/2 1791/4/2 1790/4/2 1757/4/2
f 1759/4/2 1792/4/2 1791/4/2 1758/4/2
f 1760/4/2 1793/4/2 1792/4/2 1759/4/2
f 1761/4/2 1794/4/2 1793/4/2 1760/4/2
f 1762/4/2 1795/4/2 1794/4/2 1761/4/2
f 1763/4/2 1796/4/2 1795/4/2 1762/4/2
f 1764/4/2 1797/4/2 1796/4/2 1763/4/2
f 1765/4/2 1798/4/2 1797/4/2 1764/4/2
f 1766/4/2 1799/4/2 1798/4/2 1765/4/2
f 1767/4/2 1800/4/2 1799/4/2 1766/4/2
f 1768/4/2 1801/4/2 1800/4/2 1767/4/2
f 1769/4/2 1802/4/2 1801/4/2 1768/4/2
f 1770/4/2 1803/4/2 1802/4/2 1769/4/2
f 1771/4/2 1804/4/2 1803/4/2 1770/4/2
f 1772/4/2 1805/4/2 1804/4/2 1771/4/2
f 1773/4/2 1806/4/2 1805/4/2 1772/4/2
f 1774/4/2 1807/4/2 1806/4/2 1773/4/2
f 1775/4/2 1808/4/2 1807/4/2 1774/4/2
f 1776/5/2 1809/5/2 1808/5/2 1775/5/2
f 1777/5/2 1810/5/2 1809/5/2 1776/5/2
f 1778/5/2 1811/5/2 1810/5/2 1777/5/2
f 1779/5/2 1812/5/2 1811/5/2 1778/5/2
f 1592/5/6 1812/5/6 1779/5/6 1590/5/6
f 1780/4/2 1813/4/2 1814/4/2 1781/4/2
f 1781/4/5 1814/4/5 1593/4/5 1591/4/5
f 1782/4/2 1815/4/2 1813/4/2 1780/4/2
f 1783/4/2 1816/4/2 1815/4/2 1782/4/2
f 1784/4/2 1817/4/2 1816/4/2 1783/4/2
f 1785/4/2 1818/4/2 1817/4/2 1784/4/2
f 1786/4/2 1819/4/2 1818/4/2 1785/4/2
f 1787/4/2 1820/4/2 1819/4/2 1786/4/2
f 1788/4/2 1821/4/2 1820/4/2 1787/4/2
f 1789/4/2 1822/4/2 1821/4/2 1788/4/2
f 1790/4/2 1823/4/2 1822/4/2 1789/4/2
f 1791/4/2 1824/4/2 1823/4/2 1790/4/2
f 1792/4/2 1825/4/2 1824/4/2 1791/4/2
f 1793/4/2 1826/4/2 1825/4/2 1792/4/2
f 1794/4/2 1827/4/2 1826/4/2 1793/4/2
f 1795/4/2 1828/4/2 1827/4/2 1794/4/2
f 1796/4/2 1829/4/2 1828/4/2 1795/4/2
f 1797/4/2 1830/4/2 1829/4/2 1796/4/2
f 1798/4/2 1831/4/2 1830/4/2 1797/4/2
f 1799/4/2 1832/4/2 1831/4/2 1798/4/2
f 1800/4/2 1833/4/2 1832/4/2 1799/4/2
f 1801/4/2 1834/4/2 1833/4/2 1800/4/2
f 1802/4/2 1835/4/2 1834/4/2 1801/4/2
f 1803/4/2 1836/4/2 1835/4/2 1802/4/2
f 1804/5/2 1837/5/2 1836/5/2 1803/5/2
f 1805/4/2 1838/4/2 1837/4/2 1804/4/2
f 1806/4/2 1839/4/2 1838/4/2 1805/4/2
f 1807/4/2 1840/4/2 1839/4/2 1806/4/2
f 1808/4/2 1841/4/2 1840/4/2 1807/4/2
f 1809/5/2 1842/5/2 1841/5/2 1808/5/2
f 1810/5/2 1843/5/2 1842/5/2 1809/5/2
f 1811/5/2 1844/5/2 1843/5/2 1810/5/2
f 1812/5/2 1845/5/2 1844/5/2 1811/5/2
f 1594/5/6 1845/5/6 1812/5/6 1592/5/6
f 1813/4/2 1846/4/2 1847/4/2 1814/4/2
f 1814/4/5 1847/4/5 1595/4/5 1593/4/5
f 1815/4/2 1848/4/2 1846/4/2 1813/4/2
f 1846/4/4 1848/4/4 1597/4/4 1596/4/4
f 1816/4/2 1849/4/2 1848/4/2 1815/4/2
f 1848/4/4 1849/4/4 1598/4/4 1597/4/4
f 1817/4/2 1850/4/2 1849/4/2 1816/4/2
f 1849/4/4 1850/4/4 1599/4/4 1598/4/4
f 1818/4/2 1851/4/2 1850/4/2 1817/4/2
f 1850/4/4 1851/4/4 1600/4/4 1599/4/4
f 1819/4/2 1852/4/2 1851/4/2 1818/4/2
f 1851/4/4 1852/4/4 1601/4/4 1600/4/4
f 1820/4/2 1853/4/2 1852/4/2 1819/4/2
f 1852/4/4 1853/4/4 1602/4/4 1601/4/4
f 1821/4/2 1854/4/2 1853/4/2 1820/4/2
f 1853/4/4 1854/4/4 1603/4/4 1602/4/4
f 1822/4/2 1855/4/2 1854/4/2 1821/4/2
f 1854/4/4 1855/4/4 1604/4/4 1603/4/4
f 1823/4/2 1856/4/2 1855/4/2 1822/4/2
f 1855/4/4 1856/4/4 1605/4/4 1604/4/4
f 1824/4/2 1857/4/2 1856/4/2 1823/4/2
f 1856/4/4 1857/4/4 1606/4/4 1605/4/4
f 1825/4/2 1858/4/2 1857/4/2 1824/4/2
f 1857/4/4 1858/4/4 1607/4/4 1606/4/4
f 1826/4/2 1859/4/2 1858/4/2 1825/4/2
f 1858/4/4 1859/4/4 1608/4/4 1607/4/4
f 1827/4/2 1860/4/2 1859/4/2 1826/4/2
f 1859/4/4 1860/4/4 1609/4/4 1608/4/4
f 1828/4/2 1861/4/2 1860/4/2 1827/4/2
f 1860/4/4 1861/4/4 1610/4/4 1609/4/4
f 1829/4/2 1862/4/2 1861/4/2 1828/4/2
f 1861/4/4 1862/4/4 1611/4/4 1610/4/4
f 1830/4/2 1863/4/2 1862/4/2 1829/4/2
f 1862/4/4 1863/4/4 1612/4/4 1611/4/4
f 1831/4/2 1864/4/2 1863/4/2 1830/4/2
f 1863/4/4 1864/4/4 1613/4/4 1612/4/4
f 1832/4/2 1865/4/2 1864/4/2 1831/4/2
f 1864/4/4 1865/4/4 1614/4/4 1613/4/4
f 1833/4/2 1866/4/2 1865/4/2 1832/4/2
f 1865/4/4 1866/4/4 1615/4/4 1614/4/4
f 1834/4/2 1867/4/2 1866/4/2 1833/4/2
f 1866/4/4 1867/4/4 1616/4/4 1615/4/4
f 1835/4/2 1868/4/2 1867/4/2 1834/4/2
f 1867/4/4 1868/4/4 1617/4/4 1616/4/4
f 1836/4/2 1869/4/2 1868/4/2 1835/4/2
f 1868/4/4 1869/4/4 1618/4/4 1617/4/4
f 1837/4/2 1870/4/2 1869/4/2 1836/4/2
f 1869/4/4 1870/4/4 1619/4/4 1618/4/4
f 1838/4/2 1871/4/2 1870/4/2 1837/4/2
f 1870/4/4 1871/4/4 1620/4/4 1619/4/4
f 1839/4/2 1872/4/2 1871/4/2 1838/4/2
f 1871/4/4 1872/4/4 1621/4/4 1620/4/4
f 1840/4/2 1873/4/2 1872/4/2 1839/4/2
f 1872/4/4 1873/4/4 1622/4/4 1621/4/4
f 1841/4/2 1874/4/2 1873/4/2 1840/4/2
f 1873/4/4 1874/4/4 1623/4/4 1622/4/4
f 1842/5/2 1875/5/2 1874/5/2 1841/5/2
f 1874/5/4 1875/5/4 1624/5/4 1623/5/4
f 1843/5/2 1876/5/2 1875/5/2 1842/5/2
f 1875/5/4 1876/5/4 1625/5/4 1624/5/4
f 1844/5/2 1877/5/2 1876/5/2 1843/5/2
f 1876/5/4 1877/5/4 1626/5/4 1625/5/4
f 1845/5/2 1878/5/2 1877/5/2 1844/5/2
f 1877/5/4 1878/5/4 1627/5/4 1626/5/4
f 1627/5/6 1878/5/6 1845/5/6 1594/5/6
f 1846/4/2 1879/4/2 1880/4/2 1847/4/2
f 1847/4/5 1880/4/5 1628/4/5 1595/4/5
f 1629/4/6 1879/4/6 1846/4/6 1596/4/6
f 1879/4/2 1881/4/2 1882/4/2 1880/4/2
f 1880/4/5 1882/4/5 1630/4/5 1628/4/5
f 1631/4/6 1881/4/6 1879/4/6 1629/4/6
f 1881/4/2 1883/4/2 1884/4/2 1882/4/2
f 1882/4/5 1884/4/5 1632/4/5 1630/4/5
f 1633/4/6 1883/4/6 1881/4/6 1631/4/6
f 1883/4/2 1885/4/2 1886/4/2 1884/4/2
f 1884/4/5 1886/4/5 1634/4/5 1632/4/5
f 1635/4/6 1885/4/6 1883/4/6 1633/4/6
f 1885/4/2 1887/4/2 1888/4/2 1886/4/2
f 1888/4/4 1887/4/4 1637/4/4 1636/4/4
f 1886/4/5 1888/4/5 1636/4/5 1634/4/5
f 1637/4/6 1887/4/6 1885/4/6 1635/4/6
