# Dungine bookshelf; 1 voxel = 1/16 unit; Y-up floor-center origin
mtllib bookshelf.mtl
o bookshelf
s off
v -0.437500 0.000000 -0.250000
v -0.437500 0.062500 -0.250000
v -0.437500 0.062500 -0.312500
v -0.437500 0.000000 -0.312500
v -0.375000 0.062500 -0.312500
v -0.375000 0.000000 -0.312500
v -0.375000 0.000000 -0.250000
v -0.437500 0.125000 -0.250000
v -0.437500 0.125000 -0.312500
v -0.375000 0.125000 -0.312500
v -0.437500 0.187500 -0.250000
v -0.437500 0.187500 -0.312500
v -0.375000 0.187500 -0.312500
v -0.437500 0.250000 -0.250000
v -0.437500 0.250000 -0.312500
v -0.375000 0.250000 -0.312500
v -0.437500 0.312500 -0.250000
v -0.437500 0.312500 -0.312500
v -0.375000 0.312500 -0.312500
v -0.437500 0.375000 -0.250000
v -0.437500 0.375000 -0.312500
v -0.375000 0.375000 -0.312500
v -0.437500 0.437500 -0.250000
v -0.437500 0.437500 -0.312500
v -0.375000 0.437500 -0.312500
v -0.437500 0.500000 -0.250000
v -0.437500 0.500000 -0.312500
v -0.375000 0.500000 -0.312500
v -0.437500 0.562500 -0.250000
v -0.437500 0.562500 -0.312500
v -0.375000 0.562500 -0.312500
v -0.437500 0.625000 -0.250000
v -0.437500 0.625000 -0.312500
v -0.375000 0.625000 -0.312500
v -0.437500 0.687500 -0.250000
v -0.437500 0.687500 -0.312500
v -0.375000 0.687500 -0.312500
v -0.437500 0.750000 -0.250000
v -0.437500 0.750000 -0.312500
v -0.375000 0.750000 -0.312500
v -0.437500 0.812500 -0.250000
v -0.437500 0.812500 -0.312500
v -0.375000 0.812500 -0.312500
v -0.437500 0.875000 -0.250000
v -0.437500 0.875000 -0.312500
v -0.375000 0.875000 -0.312500
v -0.437500 0.937500 -0.250000
v -0.437500 0.937500 -0.312500
v -0.375000 0.937500 -0.312500
v -0.437500 1.000000 -0.250000
v -0.437500 1.000000 -0.312500
v -0.375000 1.000000 -0.312500
v -0.437500 1.062500 -0.250000
v -0.437500 1.062500 -0.312500
v -0.375000 1.062500 -0.312500
v -0.437500 1.125000 -0.250000
v -0.437500 1.125000 -0.312500
v -0.375000 1.125000 -0.312500
v -0.437500 1.187500 -0.250000
v -0.437500 1.187500 -0.312500
v -0.375000 1.187500 -0.312500
v -0.437500 1.250000 -0.250000
v -0.437500 1.250000 -0.312500
v -0.375000 1.250000 -0.312500
v -0.437500 1.312500 -0.250000
v -0.437500 1.312500 -0.312500
v -0.375000 1.312500 -0.312500
v -0.437500 1.375000 -0.250000
v -0.437500 1.375000 -0.312500
v -0.375000 1.375000 -0.312500
v -0.437500 1.437500 -0.250000
v -0.437500 1.437500 -0.312500
v -0.375000 1.437500 -0.312500
v -0.437500 1.500000 -0.250000
v -0.437500 1.500000 -0.312500
v -0.375000 1.500000 -0.312500
v -0.437500 1.562500 -0.250000
v -0.437500 1.562500 -0.312500
v -0.375000 1.562500 -0.312500
v -0.437500 1.625000 -0.250000
v -0.437500 1.625000 -0.312500
v -0.375000 1.625000 -0.312500
v -0.437500 1.687500 -0.250000
v -0.437500 1.687500 -0.312500
v -0.375000 1.687500 -0.312500
v -0.437500 1.750000 -0.250000
v -0.437500 1.750000 -0.312500
v -0.375000 1.750000 -0.312500
v -0.437500 1.812500 -0.250000
v -0.437500 1.812500 -0.312500
v -0.375000 1.812500 -0.312500
v -0.437500 1.875000 -0.250000
v -0.437500 1.875000 -0.312500
v -0.375000 1.875000 -0.312500
v -0.437500 1.937500 -0.250000
v -0.437500 1.937500 -0.312500
v -0.375000 1.937500 -0.312500
v -0.437500 2.000000 -0.250000
v -0.437500 2.000000 -0.312500
v -0.375000 2.000000 -0.312500
v -0.375000 2.000000 -0.250000
v -0.437500 0.000000 -0.187500
v -0.437500 0.062500 -0.187500
v -0.375000 0.000000 -0.187500
v -0.437500 0.125000 -0.187500
v -0.437500 0.187500 -0.187500
v -0.437500 0.250000 -0.187500
v -0.437500 0.312500 -0.187500
v -0.437500 0.375000 -0.187500
v -0.437500 0.437500 -0.187500
v -0.437500 0.500000 -0.187500
v -0.437500 0.562500 -0.187500
v -0.437500 0.625000 -0.187500
v -0.437500 0.687500 -0.187500
v -0.437500 0.750000 -0.187500
v -0.437500 0.812500 -0.187500
v -0.437500 0.875000 -0.187500
v -0.437500 0.937500 -0.187500
v -0.437500 1.000000 -0.187500
v -0.437500 1.062500 -0.187500
v -0.437500 1.125000 -0.187500
v -0.437500 1.187500 -0.187500
v -0.437500 1.250000 -0.187500
v -0.437500 1.312500 -0.187500
v -0.437500 1.375000 -0.187500
v -0.437500 1.437500 -0.187500
v -0.437500 1.500000 -0.187500
v -0.437500 1.562500 -0.187500
v -0.437500 1.625000 -0.187500
v -0.437500 1.687500 -0.187500
v -0.437500 1.750000 -0.187500
v -0.437500 1.812500 -0.187500
v -0.437500 1.875000 -0.187500
v -0.437500 1.937500 -0.187500
v -0.437500 2.000000 -0.187500
v -0.375000 2.000000 -0.187500
v -0.437500 0.000000 -0.125000
v -0.437500 0.062500 -0.125000
v -0.375000 0.000000 -0.125000
v -0.437500 0.125000 -0.125000
v -0.437500 0.187500 -0.125000
v -0.437500 0.250000 -0.125000
v -0.437500 0.312500 -0.125000
v -0.437500 0.375000 -0.125000
v -0.437500 0.437500 -0.125000
v -0.437500 0.500000 -0.125000
v -0.437500 0.562500 -0.125000
v -0.437500 0.625000 -0.125000
v -0.437500 0.687500 -0.125000
v -0.437500 0.750000 -0.125000
v -0.437500 0.812500 -0.125000
v -0.437500 0.875000 -0.125000
v -0.437500 0.937500 -0.125000
v -0.437500 1.000000 -0.125000
v -0.437500 1.062500 -0.125000
v -0.437500 1.125000 -0.125000
v -0.437500 1.187500 -0.125000
v -0.437500 1.250000 -0.125000
v -0.437500 1.312500 -0.125000
v -0.437500 1.375000 -0.125000
v -0.437500 1.437500 -0.125000
v -0.437500 1.500000 -0.125000
v -0.437500 1.562500 -0.125000
v -0.437500 1.625000 -0.125000
v -0.437500 1.687500 -0.125000
v -0.437500 1.750000 -0.125000
v -0.437500 1.812500 -0.125000
v -0.437500 1.875000 -0.125000
v -0.437500 1.937500 -0.125000
v -0.437500 2.000000 -0.125000
v -0.375000 2.000000 -0.125000
v -0.437500 0.000000 -0.062500
v -0.437500 0.062500 -0.062500
v -0.375000 0.000000 -0.062500
v -0.437500 0.125000 -0.062500
v -0.437500 0.187500 -0.062500
v -0.437500 0.250000 -0.062500
v -0.437500 0.312500 -0.062500
v -0.437500 0.375000 -0.062500
v -0.437500 0.437500 -0.062500
v -0.437500 0.500000 -0.062500
v -0.437500 0.562500 -0.062500
v -0.437500 0.625000 -0.062500
v -0.437500 0.687500 -0.062500
v -0.437500 0.750000 -0.062500
v -0.437500 0.812500 -0.062500
v -0.437500 0.875000 -0.062500
v -0.437500 0.937500 -0.062500
v -0.437500 1.000000 -0.062500
v -0.437500 1.062500 -0.062500
v -0.437500 1.125000 -0.062500
v -0.437500 1.187500 -0.062500
v -0.437500 1.250000 -0.062500
v -0.437500 1.312500 -0.062500
v -0.437500 1.375000 -0.062500
v -0.437500 1.437500 -0.062500
v -0.437500 1.500000 -0.062500
v -0.437500 1.562500 -0.062500
v -0.437500 1.625000 -0.062500
v -0.437500 1.687500 -0.062500
v -0.437500 1.750000 -0.062500
v -0.437500 1.812500 -0.062500
v -0.437500 1.875000 -0.062500
v -0.437500 1.937500 -0.062500
v -0.437500 2.000000 -0.062500
v -0.375000 2.000000 -0.062500
v -0.437500 0.000000 0.000000
v -0.437500 0.062500 0.000000
v -0.375000 0.000000 0.000000
v -0.437500 0.125000 0.000000
v -0.437500 0.187500 0.000000
v -0.437500 0.250000 0.000000
v -0.437500 0.312500 0.000000
v -0.437500 0.375000 0.000000
v -0.437500 0.437500 0.000000
v -0.437500 0.500000 0.000000
v -0.437500 0.562500 0.000000
v -0.437500 0.625000 0.000000
v -0.437500 0.687500 0.000000
v -0.437500 0.750000 0.000000
v -0.437500 0.812500 0.000000
v -0.437500 0.875000 0.000000
v -0.437500 0.937500 0.000000
v -0.437500 1.000000 0.000000
v -0.437500 1.062500 0.000000
v -0.437500 1.125000 0.000000
v -0.437500 1.187500 0.000000
v -0.437500 1.250000 0.000000
v -0.437500 1.312500 0.000000
v -0.437500 1.375000 0.000000
v -0.437500 1.437500 0.000000
v -0.437500 1.500000 0.000000
v -0.437500 1.562500 0.000000
v -0.437500 1.625000 0.000000
v -0.437500 1.687500 0.000000
v -0.437500 1.750000 0.000000
v -0.437500 1.812500 0.000000
v -0.437500 1.875000 0.000000
v -0.437500 1.937500 0.000000
v -0.437500 2.000000 0.000000
v -0.375000 2.000000 0.000000
v -0.437500 0.000000 0.062500
v -0.437500 0.062500 0.062500
v -0.375000 0.000000 0.062500
v -0.437500 0.125000 0.062500
v -0.437500 0.187500 0.062500
v -0.437500 0.250000 0.062500
v -0.437500 0.312500 0.062500
v -0.437500 0.375000 0.062500
v -0.437500 0.437500 0.062500
v -0.437500 0.500000 0.062500
v -0.437500 0.562500 0.062500
v -0.437500 0.625000 0.062500
v -0.437500 0.687500 0.062500
v -0.437500 0.750000 0.062500
v -0.437500 0.812500 0.062500
v -0.437500 0.875000 0.062500
v -0.437500 0.937500 0.062500
v -0.437500 1.000000 0.062500
v -0.437500 1.062500 0.062500
v -0.437500 1.125000 0.062500
v -0.437500 1.187500 0.062500
v -0.437500 1.250000 0.062500
v -0.437500 1.312500 0.062500
v -0.437500 1.375000 0.062500
v -0.437500 1.437500 0.062500
v -0.437500 1.500000 0.062500
v -0.437500 1.562500 0.062500
v -0.437500 1.625000 0.062500
v -0.437500 1.687500 0.062500
v -0.437500 1.750000 0.062500
v -0.437500 1.812500 0.062500
v -0.437500 1.875000 0.062500
v -0.437500 1.937500 0.062500
v -0.437500 2.000000 0.062500
v -0.375000 2.000000 0.062500
v -0.437500 0.000000 0.125000
v -0.437500 0.062500 0.125000
v -0.375000 0.000000 0.125000
v -0.437500 0.125000 0.125000
v -0.437500 0.187500 0.125000
v -0.437500 0.250000 0.125000
v -0.437500 0.312500 0.125000
v -0.437500 0.375000 0.125000
v -0.437500 0.437500 0.125000
v -0.437500 0.500000 0.125000
v -0.437500 0.562500 0.125000
v -0.437500 0.625000 0.125000
v -0.437500 0.687500 0.125000
v -0.437500 0.750000 0.125000
v -0.437500 0.812500 0.125000
v -0.437500 0.875000 0.125000
v -0.437500 0.937500 0.125000
v -0.437500 1.000000 0.125000
v -0.437500 1.062500 0.125000
v -0.437500 1.125000 0.125000
v -0.437500 1.187500 0.125000
v -0.437500 1.250000 0.125000
v -0.437500 1.312500 0.125000
v -0.437500 1.375000 0.125000
v -0.437500 1.437500 0.125000
v -0.437500 1.500000 0.125000
v -0.437500 1.562500 0.125000
v -0.437500 1.625000 0.125000
v -0.437500 1.687500 0.125000
v -0.437500 1.750000 0.125000
v -0.437500 1.812500 0.125000
v -0.437500 1.875000 0.125000
v -0.437500 1.937500 0.125000
v -0.437500 2.000000 0.125000
v -0.375000 2.000000 0.125000
v -0.437500 0.000000 0.187500
v -0.437500 0.062500 0.187500
v -0.375000 0.000000 0.187500
v -0.437500 0.125000 0.187500
v -0.437500 0.187500 0.187500
v -0.437500 0.250000 0.187500
v -0.437500 0.312500 0.187500
v -0.437500 0.375000 0.187500
v -0.437500 0.437500 0.187500
v -0.437500 0.500000 0.187500
v -0.437500 0.562500 0.187500
v -0.437500 0.625000 0.187500
v -0.437500 0.687500 0.187500
v -0.437500 0.750000 0.187500
v -0.437500 0.812500 0.187500
v -0.437500 0.875000 0.187500
v -0.437500 0.937500 0.187500
v -0.437500 1.000000 0.187500
v -0.437500 1.062500 0.187500
v -0.437500 1.125000 0.187500
v -0.437500 1.187500 0.187500
v -0.437500 1.250000 0.187500
v -0.437500 1.312500 0.187500
v -0.437500 1.375000 0.187500
v -0.437500 1.437500 0.187500
v -0.437500 1.500000 0.187500
v -0.437500 1.562500 0.187500
v -0.437500 1.625000 0.187500
v -0.437500 1.687500 0.187500
v -0.437500 1.750000 0.187500
v -0.437500 1.812500 0.187500
v -0.437500 1.875000 0.187500
v -0.437500 1.937500 0.187500
v -0.437500 2.000000 0.187500
v -0.375000 2.000000 0.187500
v -0.437500 0.000000 0.250000
v -0.437500 0.062500 0.250000
v -0.375000 0.000000 0.250000
v -0.437500 0.125000 0.250000
v -0.437500 0.187500 0.250000
v -0.437500 0.250000 0.250000
v -0.437500 0.312500 0.250000
v -0.437500 0.375000 0.250000
v -0.437500 0.437500 0.250000
v -0.437500 0.500000 0.250000
v -0.437500 0.562500 0.250000
v -0.437500 0.625000 0.250000
v -0.437500 0.687500 0.250000
v -0.437500 0.750000 0.250000
v -0.437500 0.812500 0.250000
v -0.437500 0.875000 0.250000
v -0.437500 0.937500 0.250000
v -0.437500 1.000000 0.250000
v -0.437500 1.062500 0.250000
v -0.437500 1.125000 0.250000
v -0.437500 1.187500 0.250000
v -0.437500 1.250000 0.250000
v -0.437500 1.312500 0.250000
v -0.437500 1.375000 0.250000
v -0.437500 1.437500 0.250000
v -0.437500 1.500000 0.250000
v -0.437500 1.562500 0.250000
v -0.437500 1.625000 0.250000
v -0.437500 1.687500 0.250000
v -0.437500 1.750000 0.250000
v -0.437500 1.812500 0.250000
v -0.437500 1.875000 0.250000
v -0.437500 1.937500 0.250000
v -0.437500 2.000000 0.250000
v -0.375000 2.000000 0.250000
v -0.437500 0.000000 0.312500
v -0.437500 0.062500 0.312500
v -0.375000 0.000000 0.312500
v -0.437500 0.125000 0.312500
v -0.437500 0.187500 0.312500
v -0.437500 0.250000 0.312500
v -0.437500 0.312500 0.312500
v -0.437500 0.375000 0.312500
v -0.437500 0.437500 0.312500
v -0.437500 0.500000 0.312500
v -0.437500 0.562500 0.312500
v -0.437500 0.625000 0.312500
v -0.437500 0.687500 0.312500
v -0.437500 0.750000 0.312500
v -0.437500 0.812500 0.312500
v -0.437500 0.875000 0.312500
v -0.437500 0.937500 0.312500
v -0.437500 1.000000 0.312500
v -0.437500 1.062500 0.312500
v -0.437500 1.125000 0.312500
v -0.437500 1.187500 0.312500
v -0.437500 1.250000 0.312500
v -0.437500 1.312500 0.312500
v -0.437500 1.375000 0.312500
v -0.437500 1.437500 0.312500
v -0.437500 1.500000 0.312500
v -0.437500 1.562500 0.312500
v -0.437500 1.625000 0.312500
v -0.437500 1.687500 0.312500
v -0.437500 1.750000 0.312500
v -0.437500 1.812500 0.312500
v -0.437500 1.875000 0.312500
v -0.437500 1.937500 0.312500
v -0.437500 2.000000 0.312500
v -0.375000 2.000000 0.312500
v -0.437500 0.000000 0.375000
v -0.437500 0.062500 0.375000
v -0.375000 0.000000 0.375000
v -0.437500 0.125000 0.375000
v -0.437500 0.187500 0.375000
v -0.437500 0.250000 0.375000
v -0.437500 0.312500 0.375000
v -0.437500 0.375000 0.375000
v -0.437500 0.437500 0.375000
v -0.437500 0.500000 0.375000
v -0.437500 0.562500 0.375000
v -0.437500 0.625000 0.375000
v -0.437500 0.687500 0.375000
v -0.437500 0.750000 0.375000
v -0.437500 0.812500 0.375000
v -0.437500 0.875000 0.375000
v -0.437500 0.937500 0.375000
v -0.437500 1.000000 0.375000
v -0.437500 1.062500 0.375000
v -0.437500 1.125000 0.375000
v -0.437500 1.187500 0.375000
v -0.437500 1.250000 0.375000
v -0.437500 1.312500 0.375000
v -0.437500 1.375000 0.375000
v -0.437500 1.437500 0.375000
v -0.437500 1.500000 0.375000
v -0.437500 1.562500 0.375000
v -0.437500 1.625000 0.375000
v -0.437500 1.687500 0.375000
v -0.437500 1.750000 0.375000
v -0.437500 1.812500 0.375000
v -0.437500 1.875000 0.375000
v -0.437500 1.937500 0.375000
v -0.437500 2.000000 0.375000
v -0.375000 2.000000 0.375000
v -0.437500 0.000000 0.437500
v -0.437500 0.062500 0.437500
v -0.375000 0.000000 0.437500
v -0.375000 0.062500 0.437500
v -0.437500 0.125000 0.437500
v -0.375000 0.125000 0.437500
v -0.437500 0.187500 0.437500
v -0.375000 0.187500 0.437500
v -0.437500 0.250000 0.437500
v -0.375000 0.250000 0.437500
v -0.437500 0.312500 0.437500
v -0.375000 0.312500 0.437500
v -0.437500 0.375000 0.437500
v -0.375000 0.375000 0.437500
v -0.437500 0.437500 0.437500
v -0.375000 0.437500 0.437500
v -0.437500 0.500000 0.437500
v -0.375000 0.500000 0.437500
v -0.437500 0.562500 0.437500
v -0.375000 0.562500 0.437500
v -0.437500 0.625000 0.437500
v -0.375000 0.625000 0.437500
v -0.437500 0.687500 0.437500
v -0.375000 0.687500 0.437500
v -0.437500 0.750000 0.437500
v -0.375000 0.750000 0.437500
v -0.437500 0.812500 0.437500
v -0.375000 0.812500 0.437500
v -0.437500 0.875000 0.437500
v -0.375000 0.875000 0.437500
v -0.437500 0.937500 0.437500
v -0.375000 0.937500 0.437500
v -0.437500 1.000000 0.437500
v -0.375000 1.000000 0.437500
v -0.437500 1.062500 0.437500
v -0.375000 1.062500 0.437500
v -0.437500 1.125000 0.437500
v -0.375000 1.125000 0.437500
v -0.437500 1.187500 0.437500
v -0.375000 1.187500 0.437500
v -0.437500 1.250000 0.437500
v -0.375000 1.250000 0.437500
v -0.437500 1.312500 0.437500
v -0.375000 1.312500 0.437500
v -0.437500 1.375000 0.437500
v -0.375000 1.375000 0.437500
v -0.437500 1.437500 0.437500
v -0.375000 1.437500 0.437500
v -0.437500 1.500000 0.437500
v -0.375000 1.500000 0.437500
v -0.437500 1.562500 0.437500
v -0.375000 1.562500 0.437500
v -0.437500 1.625000 0.437500
v -0.375000 1.625000 0.437500
v -0.437500 1.687500 0.437500
v -0.375000 1.687500 0.437500
v -0.437500 1.750000 0.437500
v -0.375000 1.750000 0.437500
v -0.437500 1.812500 0.437500
v -0.375000 1.812500 0.437500
v -0.437500 1.875000 0.437500
v -0.375000 1.875000 0.437500
v -0.437500 1.937500 0.437500
v -0.375000 1.937500 0.437500
v -0.437500 2.000000 0.437500
v -0.375000 2.000000 0.437500
v -0.312500 0.062500 -0.312500
v -0.312500 0.000000 -0.312500
v -0.312500 0.000000 -0.250000
v -0.312500 0.125000 -0.312500
v -0.312500 0.187500 -0.312500
v -0.312500 0.187500 -0.250000
v -0.312500 0.125000 -0.250000
v -0.312500 0.250000 -0.312500
v -0.312500 0.250000 -0.250000
v -0.312500 0.312500 -0.312500
v -0.312500 0.312500 -0.250000
v -0.312500 0.375000 -0.312500
v -0.312500 0.375000 -0.250000
v -0.312500 0.437500 -0.312500
v -0.312500 0.437500 -0.250000
v -0.312500 0.500000 -0.312500
v -0.312500 0.500000 -0.250000
v -0.312500 0.562500 -0.312500
v -0.312500 0.562500 -0.250000
v -0.312500 0.625000 -0.312500
v -0.312500 0.625000 -0.250000
v -0.312500 0.687500 -0.312500
v -0.312500 0.750000 -0.312500
v -0.312500 0.812500 -0.312500
v -0.312500 0.812500 -0.250000
v -0.312500 0.750000 -0.250000
v -0.312500 0.875000 -0.312500
v -0.312500 0.875000 -0.250000
v -0.312500 0.937500 -0.312500
v -0.312500 0.937500 -0.250000
v -0.312500 1.000000 -0.312500
v -0.312500 1.000000 -0.250000
v -0.312500 1.062500 -0.312500
v -0.312500 1.062500 -0.250000
v -0.312500 1.125000 -0.312500
v -0.312500 1.125000 -0.250000
v -0.312500 1.187500 -0.312500
v -0.312500 1.187500 -0.250000
v -0.312500 1.250000 -0.312500
v -0.312500 1.250000 -0.250000
v -0.312500 1.312500 -0.312500
v -0.312500 1.375000 -0.312500
v -0.312500 1.437500 -0.312500
v -0.312500 1.437500 -0.250000
v -0.312500 1.375000 -0.250000
v -0.312500 1.500000 -0.312500
v -0.312500 1.500000 -0.250000
v -0.312500 1.562500 -0.312500
v -0.312500 1.562500 -0.250000
v -0.312500 1.625000 -0.312500
v -0.312500 1.625000 -0.250000
v -0.312500 1.687500 -0.312500
v -0.312500 1.687500 -0.250000
v -0.312500 1.750000 -0.312500
v -0.312500 1.750000 -0.250000
v -0.312500 1.812500 -0.312500
v -0.312500 1.812500 -0.250000
v -0.312500 1.875000 -0.312500
v -0.312500 1.875000 -0.250000
v -0.312500 1.937500 -0.312500
v -0.312500 2.000000 -0.312500
v -0.312500 2.000000 -0.250000
v -0.312500 0.000000 -0.187500
v -0.312500 0.187500 -0.187500
v -0.312500 0.125000 -0.187500
v -0.312500 0.250000 -0.187500
v -0.312500 0.312500 -0.187500
v -0.312500 0.375000 -0.187500
v -0.312500 0.437500 -0.187500
v -0.312500 0.500000 -0.187500
v -0.312500 0.562500 -0.187500
v -0.312500 0.625000 -0.187500
v -0.312500 0.812500 -0.187500
v -0.312500 0.750000 -0.187500
v -0.312500 0.875000 -0.187500
v -0.312500 0.937500 -0.187500
v -0.312500 1.000000 -0.187500
v -0.312500 1.062500 -0.187500
v -0.312500 1.125000 -0.187500
v -0.312500 1.187500 -0.187500
v -0.312500 1.250000 -0.187500
v -0.312500 1.437500 -0.187500
v -0.312500 1.375000 -0.187500
v -0.312500 1.500000 -0.187500
v -0.312500 1.562500 -0.187500
v -0.312500 1.625000 -0.187500
v -0.312500 1.687500 -0.187500
v -0.312500 1.750000 -0.187500
v -0.312500 1.812500 -0.187500
v -0.312500 1.875000 -0.187500
v -0.312500 2.000000 -0.187500
v -0.312500 0.000000 -0.125000
v -0.312500 0.500000 -0.125000
v -0.312500 0.437500 -0.125000
v -0.312500 0.562500 -0.125000
v -0.312500 0.625000 -0.125000
v -0.312500 1.125000 -0.125000
v -0.312500 1.062500 -0.125000
v -0.312500 1.187500 -0.125000
v -0.312500 1.250000 -0.125000
v -0.312500 1.750000 -0.125000
v -0.312500 1.687500 -0.125000
v -0.312500 1.812500 -0.125000
v -0.312500 1.875000 -0.125000
v -0.312500 2.000000 -0.125000
v -0.312500 0.000000 -0.062500
v -0.312500 0.500000 -0.062500
v -0.312500 0.437500 -0.062500
v -0.312500 0.562500 -0.062500
v -0.312500 0.625000 -0.062500
v -0.312500 1.125000 -0.062500
v -0.312500 1.062500 -0.062500
v -0.312500 1.187500 -0.062500
v -0.312500 1.250000 -0.062500
v -0.312500 1.750000 -0.062500
v -0.312500 1.687500 -0.062500
v -0.312500 1.812500 -0.062500
v -0.312500 1.875000 -0.062500
v -0.312500 2.000000 -0.062500
v -0.312500 0.000000 0.000000
v -0.312500 0.500000 0.000000
v -0.312500 0.437500 0.000000
v -0.312500 0.562500 0.000000
v -0.312500 0.625000 0.000000
v -0.312500 1.125000 0.000000
v -0.312500 1.062500 0.000000
v -0.312500 1.187500 0.000000
v -0.312500 1.250000 0.000000
v -0.312500 1.750000 0.000000
v -0.312500 1.687500 0.000000
v -0.312500 1.812500 0.000000
v -0.312500 1.875000 0.000000
v -0.312500 2.000000 0.000000
v -0.312500 0.000000 0.062500
v -0.312500 0.500000 0.062500
v -0.312500 0.437500 0.062500
v -0.312500 0.562500 0.062500
v -0.312500 0.625000 0.062500
v -0.312500 1.125000 0.062500
v -0.312500 1.062500 0.062500
v -0.312500 1.187500 0.062500
v -0.312500 1.250000 0.062500
v -0.312500 1.750000 0.062500
v -0.312500 1.687500 0.062500
v -0.312500 1.812500 0.062500
v -0.312500 1.875000 0.062500
v -0.312500 2.000000 0.062500
v -0.312500 0.000000 0.125000
v -0.312500 0.500000 0.125000
v -0.312500 0.437500 0.125000
v -0.312500 0.562500 0.125000
v -0.312500 0.625000 0.125000
v -0.312500 1.125000 0.125000
v -0.312500 1.062500 0.125000
v -0.312500 1.187500 0.125000
v -0.312500 1.250000 0.125000
v -0.312500 1.750000 0.125000
v -0.312500 1.687500 0.125000
v -0.312500 1.812500 0.125000
v -0.312500 1.875000 0.125000
v -0.312500 2.000000 0.125000
v -0.312500 0.000000 0.187500
v -0.312500 0.500000 0.187500
v -0.312500 0.437500 0.187500
v -0.312500 0.562500 0.187500
v -0.312500 0.625000 0.187500
v -0.312500 1.125000 0.187500
v -0.312500 1.062500 0.187500
v -0.312500 1.187500 0.187500
v -0.312500 1.250000 0.187500
v -0.312500 1.750000 0.187500
v -0.312500 1.687500 0.187500
v -0.312500 1.812500 0.187500
v -0.312500 1.875000 0.187500
v -0.312500 2.000000 0.187500
v -0.312500 0.000000 0.250000
v -0.312500 0.500000 0.250000
v -0.312500 0.437500 0.250000
v -0.312500 0.562500 0.250000
v -0.312500 0.625000 0.250000
v -0.312500 1.125000 0.250000
v -0.312500 1.062500 0.250000
v -0.312500 1.187500 0.250000
v -0.312500 1.250000 0.250000
v -0.312500 1.750000 0.250000
v -0.312500 1.687500 0.250000
v -0.312500 1.812500 0.250000
v -0.312500 1.875000 0.250000
v -0.312500 2.000000 0.250000
v -0.312500 0.000000 0.312500
v -0.312500 2.000000 0.312500
v -0.312500 0.000000 0.375000
v -0.312500 2.000000 0.375000
v -0.312500 0.000000 0.437500
v -0.312500 0.062500 0.437500
v -0.312500 0.125000 0.437500
v -0.312500 0.187500 0.437500
v -0.312500 0.250000 0.437500
v -0.312500 0.312500 0.437500
v -0.312500 0.375000 0.437500
v -0.312500 0.437500 0.437500
v -0.312500 0.500000 0.437500
v -0.312500 0.562500 0.437500
v -0.312500 0.625000 0.437500
v -0.312500 0.687500 0.437500
v -0.312500 0.750000 0.437500
v -0.312500 0.812500 0.437500
v -0.312500 0.875000 0.437500
v -0.312500 0.937500 0.437500
v -0.312500 1.000000 0.437500
v -0.312500 1.062500 0.437500
v -0.312500 1.125000 0.437500
v -0.312500 1.187500 0.437500
v -0.312500 1.250000 0.437500
v -0.312500 1.312500 0.437500
v -0.312500 1.375000 0.437500
v -0.312500 1.437500 0.437500
v -0.312500 1.500000 0.437500
v -0.312500 1.562500 0.437500
v -0.312500 1.625000 0.437500
v -0.312500 1.687500 0.437500
v -0.312500 1.750000 0.437500
v -0.312500 1.812500 0.437500
v -0.312500 1.875000 0.437500
v -0.312500 1.937500 0.437500
v -0.312500 2.000000 0.437500
v -0.250000 0.062500 -0.312500
v -0.250000 0.000000 -0.312500
v -0.250000 0.000000 -0.250000
v -0.250000 0.125000 -0.312500
v -0.250000 0.125000 -0.250000
v -0.250000 0.687500 -0.312500
v -0.250000 0.625000 -0.312500
v -0.250000 0.625000 -0.250000
v -0.250000 0.750000 -0.312500
v -0.250000 0.750000 -0.250000
v -0.250000 1.312500 -0.312500
v -0.250000 1.250000 -0.312500
v -0.250000 1.250000 -0.250000
v -0.250000 1.375000 -0.312500
v -0.250000 1.375000 -0.250000
v -0.250000 1.937500 -0.312500
v -0.250000 1.875000 -0.312500
v -0.250000 1.875000 -0.250000
v -0.250000 2.000000 -0.312500
v -0.250000 2.000000 -0.250000
v -0.250000 0.000000 -0.187500
v -0.250000 0.125000 -0.187500
v -0.250000 0.625000 -0.187500
v -0.250000 0.750000 -0.187500
v -0.250000 1.250000 -0.187500
v -0.250000 1.375000 -0.187500
v -0.250000 1.875000 -0.187500
v -0.250000 2.000000 -0.187500
v -0.250000 0.000000 -0.125000
v -0.250000 0.187500 -0.187500
v -0.250000 0.187500 -0.125000
v -0.250000 0.125000 -0.125000
v -0.250000 0.250000 -0.187500
v -0.250000 0.250000 -0.125000
v -0.250000 0.312500 -0.187500
v -0.250000 0.312500 -0.125000
v -0.250000 0.375000 -0.187500
v -0.250000 0.375000 -0.125000
v -0.250000 0.437500 -0.187500
v -0.250000 0.437500 -0.125000
v -0.250000 0.625000 -0.125000
v -0.250000 0.812500 -0.187500
v -0.250000 0.812500 -0.125000
v -0.250000 0.750000 -0.125000
v -0.250000 0.875000 -0.187500
v -0.250000 0.875000 -0.125000
v -0.250000 0.937500 -0.187500
v -0.250000 0.937500 -0.125000
v -0.250000 1.000000 -0.187500
v -0.250000 1.000000 -0.125000
v -0.250000 1.062500 -0.187500
v -0.250000 1.062500 -0.125000
v -0.250000 1.250000 -0.125000
v -0.250000 1.437500 -0.187500
v -0.250000 1.437500 -0.125000
v -0.250000 1.375000 -0.125000
v -0.250000 1.500000 -0.187500
v -0.250000 1.500000 -0.125000
v -0.250000 1.562500 -0.187500
v -0.250000 1.562500 -0.125000
v -0.250000 1.625000 -0.187500
v -0.250000 1.625000 -0.125000
v -0.250000 1.687500 -0.187500
v -0.250000 1.687500 -0.125000
v -0.250000 1.875000 -0.125000
v -0.250000 2.000000 -0.125000
v -0.250000 0.000000 -0.062500
v -0.250000 0.187500 -0.062500
v -0.250000 0.125000 -0.062500
v -0.250000 0.250000 -0.062500
v -0.250000 0.312500 -0.062500
v -0.250000 0.375000 -0.062500
v -0.250000 0.437500 -0.062500
v -0.250000 0.625000 -0.062500
v -0.250000 0.812500 -0.062500
v -0.250000 0.750000 -0.062500
v -0.250000 0.875000 -0.062500
v -0.250000 0.937500 -0.062500
v -0.250000 1.000000 -0.062500
v -0.250000 1.062500 -0.062500
v -0.250000 1.250000 -0.062500
v -0.250000 1.437500 -0.062500
v -0.250000 1.375000 -0.062500
v -0.250000 1.500000 -0.062500
v -0.250000 1.562500 -0.062500
v -0.250000 1.625000 -0.062500
v -0.250000 1.687500 -0.062500
v -0.250000 1.875000 -0.062500
v -0.250000 2.000000 -0.062500
v -0.250000 0.000000 0.000000
v -0.250000 0.187500 0.000000
v -0.250000 0.125000 0.000000
v -0.250000 0.250000 0.000000
v -0.250000 0.312500 0.000000
v -0.250000 0.375000 0.000000
v -0.250000 0.437500 0.000000
v -0.250000 0.625000 0.000000
v -0.250000 0.812500 0.000000
v -0.250000 0.750000 0.000000
v -0.250000 0.875000 0.000000
v -0.250000 0.937500 0.000000
v -0.250000 1.000000 0.000000
v -0.250000 1.062500 0.000000
v -0.250000 1.250000 0.000000
v -0.250000 1.437500 0.000000
v -0.250000 1.375000 0.000000
v -0.250000 1.500000 0.000000
v -0.250000 1.562500 0.000000
v -0.250000 1.625000 0.000000
v -0.250000 1.687500 0.000000
v -0.250000 1.875000 0.000000
v -0.250000 2.000000 0.000000
v -0.250000 0.000000 0.062500
v -0.250000 0.187500 0.062500
v -0.250000 0.125000 0.062500
v -0.250000 0.250000 0.062500
v -0.250000 0.312500 0.062500
v -0.250000 0.375000 0.062500
v -0.250000 0.437500 0.062500
v -0.250000 0.625000 0.062500
v -0.250000 0.812500 0.062500
v -0.250000 0.750000 0.062500
v -0.250000 0.875000 0.062500
v -0.250000 0.937500 0.062500
v -0.250000 1.000000 0.062500
v -0.250000 1.062500 0.062500
v -0.250000 1.250000 0.062500
v -0.250000 1.437500 0.062500
v -0.250000 1.375000 0.062500
v -0.250000 1.500000 0.062500
v -0.250000 1.562500 0.062500
v -0.250000 1.625000 0.062500
v -0.250000 1.687500 0.062500
v -0.250000 1.875000 0.062500
v -0.250000 2.000000 0.062500
v -0.250000 0.000000 0.125000
v -0.250000 0.187500 0.125000
v -0.250000 0.125000 0.125000
v -0.250000 0.250000 0.125000
v -0.250000 0.312500 0.125000
v -0.250000 0.375000 0.125000
v -0.250000 0.437500 0.125000
v -0.250000 0.625000 0.125000
v -0.250000 0.812500 0.125000
v -0.250000 0.750000 0.125000
v -0.250000 0.875000 0.125000
v -0.250000 0.937500 0.125000
v -0.250000 1.000000 0.125000
v -0.250000 1.062500 0.125000
v -0.250000 1.250000 0.125000
v -0.250000 1.437500 0.125000
v -0.250000 1.375000 0.125000
v -0.250000 1.500000 0.125000
v -0.250000 1.562500 0.125000
v -0.250000 1.625000 0.125000
v -0.250000 1.687500 0.125000
v -0.250000 1.875000 0.125000
v -0.250000 2.000000 0.125000
v -0.250000 0.000000 0.187500
v -0.250000 0.187500 0.187500
v -0.250000 0.125000 0.187500
v -0.250000 0.250000 0.187500
v -0.250000 0.312500 0.187500
v -0.250000 0.375000 0.187500
v -0.250000 0.437500 0.187500
v -0.250000 0.625000 0.187500
v -0.250000 0.812500 0.187500
v -0.250000 0.750000 0.187500
v -0.250000 0.875000 0.187500
v -0.250000 0.937500 0.187500
v -0.250000 1.000000 0.187500
v -0.250000 1.062500 0.187500
v -0.250000 1.250000 0.187500
v -0.250000 1.437500 0.187500
v -0.250000 1.375000 0.187500
v -0.250000 1.500000 0.187500
v -0.250000 1.562500 0.187500
v -0.250000 1.625000 0.187500
v -0.250000 1.687500 0.187500
v -0.250000 1.875000 0.187500
v -0.250000 2.000000 0.187500
v -0.250000 0.000000 0.250000
v -0.250000 0.187500 0.250000
v -0.250000 0.125000 0.250000
v -0.250000 0.250000 0.250000
v -0.250000 0.312500 0.250000
v -0.250000 0.375000 0.250000
v -0.250000 0.437500 0.250000
v -0.250000 0.625000 0.250000
v -0.250000 0.812500 0.250000
v -0.250000 0.750000 0.250000
v -0.250000 0.875000 0.250000
v -0.250000 0.937500 0.250000
v -0.250000 1.000000 0.250000
v -0.250000 1.062500 0.250000
v -0.250000 1.250000 0.250000
v -0.250000 1.437500 0.250000
v -0.250000 1.375000 0.250000
v -0.250000 1.500000 0.250000
v -0.250000 1.562500 0.250000
v -0.250000 1.625000 0.250000
v -0.250000 1.687500 0.250000
v -0.250000 1.875000 0.250000
v -0.250000 2.000000 0.250000
v -0.250000 0.000000 0.312500
v -0.250000 0.500000 0.250000
v -0.250000 0.562500 0.250000
v -0.250000 1.125000 0.250000
v -0.250000 1.187500 0.250000
v -0.250000 1.750000 0.250000
v -0.250000 1.812500 0.250000
v -0.250000 2.000000 0.312500
v -0.250000 0.000000 0.375000
v -0.250000 2.000000 0.375000
v -0.250000 0.000000 0.437500
v -0.250000 0.062500 0.437500
v -0.250000 0.125000 0.437500
v -0.250000 0.187500 0.437500
v -0.250000 0.250000 0.437500
v -0.250000 0.312500 0.437500
v -0.250000 0.375000 0.437500
v -0.250000 0.437500 0.437500
v -0.250000 0.500000 0.437500
v -0.250000 0.562500 0.437500
v -0.250000 0.625000 0.437500
v -0.250000 0.687500 0.437500
v -0.250000 0.750000 0.437500
v -0.250000 0.812500 0.437500
v -0.250000 0.875000 0.437500
v -0.250000 0.937500 0.437500
v -0.250000 1.000000 0.437500
v -0.250000 1.062500 0.437500
v -0.250000 1.125000 0.437500
v -0.250000 1.187500 0.437500
v -0.250000 1.250000 0.437500
v -0.250000 1.312500 0.437500
v -0.250000 1.375000 0.437500
v -0.250000 1.437500 0.437500
v -0.250000 1.500000 0.437500
v -0.250000 1.562500 0.437500
v -0.250000 1.625000 0.437500
v -0.250000 1.687500 0.437500
v -0.250000 1.750000 0.437500
v -0.250000 1.812500 0.437500
v -0.250000 1.875000 0.437500
v -0.250000 1.937500 0.437500
v -0.250000 2.000000 0.437500
v -0.187500 0.062500 -0.312500
v -0.187500 0.000000 -0.312500
v -0.187500 0.000000 -0.250000
v -0.187500 0.125000 -0.312500
v -0.187500 0.125000 -0.250000
v -0.187500 0.687500 -0.312500
v -0.187500 0.625000 -0.312500
v -0.187500 0.625000 -0.250000
v -0.187500 0.750000 -0.312500
v -0.187500 0.750000 -0.250000
v -0.187500 1.312500 -0.312500
v -0.187500 1.250000 -0.312500
v -0.187500 1.250000 -0.250000
v -0.187500 1.375000 -0.312500
v -0.187500 1.375000 -0.250000
v -0.187500 1.937500 -0.312500
v -0.187500 1.875000 -0.312500
v -0.187500 1.875000 -0.250000
v -0.187500 2.000000 -0.312500
v -0.187500 2.000000 -0.250000
v -0.187500 0.000000 -0.187500
v -0.187500 0.125000 -0.187500
v -0.187500 0.625000 -0.187500
v -0.187500 0.750000 -0.187500
v -0.187500 1.250000 -0.187500
v -0.187500 1.375000 -0.187500
v -0.187500 1.875000 -0.187500
v -0.187500 2.000000 -0.187500
v -0.187500 0.000000 -0.125000
v -0.187500 0.125000 -0.125000
v -0.187500 0.625000 -0.125000
v -0.187500 0.750000 -0.125000
v -0.187500 1.250000 -0.125000
v -0.187500 1.375000 -0.125000
v -0.187500 1.875000 -0.125000
v -0.187500 2.000000 -0.125000
v -0.187500 0.000000 -0.062500
v -0.187500 0.125000 -0.062500
v -0.187500 0.625000 -0.062500
v -0.187500 0.750000 -0.062500
v -0.187500 1.250000 -0.062500
v -0.187500 1.375000 -0.062500
v -0.187500 1.875000 -0.062500
v -0.187500 2.000000 -0.062500
v -0.187500 0.000000 0.000000
v -0.187500 0.125000 0.000000
v -0.187500 0.625000 0.000000
v -0.187500 0.750000 0.000000
v -0.187500 1.250000 0.000000
v -0.187500 1.375000 0.000000
v -0.187500 1.875000 0.000000
v -0.187500 2.000000 0.000000
v -0.187500 0.000000 0.062500
v -0.187500 0.125000 0.062500
v -0.187500 0.625000 0.062500
v -0.187500 0.750000 0.062500
v -0.187500 1.250000 0.062500
v -0.187500 1.375000 0.062500
v -0.187500 1.875000 0.062500
v -0.187500 2.000000 0.062500
v -0.187500 0.000000 0.125000
v -0.187500 0.125000 0.125000
v -0.187500 0.625000 0.125000
v -0.187500 0.750000 0.125000
v -0.187500 1.250000 0.125000
v -0.187500 1.375000 0.125000
v -0.187500 1.875000 0.125000
v -0.187500 2.000000 0.125000
v -0.187500 0.000000 0.187500
v -0.187500 0.125000 0.187500
v -0.187500 0.625000 0.187500
v -0.187500 0.750000 0.187500
v -0.187500 1.250000 0.187500
v -0.187500 1.375000 0.187500
v -0.187500 1.875000 0.187500
v -0.187500 2.000000 0.187500
v -0.187500 0.000000 0.250000
v -0.187500 0.125000 0.250000
v -0.187500 0.625000 0.250000
v -0.187500 0.750000 0.250000
v -0.187500 1.250000 0.250000
v -0.187500 1.375000 0.250000
v -0.187500 1.875000 0.250000
v -0.187500 2.000000 0.250000
v -0.187500 0.000000 0.312500
v -0.187500 0.187500 0.250000
v -0.187500 0.250000 0.250000
v -0.187500 0.312500 0.250000
v -0.187500 0.375000 0.250000
v -0.187500 0.437500 0.250000
v -0.187500 0.500000 0.250000
v -0.187500 0.562500 0.250000
v -0.187500 0.812500 0.250000
v -0.187500 0.875000 0.250000
v -0.187500 0.937500 0.250000
v -0.187500 1.000000 0.250000
v -0.187500 1.062500 0.250000
v -0.187500 1.125000 0.250000
v -0.187500 1.187500 0.250000
v -0.187500 1.437500 0.250000
v -0.187500 1.500000 0.250000
v -0.187500 1.562500 0.250000
v -0.187500 1.625000 0.250000
v -0.187500 1.687500 0.250000
v -0.187500 1.750000 0.250000
v -0.187500 1.812500 0.250000
v -0.187500 2.000000 0.312500
v -0.187500 0.000000 0.375000
v -0.187500 2.000000 0.375000
v -0.187500 0.000000 0.437500
v -0.187500 0.062500 0.437500
v -0.187500 0.125000 0.437500
v -0.187500 0.187500 0.437500
v -0.187500 0.250000 0.437500
v -0.187500 0.312500 0.437500
v -0.187500 0.375000 0.437500
v -0.187500 0.437500 0.437500
v -0.187500 0.500000 0.437500
v -0.187500 0.562500 0.437500
v -0.187500 0.625000 0.437500
v -0.187500 0.687500 0.437500
v -0.187500 0.750000 0.437500
v -0.187500 0.812500 0.437500
v -0.187500 0.875000 0.437500
v -0.187500 0.937500 0.437500
v -0.187500 1.000000 0.437500
v -0.187500 1.062500 0.437500
v -0.187500 1.125000 0.437500
v -0.187500 1.187500 0.437500
v -0.187500 1.250000 0.437500
v -0.187500 1.312500 0.437500
v -0.187500 1.375000 0.437500
v -0.187500 1.437500 0.437500
v -0.187500 1.500000 0.437500
v -0.187500 1.562500 0.437500
v -0.187500 1.625000 0.437500
v -0.187500 1.687500 0.437500
v -0.187500 1.750000 0.437500
v -0.187500 1.812500 0.437500
v -0.187500 1.875000 0.437500
v -0.187500 1.937500 0.437500
v -0.187500 2.000000 0.437500
v -0.125000 0.062500 -0.312500
v -0.125000 0.000000 -0.312500
v -0.125000 0.000000 -0.250000
v -0.125000 0.125000 -0.312500
v -0.125000 0.125000 -0.250000
v -0.125000 0.687500 -0.312500
v -0.125000 0.625000 -0.312500
v -0.125000 0.625000 -0.250000
v -0.125000 0.750000 -0.312500
v -0.125000 0.750000 -0.250000
v -0.125000 1.312500 -0.312500
v -0.125000 1.250000 -0.312500
v -0.125000 1.250000 -0.250000
v -0.125000 1.375000 -0.312500
v -0.125000 1.375000 -0.250000
v -0.125000 1.937500 -0.312500
v -0.125000 1.875000 -0.312500
v -0.125000 1.875000 -0.250000
v -0.125000 2.000000 -0.312500
v -0.125000 2.000000 -0.250000
v -0.125000 0.000000 -0.187500
v -0.125000 0.125000 -0.187500
v -0.125000 0.625000 -0.187500
v -0.125000 0.750000 -0.187500
v -0.125000 1.250000 -0.187500
v -0.125000 1.375000 -0.187500
v -0.125000 1.875000 -0.187500
v -0.125000 2.000000 -0.187500
v -0.125000 0.000000 -0.125000
v -0.187500 0.187500 -0.125000
v -0.187500 0.187500 -0.187500
v -0.125000 0.187500 -0.187500
v -0.125000 0.187500 -0.125000
v -0.125000 0.125000 -0.125000
v -0.187500 0.250000 -0.125000
v -0.187500 0.250000 -0.187500
v -0.125000 0.250000 -0.187500
v -0.125000 0.250000 -0.125000
v -0.187500 0.312500 -0.125000
v -0.187500 0.312500 -0.187500
v -0.125000 0.312500 -0.187500
v -0.125000 0.312500 -0.125000
v -0.187500 0.375000 -0.125000
v -0.187500 0.375000 -0.187500
v -0.125000 0.375000 -0.187500
v -0.125000 0.375000 -0.125000
v -0.187500 0.437500 -0.125000
v -0.187500 0.437500 -0.187500
v -0.125000 0.437500 -0.187500
v -0.125000 0.437500 -0.125000
v -0.187500 0.500000 -0.125000
v -0.187500 0.500000 -0.187500
v -0.125000 0.500000 -0.187500
v -0.125000 0.500000 -0.125000
v -0.187500 0.562500 -0.125000
v -0.187500 0.562500 -0.187500
v -0.125000 0.562500 -0.187500
v -0.125000 0.562500 -0.125000
v -0.125000 0.625000 -0.125000
v -0.187500 0.812500 -0.125000
v -0.187500 0.812500 -0.187500
v -0.125000 0.812500 -0.187500
v -0.125000 0.812500 -0.125000
v -0.125000 0.750000 -0.125000
v -0.187500 0.875000 -0.125000
v -0.187500 0.875000 -0.187500
v -0.125000 0.875000 -0.187500
v -0.125000 0.875000 -0.125000
v -0.187500 0.937500 -0.125000
v -0.187500 0.937500 -0.187500
v -0.125000 0.937500 -0.187500
v -0.125000 0.937500 -0.125000
v -0.187500 1.000000 -0.125000
v -0.187500 1.000000 -0.187500
v -0.125000 1.000000 -0.187500
v -0.125000 1.000000 -0.125000
v -0.187500 1.062500 -0.125000
v -0.187500 1.062500 -0.187500
v -0.125000 1.062500 -0.187500
v -0.125000 1.062500 -0.125000
v -0.187500 1.125000 -0.125000
v -0.187500 1.125000 -0.187500
v -0.125000 1.125000 -0.187500
v -0.125000 1.125000 -0.125000
v -0.187500 1.187500 -0.125000
v -0.187500 1.187500 -0.187500
v -0.125000 1.187500 -0.187500
v -0.125000 1.187500 -0.125000
v -0.125000 1.250000 -0.125000
v -0.187500 1.437500 -0.125000
v -0.187500 1.437500 -0.187500
v -0.125000 1.437500 -0.187500
v -0.125000 1.437500 -0.125000
v -0.125000 1.375000 -0.125000
v -0.187500 1.500000 -0.125000
v -0.187500 1.500000 -0.187500
v -0.125000 1.500000 -0.187500
v -0.125000 1.500000 -0.125000
v -0.187500 1.562500 -0.125000
v -0.187500 1.562500 -0.187500
v -0.125000 1.562500 -0.187500
v -0.125000 1.562500 -0.125000
v -0.187500 1.625000 -0.125000
v -0.187500 1.625000 -0.187500
v -0.125000 1.625000 -0.187500
v -0.125000 1.625000 -0.125000
v -0.187500 1.687500 -0.125000
v -0.187500 1.687500 -0.187500
v -0.125000 1.687500 -0.187500
v -0.125000 1.687500 -0.125000
v -0.187500 1.750000 -0.125000
v -0.187500 1.750000 -0.187500
v -0.125000 1.750000 -0.187500
v -0.125000 1.750000 -0.125000
v -0.187500 1.812500 -0.125000
v -0.187500 1.812500 -0.187500
v -0.125000 1.812500 -0.187500
v -0.125000 1.812500 -0.125000
v -0.125000 1.875000 -0.125000
v -0.125000 2.000000 -0.125000
v -0.125000 0.000000 -0.062500
v -0.187500 0.187500 -0.062500
v -0.125000 0.187500 -0.062500
v -0.125000 0.125000 -0.062500
v -0.187500 0.250000 -0.062500
v -0.125000 0.250000 -0.062500
v -0.187500 0.312500 -0.062500
v -0.125000 0.312500 -0.062500
v -0.187500 0.375000 -0.062500
v -0.125000 0.375000 -0.062500
v -0.187500 0.437500 -0.062500
v -0.125000 0.437500 -0.062500
v -0.187500 0.500000 -0.062500
v -0.125000 0.500000 -0.062500
v -0.187500 0.562500 -0.062500
v -0.125000 0.562500 -0.062500
v -0.125000 0.625000 -0.062500
v -0.187500 0.812500 -0.062500
v -0.125000 0.812500 -0.062500
v -0.125000 0.750000 -0.062500
v -0.187500 0.875000 -0.062500
v -0.125000 0.875000 -0.062500
v -0.187500 0.937500 -0.062500
v -0.125000 0.937500 -0.062500
v -0.187500 1.000000 -0.062500
v -0.125000 1.000000 -0.062500
v -0.187500 1.062500 -0.062500
v -0.125000 1.062500 -0.062500
v -0.187500 1.125000 -0.062500
v -0.125000 1.125000 -0.062500
v -0.187500 1.187500 -0.062500
v -0.125000 1.187500 -0.062500
v -0.125000 1.250000 -0.062500
v -0.187500 1.437500 -0.062500
v -0.125000 1.437500 -0.062500
v -0.125000 1.375000 -0.062500
v -0.187500 1.500000 -0.062500
v -0.125000 1.500000 -0.062500
v -0.187500 1.562500 -0.062500
v -0.125000 1.562500 -0.062500
v -0.187500 1.625000 -0.062500
v -0.125000 1.625000 -0.062500
v -0.187500 1.687500 -0.062500
v -0.125000 1.687500 -0.062500
v -0.187500 1.750000 -0.062500
v -0.125000 1.750000 -0.062500
v -0.187500 1.812500 -0.062500
v -0.125000 1.812500 -0.062500
v -0.125000 1.875000 -0.062500
v -0.125000 2.000000 -0.062500
v -0.125000 0.000000 0.000000
v -0.187500 0.187500 0.000000
v -0.125000 0.187500 0.000000
v -0.125000 0.125000 0.000000
v -0.187500 0.250000 0.000000
v -0.125000 0.250000 0.000000
v -0.187500 0.312500 0.000000
v -0.125000 0.312500 0.000000
v -0.187500 0.375000 0.000000
v -0.125000 0.375000 0.000000
v -0.187500 0.437500 0.000000
v -0.125000 0.437500 0.000000
v -0.187500 0.500000 0.000000
v -0.125000 0.500000 0.000000
v -0.187500 0.562500 0.000000
v -0.125000 0.562500 0.000000
v -0.125000 0.625000 0.000000
v -0.187500 0.812500 0.000000
v -0.125000 0.812500 0.000000
v -0.125000 0.750000 0.000000
v -0.187500 0.875000 0.000000
v -0.125000 0.875000 0.000000
v -0.187500 0.937500 0.000000
v -0.125000 0.937500 0.000000
v -0.187500 1.000000 0.000000
v -0.125000 1.000000 0.000000
v -0.187500 1.062500 0.000000
v -0.125000 1.062500 0.000000
v -0.187500 1.125000 0.000000
v -0.125000 1.125000 0.000000
v -0.187500 1.187500 0.000000
v -0.125000 1.187500 0.000000
v -0.125000 1.250000 0.000000
v -0.187500 1.437500 0.000000
v -0.125000 1.437500 0.000000
v -0.125000 1.375000 0.000000
v -0.187500 1.500000 0.000000
v -0.125000 1.500000 0.000000
v -0.187500 1.562500 0.000000
v -0.125000 1.562500 0.000000
v -0.187500 1.625000 0.000000
v -0.125000 1.625000 0.000000
v -0.187500 1.687500 0.000000
v -0.125000 1.687500 0.000000
v -0.187500 1.750000 0.000000
v -0.125000 1.750000 0.000000
v -0.187500 1.812500 0.000000
v -0.125000 1.812500 0.000000
v -0.125000 1.875000 0.000000
v -0.125000 2.000000 0.000000
v -0.125000 0.000000 0.062500
v -0.187500 0.187500 0.062500
v -0.125000 0.187500 0.062500
v -0.125000 0.125000 0.062500
v -0.187500 0.250000 0.062500
v -0.125000 0.250000 0.062500
v -0.187500 0.312500 0.062500
v -0.125000 0.312500 0.062500
v -0.187500 0.375000 0.062500
v -0.125000 0.375000 0.062500
v -0.187500 0.437500 0.062500
v -0.125000 0.437500 0.062500
v -0.187500 0.500000 0.062500
v -0.125000 0.500000 0.062500
v -0.187500 0.562500 0.062500
v -0.125000 0.562500 0.062500
v -0.125000 0.625000 0.062500
v -0.187500 0.812500 0.062500
v -0.125000 0.812500 0.062500
v -0.125000 0.750000 0.062500
v -0.187500 0.875000 0.062500
v -0.125000 0.875000 0.062500
v -0.187500 0.937500 0.062500
v -0.125000 0.937500 0.062500
v -0.187500 1.000000 0.062500
v -0.125000 1.000000 0.062500
v -0.187500 1.062500 0.062500
v -0.125000 1.062500 0.062500
v -0.187500 1.125000 0.062500
v -0.125000 1.125000 0.062500
v -0.187500 1.187500 0.062500
v -0.125000 1.187500 0.062500
v -0.125000 1.250000 0.062500
v -0.187500 1.437500 0.062500
v -0.125000 1.437500 0.062500
v -0.125000 1.375000 0.062500
v -0.187500 1.500000 0.062500
v -0.125000 1.500000 0.062500
v -0.187500 1.562500 0.062500
v -0.125000 1.562500 0.062500
v -0.187500 1.625000 0.062500
v -0.125000 1.625000 0.062500
v -0.187500 1.687500 0.062500
v -0.125000 1.687500 0.062500
v -0.187500 1.750000 0.062500
v -0.125000 1.750000 0.062500
v -0.187500 1.812500 0.062500
v -0.125000 1.812500 0.062500
v -0.125000 1.875000 0.062500
v -0.125000 2.000000 0.062500
v -0.125000 0.000000 0.125000
v -0.187500 0.187500 0.125000
v -0.125000 0.187500 0.125000
v -0.125000 0.125000 0.125000
v -0.187500 0.250000 0.125000
v -0.125000 0.250000 0.125000
v -0.187500 0.312500 0.125000
v -0.125000 0.312500 0.125000
v -0.187500 0.375000 0.125000
v -0.125000 0.375000 0.125000
v -0.187500 0.437500 0.125000
v -0.125000 0.437500 0.125000
v -0.187500 0.500000 0.125000
v -0.125000 0.500000 0.125000
v -0.187500 0.562500 0.125000
v -0.125000 0.562500 0.125000
v -0.125000 0.625000 0.125000
v -0.187500 0.812500 0.125000
v -0.125000 0.812500 0.125000
v -0.125000 0.750000 0.125000
v -0.187500 0.875000 0.125000
v -0.125000 0.875000 0.125000
v -0.187500 0.937500 0.125000
v -0.125000 0.937500 0.125000
v -0.187500 1.000000 0.125000
v -0.125000 1.000000 0.125000
v -0.187500 1.062500 0.125000
v -0.125000 1.062500 0.125000
v -0.187500 1.125000 0.125000
v -0.125000 1.125000 0.125000
v -0.187500 1.187500 0.125000
v -0.125000 1.187500 0.125000
v -0.125000 1.250000 0.125000
v -0.187500 1.437500 0.125000
v -0.125000 1.437500 0.125000
v -0.125000 1.375000 0.125000
v -0.187500 1.500000 0.125000
v -0.125000 1.500000 0.125000
v -0.187500 1.562500 0.125000
v -0.125000 1.562500 0.125000
v -0.187500 1.625000 0.125000
v -0.125000 1.625000 0.125000
v -0.187500 1.687500 0.125000
v -0.125000 1.687500 0.125000
v -0.187500 1.750000 0.125000
v -0.125000 1.750000 0.125000
v -0.187500 1.812500 0.125000
v -0.125000 1.812500 0.125000
v -0.125000 1.875000 0.125000
v -0.125000 2.000000 0.125000
v -0.125000 0.000000 0.187500
v -0.187500 0.187500 0.187500
v -0.125000 0.187500 0.187500
v -0.125000 0.125000 0.187500
v -0.187500 0.250000 0.187500
v -0.125000 0.250000 0.187500
v -0.187500 0.312500 0.187500
v -0.125000 0.312500 0.187500
v -0.187500 0.375000 0.187500
v -0.125000 0.375000 0.187500
v -0.187500 0.437500 0.187500
v -0.125000 0.437500 0.187500
v -0.187500 0.500000 0.187500
v -0.125000 0.500000 0.187500
v -0.187500 0.562500 0.187500
v -0.125000 0.562500 0.187500
v -0.125000 0.625000 0.187500
v -0.187500 0.812500 0.187500
v -0.125000 0.812500 0.187500
v -0.125000 0.750000 0.187500
v -0.187500 0.875000 0.187500
v -0.125000 0.875000 0.187500
v -0.187500 0.937500 0.187500
v -0.125000 0.937500 0.187500
v -0.187500 1.000000 0.187500
v -0.125000 1.000000 0.187500
v -0.187500 1.062500 0.187500
v -0.125000 1.062500 0.187500
v -0.187500 1.125000 0.187500
v -0.125000 1.125000 0.187500
v -0.187500 1.187500 0.187500
v -0.125000 1.187500 0.187500
v -0.125000 1.250000 0.187500
v -0.187500 1.437500 0.187500
v -0.125000 1.437500 0.187500
v -0.125000 1.375000 0.187500
v -0.187500 1.500000 0.187500
v -0.125000 1.500000 0.187500
v -0.187500 1.562500 0.187500
v -0.125000 1.562500 0.187500
v -0.187500 1.625000 0.187500
v -0.125000 1.625000 0.187500
v -0.187500 1.687500 0.187500
v -0.125000 1.687500 0.187500
v -0.187500 1.750000 0.187500
v -0.125000 1.750000 0.187500
v -0.187500 1.812500 0.187500
v -0.125000 1.812500 0.187500
v -0.125000 1.875000 0.187500
v -0.125000 2.000000 0.187500
v -0.125000 0.000000 0.250000
v -0.125000 0.187500 0.250000
v -0.125000 0.125000 0.250000
v -0.125000 0.250000 0.250000
v -0.125000 0.312500 0.250000
v -0.125000 0.375000 0.250000
v -0.125000 0.437500 0.250000
v -0.125000 0.500000 0.250000
v -0.125000 0.562500 0.250000
v -0.125000 0.625000 0.250000
v -0.125000 0.812500 0.250000
v -0.125000 0.750000 0.250000
v -0.125000 0.875000 0.250000
v -0.125000 0.937500 0.250000
v -0.125000 1.000000 0.250000
v -0.125000 1.062500 0.250000
v -0.125000 1.125000 0.250000
v -0.125000 1.187500 0.250000
v -0.125000 1.250000 0.250000
v -0.125000 1.437500 0.250000
v -0.125000 1.375000 0.250000
v -0.125000 1.500000 0.250000
v -0.125000 1.562500 0.250000
v -0.125000 1.625000 0.250000
v -0.125000 1.687500 0.250000
v -0.125000 1.750000 0.250000
v -0.125000 1.812500 0.250000
v -0.125000 1.875000 0.250000
v -0.125000 2.000000 0.250000
v -0.125000 0.000000 0.312500
v -0.125000 2.000000 0.312500
v -0.125000 0.000000 0.375000
v -0.125000 2.000000 0.375000
v -0.125000 0.000000 0.437500
v -0.125000 0.062500 0.437500
v -0.125000 0.125000 0.437500
v -0.125000 0.187500 0.437500
v -0.125000 0.250000 0.437500
v -0.125000 0.312500 0.437500
v -0.125000 0.375000 0.437500
v -0.125000 0.437500 0.437500
v -0.125000 0.500000 0.437500
v -0.125000 0.562500 0.437500
v -0.125000 0.625000 0.437500
v -0.125000 0.687500 0.437500
v -0.125000 0.750000 0.437500
v -0.125000 0.812500 0.437500
v -0.125000 0.875000 0.437500
v -0.125000 0.937500 0.437500
v -0.125000 1.000000 0.437500
v -0.125000 1.062500 0.437500
v -0.125000 1.125000 0.437500
v -0.125000 1.187500 0.437500
v -0.125000 1.250000 0.437500
v -0.125000 1.312500 0.437500
v -0.125000 1.375000 0.437500
v -0.125000 1.437500 0.437500
v -0.125000 1.500000 0.437500
v -0.125000 1.562500 0.437500
v -0.125000 1.625000 0.437500
v -0.125000 1.687500 0.437500
v -0.125000 1.750000 0.437500
v -0.125000 1.812500 0.437500
v -0.125000 1.875000 0.437500
v -0.125000 1.937500 0.437500
v -0.125000 2.000000 0.437500
v -0.062500 0.062500 -0.312500
v -0.062500 0.000000 -0.312500
v -0.062500 0.000000 -0.250000
v -0.062500 0.125000 -0.312500
v -0.062500 0.125000 -0.250000
v -0.062500 0.687500 -0.312500
v -0.062500 0.625000 -0.312500
v -0.062500 0.625000 -0.250000
v -0.062500 0.750000 -0.312500
v -0.062500 0.750000 -0.250000
v -0.062500 1.312500 -0.312500
v -0.062500 1.250000 -0.312500
v -0.062500 1.250000 -0.250000
v -0.062500 1.375000 -0.312500
v -0.062500 1.375000 -0.250000
v -0.062500 1.937500 -0.312500
v -0.062500 1.875000 -0.312500
v -0.062500 1.875000 -0.250000
v -0.062500 2.000000 -0.312500
v -0.062500 2.000000 -0.250000
v -0.062500 0.000000 -0.187500
v -0.062500 0.125000 -0.187500
v -0.062500 0.625000 -0.187500
v -0.062500 0.750000 -0.187500
v -0.062500 1.250000 -0.187500
v -0.062500 1.375000 -0.187500
v -0.062500 1.875000 -0.187500
v -0.062500 2.000000 -0.187500
v -0.062500 0.000000 -0.125000
v -0.062500 0.125000 -0.125000
v -0.062500 0.625000 -0.125000
v -0.062500 0.750000 -0.125000
v -0.062500 1.250000 -0.125000
v -0.062500 1.375000 -0.125000
v -0.062500 1.875000 -0.125000
v -0.062500 2.000000 -0.125000
v -0.062500 0.000000 -0.062500
v -0.062500 0.125000 -0.062500
v -0.062500 0.625000 -0.062500
v -0.062500 0.750000 -0.062500
v -0.062500 1.250000 -0.062500
v -0.062500 1.375000 -0.062500
v -0.062500 1.875000 -0.062500
v -0.062500 2.000000 -0.062500
v -0.062500 0.000000 0.000000
v -0.062500 0.125000 0.000000
v -0.062500 0.625000 0.000000
v -0.062500 0.750000 0.000000
v -0.062500 1.250000 0.000000
v -0.062500 1.375000 0.000000
v -0.062500 1.875000 0.000000
v -0.062500 2.000000 0.000000
v -0.062500 0.000000 0.062500
v -0.062500 0.125000 0.062500
v -0.062500 0.625000 0.062500
v -0.062500 0.750000 0.062500
v -0.062500 1.250000 0.062500
v -0.062500 1.375000 0.062500
v -0.062500 1.875000 0.062500
v -0.062500 2.000000 0.062500
v -0.062500 0.000000 0.125000
v -0.062500 0.125000 0.125000
v -0.062500 0.625000 0.125000
v -0.062500 0.750000 0.125000
v -0.062500 1.250000 0.125000
v -0.062500 1.375000 0.125000
v -0.062500 1.875000 0.125000
v -0.062500 2.000000 0.125000
v -0.062500 0.000000 0.187500
v -0.062500 0.125000 0.187500
v -0.062500 0.625000 0.187500
v -0.062500 0.750000 0.187500
v -0.062500 1.250000 0.187500
v -0.062500 1.375000 0.187500
v -0.062500 1.875000 0.187500
v -0.062500 2.000000 0.187500
v -0.062500 0.000000 0.250000
v -0.062500 0.125000 0.250000
v -0.062500 0.625000 0.250000
v -0.062500 0.750000 0.250000
v -0.062500 1.250000 0.250000
v -0.062500 1.375000 0.250000
v -0.062500 1.875000 0.250000
v -0.062500 2.000000 0.250000
v -0.062500 0.000000 0.312500
v -0.062500 0.187500 0.250000
v -0.062500 0.250000 0.250000
v -0.062500 0.312500 0.250000
v -0.062500 0.375000 0.250000
v -0.062500 0.437500 0.250000
v -0.062500 0.500000 0.250000
v -0.062500 0.562500 0.250000
v -0.062500 0.812500 0.250000
v -0.062500 0.875000 0.250000
v -0.062500 0.937500 0.250000
v -0.062500 1.000000 0.250000
v -0.062500 1.062500 0.250000
v -0.062500 1.125000 0.250000
v -0.062500 1.187500 0.250000
v -0.062500 1.437500 0.250000
v -0.062500 1.500000 0.250000
v -0.062500 1.562500 0.250000
v -0.062500 1.625000 0.250000
v -0.062500 1.687500 0.250000
v -0.062500 1.750000 0.250000
v -0.062500 1.812500 0.250000
v -0.062500 2.000000 0.312500
v -0.062500 0.000000 0.375000
v -0.062500 2.000000 0.375000
v -0.062500 0.000000 0.437500
v -0.062500 0.062500 0.437500
v -0.062500 0.125000 0.437500
v -0.062500 0.187500 0.437500
v -0.062500 0.250000 0.437500
v -0.062500 0.312500 0.437500
v -0.062500 0.375000 0.437500
v -0.062500 0.437500 0.437500
v -0.062500 0.500000 0.437500
v -0.062500 0.562500 0.437500
v -0.062500 0.625000 0.437500
v -0.062500 0.687500 0.437500
v -0.062500 0.750000 0.437500
v -0.062500 0.812500 0.437500
v -0.062500 0.875000 0.437500
v -0.062500 0.937500 0.437500
v -0.062500 1.000000 0.437500
v -0.062500 1.062500 0.437500
v -0.062500 1.125000 0.437500
v -0.062500 1.187500 0.437500
v -0.062500 1.250000 0.437500
v -0.062500 1.312500 0.437500
v -0.062500 1.375000 0.437500
v -0.062500 1.437500 0.437500
v -0.062500 1.500000 0.437500
v -0.062500 1.562500 0.437500
v -0.062500 1.625000 0.437500
v -0.062500 1.687500 0.437500
v -0.062500 1.750000 0.437500
v -0.062500 1.812500 0.437500
v -0.062500 1.875000 0.437500
v -0.062500 1.937500 0.437500
v -0.062500 2.000000 0.437500
v 0.000000 0.062500 -0.312500
v 0.000000 0.000000 -0.312500
v 0.000000 0.000000 -0.250000
v 0.000000 0.125000 -0.312500
v 0.000000 0.125000 -0.250000
v 0.000000 0.687500 -0.312500
v 0.000000 0.625000 -0.312500
v 0.000000 0.625000 -0.250000
v 0.000000 0.750000 -0.312500
v 0.000000 0.750000 -0.250000
v 0.000000 1.312500 -0.312500
v 0.000000 1.250000 -0.312500
v 0.000000 1.250000 -0.250000
v 0.000000 1.375000 -0.312500
v 0.000000 1.375000 -0.250000
v 0.000000 1.937500 -0.312500
v 0.000000 1.875000 -0.312500
v 0.000000 1.875000 -0.250000
v 0.000000 2.000000 -0.312500
v 0.000000 2.000000 -0.250000
v 0.000000 0.000000 -0.187500
v 0.000000 0.125000 -0.187500
v 0.000000 0.625000 -0.187500
v 0.000000 0.750000 -0.187500
v 0.000000 1.250000 -0.187500
v 0.000000 1.375000 -0.187500
v 0.000000 1.875000 -0.187500
v 0.000000 2.000000 -0.187500
v 0.000000 0.000000 -0.125000
v 0.000000 0.125000 -0.125000
v 0.000000 0.625000 -0.125000
v 0.000000 0.750000 -0.125000
v 0.000000 1.250000 -0.125000
v 0.000000 1.375000 -0.125000
v 0.000000 1.875000 -0.125000
v 0.000000 2.000000 -0.125000
v 0.000000 0.000000 -0.062500
v 0.000000 0.125000 -0.062500
v 0.000000 0.625000 -0.062500
v 0.000000 0.750000 -0.062500
v 0.000000 1.250000 -0.062500
v 0.000000 1.375000 -0.062500
v 0.000000 1.875000 -0.062500
v 0.000000 2.000000 -0.062500
v 0.000000 0.000000 0.000000
v 0.000000 0.125000 0.000000
v 0.000000 0.625000 0.000000
v 0.000000 0.750000 0.000000
v 0.000000 1.250000 0.000000
v 0.000000 1.375000 0.000000
v 0.000000 1.875000 0.000000
v 0.000000 2.000000 0.000000
v 0.000000 0.000000 0.062500
v 0.000000 0.125000 0.062500
v 0.000000 0.625000 0.062500
v 0.000000 0.750000 0.062500
v 0.000000 1.250000 0.062500
v 0.000000 1.375000 0.062500
v 0.000000 1.875000 0.062500
v 0.000000 2.000000 0.062500
v 0.000000 0.000000 0.125000
v 0.000000 0.125000 0.125000
v 0.000000 0.625000 0.125000
v 0.000000 0.750000 0.125000
v 0.000000 1.250000 0.125000
v 0.000000 1.375000 0.125000
v 0.000000 1.875000 0.125000
v 0.000000 2.000000 0.125000
v 0.000000 0.000000 0.187500
v 0.000000 0.125000 0.187500
v 0.000000 0.625000 0.187500
v 0.000000 0.750000 0.187500
v 0.000000 1.250000 0.187500
v 0.000000 1.375000 0.187500
v 0.000000 1.875000 0.187500
v 0.000000 2.000000 0.187500
v 0.000000 0.000000 0.250000
v 0.000000 0.125000 0.250000
v 0.000000 0.625000 0.250000
v 0.000000 0.750000 0.250000
v 0.000000 1.250000 0.250000
v 0.000000 1.375000 0.250000
v 0.000000 1.875000 0.250000
v 0.000000 2.000000 0.250000
v 0.000000 0.000000 0.312500
v 0.000000 0.187500 0.250000
v 0.000000 0.250000 0.250000
v 0.000000 0.312500 0.250000
v 0.000000 0.375000 0.250000
v 0.000000 0.437500 0.250000
v 0.000000 0.500000 0.250000
v 0.000000 0.562500 0.250000
v 0.000000 0.812500 0.250000
v 0.000000 0.875000 0.250000
v 0.000000 0.937500 0.250000
v 0.000000 1.000000 0.250000
v 0.000000 1.062500 0.250000
v 0.000000 1.125000 0.250000
v 0.000000 1.187500 0.250000
v 0.000000 1.437500 0.250000
v 0.000000 1.500000 0.250000
v 0.000000 1.562500 0.250000
v 0.000000 1.625000 0.250000
v 0.000000 1.687500 0.250000
v 0.000000 1.750000 0.250000
v 0.000000 1.812500 0.250000
v 0.000000 2.000000 0.312500
v 0.000000 0.000000 0.375000
v 0.000000 2.000000 0.375000
v 0.000000 0.000000 0.437500
v 0.000000 0.062500 0.437500
v 0.000000 0.125000 0.437500
v 0.000000 0.187500 0.437500
v 0.000000 0.250000 0.437500
v 0.000000 0.312500 0.437500
v 0.000000 0.375000 0.437500
v 0.000000 0.437500 0.437500
v 0.000000 0.500000 0.437500
v 0.000000 0.562500 0.437500
v 0.000000 0.625000 0.437500
v 0.000000 0.687500 0.437500
v 0.000000 0.750000 0.437500
v 0.000000 0.812500 0.437500
v 0.000000 0.875000 0.437500
v 0.000000 0.937500 0.437500
v 0.000000 1.000000 0.437500
v 0.000000 1.062500 0.437500
v 0.000000 1.125000 0.437500
v 0.000000 1.187500 0.437500
v 0.000000 1.250000 0.437500
v 0.000000 1.312500 0.437500
v 0.000000 1.375000 0.437500
v 0.000000 1.437500 0.437500
v 0.000000 1.500000 0.437500
v 0.000000 1.562500 0.437500
v 0.000000 1.625000 0.437500
v 0.000000 1.687500 0.437500
v 0.000000 1.750000 0.437500
v 0.000000 1.812500 0.437500
v 0.000000 1.875000 0.437500
v 0.000000 1.937500 0.437500
v 0.000000 2.000000 0.437500
v 0.062500 0.062500 -0.312500
v 0.062500 0.000000 -0.312500
v 0.062500 0.000000 -0.250000
v 0.062500 0.125000 -0.312500
v 0.062500 0.125000 -0.250000
v 0.062500 0.687500 -0.312500
v 0.062500 0.625000 -0.312500
v 0.062500 0.625000 -0.250000
v 0.062500 0.750000 -0.312500
v 0.062500 0.750000 -0.250000
v 0.062500 1.312500 -0.312500
v 0.062500 1.250000 -0.312500
v 0.062500 1.250000 -0.250000
v 0.062500 1.375000 -0.312500
v 0.062500 1.375000 -0.250000
v 0.062500 1.937500 -0.312500
v 0.062500 1.875000 -0.312500
v 0.062500 1.875000 -0.250000
v 0.062500 2.000000 -0.312500
v 0.062500 2.000000 -0.250000
v 0.062500 0.000000 -0.187500
v 0.062500 0.125000 -0.187500
v 0.062500 0.625000 -0.187500
v 0.062500 0.750000 -0.187500
v 0.062500 1.250000 -0.187500
v 0.062500 1.375000 -0.187500
v 0.062500 1.875000 -0.187500
v 0.062500 2.000000 -0.187500
v 0.062500 0.000000 -0.125000
v 0.000000 0.187500 -0.125000
v 0.000000 0.187500 -0.187500
v 0.062500 0.187500 -0.187500
v 0.062500 0.187500 -0.125000
v 0.062500 0.125000 -0.125000
v 0.000000 0.250000 -0.125000
v 0.000000 0.250000 -0.187500
v 0.062500 0.250000 -0.187500
v 0.062500 0.250000 -0.125000
v 0.000000 0.312500 -0.125000
v 0.000000 0.312500 -0.187500
v 0.062500 0.312500 -0.187500
v 0.062500 0.312500 -0.125000
v 0.000000 0.375000 -0.125000
v 0.000000 0.375000 -0.187500
v 0.062500 0.375000 -0.187500
v 0.062500 0.375000 -0.125000
v 0.000000 0.437500 -0.125000
v 0.000000 0.437500 -0.187500
v 0.062500 0.437500 -0.187500
v 0.062500 0.437500 -0.125000
v 0.000000 0.500000 -0.125000
v 0.000000 0.500000 -0.187500
v 0.062500 0.500000 -0.187500
v 0.062500 0.500000 -0.125000
v 0.000000 0.562500 -0.125000
v 0.000000 0.562500 -0.187500
v 0.062500 0.562500 -0.187500
v 0.062500 0.562500 -0.125000
v 0.062500 0.625000 -0.125000
v 0.000000 0.812500 -0.125000
v 0.000000 0.812500 -0.187500
v 0.062500 0.812500 -0.187500
v 0.062500 0.812500 -0.125000
v 0.062500 0.750000 -0.125000
v 0.000000 0.875000 -0.125000
v 0.000000 0.875000 -0.187500
v 0.062500 0.875000 -0.187500
v 0.062500 0.875000 -0.125000
v 0.000000 0.937500 -0.125000
v 0.000000 0.937500 -0.187500
v 0.062500 0.937500 -0.187500
v 0.062500 0.937500 -0.125000
v 0.000000 1.000000 -0.125000
v 0.000000 1.000000 -0.187500
v 0.062500 1.000000 -0.187500
v 0.062500 1.000000 -0.125000
v 0.000000 1.062500 -0.125000
v 0.000000 1.062500 -0.187500
v 0.062500 1.062500 -0.187500
v 0.062500 1.062500 -0.125000
v 0.000000 1.125000 -0.125000
v 0.000000 1.125000 -0.187500
v 0.062500 1.125000 -0.187500
v 0.062500 1.125000 -0.125000
v 0.000000 1.187500 -0.125000
v 0.000000 1.187500 -0.187500
v 0.062500 1.187500 -0.187500
v 0.062500 1.187500 -0.125000
v 0.062500 1.250000 -0.125000
v 0.000000 1.437500 -0.125000
v 0.000000 1.437500 -0.187500
v 0.062500 1.437500 -0.187500
v 0.062500 1.437500 -0.125000
v 0.062500 1.375000 -0.125000
v 0.000000 1.500000 -0.125000
v 0.000000 1.500000 -0.187500
v 0.062500 1.500000 -0.187500
v 0.062500 1.500000 -0.125000
v 0.000000 1.562500 -0.125000
v 0.000000 1.562500 -0.187500
v 0.062500 1.562500 -0.187500
v 0.062500 1.562500 -0.125000
v 0.000000 1.625000 -0.125000
v 0.000000 1.625000 -0.187500
v 0.062500 1.625000 -0.187500
v 0.062500 1.625000 -0.125000
v 0.000000 1.687500 -0.125000
v 0.000000 1.687500 -0.187500
v 0.062500 1.687500 -0.187500
v 0.062500 1.687500 -0.125000
v 0.000000 1.750000 -0.125000
v 0.000000 1.750000 -0.187500
v 0.062500 1.750000 -0.187500
v 0.062500 1.750000 -0.125000
v 0.000000 1.812500 -0.125000
v 0.000000 1.812500 -0.187500
v 0.062500 1.812500 -0.187500
v 0.062500 1.812500 -0.125000
v 0.062500 1.875000 -0.125000
v 0.062500 2.000000 -0.125000
v 0.062500 0.000000 -0.062500
v 0.000000 0.187500 -0.062500
v 0.062500 0.187500 -0.062500
v 0.062500 0.125000 -0.062500
v 0.000000 0.250000 -0.062500
v 0.062500 0.250000 -0.062500
v 0.000000 0.312500 -0.062500
v 0.062500 0.312500 -0.062500
v 0.000000 0.375000 -0.062500
v 0.062500 0.375000 -0.062500
v 0.000000 0.437500 -0.062500
v 0.062500 0.437500 -0.062500
v 0.000000 0.500000 -0.062500
v 0.062500 0.500000 -0.062500
v 0.000000 0.562500 -0.062500
v 0.062500 0.562500 -0.062500
v 0.062500 0.625000 -0.062500
v 0.000000 0.812500 -0.062500
v 0.062500 0.812500 -0.062500
v 0.062500 0.750000 -0.062500
v 0.000000 0.875000 -0.062500
v 0.062500 0.875000 -0.062500
v 0.000000 0.937500 -0.062500
v 0.062500 0.937500 -0.062500
v 0.000000 1.000000 -0.062500
v 0.062500 1.000000 -0.062500
v 0.000000 1.062500 -0.062500
v 0.062500 1.062500 -0.062500
v 0.000000 1.125000 -0.062500
v 0.062500 1.125000 -0.062500
v 0.000000 1.187500 -0.062500
v 0.062500 1.187500 -0.062500
v 0.062500 1.250000 -0.062500
v 0.000000 1.437500 -0.062500
v 0.062500 1.437500 -0.062500
v 0.062500 1.375000 -0.062500
v 0.000000 1.500000 -0.062500
v 0.062500 1.500000 -0.062500
v 0.000000 1.562500 -0.062500
v 0.062500 1.562500 -0.062500
v 0.000000 1.625000 -0.062500
v 0.062500 1.625000 -0.062500
v 0.000000 1.687500 -0.062500
v 0.062500 1.687500 -0.062500
v 0.000000 1.750000 -0.062500
v 0.062500 1.750000 -0.062500
v 0.000000 1.812500 -0.062500
v 0.062500 1.812500 -0.062500
v 0.062500 1.875000 -0.062500
v 0.062500 2.000000 -0.062500
v 0.062500 0.000000 0.000000
v 0.000000 0.187500 0.000000
v 0.062500 0.187500 0.000000
v 0.062500 0.125000 0.000000
v 0.000000 0.250000 0.000000
v 0.062500 0.250000 0.000000
v 0.000000 0.312500 0.000000
v 0.062500 0.312500 0.000000
v 0.000000 0.375000 0.000000
v 0.062500 0.375000 0.000000
v 0.000000 0.437500 0.000000
v 0.062500 0.437500 0.000000
v 0.000000 0.500000 0.000000
v 0.062500 0.500000 0.000000
v 0.000000 0.562500 0.000000
v 0.062500 0.562500 0.000000
v 0.062500 0.625000 0.000000
v 0.000000 0.812500 0.000000
v 0.062500 0.812500 0.000000
v 0.062500 0.750000 0.000000
v 0.000000 0.875000 0.000000
v 0.062500 0.875000 0.000000
v 0.000000 0.937500 0.000000
v 0.062500 0.937500 0.000000
v 0.000000 1.000000 0.000000
v 0.062500 1.000000 0.000000
v 0.000000 1.062500 0.000000
v 0.062500 1.062500 0.000000
v 0.000000 1.125000 0.000000
v 0.062500 1.125000 0.000000
v 0.000000 1.187500 0.000000
v 0.062500 1.187500 0.000000
v 0.062500 1.250000 0.000000
v 0.000000 1.437500 0.000000
v 0.062500 1.437500 0.000000
v 0.062500 1.375000 0.000000
v 0.000000 1.500000 0.000000
v 0.062500 1.500000 0.000000
v 0.000000 1.562500 0.000000
v 0.062500 1.562500 0.000000
v 0.000000 1.625000 0.000000
v 0.062500 1.625000 0.000000
v 0.000000 1.687500 0.000000
v 0.062500 1.687500 0.000000
v 0.000000 1.750000 0.000000
v 0.062500 1.750000 0.000000
v 0.000000 1.812500 0.000000
v 0.062500 1.812500 0.000000
v 0.062500 1.875000 0.000000
v 0.062500 2.000000 0.000000
v 0.062500 0.000000 0.062500
v 0.000000 0.187500 0.062500
v 0.062500 0.187500 0.062500
v 0.062500 0.125000 0.062500
v 0.000000 0.250000 0.062500
v 0.062500 0.250000 0.062500
v 0.000000 0.312500 0.062500
v 0.062500 0.312500 0.062500
v 0.000000 0.375000 0.062500
v 0.062500 0.375000 0.062500
v 0.000000 0.437500 0.062500
v 0.062500 0.437500 0.062500
v 0.000000 0.500000 0.062500
v 0.062500 0.500000 0.062500
v 0.000000 0.562500 0.062500
v 0.062500 0.562500 0.062500
v 0.062500 0.625000 0.062500
v 0.000000 0.812500 0.062500
v 0.062500 0.812500 0.062500
v 0.062500 0.750000 0.062500
v 0.000000 0.875000 0.062500
v 0.062500 0.875000 0.062500
v 0.000000 0.937500 0.062500
v 0.062500 0.937500 0.062500
v 0.000000 1.000000 0.062500
v 0.062500 1.000000 0.062500
v 0.000000 1.062500 0.062500
v 0.062500 1.062500 0.062500
v 0.000000 1.125000 0.062500
v 0.062500 1.125000 0.062500
v 0.000000 1.187500 0.062500
v 0.062500 1.187500 0.062500
v 0.062500 1.250000 0.062500
v 0.000000 1.437500 0.062500
v 0.062500 1.437500 0.062500
v 0.062500 1.375000 0.062500
v 0.000000 1.500000 0.062500
v 0.062500 1.500000 0.062500
v 0.000000 1.562500 0.062500
v 0.062500 1.562500 0.062500
v 0.000000 1.625000 0.062500
v 0.062500 1.625000 0.062500
v 0.000000 1.687500 0.062500
v 0.062500 1.687500 0.062500
v 0.000000 1.750000 0.062500
v 0.062500 1.750000 0.062500
v 0.000000 1.812500 0.062500
v 0.062500 1.812500 0.062500
v 0.062500 1.875000 0.062500
v 0.062500 2.000000 0.062500
v 0.062500 0.000000 0.125000
v 0.000000 0.187500 0.125000
v 0.062500 0.187500 0.125000
v 0.062500 0.125000 0.125000
v 0.000000 0.250000 0.125000
v 0.062500 0.250000 0.125000
v 0.000000 0.312500 0.125000
v 0.062500 0.312500 0.125000
v 0.000000 0.375000 0.125000
v 0.062500 0.375000 0.125000
v 0.000000 0.437500 0.125000
v 0.062500 0.437500 0.125000
v 0.000000 0.500000 0.125000
v 0.062500 0.500000 0.125000
v 0.000000 0.562500 0.125000
v 0.062500 0.562500 0.125000
v 0.062500 0.625000 0.125000
v 0.000000 0.812500 0.125000
v 0.062500 0.812500 0.125000
v 0.062500 0.750000 0.125000
v 0.000000 0.875000 0.125000
v 0.062500 0.875000 0.125000
v 0.000000 0.937500 0.125000
v 0.062500 0.937500 0.125000
v 0.000000 1.000000 0.125000
v 0.062500 1.000000 0.125000
v 0.000000 1.062500 0.125000
v 0.062500 1.062500 0.125000
v 0.000000 1.125000 0.125000
v 0.062500 1.125000 0.125000
v 0.000000 1.187500 0.125000
v 0.062500 1.187500 0.125000
v 0.062500 1.250000 0.125000
v 0.000000 1.437500 0.125000
v 0.062500 1.437500 0.125000
v 0.062500 1.375000 0.125000
v 0.000000 1.500000 0.125000
v 0.062500 1.500000 0.125000
v 0.000000 1.562500 0.125000
v 0.062500 1.562500 0.125000
v 0.000000 1.625000 0.125000
v 0.062500 1.625000 0.125000
v 0.000000 1.687500 0.125000
v 0.062500 1.687500 0.125000
v 0.000000 1.750000 0.125000
v 0.062500 1.750000 0.125000
v 0.000000 1.812500 0.125000
v 0.062500 1.812500 0.125000
v 0.062500 1.875000 0.125000
v 0.062500 2.000000 0.125000
v 0.062500 0.000000 0.187500
v 0.000000 0.187500 0.187500
v 0.062500 0.187500 0.187500
v 0.062500 0.125000 0.187500
v 0.000000 0.250000 0.187500
v 0.062500 0.250000 0.187500
v 0.000000 0.312500 0.187500
v 0.062500 0.312500 0.187500
v 0.000000 0.375000 0.187500
v 0.062500 0.375000 0.187500
v 0.000000 0.437500 0.187500
v 0.062500 0.437500 0.187500
v 0.000000 0.500000 0.187500
v 0.062500 0.500000 0.187500
v 0.000000 0.562500 0.187500
v 0.062500 0.562500 0.187500
v 0.062500 0.625000 0.187500
v 0.000000 0.812500 0.187500
v 0.062500 0.812500 0.187500
v 0.062500 0.750000 0.187500
v 0.000000 0.875000 0.187500
v 0.062500 0.875000 0.187500
v 0.000000 0.937500 0.187500
v 0.062500 0.937500 0.187500
v 0.000000 1.000000 0.187500
v 0.062500 1.000000 0.187500
v 0.000000 1.062500 0.187500
v 0.062500 1.062500 0.187500
v 0.000000 1.125000 0.187500
v 0.062500 1.125000 0.187500
v 0.000000 1.187500 0.187500
v 0.062500 1.187500 0.187500
v 0.062500 1.250000 0.187500
v 0.000000 1.437500 0.187500
v 0.062500 1.437500 0.187500
v 0.062500 1.375000 0.187500
v 0.000000 1.500000 0.187500
v 0.062500 1.500000 0.187500
v 0.000000 1.562500 0.187500
v 0.062500 1.562500 0.187500
v 0.000000 1.625000 0.187500
v 0.062500 1.625000 0.187500
v 0.000000 1.687500 0.187500
v 0.062500 1.687500 0.187500
v 0.000000 1.750000 0.187500
v 0.062500 1.750000 0.187500
v 0.000000 1.812500 0.187500
v 0.062500 1.812500 0.187500
v 0.062500 1.875000 0.187500
v 0.062500 2.000000 0.187500
v 0.062500 0.000000 0.250000
v 0.062500 0.187500 0.250000
v 0.062500 0.125000 0.250000
v 0.062500 0.250000 0.250000
v 0.062500 0.312500 0.250000
v 0.062500 0.375000 0.250000
v 0.062500 0.437500 0.250000
v 0.062500 0.500000 0.250000
v 0.062500 0.562500 0.250000
v 0.062500 0.625000 0.250000
v 0.062500 0.812500 0.250000
v 0.062500 0.750000 0.250000
v 0.062500 0.875000 0.250000
v 0.062500 0.937500 0.250000
v 0.062500 1.000000 0.250000
v 0.062500 1.062500 0.250000
v 0.062500 1.125000 0.250000
v 0.062500 1.187500 0.250000
v 0.062500 1.250000 0.250000
v 0.062500 1.437500 0.250000
v 0.062500 1.375000 0.250000
v 0.062500 1.500000 0.250000
v 0.062500 1.562500 0.250000
v 0.062500 1.625000 0.250000
v 0.062500 1.687500 0.250000
v 0.062500 1.750000 0.250000
v 0.062500 1.812500 0.250000
v 0.062500 1.875000 0.250000
v 0.062500 2.000000 0.250000
v 0.062500 0.000000 0.312500
v 0.062500 2.000000 0.312500
v 0.062500 0.000000 0.375000
v 0.062500 2.000000 0.375000
v 0.062500 0.000000 0.437500
v 0.062500 0.062500 0.437500
v 0.062500 0.125000 0.437500
v 0.062500 0.187500 0.437500
v 0.062500 0.250000 0.437500
v 0.062500 0.312500 0.437500
v 0.062500 0.375000 0.437500
v 0.062500 0.437500 0.437500
v 0.062500 0.500000 0.437500
v 0.062500 0.562500 0.437500
v 0.062500 0.625000 0.437500
v 0.062500 0.687500 0.437500
v 0.062500 0.750000 0.437500
v 0.062500 0.812500 0.437500
v 0.062500 0.875000 0.437500
v 0.062500 0.937500 0.437500
v 0.062500 1.000000 0.437500
v 0.062500 1.062500 0.437500
v 0.062500 1.125000 0.437500
v 0.062500 1.187500 0.437500
v 0.062500 1.250000 0.437500
v 0.062500 1.312500 0.437500
v 0.062500 1.375000 0.437500
v 0.062500 1.437500 0.437500
v 0.062500 1.500000 0.437500
v 0.062500 1.562500 0.437500
v 0.062500 1.625000 0.437500
v 0.062500 1.687500 0.437500
v 0.062500 1.750000 0.437500
v 0.062500 1.812500 0.437500
v 0.062500 1.875000 0.437500
v 0.062500 1.937500 0.437500
v 0.062500 2.000000 0.437500
v 0.125000 0.062500 -0.312500
v 0.125000 0.000000 -0.312500
v 0.125000 0.000000 -0.250000
v 0.125000 0.125000 -0.312500
v 0.125000 0.125000 -0.250000
v 0.125000 0.687500 -0.312500
v 0.125000 0.625000 -0.312500
v 0.125000 0.625000 -0.250000
v 0.125000 0.750000 -0.312500
v 0.125000 0.750000 -0.250000
v 0.125000 1.312500 -0.312500
v 0.125000 1.250000 -0.312500
v 0.125000 1.250000 -0.250000
v 0.125000 1.375000 -0.312500
v 0.125000 1.375000 -0.250000
v 0.125000 1.937500 -0.312500
v 0.125000 1.875000 -0.312500
v 0.125000 1.875000 -0.250000
v 0.125000 2.000000 -0.312500
v 0.125000 2.000000 -0.250000
v 0.125000 0.000000 -0.187500
v 0.125000 0.125000 -0.187500
v 0.125000 0.625000 -0.187500
v 0.125000 0.750000 -0.187500
v 0.125000 1.250000 -0.187500
v 0.125000 1.375000 -0.187500
v 0.125000 1.875000 -0.187500
v 0.125000 2.000000 -0.187500
v 0.125000 0.000000 -0.125000
v 0.125000 0.125000 -0.125000
v 0.125000 0.625000 -0.125000
v 0.125000 0.750000 -0.125000
v 0.125000 1.250000 -0.125000
v 0.125000 1.375000 -0.125000
v 0.125000 1.875000 -0.125000
v 0.125000 2.000000 -0.125000
v 0.125000 0.000000 -0.062500
v 0.125000 0.125000 -0.062500
v 0.125000 0.625000 -0.062500
v 0.125000 0.750000 -0.062500
v 0.125000 1.250000 -0.062500
v 0.125000 1.375000 -0.062500
v 0.125000 1.875000 -0.062500
v 0.125000 2.000000 -0.062500
v 0.125000 0.000000 0.000000
v 0.125000 0.125000 0.000000
v 0.125000 0.625000 0.000000
v 0.125000 0.750000 0.000000
v 0.125000 1.250000 0.000000
v 0.125000 1.375000 0.000000
v 0.125000 1.875000 0.000000
v 0.125000 2.000000 0.000000
v 0.125000 0.000000 0.062500
v 0.125000 0.125000 0.062500
v 0.125000 0.625000 0.062500
v 0.125000 0.750000 0.062500
v 0.125000 1.250000 0.062500
v 0.125000 1.375000 0.062500
v 0.125000 1.875000 0.062500
v 0.125000 2.000000 0.062500
v 0.125000 0.000000 0.125000
v 0.125000 0.125000 0.125000
v 0.125000 0.625000 0.125000
v 0.125000 0.750000 0.125000
v 0.125000 1.250000 0.125000
v 0.125000 1.375000 0.125000
v 0.125000 1.875000 0.125000
v 0.125000 2.000000 0.125000
v 0.125000 0.000000 0.187500
v 0.125000 0.125000 0.187500
v 0.125000 0.625000 0.187500
v 0.125000 0.750000 0.187500
v 0.125000 1.250000 0.187500
v 0.125000 1.375000 0.187500
v 0.125000 1.875000 0.187500
v 0.125000 2.000000 0.187500
v 0.125000 0.000000 0.250000
v 0.125000 0.125000 0.250000
v 0.125000 0.625000 0.250000
v 0.125000 0.750000 0.250000
v 0.125000 1.250000 0.250000
v 0.125000 1.375000 0.250000
v 0.125000 1.875000 0.250000
v 0.125000 2.000000 0.250000
v 0.125000 0.000000 0.312500
v 0.125000 0.187500 0.250000
v 0.125000 0.250000 0.250000
v 0.125000 0.312500 0.250000
v 0.125000 0.375000 0.250000
v 0.125000 0.437500 0.250000
v 0.125000 0.500000 0.250000
v 0.125000 0.562500 0.250000
v 0.125000 0.812500 0.250000
v 0.125000 0.875000 0.250000
v 0.125000 0.937500 0.250000
v 0.125000 1.000000 0.250000
v 0.125000 1.062500 0.250000
v 0.125000 1.125000 0.250000
v 0.125000 1.187500 0.250000
v 0.125000 1.437500 0.250000
v 0.125000 1.500000 0.250000
v 0.125000 1.562500 0.250000
v 0.125000 1.625000 0.250000
v 0.125000 1.687500 0.250000
v 0.125000 1.750000 0.250000
v 0.125000 1.812500 0.250000
v 0.125000 2.000000 0.312500
v 0.125000 0.000000 0.375000
v 0.125000 2.000000 0.375000
v 0.125000 0.000000 0.437500
v 0.125000 0.062500 0.437500
v 0.125000 0.125000 0.437500
v 0.125000 0.187500 0.437500
v 0.125000 0.250000 0.437500
v 0.125000 0.312500 0.437500
v 0.125000 0.375000 0.437500
v 0.125000 0.437500 0.437500
v 0.125000 0.500000 0.437500
v 0.125000 0.562500 0.437500
v 0.125000 0.625000 0.437500
v 0.125000 0.687500 0.437500
v 0.125000 0.750000 0.437500
v 0.125000 0.812500 0.437500
v 0.125000 0.875000 0.437500
v 0.125000 0.937500 0.437500
v 0.125000 1.000000 0.437500
v 0.125000 1.062500 0.437500
v 0.125000 1.125000 0.437500
v 0.125000 1.187500 0.437500
v 0.125000 1.250000 0.437500
v 0.125000 1.312500 0.437500
v 0.125000 1.375000 0.437500
v 0.125000 1.437500 0.437500
v 0.125000 1.500000 0.437500
v 0.125000 1.562500 0.437500
v 0.125000 1.625000 0.437500
v 0.125000 1.687500 0.437500
v 0.125000 1.750000 0.437500
v 0.125000 1.812500 0.437500
v 0.125000 1.875000 0.437500
v 0.125000 1.937500 0.437500
v 0.125000 2.000000 0.437500
v 0.187500 0.062500 -0.312500
v 0.187500 0.000000 -0.312500
v 0.187500 0.000000 -0.250000
v 0.187500 0.125000 -0.312500
v 0.187500 0.125000 -0.250000
v 0.187500 0.687500 -0.312500
v 0.187500 0.625000 -0.312500
v 0.187500 0.625000 -0.250000
v 0.187500 0.750000 -0.312500
v 0.187500 0.750000 -0.250000
v 0.187500 1.312500 -0.312500
v 0.187500 1.250000 -0.312500
v 0.187500 1.250000 -0.250000
v 0.187500 1.375000 -0.312500
v 0.187500 1.375000 -0.250000
v 0.187500 1.937500 -0.312500
v 0.187500 1.875000 -0.312500
v 0.187500 1.875000 -0.250000
v 0.187500 2.000000 -0.312500
v 0.187500 2.000000 -0.250000
v 0.187500 0.000000 -0.187500
v 0.187500 0.125000 -0.187500
v 0.187500 0.625000 -0.187500
v 0.187500 0.750000 -0.187500
v 0.187500 1.250000 -0.187500
v 0.187500 1.375000 -0.187500
v 0.187500 1.875000 -0.187500
v 0.187500 2.000000 -0.187500
v 0.187500 0.000000 -0.125000
v 0.125000 0.187500 -0.125000
v 0.125000 0.187500 -0.187500
v 0.187500 0.187500 -0.187500
v 0.187500 0.187500 -0.125000
v 0.187500 0.125000 -0.125000
v 0.125000 0.250000 -0.125000
v 0.125000 0.250000 -0.187500
v 0.187500 0.250000 -0.187500
v 0.187500 0.250000 -0.125000
v 0.125000 0.312500 -0.125000
v 0.125000 0.312500 -0.187500
v 0.187500 0.312500 -0.187500
v 0.187500 0.312500 -0.125000
v 0.125000 0.375000 -0.125000
v 0.125000 0.375000 -0.187500
v 0.187500 0.375000 -0.187500
v 0.187500 0.375000 -0.125000
v 0.125000 0.437500 -0.125000
v 0.125000 0.437500 -0.187500
v 0.187500 0.437500 -0.187500
v 0.187500 0.437500 -0.125000
v 0.125000 0.500000 -0.125000
v 0.125000 0.500000 -0.187500
v 0.187500 0.500000 -0.187500
v 0.187500 0.500000 -0.125000
v 0.187500 0.625000 -0.125000
v 0.125000 0.812500 -0.125000
v 0.125000 0.812500 -0.187500
v 0.187500 0.812500 -0.187500
v 0.187500 0.812500 -0.125000
v 0.187500 0.750000 -0.125000
v 0.125000 0.875000 -0.125000
v 0.125000 0.875000 -0.187500
v 0.187500 0.875000 -0.187500
v 0.187500 0.875000 -0.125000
v 0.125000 0.937500 -0.125000
v 0.125000 0.937500 -0.187500
v 0.187500 0.937500 -0.187500
v 0.187500 0.937500 -0.125000
v 0.125000 1.000000 -0.125000
v 0.125000 1.000000 -0.187500
v 0.187500 1.000000 -0.187500
v 0.187500 1.000000 -0.125000
v 0.125000 1.062500 -0.125000
v 0.125000 1.062500 -0.187500
v 0.187500 1.062500 -0.187500
v 0.187500 1.062500 -0.125000
v 0.125000 1.125000 -0.125000
v 0.125000 1.125000 -0.187500
v 0.187500 1.125000 -0.187500
v 0.187500 1.125000 -0.125000
v 0.187500 1.250000 -0.125000
v 0.125000 1.437500 -0.125000
v 0.125000 1.437500 -0.187500
v 0.187500 1.437500 -0.187500
v 0.187500 1.437500 -0.125000
v 0.187500 1.375000 -0.125000
v 0.125000 1.500000 -0.125000
v 0.125000 1.500000 -0.187500
v 0.187500 1.500000 -0.187500
v 0.187500 1.500000 -0.125000
v 0.125000 1.562500 -0.125000
v 0.125000 1.562500 -0.187500
v 0.187500 1.562500 -0.187500
v 0.187500 1.562500 -0.125000
v 0.125000 1.625000 -0.125000
v 0.125000 1.625000 -0.187500
v 0.187500 1.625000 -0.187500
v 0.187500 1.625000 -0.125000
v 0.125000 1.687500 -0.125000
v 0.125000 1.687500 -0.187500
v 0.187500 1.687500 -0.187500
v 0.187500 1.687500 -0.125000
v 0.125000 1.750000 -0.125000
v 0.125000 1.750000 -0.187500
v 0.187500 1.750000 -0.187500
v 0.187500 1.750000 -0.125000
v 0.187500 1.875000 -0.125000
v 0.187500 2.000000 -0.125000
v 0.187500 0.000000 -0.062500
v 0.125000 0.187500 -0.062500
v 0.187500 0.187500 -0.062500
v 0.187500 0.125000 -0.062500
v 0.125000 0.250000 -0.062500
v 0.187500 0.250000 -0.062500
v 0.125000 0.312500 -0.062500
v 0.187500 0.312500 -0.062500
v 0.125000 0.375000 -0.062500
v 0.187500 0.375000 -0.062500
v 0.125000 0.437500 -0.062500
v 0.187500 0.437500 -0.062500
v 0.125000 0.500000 -0.062500
v 0.187500 0.500000 -0.062500
v 0.187500 0.625000 -0.062500
v 0.125000 0.812500 -0.062500
v 0.187500 0.812500 -0.062500
v 0.187500 0.750000 -0.062500
v 0.125000 0.875000 -0.062500
v 0.187500 0.875000 -0.062500
v 0.125000 0.937500 -0.062500
v 0.187500 0.937500 -0.062500
v 0.125000 1.000000 -0.062500
v 0.187500 1.000000 -0.062500
v 0.125000 1.062500 -0.062500
v 0.187500 1.062500 -0.062500
v 0.125000 1.125000 -0.062500
v 0.187500 1.125000 -0.062500
v 0.187500 1.250000 -0.062500
v 0.125000 1.437500 -0.062500
v 0.187500 1.437500 -0.062500
v 0.187500 1.375000 -0.062500
v 0.125000 1.500000 -0.062500
v 0.187500 1.500000 -0.062500
v 0.125000 1.562500 -0.062500
v 0.187500 1.562500 -0.062500
v 0.125000 1.625000 -0.062500
v 0.187500 1.625000 -0.062500
v 0.125000 1.687500 -0.062500
v 0.187500 1.687500 -0.062500
v 0.125000 1.750000 -0.062500
v 0.187500 1.750000 -0.062500
v 0.187500 1.875000 -0.062500
v 0.187500 2.000000 -0.062500
v 0.187500 0.000000 0.000000
v 0.125000 0.187500 0.000000
v 0.187500 0.187500 0.000000
v 0.187500 0.125000 0.000000
v 0.125000 0.250000 0.000000
v 0.187500 0.250000 0.000000
v 0.125000 0.312500 0.000000
v 0.187500 0.312500 0.000000
v 0.125000 0.375000 0.000000
v 0.187500 0.375000 0.000000
v 0.125000 0.437500 0.000000
v 0.187500 0.437500 0.000000
v 0.125000 0.500000 0.000000
v 0.187500 0.500000 0.000000
v 0.187500 0.625000 0.000000
v 0.125000 0.812500 0.000000
v 0.187500 0.812500 0.000000
v 0.187500 0.750000 0.000000
v 0.125000 0.875000 0.000000
v 0.187500 0.875000 0.000000
v 0.125000 0.937500 0.000000
v 0.187500 0.937500 0.000000
v 0.125000 1.000000 0.000000
v 0.187500 1.000000 0.000000
v 0.125000 1.062500 0.000000
v 0.187500 1.062500 0.000000
v 0.125000 1.125000 0.000000
v 0.187500 1.125000 0.000000
v 0.187500 1.250000 0.000000
v 0.125000 1.437500 0.000000
v 0.187500 1.437500 0.000000
v 0.187500 1.375000 0.000000
v 0.125000 1.500000 0.000000
v 0.187500 1.500000 0.000000
v 0.125000 1.562500 0.000000
v 0.187500 1.562500 0.000000
v 0.125000 1.625000 0.000000
v 0.187500 1.625000 0.000000
v 0.125000 1.687500 0.000000
v 0.187500 1.687500 0.000000
v 0.125000 1.750000 0.000000
v 0.187500 1.750000 0.000000
v 0.187500 1.875000 0.000000
v 0.187500 2.000000 0.000000
v 0.187500 0.000000 0.062500
v 0.125000 0.187500 0.062500
v 0.187500 0.187500 0.062500
v 0.187500 0.125000 0.062500
v 0.125000 0.250000 0.062500
v 0.187500 0.250000 0.062500
v 0.125000 0.312500 0.062500
v 0.187500 0.312500 0.062500
v 0.125000 0.375000 0.062500
v 0.187500 0.375000 0.062500
v 0.125000 0.437500 0.062500
v 0.187500 0.437500 0.062500
v 0.125000 0.500000 0.062500
v 0.187500 0.500000 0.062500
v 0.187500 0.625000 0.062500
v 0.125000 0.812500 0.062500
v 0.187500 0.812500 0.062500
v 0.187500 0.750000 0.062500
v 0.125000 0.875000 0.062500
v 0.187500 0.875000 0.062500
v 0.125000 0.937500 0.062500
v 0.187500 0.937500 0.062500
v 0.125000 1.000000 0.062500
v 0.187500 1.000000 0.062500
v 0.125000 1.062500 0.062500
v 0.187500 1.062500 0.062500
v 0.125000 1.125000 0.062500
v 0.187500 1.125000 0.062500
v 0.187500 1.250000 0.062500
v 0.125000 1.437500 0.062500
v 0.187500 1.437500 0.062500
v 0.187500 1.375000 0.062500
v 0.125000 1.500000 0.062500
v 0.187500 1.500000 0.062500
v 0.125000 1.562500 0.062500
v 0.187500 1.562500 0.062500
v 0.125000 1.625000 0.062500
v 0.187500 1.625000 0.062500
v 0.125000 1.687500 0.062500
v 0.187500 1.687500 0.062500
v 0.125000 1.750000 0.062500
v 0.187500 1.750000 0.062500
v 0.187500 1.875000 0.062500
v 0.187500 2.000000 0.062500
v 0.187500 0.000000 0.125000
v 0.125000 0.187500 0.125000
v 0.187500 0.187500 0.125000
v 0.187500 0.125000 0.125000
v 0.125000 0.250000 0.125000
v 0.187500 0.250000 0.125000
v 0.125000 0.312500 0.125000
v 0.187500 0.312500 0.125000
v 0.125000 0.375000 0.125000
v 0.187500 0.375000 0.125000
v 0.125000 0.437500 0.125000
v 0.187500 0.437500 0.125000
v 0.125000 0.500000 0.125000
v 0.187500 0.500000 0.125000
v 0.187500 0.625000 0.125000
v 0.125000 0.812500 0.125000
v 0.187500 0.812500 0.125000
v 0.187500 0.750000 0.125000
v 0.125000 0.875000 0.125000
v 0.187500 0.875000 0.125000
v 0.125000 0.937500 0.125000
v 0.187500 0.937500 0.125000
v 0.125000 1.000000 0.125000
v 0.187500 1.000000 0.125000
v 0.125000 1.062500 0.125000
v 0.187500 1.062500 0.125000
v 0.125000 1.125000 0.125000
v 0.187500 1.125000 0.125000
v 0.187500 1.250000 0.125000
v 0.125000 1.437500 0.125000
v 0.187500 1.437500 0.125000
v 0.187500 1.375000 0.125000
v 0.125000 1.500000 0.125000
v 0.187500 1.500000 0.125000
v 0.125000 1.562500 0.125000
v 0.187500 1.562500 0.125000
v 0.125000 1.625000 0.125000
v 0.187500 1.625000 0.125000
v 0.125000 1.687500 0.125000
v 0.187500 1.687500 0.125000
v 0.125000 1.750000 0.125000
v 0.187500 1.750000 0.125000
v 0.187500 1.875000 0.125000
v 0.187500 2.000000 0.125000
v 0.187500 0.000000 0.187500
v 0.125000 0.187500 0.187500
v 0.187500 0.187500 0.187500
v 0.187500 0.125000 0.187500
v 0.125000 0.250000 0.187500
v 0.187500 0.250000 0.187500
v 0.125000 0.312500 0.187500
v 0.187500 0.312500 0.187500
v 0.125000 0.375000 0.187500
v 0.187500 0.375000 0.187500
v 0.125000 0.437500 0.187500
v 0.187500 0.437500 0.187500
v 0.125000 0.500000 0.187500
v 0.187500 0.500000 0.187500
v 0.187500 0.625000 0.187500
v 0.125000 0.812500 0.187500
v 0.187500 0.812500 0.187500
v 0.187500 0.750000 0.187500
v 0.125000 0.875000 0.187500
v 0.187500 0.875000 0.187500
v 0.125000 0.937500 0.187500
v 0.187500 0.937500 0.187500
v 0.125000 1.000000 0.187500
v 0.187500 1.000000 0.187500
v 0.125000 1.062500 0.187500
v 0.187500 1.062500 0.187500
v 0.125000 1.125000 0.187500
v 0.187500 1.125000 0.187500
v 0.187500 1.250000 0.187500
v 0.125000 1.437500 0.187500
v 0.187500 1.437500 0.187500
v 0.187500 1.375000 0.187500
v 0.125000 1.500000 0.187500
v 0.187500 1.500000 0.187500
v 0.125000 1.562500 0.187500
v 0.187500 1.562500 0.187500
v 0.125000 1.625000 0.187500
v 0.187500 1.625000 0.187500
v 0.125000 1.687500 0.187500
v 0.187500 1.687500 0.187500
v 0.125000 1.750000 0.187500
v 0.187500 1.750000 0.187500
v 0.187500 1.875000 0.187500
v 0.187500 2.000000 0.187500
v 0.187500 0.000000 0.250000
v 0.187500 0.187500 0.250000
v 0.187500 0.125000 0.250000
v 0.187500 0.250000 0.250000
v 0.187500 0.312500 0.250000
v 0.187500 0.375000 0.250000
v 0.187500 0.437500 0.250000
v 0.187500 0.500000 0.250000
v 0.187500 0.625000 0.250000
v 0.187500 0.812500 0.250000
v 0.187500 0.750000 0.250000
v 0.187500 0.875000 0.250000
v 0.187500 0.937500 0.250000
v 0.187500 1.000000 0.250000
v 0.187500 1.062500 0.250000
v 0.187500 1.125000 0.250000
v 0.187500 1.250000 0.250000
v 0.187500 1.437500 0.250000
v 0.187500 1.375000 0.250000
v 0.187500 1.500000 0.250000
v 0.187500 1.562500 0.250000
v 0.187500 1.625000 0.250000
v 0.187500 1.687500 0.250000
v 0.187500 1.750000 0.250000
v 0.187500 1.875000 0.250000
v 0.187500 2.000000 0.250000
v 0.187500 0.000000 0.312500
v 0.187500 0.562500 0.250000
v 0.187500 1.187500 0.250000
v 0.187500 1.812500 0.250000
v 0.187500 2.000000 0.312500
v 0.187500 0.000000 0.375000
v 0.187500 2.000000 0.375000
v 0.187500 0.000000 0.437500
v 0.187500 0.062500 0.437500
v 0.187500 0.125000 0.437500
v 0.187500 0.187500 0.437500
v 0.187500 0.250000 0.437500
v 0.187500 0.312500 0.437500
v 0.187500 0.375000 0.437500
v 0.187500 0.437500 0.437500
v 0.187500 0.500000 0.437500
v 0.187500 0.562500 0.437500
v 0.187500 0.625000 0.437500
v 0.187500 0.687500 0.437500
v 0.187500 0.750000 0.437500
v 0.187500 0.812500 0.437500
v 0.187500 0.875000 0.437500
v 0.187500 0.937500 0.437500
v 0.187500 1.000000 0.437500
v 0.187500 1.062500 0.437500
v 0.187500 1.125000 0.437500
v 0.187500 1.187500 0.437500
v 0.187500 1.250000 0.437500
v 0.187500 1.312500 0.437500
v 0.187500 1.375000 0.437500
v 0.187500 1.437500 0.437500
v 0.187500 1.500000 0.437500
v 0.187500 1.562500 0.437500
v 0.187500 1.625000 0.437500
v 0.187500 1.687500 0.437500
v 0.187500 1.750000 0.437500
v 0.187500 1.812500 0.437500
v 0.187500 1.875000 0.437500
v 0.187500 1.937500 0.437500
v 0.187500 2.000000 0.437500
v 0.250000 0.062500 -0.312500
v 0.250000 0.000000 -0.312500
v 0.250000 0.000000 -0.250000
v 0.250000 0.125000 -0.312500
v 0.250000 0.125000 -0.250000
v 0.250000 0.687500 -0.312500
v 0.250000 0.625000 -0.312500
v 0.250000 0.625000 -0.250000
v 0.250000 0.750000 -0.312500
v 0.250000 0.750000 -0.250000
v 0.250000 1.312500 -0.312500
v 0.250000 1.250000 -0.312500
v 0.250000 1.250000 -0.250000
v 0.250000 1.375000 -0.312500
v 0.250000 1.375000 -0.250000
v 0.250000 1.937500 -0.312500
v 0.250000 1.875000 -0.312500
v 0.250000 1.875000 -0.250000
v 0.250000 2.000000 -0.312500
v 0.250000 2.000000 -0.250000
v 0.250000 0.000000 -0.187500
v 0.250000 0.125000 -0.187500
v 0.250000 0.625000 -0.187500
v 0.250000 0.750000 -0.187500
v 0.250000 1.250000 -0.187500
v 0.250000 1.375000 -0.187500
v 0.250000 1.875000 -0.187500
v 0.250000 2.000000 -0.187500
v 0.250000 0.000000 -0.125000
v 0.250000 0.125000 -0.125000
v 0.250000 0.625000 -0.125000
v 0.250000 0.750000 -0.125000
v 0.250000 1.250000 -0.125000
v 0.250000 1.375000 -0.125000
v 0.250000 1.875000 -0.125000
v 0.250000 2.000000 -0.125000
v 0.250000 0.000000 -0.062500
v 0.250000 0.125000 -0.062500
v 0.250000 0.625000 -0.062500
v 0.250000 0.750000 -0.062500
v 0.250000 1.250000 -0.062500
v 0.250000 1.375000 -0.062500
v 0.250000 1.875000 -0.062500
v 0.250000 2.000000 -0.062500
v 0.250000 0.000000 0.000000
v 0.250000 0.125000 0.000000
v 0.250000 0.625000 0.000000
v 0.250000 0.750000 0.000000
v 0.250000 1.250000 0.000000
v 0.250000 1.375000 0.000000
v 0.250000 1.875000 0.000000
v 0.250000 2.000000 0.000000
v 0.250000 0.000000 0.062500
v 0.250000 0.125000 0.062500
v 0.250000 0.625000 0.062500
v 0.250000 0.750000 0.062500
v 0.250000 1.250000 0.062500
v 0.250000 1.375000 0.062500
v 0.250000 1.875000 0.062500
v 0.250000 2.000000 0.062500
v 0.250000 0.000000 0.125000
v 0.250000 0.125000 0.125000
v 0.250000 0.625000 0.125000
v 0.250000 0.750000 0.125000
v 0.250000 1.250000 0.125000
v 0.250000 1.375000 0.125000
v 0.250000 1.875000 0.125000
v 0.250000 2.000000 0.125000
v 0.250000 0.000000 0.187500
v 0.250000 0.125000 0.187500
v 0.250000 0.625000 0.187500
v 0.250000 0.750000 0.187500
v 0.250000 1.250000 0.187500
v 0.250000 1.375000 0.187500
v 0.250000 1.875000 0.187500
v 0.250000 2.000000 0.187500
v 0.250000 0.000000 0.250000
v 0.250000 0.125000 0.250000
v 0.250000 0.625000 0.250000
v 0.250000 0.750000 0.250000
v 0.250000 1.250000 0.250000
v 0.250000 1.375000 0.250000
v 0.250000 1.875000 0.250000
v 0.250000 2.000000 0.250000
v 0.250000 0.000000 0.312500
v 0.250000 0.187500 0.250000
v 0.250000 0.250000 0.250000
v 0.250000 0.312500 0.250000
v 0.250000 0.375000 0.250000
v 0.250000 0.437500 0.250000
v 0.250000 0.500000 0.250000
v 0.250000 0.562500 0.250000
v 0.250000 0.812500 0.250000
v 0.250000 0.875000 0.250000
v 0.250000 0.937500 0.250000
v 0.250000 1.000000 0.250000
v 0.250000 1.062500 0.250000
v 0.250000 1.125000 0.250000
v 0.250000 1.187500 0.250000
v 0.250000 1.437500 0.250000
v 0.250000 1.500000 0.250000
v 0.250000 1.562500 0.250000
v 0.250000 1.625000 0.250000
v 0.250000 1.687500 0.250000
v 0.250000 1.750000 0.250000
v 0.250000 1.812500 0.250000
v 0.250000 2.000000 0.312500
v 0.250000 0.000000 0.375000
v 0.250000 2.000000 0.375000
v 0.250000 0.000000 0.437500
v 0.250000 0.062500 0.437500
v 0.250000 0.125000 0.437500
v 0.250000 0.187500 0.437500
v 0.250000 0.250000 0.437500
v 0.250000 0.312500 0.437500
v 0.250000 0.375000 0.437500
v 0.250000 0.437500 0.437500
v 0.250000 0.500000 0.437500
v 0.250000 0.562500 0.437500
v 0.250000 0.625000 0.437500
v 0.250000 0.687500 0.437500
v 0.250000 0.750000 0.437500
v 0.250000 0.812500 0.437500
v 0.250000 0.875000 0.437500
v 0.250000 0.937500 0.437500
v 0.250000 1.000000 0.437500
v 0.250000 1.062500 0.437500
v 0.250000 1.125000 0.437500
v 0.250000 1.187500 0.437500
v 0.250000 1.250000 0.437500
v 0.250000 1.312500 0.437500
v 0.250000 1.375000 0.437500
v 0.250000 1.437500 0.437500
v 0.250000 1.500000 0.437500
v 0.250000 1.562500 0.437500
v 0.250000 1.625000 0.437500
v 0.250000 1.687500 0.437500
v 0.250000 1.750000 0.437500
v 0.250000 1.812500 0.437500
v 0.250000 1.875000 0.437500
v 0.250000 1.937500 0.437500
v 0.250000 2.000000 0.437500
v 0.312500 0.062500 -0.312500
v 0.312500 0.000000 -0.312500
v 0.312500 0.000000 -0.250000
v 0.312500 0.125000 -0.312500
v 0.312500 0.125000 -0.250000
v 0.312500 0.687500 -0.312500
v 0.312500 0.625000 -0.312500
v 0.312500 0.625000 -0.250000
v 0.312500 0.750000 -0.312500
v 0.312500 0.750000 -0.250000
v 0.312500 1.312500 -0.312500
v 0.312500 1.250000 -0.312500
v 0.312500 1.250000 -0.250000
v 0.312500 1.375000 -0.312500
v 0.312500 1.375000 -0.250000
v 0.312500 1.937500 -0.312500
v 0.312500 1.875000 -0.312500
v 0.312500 1.875000 -0.250000
v 0.312500 2.000000 -0.312500
v 0.312500 2.000000 -0.250000
v 0.312500 0.000000 -0.187500
v 0.312500 0.125000 -0.187500
v 0.312500 0.625000 -0.187500
v 0.312500 0.750000 -0.187500
v 0.312500 1.250000 -0.187500
v 0.312500 1.375000 -0.187500
v 0.312500 1.875000 -0.187500
v 0.312500 2.000000 -0.187500
v 0.312500 0.000000 -0.125000
v 0.250000 0.187500 -0.125000
v 0.250000 0.187500 -0.187500
v 0.312500 0.187500 -0.187500
v 0.250000 0.250000 -0.125000
v 0.250000 0.250000 -0.187500
v 0.312500 0.250000 -0.187500
v 0.250000 0.312500 -0.125000
v 0.250000 0.312500 -0.187500
v 0.312500 0.312500 -0.187500
v 0.250000 0.375000 -0.125000
v 0.250000 0.375000 -0.187500
v 0.312500 0.375000 -0.187500
v 0.250000 0.437500 -0.125000
v 0.250000 0.437500 -0.187500
v 0.312500 0.437500 -0.187500
v 0.312500 0.437500 -0.125000
v 0.312500 0.625000 -0.125000
v 0.250000 0.812500 -0.125000
v 0.250000 0.812500 -0.187500
v 0.312500 0.812500 -0.187500
v 0.250000 0.875000 -0.125000
v 0.250000 0.875000 -0.187500
v 0.312500 0.875000 -0.187500
v 0.250000 0.937500 -0.125000
v 0.250000 0.937500 -0.187500
v 0.312500 0.937500 -0.187500
v 0.250000 1.000000 -0.125000
v 0.250000 1.000000 -0.187500
v 0.312500 1.000000 -0.187500
v 0.250000 1.062500 -0.125000
v 0.250000 1.062500 -0.187500
v 0.312500 1.062500 -0.187500
v 0.312500 1.062500 -0.125000
v 0.312500 1.250000 -0.125000
v 0.250000 1.437500 -0.125000
v 0.250000 1.437500 -0.187500
v 0.312500 1.437500 -0.187500
v 0.250000 1.500000 -0.125000
v 0.250000 1.500000 -0.187500
v 0.312500 1.500000 -0.187500
v 0.250000 1.562500 -0.125000
v 0.250000 1.562500 -0.187500
v 0.312500 1.562500 -0.187500
v 0.250000 1.625000 -0.125000
v 0.250000 1.625000 -0.187500
v 0.312500 1.625000 -0.187500
v 0.250000 1.687500 -0.125000
v 0.250000 1.687500 -0.187500
v 0.312500 1.687500 -0.187500
v 0.312500 1.687500 -0.125000
v 0.312500 1.875000 -0.125000
v 0.312500 2.000000 -0.125000
v 0.312500 0.000000 -0.062500
v 0.250000 0.187500 -0.062500
v 0.250000 0.250000 -0.062500
v 0.250000 0.312500 -0.062500
v 0.250000 0.375000 -0.062500
v 0.250000 0.437500 -0.062500
v 0.312500 0.437500 -0.062500
v 0.312500 0.625000 -0.062500
v 0.250000 0.812500 -0.062500
v 0.250000 0.875000 -0.062500
v 0.250000 0.937500 -0.062500
v 0.250000 1.000000 -0.062500
v 0.250000 1.062500 -0.062500
v 0.312500 1.062500 -0.062500
v 0.312500 1.250000 -0.062500
v 0.250000 1.437500 -0.062500
v 0.250000 1.500000 -0.062500
v 0.250000 1.562500 -0.062500
v 0.250000 1.625000 -0.062500
v 0.250000 1.687500 -0.062500
v 0.312500 1.687500 -0.062500
v 0.312500 1.875000 -0.062500
v 0.312500 2.000000 -0.062500
v 0.312500 0.000000 0.000000
v 0.250000 0.187500 0.000000
v 0.250000 0.250000 0.000000
v 0.250000 0.312500 0.000000
v 0.250000 0.375000 0.000000
v 0.250000 0.437500 0.000000
v 0.312500 0.437500 0.000000
v 0.312500 0.625000 0.000000
v 0.250000 0.812500 0.000000
v 0.250000 0.875000 0.000000
v 0.250000 0.937500 0.000000
v 0.250000 1.000000 0.000000
v 0.250000 1.062500 0.000000
v 0.312500 1.062500 0.000000
v 0.312500 1.250000 0.000000
v 0.250000 1.437500 0.000000
v 0.250000 1.500000 0.000000
v 0.250000 1.562500 0.000000
v 0.250000 1.625000 0.000000
v 0.250000 1.687500 0.000000
v 0.312500 1.687500 0.000000
v 0.312500 1.875000 0.000000
v 0.312500 2.000000 0.000000
v 0.312500 0.000000 0.062500
v 0.250000 0.187500 0.062500
v 0.250000 0.250000 0.062500
v 0.250000 0.312500 0.062500
v 0.250000 0.375000 0.062500
v 0.250000 0.437500 0.062500
v 0.312500 0.437500 0.062500
v 0.312500 0.625000 0.062500
v 0.250000 0.812500 0.062500
v 0.250000 0.875000 0.062500
v 0.250000 0.937500 0.062500
v 0.250000 1.000000 0.062500
v 0.250000 1.062500 0.062500
v 0.312500 1.062500 0.062500
v 0.312500 1.250000 0.062500
v 0.250000 1.437500 0.062500
v 0.250000 1.500000 0.062500
v 0.250000 1.562500 0.062500
v 0.250000 1.625000 0.062500
v 0.250000 1.687500 0.062500
v 0.312500 1.687500 0.062500
v 0.312500 1.875000 0.062500
v 0.312500 2.000000 0.062500
v 0.312500 0.000000 0.125000
v 0.250000 0.187500 0.125000
v 0.250000 0.250000 0.125000
v 0.250000 0.312500 0.125000
v 0.250000 0.375000 0.125000
v 0.250000 0.437500 0.125000
v 0.312500 0.437500 0.125000
v 0.312500 0.625000 0.125000
v 0.250000 0.812500 0.125000
v 0.250000 0.875000 0.125000
v 0.250000 0.937500 0.125000
v 0.250000 1.000000 0.125000
v 0.250000 1.062500 0.125000
v 0.312500 1.062500 0.125000
v 0.312500 1.250000 0.125000
v 0.250000 1.437500 0.125000
v 0.250000 1.500000 0.125000
v 0.250000 1.562500 0.125000
v 0.250000 1.625000 0.125000
v 0.250000 1.687500 0.125000
v 0.312500 1.687500 0.125000
v 0.312500 1.875000 0.125000
v 0.312500 2.000000 0.125000
v 0.312500 0.000000 0.187500
v 0.250000 0.187500 0.187500
v 0.250000 0.250000 0.187500
v 0.250000 0.312500 0.187500
v 0.250000 0.375000 0.187500
v 0.250000 0.437500 0.187500
v 0.312500 0.437500 0.187500
v 0.312500 0.625000 0.187500
v 0.250000 0.812500 0.187500
v 0.250000 0.875000 0.187500
v 0.250000 0.937500 0.187500
v 0.250000 1.000000 0.187500
v 0.250000 1.062500 0.187500
v 0.312500 1.062500 0.187500
v 0.312500 1.250000 0.187500
v 0.250000 1.437500 0.187500
v 0.250000 1.500000 0.187500
v 0.250000 1.562500 0.187500
v 0.250000 1.625000 0.187500
v 0.250000 1.687500 0.187500
v 0.312500 1.687500 0.187500
v 0.312500 1.875000 0.187500
v 0.312500 2.000000 0.187500
v 0.312500 0.000000 0.250000
v 0.312500 0.437500 0.250000
v 0.312500 0.625000 0.250000
v 0.312500 1.062500 0.250000
v 0.312500 1.250000 0.250000
v 0.312500 1.687500 0.250000
v 0.312500 1.875000 0.250000
v 0.312500 2.000000 0.250000
v 0.312500 0.000000 0.312500
v 0.312500 0.500000 0.250000
v 0.312500 0.562500 0.250000
v 0.312500 1.125000 0.250000
v 0.312500 1.187500 0.250000
v 0.312500 1.750000 0.250000
v 0.312500 1.812500 0.250000
v 0.312500 2.000000 0.312500
v 0.312500 0.000000 0.375000
v 0.312500 2.000000 0.375000
v 0.312500 0.000000 0.437500
v 0.312500 0.062500 0.437500
v 0.312500 0.125000 0.437500
v 0.312500 0.187500 0.437500
v 0.312500 0.250000 0.437500
v 0.312500 0.312500 0.437500
v 0.312500 0.375000 0.437500
v 0.312500 0.437500 0.437500
v 0.312500 0.500000 0.437500
v 0.312500 0.562500 0.437500
v 0.312500 0.625000 0.437500
v 0.312500 0.687500 0.437500
v 0.312500 0.750000 0.437500
v 0.312500 0.812500 0.437500
v 0.312500 0.875000 0.437500
v 0.312500 0.937500 0.437500
v 0.312500 1.000000 0.437500
v 0.312500 1.062500 0.437500
v 0.312500 1.125000 0.437500
v 0.312500 1.187500 0.437500
v 0.312500 1.250000 0.437500
v 0.312500 1.312500 0.437500
v 0.312500 1.375000 0.437500
v 0.312500 1.437500 0.437500
v 0.312500 1.500000 0.437500
v 0.312500 1.562500 0.437500
v 0.312500 1.625000 0.437500
v 0.312500 1.687500 0.437500
v 0.312500 1.750000 0.437500
v 0.312500 1.812500 0.437500
v 0.312500 1.875000 0.437500
v 0.312500 1.937500 0.437500
v 0.312500 2.000000 0.437500
v 0.375000 0.062500 -0.312500
v 0.375000 0.000000 -0.312500
v 0.375000 0.000000 -0.250000
v 0.375000 0.125000 -0.312500
v 0.312500 0.187500 -0.250000
v 0.312500 0.187500 -0.312500
v 0.375000 0.187500 -0.312500
v 0.312500 0.250000 -0.250000
v 0.312500 0.250000 -0.312500
v 0.375000 0.250000 -0.312500
v 0.312500 0.312500 -0.250000
v 0.312500 0.312500 -0.312500
v 0.375000 0.312500 -0.312500
v 0.312500 0.375000 -0.250000
v 0.312500 0.375000 -0.312500
v 0.375000 0.375000 -0.312500
v 0.312500 0.437500 -0.250000
v 0.312500 0.437500 -0.312500
v 0.375000 0.437500 -0.312500
v 0.312500 0.500000 -0.250000
v 0.312500 0.500000 -0.312500
v 0.375000 0.500000 -0.312500
v 0.312500 0.562500 -0.250000
v 0.312500 0.562500 -0.312500
v 0.375000 0.562500 -0.312500
v 0.375000 0.625000 -0.312500
v 0.375000 0.687500 -0.312500
v 0.375000 0.750000 -0.312500
v 0.312500 0.812500 -0.250000
v 0.312500 0.812500 -0.312500
v 0.375000 0.812500 -0.312500
v 0.312500 0.875000 -0.250000
v 0.312500 0.875000 -0.312500
v 0.375000 0.875000 -0.312500
v 0.312500 0.937500 -0.250000
v 0.312500 0.937500 -0.312500
v 0.375000 0.937500 -0.312500
v 0.312500 1.000000 -0.250000
v 0.312500 1.000000 -0.312500
v 0.375000 1.000000 -0.312500
v 0.312500 1.062500 -0.250000
v 0.312500 1.062500 -0.312500
v 0.375000 1.062500 -0.312500
v 0.312500 1.125000 -0.250000
v 0.312500 1.125000 -0.312500
v 0.375000 1.125000 -0.312500
v 0.312500 1.187500 -0.250000
v 0.312500 1.187500 -0.312500
v 0.375000 1.187500 -0.312500
v 0.375000 1.250000 -0.312500
v 0.375000 1.312500 -0.312500
v 0.375000 1.375000 -0.312500
v 0.312500 1.437500 -0.250000
v 0.312500 1.437500 -0.312500
v 0.375000 1.437500 -0.312500
v 0.312500 1.500000 -0.250000
v 0.312500 1.500000 -0.312500
v 0.375000 1.500000 -0.312500
v 0.312500 1.562500 -0.250000
v 0.312500 1.562500 -0.312500
v 0.375000 1.562500 -0.312500
v 0.312500 1.625000 -0.250000
v 0.312500 1.625000 -0.312500
v 0.375000 1.625000 -0.312500
v 0.312500 1.687500 -0.250000
v 0.312500 1.687500 -0.312500
v 0.375000 1.687500 -0.312500
v 0.312500 1.750000 -0.250000
v 0.312500 1.750000 -0.312500
v 0.375000 1.750000 -0.312500
v 0.312500 1.812500 -0.250000
v 0.312500 1.812500 -0.312500
v 0.375000 1.812500 -0.312500
v 0.375000 1.875000 -0.312500
v 0.375000 1.937500 -0.312500
v 0.375000 2.000000 -0.312500
v 0.375000 2.000000 -0.250000
v 0.375000 0.000000 -0.187500
v 0.312500 0.500000 -0.187500
v 0.312500 0.562500 -0.187500
v 0.312500 1.125000 -0.187500
v 0.312500 1.187500 -0.187500
v 0.312500 1.750000 -0.187500
v 0.312500 1.812500 -0.187500
v 0.375000 2.000000 -0.187500
v 0.375000 0.000000 -0.125000
v 0.312500 0.500000 -0.125000
v 0.312500 0.562500 -0.125000
v 0.312500 1.125000 -0.125000
v 0.312500 1.187500 -0.125000
v 0.312500 1.750000 -0.125000
v 0.312500 1.812500 -0.125000
v 0.375000 2.000000 -0.125000
v 0.375000 0.000000 -0.062500
v 0.312500 0.500000 -0.062500
v 0.312500 0.562500 -0.062500
v 0.312500 1.125000 -0.062500
v 0.312500 1.187500 -0.062500
v 0.312500 1.750000 -0.062500
v 0.312500 1.812500 -0.062500
v 0.375000 2.000000 -0.062500
v 0.375000 0.000000 0.000000
v 0.312500 0.500000 0.000000
v 0.312500 0.562500 0.000000
v 0.312500 1.125000 0.000000
v 0.312500 1.187500 0.000000
v 0.312500 1.750000 0.000000
v 0.312500 1.812500 0.000000
v 0.375000 2.000000 0.000000
v 0.375000 0.000000 0.062500
v 0.312500 0.500000 0.062500
v 0.312500 0.562500 0.062500
v 0.312500 1.125000 0.062500
v 0.312500 1.187500 0.062500
v 0.312500 1.750000 0.062500
v 0.312500 1.812500 0.062500
v 0.375000 2.000000 0.062500
v 0.375000 0.000000 0.125000
v 0.312500 0.500000 0.125000
v 0.312500 0.562500 0.125000
v 0.312500 1.125000 0.125000
v 0.312500 1.187500 0.125000
v 0.312500 1.750000 0.125000
v 0.312500 1.812500 0.125000
v 0.375000 2.000000 0.125000
v 0.375000 0.000000 0.187500
v 0.312500 0.500000 0.187500
v 0.312500 0.562500 0.187500
v 0.312500 1.125000 0.187500
v 0.312500 1.187500 0.187500
v 0.312500 1.750000 0.187500
v 0.312500 1.812500 0.187500
v 0.375000 2.000000 0.187500
v 0.375000 0.000000 0.250000
v 0.375000 2.000000 0.250000
v 0.375000 0.000000 0.312500
v 0.375000 2.000000 0.312500
v 0.375000 0.000000 0.375000
v 0.375000 2.000000 0.375000
v 0.375000 0.000000 0.437500
v 0.375000 0.062500 0.437500
v 0.375000 0.125000 0.437500
v 0.375000 0.187500 0.437500
v 0.375000 0.250000 0.437500
v 0.375000 0.312500 0.437500
v 0.375000 0.375000 0.437500
v 0.375000 0.437500 0.437500
v 0.375000 0.500000 0.437500
v 0.375000 0.562500 0.437500
v 0.375000 0.625000 0.437500
v 0.375000 0.687500 0.437500
v 0.375000 0.750000 0.437500
v 0.375000 0.812500 0.437500
v 0.375000 0.875000 0.437500
v 0.375000 0.937500 0.437500
v 0.375000 1.000000 0.437500
v 0.375000 1.062500 0.437500
v 0.375000 1.125000 0.437500
v 0.375000 1.187500 0.437500
v 0.375000 1.250000 0.437500
v 0.375000 1.312500 0.437500
v 0.375000 1.375000 0.437500
v 0.375000 1.437500 0.437500
v 0.375000 1.500000 0.437500
v 0.375000 1.562500 0.437500
v 0.375000 1.625000 0.437500
v 0.375000 1.687500 0.437500
v 0.375000 1.750000 0.437500
v 0.375000 1.812500 0.437500
v 0.375000 1.875000 0.437500
v 0.375000 1.937500 0.437500
v 0.375000 2.000000 0.437500
v 0.437500 0.062500 -0.312500
v 0.437500 0.062500 -0.250000
v 0.437500 0.000000 -0.250000
v 0.437500 0.000000 -0.312500
v 0.437500 0.125000 -0.312500
v 0.437500 0.125000 -0.250000
v 0.437500 0.187500 -0.312500
v 0.437500 0.187500 -0.250000
v 0.437500 0.250000 -0.312500
v 0.437500 0.250000 -0.250000
v 0.437500 0.312500 -0.312500
v 0.437500 0.312500 -0.250000
v 0.437500 0.375000 -0.312500
v 0.437500 0.375000 -0.250000
v 0.437500 0.437500 -0.312500
v 0.437500 0.437500 -0.250000
v 0.437500 0.500000 -0.312500
v 0.437500 0.500000 -0.250000
v 0.437500 0.562500 -0.312500
v 0.437500 0.562500 -0.250000
v 0.437500 0.625000 -0.312500
v 0.437500 0.625000 -0.250000
v 0.437500 0.687500 -0.312500
v 0.437500 0.687500 -0.250000
v 0.437500 0.750000 -0.312500
v 0.437500 0.750000 -0.250000
v 0.437500 0.812500 -0.312500
v 0.437500 0.812500 -0.250000
v 0.437500 0.875000 -0.312500
v 0.437500 0.875000 -0.250000
v 0.437500 0.937500 -0.312500
v 0.437500 0.937500 -0.250000
v 0.437500 1.000000 -0.312500
v 0.437500 1.000000 -0.250000
v 0.437500 1.062500 -0.312500
v 0.437500 1.062500 -0.250000
v 0.437500 1.125000 -0.312500
v 0.437500 1.125000 -0.250000
v 0.437500 1.187500 -0.312500
v 0.437500 1.187500 -0.250000
v 0.437500 1.250000 -0.312500
v 0.437500 1.250000 -0.250000
v 0.437500 1.312500 -0.312500
v 0.437500 1.312500 -0.250000
v 0.437500 1.375000 -0.312500
v 0.437500 1.375000 -0.250000
v 0.437500 1.437500 -0.312500
v 0.437500 1.437500 -0.250000
v 0.437500 1.500000 -0.312500
v 0.437500 1.500000 -0.250000
v 0.437500 1.562500 -0.312500
v 0.437500 1.562500 -0.250000
v 0.437500 1.625000 -0.312500
v 0.437500 1.625000 -0.250000
v 0.437500 1.687500 -0.312500
v 0.437500 1.687500 -0.250000
v 0.437500 1.750000 -0.312500
v 0.437500 1.750000 -0.250000
v 0.437500 1.812500 -0.312500
v 0.437500 1.812500 -0.250000
v 0.437500 1.875000 -0.312500
v 0.437500 1.875000 -0.250000
v 0.437500 1.937500 -0.312500
v 0.437500 1.937500 -0.250000
v 0.437500 2.000000 -0.312500
v 0.437500 2.000000 -0.250000
v 0.437500 0.062500 -0.187500
v 0.437500 0.000000 -0.187500
v 0.437500 0.125000 -0.187500
v 0.437500 0.187500 -0.187500
v 0.437500 0.250000 -0.187500
v 0.437500 0.312500 -0.187500
v 0.437500 0.375000 -0.187500
v 0.437500 0.437500 -0.187500
v 0.437500 0.500000 -0.187500
v 0.437500 0.562500 -0.187500
v 0.437500 0.625000 -0.187500
v 0.437500 0.687500 -0.187500
v 0.437500 0.750000 -0.187500
v 0.437500 0.812500 -0.187500
v 0.437500 0.875000 -0.187500
v 0.437500 0.937500 -0.187500
v 0.437500 1.000000 -0.187500
v 0.437500 1.062500 -0.187500
v 0.437500 1.125000 -0.187500
v 0.437500 1.187500 -0.187500
v 0.437500 1.250000 -0.187500
v 0.437500 1.312500 -0.187500
v 0.437500 1.375000 -0.187500
v 0.437500 1.437500 -0.187500
v 0.437500 1.500000 -0.187500
v 0.437500 1.562500 -0.187500
v 0.437500 1.625000 -0.187500
v 0.437500 1.687500 -0.187500
v 0.437500 1.750000 -0.187500
v 0.437500 1.812500 -0.187500
v 0.437500 1.875000 -0.187500
v 0.437500 1.937500 -0.187500
v 0.437500 2.000000 -0.187500
v 0.437500 0.062500 -0.125000
v 0.437500 0.000000 -0.125000
v 0.437500 0.125000 -0.125000
v 0.437500 0.187500 -0.125000
v 0.437500 0.250000 -0.125000
v 0.437500 0.312500 -0.125000
v 0.437500 0.375000 -0.125000
v 0.437500 0.437500 -0.125000
v 0.437500 0.500000 -0.125000
v 0.437500 0.562500 -0.125000
v 0.437500 0.625000 -0.125000
v 0.437500 0.687500 -0.125000
v 0.437500 0.750000 -0.125000
v 0.437500 0.812500 -0.125000
v 0.437500 0.875000 -0.125000
v 0.437500 0.937500 -0.125000
v 0.437500 1.000000 -0.125000
v 0.437500 1.062500 -0.125000
v 0.437500 1.125000 -0.125000
v 0.437500 1.187500 -0.125000
v 0.437500 1.250000 -0.125000
v 0.437500 1.312500 -0.125000
v 0.437500 1.375000 -0.125000
v 0.437500 1.437500 -0.125000
v 0.437500 1.500000 -0.125000
v 0.437500 1.562500 -0.125000
v 0.437500 1.625000 -0.125000
v 0.437500 1.687500 -0.125000
v 0.437500 1.750000 -0.125000
v 0.437500 1.812500 -0.125000
v 0.437500 1.875000 -0.125000
v 0.437500 1.937500 -0.125000
v 0.437500 2.000000 -0.125000
v 0.437500 0.062500 -0.062500
v 0.437500 0.000000 -0.062500
v 0.437500 0.125000 -0.062500
v 0.437500 0.187500 -0.062500
v 0.437500 0.250000 -0.062500
v 0.437500 0.312500 -0.062500
v 0.437500 0.375000 -0.062500
v 0.437500 0.437500 -0.062500
v 0.437500 0.500000 -0.062500
v 0.437500 0.562500 -0.062500
v 0.437500 0.625000 -0.062500
v 0.437500 0.687500 -0.062500
v 0.437500 0.750000 -0.062500
v 0.437500 0.812500 -0.062500
v 0.437500 0.875000 -0.062500
v 0.437500 0.937500 -0.062500
v 0.437500 1.000000 -0.062500
v 0.437500 1.062500 -0.062500
v 0.437500 1.125000 -0.062500
v 0.437500 1.187500 -0.062500
v 0.437500 1.250000 -0.062500
v 0.437500 1.312500 -0.062500
v 0.437500 1.375000 -0.062500
v 0.437500 1.437500 -0.062500
v 0.437500 1.500000 -0.062500
v 0.437500 1.562500 -0.062500
v 0.437500 1.625000 -0.062500
v 0.437500 1.687500 -0.062500
v 0.437500 1.750000 -0.062500
v 0.437500 1.812500 -0.062500
v 0.437500 1.875000 -0.062500
v 0.437500 1.937500 -0.062500
v 0.437500 2.000000 -0.062500
v 0.437500 0.062500 0.000000
v 0.437500 0.000000 0.000000
v 0.437500 0.125000 0.000000
v 0.437500 0.187500 0.000000
v 0.437500 0.250000 0.000000
v 0.437500 0.312500 0.000000
v 0.437500 0.375000 0.000000
v 0.437500 0.437500 0.000000
v 0.437500 0.500000 0.000000
v 0.437500 0.562500 0.000000
v 0.437500 0.625000 0.000000
v 0.437500 0.687500 0.000000
v 0.437500 0.750000 0.000000
v 0.437500 0.812500 0.000000
v 0.437500 0.875000 0.000000
v 0.437500 0.937500 0.000000
v 0.437500 1.000000 0.000000
v 0.437500 1.062500 0.000000
v 0.437500 1.125000 0.000000
v 0.437500 1.187500 0.000000
v 0.437500 1.250000 0.000000
v 0.437500 1.312500 0.000000
v 0.437500 1.375000 0.000000
v 0.437500 1.437500 0.000000
v 0.437500 1.500000 0.000000
v 0.437500 1.562500 0.000000
v 0.437500 1.625000 0.000000
v 0.437500 1.687500 0.000000
v 0.437500 1.750000 0.000000
v 0.437500 1.812500 0.000000
v 0.437500 1.875000 0.000000
v 0.437500 1.937500 0.000000
v 0.437500 2.000000 0.000000
v 0.437500 0.062500 0.062500
v 0.437500 0.000000 0.062500
v 0.437500 0.125000 0.062500
v 0.437500 0.187500 0.062500
v 0.437500 0.250000 0.062500
v 0.437500 0.312500 0.062500
v 0.437500 0.375000 0.062500
v 0.437500 0.437500 0.062500
v 0.437500 0.500000 0.062500
v 0.437500 0.562500 0.062500
v 0.437500 0.625000 0.062500
v 0.437500 0.687500 0.062500
v 0.437500 0.750000 0.062500
v 0.437500 0.812500 0.062500
v 0.437500 0.875000 0.062500
v 0.437500 0.937500 0.062500
v 0.437500 1.000000 0.062500
v 0.437500 1.062500 0.062500
v 0.437500 1.125000 0.062500
v 0.437500 1.187500 0.062500
v 0.437500 1.250000 0.062500
v 0.437500 1.312500 0.062500
v 0.437500 1.375000 0.062500
v 0.437500 1.437500 0.062500
v 0.437500 1.500000 0.062500
v 0.437500 1.562500 0.062500
v 0.437500 1.625000 0.062500
v 0.437500 1.687500 0.062500
v 0.437500 1.750000 0.062500
v 0.437500 1.812500 0.062500
v 0.437500 1.875000 0.062500
v 0.437500 1.937500 0.062500
v 0.437500 2.000000 0.062500
v 0.437500 0.062500 0.125000
v 0.437500 0.000000 0.125000
v 0.437500 0.125000 0.125000
v 0.437500 0.187500 0.125000
v 0.437500 0.250000 0.125000
v 0.437500 0.312500 0.125000
v 0.437500 0.375000 0.125000
v 0.437500 0.437500 0.125000
v 0.437500 0.500000 0.125000
v 0.437500 0.562500 0.125000
v 0.437500 0.625000 0.125000
v 0.437500 0.687500 0.125000
v 0.437500 0.750000 0.125000
v 0.437500 0.812500 0.125000
v 0.437500 0.875000 0.125000
v 0.437500 0.937500 0.125000
v 0.437500 1.000000 0.125000
v 0.437500 1.062500 0.125000
v 0.437500 1.125000 0.125000
v 0.437500 1.187500 0.125000
v 0.437500 1.250000 0.125000
v 0.437500 1.312500 0.125000
v 0.437500 1.375000 0.125000
v 0.437500 1.437500 0.125000
v 0.437500 1.500000 0.125000
v 0.437500 1.562500 0.125000
v 0.437500 1.625000 0.125000
v 0.437500 1.687500 0.125000
v 0.437500 1.750000 0.125000
v 0.437500 1.812500 0.125000
v 0.437500 1.875000 0.125000
v 0.437500 1.937500 0.125000
v 0.437500 2.000000 0.125000
v 0.437500 0.062500 0.187500
v 0.437500 0.000000 0.187500
v 0.437500 0.125000 0.187500
v 0.437500 0.187500 0.187500
v 0.437500 0.250000 0.187500
v 0.437500 0.312500 0.187500
v 0.437500 0.375000 0.187500
v 0.437500 0.437500 0.187500
v 0.437500 0.500000 0.187500
v 0.437500 0.562500 0.187500
v 0.437500 0.625000 0.187500
v 0.437500 0.687500 0.187500
v 0.437500 0.750000 0.187500
v 0.437500 0.812500 0.187500
v 0.437500 0.875000 0.187500
v 0.437500 0.937500 0.187500
v 0.437500 1.000000 0.187500
v 0.437500 1.062500 0.187500
v 0.437500 1.125000 0.187500
v 0.437500 1.187500 0.187500
v 0.437500 1.250000 0.187500
v 0.437500 1.312500 0.187500
v 0.437500 1.375000 0.187500
v 0.437500 1.437500 0.187500
v 0.437500 1.500000 0.187500
v 0.437500 1.562500 0.187500
v 0.437500 1.625000 0.187500
v 0.437500 1.687500 0.187500
v 0.437500 1.750000 0.187500
v 0.437500 1.812500 0.187500
v 0.437500 1.875000 0.187500
v 0.437500 1.937500 0.187500
v 0.437500 2.000000 0.187500
v 0.437500 0.062500 0.250000
v 0.437500 0.000000 0.250000
v 0.437500 0.125000 0.250000
v 0.437500 0.187500 0.250000
v 0.437500 0.250000 0.250000
v 0.437500 0.312500 0.250000
v 0.437500 0.375000 0.250000
v 0.437500 0.437500 0.250000
v 0.437500 0.500000 0.250000
v 0.437500 0.562500 0.250000
v 0.437500 0.625000 0.250000
v 0.437500 0.687500 0.250000
v 0.437500 0.750000 0.250000
v 0.437500 0.812500 0.250000
v 0.437500 0.875000 0.250000
v 0.437500 0.937500 0.250000
v 0.437500 1.000000 0.250000
v 0.437500 1.062500 0.250000
v 0.437500 1.125000 0.250000
v 0.437500 1.187500 0.250000
v 0.437500 1.250000 0.250000
v 0.437500 1.312500 0.250000
v 0.437500 1.375000 0.250000
v 0.437500 1.437500 0.250000
v 0.437500 1.500000 0.250000
v 0.437500 1.562500 0.250000
v 0.437500 1.625000 0.250000
v 0.437500 1.687500 0.250000
v 0.437500 1.750000 0.250000
v 0.437500 1.812500 0.250000
v 0.437500 1.875000 0.250000
v 0.437500 1.937500 0.250000
v 0.437500 2.000000 0.250000
v 0.437500 0.062500 0.312500
v 0.437500 0.000000 0.312500
v 0.437500 0.125000 0.312500
v 0.437500 0.187500 0.312500
v 0.437500 0.250000 0.312500
v 0.437500 0.312500 0.312500
v 0.437500 0.375000 0.312500
v 0.437500 0.437500 0.312500
v 0.437500 0.500000 0.312500
v 0.437500 0.562500 0.312500
v 0.437500 0.625000 0.312500
v 0.437500 0.687500 0.312500
v 0.437500 0.750000 0.312500
v 0.437500 0.812500 0.312500
v 0.437500 0.875000 0.312500
v 0.437500 0.937500 0.312500
v 0.437500 1.000000 0.312500
v 0.437500 1.062500 0.312500
v 0.437500 1.125000 0.312500
v 0.437500 1.187500 0.312500
v 0.437500 1.250000 0.312500
v 0.437500 1.312500 0.312500
v 0.437500 1.375000 0.312500
v 0.437500 1.437500 0.312500
v 0.437500 1.500000 0.312500
v 0.437500 1.562500 0.312500
v 0.437500 1.625000 0.312500
v 0.437500 1.687500 0.312500
v 0.437500 1.750000 0.312500
v 0.437500 1.812500 0.312500
v 0.437500 1.875000 0.312500
v 0.437500 1.937500 0.312500
v 0.437500 2.000000 0.312500
v 0.437500 0.062500 0.375000
v 0.437500 0.000000 0.375000
v 0.437500 0.125000 0.375000
v 0.437500 0.187500 0.375000
v 0.437500 0.250000 0.375000
v 0.437500 0.312500 0.375000
v 0.437500 0.375000 0.375000
v 0.437500 0.437500 0.375000
v 0.437500 0.500000 0.375000
v 0.437500 0.562500 0.375000
v 0.437500 0.625000 0.375000
v 0.437500 0.687500 0.375000
v 0.437500 0.750000 0.375000
v 0.437500 0.812500 0.375000
v 0.437500 0.875000 0.375000
v 0.437500 0.937500 0.375000
v 0.437500 1.000000 0.375000
v 0.437500 1.062500 0.375000
v 0.437500 1.125000 0.375000
v 0.437500 1.187500 0.375000
v 0.437500 1.250000 0.375000
v 0.437500 1.312500 0.375000
v 0.437500 1.375000 0.375000
v 0.437500 1.437500 0.375000
v 0.437500 1.500000 0.375000
v 0.437500 1.562500 0.375000
v 0.437500 1.625000 0.375000
v 0.437500 1.687500 0.375000
v 0.437500 1.750000 0.375000
v 0.437500 1.812500 0.375000
v 0.437500 1.875000 0.375000
v 0.437500 1.937500 0.375000
v 0.437500 2.000000 0.375000
v 0.437500 0.062500 0.437500
v 0.437500 0.000000 0.437500
v 0.437500 0.125000 0.437500
v 0.437500 0.187500 0.437500
v 0.437500 0.250000 0.437500
v 0.437500 0.312500 0.437500
v 0.437500 0.375000 0.437500
v 0.437500 0.437500 0.437500
v 0.437500 0.500000 0.437500
v 0.437500 0.562500 0.437500
v 0.437500 0.625000 0.437500
v 0.437500 0.687500 0.437500
v 0.437500 0.750000 0.437500
v 0.437500 0.812500 0.437500
v 0.437500 0.875000 0.437500
v 0.437500 0.937500 0.437500
v 0.437500 1.000000 0.437500
v 0.437500 1.062500 0.437500
v 0.437500 1.125000 0.437500
v 0.437500 1.187500 0.437500
v 0.437500 1.250000 0.437500
v 0.437500 1.312500 0.437500
v 0.437500 1.375000 0.437500
v 0.437500 1.437500 0.437500
v 0.437500 1.500000 0.437500
v 0.437500 1.562500 0.437500
v 0.437500 1.625000 0.437500
v 0.437500 1.687500 0.437500
v 0.437500 1.750000 0.437500
v 0.437500 1.812500 0.437500
v 0.437500 1.875000 0.437500
v 0.437500 1.937500 0.437500
v 0.437500 2.000000 0.437500
vt 0.03125000 0.96875000
vt 0.09375000 0.96875000
vt 0.15625000 0.96875000
vt 0.21875000 0.96875000
vt 0.28125000 0.96875000
vt 0.34375000 0.96875000
vt 0.40625000 0.96875000
vt 0.46875000 0.96875000
vt 0.53125000 0.96875000
vt 0.59375000 0.96875000
vt 0.65625000 0.96875000
vt 0.71875000 0.96875000
vt 0.78125000 0.96875000
vt 0.84375000 0.96875000
vt 0.90625000 0.96875000
vt 0.96875000 0.96875000
vt 0.03125000 0.90625000
vt 0.09375000 0.90625000
vt 0.15625000 0.90625000
vt 0.21875000 0.90625000
vt 0.28125000 0.90625000
vt 0.34375000 0.90625000
vt 0.40625000 0.90625000
vt 0.46875000 0.90625000
vt 0.53125000 0.90625000
vt 0.59375000 0.90625000
vt 0.65625000 0.90625000
vt 0.71875000 0.90625000
vt 0.78125000 0.90625000
vt 0.84375000 0.90625000
vt 0.90625000 0.90625000
vt 0.96875000 0.90625000
vt 0.03125000 0.84375000
vt 0.09375000 0.84375000
vt 0.15625000 0.84375000
vt 0.21875000 0.84375000
vt 0.28125000 0.84375000
vt 0.34375000 0.84375000
vt 0.40625000 0.84375000
vt 0.46875000 0.84375000
vt 0.53125000 0.84375000
vt 0.59375000 0.84375000
vt 0.65625000 0.84375000
vt 0.71875000 0.84375000
vt 0.78125000 0.84375000
vt 0.84375000 0.84375000
vt 0.90625000 0.84375000
vt 0.96875000 0.84375000
vt 0.03125000 0.78125000
vt 0.09375000 0.78125000
vt 0.15625000 0.78125000
vt 0.21875000 0.78125000
vt 0.28125000 0.78125000
vt 0.34375000 0.78125000
vt 0.40625000 0.78125000
vt 0.46875000 0.78125000
vt 0.53125000 0.78125000
vt 0.59375000 0.78125000
vt 0.65625000 0.78125000
vt 0.71875000 0.78125000
vt 0.78125000 0.78125000
vt 0.84375000 0.78125000
vt 0.90625000 0.78125000
vt 0.96875000 0.78125000
vt 0.03125000 0.71875000
vt 0.09375000 0.71875000
vt 0.15625000 0.71875000
vt 0.21875000 0.71875000
vt 0.28125000 0.71875000
vt 0.34375000 0.71875000
vt 0.40625000 0.71875000
vt 0.46875000 0.71875000
vt 0.53125000 0.71875000
vt 0.59375000 0.71875000
vt 0.65625000 0.71875000
vt 0.71875000 0.71875000
vt 0.78125000 0.71875000
vt 0.84375000 0.71875000
vt 0.90625000 0.71875000
vt 0.96875000 0.71875000
vt 0.03125000 0.65625000
vt 0.09375000 0.65625000
vt 0.15625000 0.65625000
vt 0.21875000 0.65625000
vt 0.28125000 0.65625000
vt 0.34375000 0.65625000
vt 0.40625000 0.65625000
vt 0.46875000 0.65625000
vt 0.53125000 0.65625000
vt 0.59375000 0.65625000
vt 0.65625000 0.65625000
vt 0.71875000 0.65625000
vt 0.78125000 0.65625000
vt 0.84375000 0.65625000
vt 0.90625000 0.65625000
vt 0.96875000 0.65625000
vt 0.03125000 0.59375000
vt 0.09375000 0.59375000
vt 0.15625000 0.59375000
vt 0.21875000 0.59375000
vt 0.28125000 0.59375000
vt 0.34375000 0.59375000
vt 0.40625000 0.59375000
vt 0.46875000 0.59375000
vt 0.53125000 0.59375000
vt 0.59375000 0.59375000
vt 0.65625000 0.59375000
vt 0.71875000 0.59375000
vt 0.78125000 0.59375000
vt 0.84375000 0.59375000
vt 0.90625000 0.59375000
vt 0.96875000 0.59375000
vt 0.03125000 0.53125000
vt 0.09375000 0.53125000
vt 0.15625000 0.53125000
vt 0.21875000 0.53125000
vt 0.28125000 0.53125000
vt 0.34375000 0.53125000
vt 0.40625000 0.53125000
vt 0.46875000 0.53125000
vt 0.53125000 0.53125000
vt 0.59375000 0.53125000
vt 0.65625000 0.53125000
vt 0.71875000 0.53125000
vt 0.78125000 0.53125000
vt 0.84375000 0.53125000
vt 0.90625000 0.53125000
vt 0.96875000 0.53125000
vt 0.03125000 0.46875000
vt 0.09375000 0.46875000
vt 0.15625000 0.46875000
vt 0.21875000 0.46875000
vt 0.28125000 0.46875000
vt 0.34375000 0.46875000
vt 0.40625000 0.46875000
vt 0.46875000 0.46875000
vt 0.53125000 0.46875000
vt 0.59375000 0.46875000
vt 0.65625000 0.46875000
vt 0.71875000 0.46875000
vt 0.78125000 0.46875000
vt 0.84375000 0.46875000
vt 0.90625000 0.46875000
vt 0.96875000 0.46875000
vt 0.03125000 0.40625000
vt 0.09375000 0.40625000
vt 0.15625000 0.40625000
vt 0.21875000 0.40625000
vt 0.28125000 0.40625000
vt 0.34375000 0.40625000
vt 0.40625000 0.40625000
vt 0.46875000 0.40625000
vt 0.53125000 0.40625000
vt 0.59375000 0.40625000
vt 0.65625000 0.40625000
vt 0.71875000 0.40625000
vt 0.78125000 0.40625000
vt 0.84375000 0.40625000
vt 0.90625000 0.40625000
vt 0.96875000 0.40625000
vt 0.03125000 0.34375000
vt 0.09375000 0.34375000
vt 0.15625000 0.34375000
vt 0.21875000 0.34375000
vt 0.28125000 0.34375000
vt 0.34375000 0.34375000
vt 0.40625000 0.34375000
vt 0.46875000 0.34375000
vt 0.53125000 0.34375000
vt 0.59375000 0.34375000
vt 0.65625000 0.34375000
vt 0.71875000 0.34375000
vt 0.78125000 0.34375000
vt 0.84375000 0.34375000
vt 0.90625000 0.34375000
vt 0.96875000 0.34375000
vt 0.03125000 0.28125000
vt 0.09375000 0.28125000
vt 0.15625000 0.28125000
vt 0.21875000 0.28125000
vt 0.28125000 0.28125000
vt 0.34375000 0.28125000
vt 0.40625000 0.28125000
vt 0.46875000 0.28125000
vt 0.53125000 0.28125000
vt 0.59375000 0.28125000
vt 0.65625000 0.28125000
vt 0.71875000 0.28125000
vt 0.78125000 0.28125000
vt 0.84375000 0.28125000
vt 0.90625000 0.28125000
vt 0.96875000 0.28125000
vt 0.03125000 0.21875000
vt 0.09375000 0.21875000
vt 0.15625000 0.21875000
vt 0.21875000 0.21875000
vt 0.28125000 0.21875000
vt 0.34375000 0.21875000
vt 0.40625000 0.21875000
vt 0.46875000 0.21875000
vt 0.53125000 0.21875000
vt 0.59375000 0.21875000
vt 0.65625000 0.21875000
vt 0.71875000 0.21875000
vt 0.78125000 0.21875000
vt 0.84375000 0.21875000
vt 0.90625000 0.21875000
vt 0.96875000 0.21875000
vt 0.03125000 0.15625000
vt 0.09375000 0.15625000
vt 0.15625000 0.15625000
vt 0.21875000 0.15625000
vt 0.28125000 0.15625000
vt 0.34375000 0.15625000
vt 0.40625000 0.15625000
vt 0.46875000 0.15625000
vt 0.53125000 0.15625000
vt 0.59375000 0.15625000
vt 0.65625000 0.15625000
vt 0.71875000 0.15625000
vt 0.78125000 0.15625000
vt 0.84375000 0.15625000
vt 0.90625000 0.15625000
vt 0.96875000 0.15625000
vt 0.03125000 0.09375000
vt 0.09375000 0.09375000
vt 0.15625000 0.09375000
vt 0.21875000 0.09375000
vt 0.28125000 0.09375000
vt 0.34375000 0.09375000
vt 0.40625000 0.09375000
vt 0.46875000 0.09375000
vt 0.53125000 0.09375000
vt 0.59375000 0.09375000
vt 0.65625000 0.09375000
vt 0.71875000 0.09375000
vt 0.78125000 0.09375000
vt 0.84375000 0.09375000
vt 0.90625000 0.09375000
vt 0.96875000 0.09375000
vt 0.03125000 0.03125000
vt 0.09375000 0.03125000
vt 0.15625000 0.03125000
vt 0.21875000 0.03125000
vt 0.28125000 0.03125000
vt 0.34375000 0.03125000
vt 0.40625000 0.03125000
vt 0.46875000 0.03125000
vt 0.53125000 0.03125000
vt 0.59375000 0.03125000
vt 0.65625000 0.03125000
vt 0.71875000 0.03125000
vt 0.78125000 0.03125000
vt 0.84375000 0.03125000
vt 0.90625000 0.03125000
vt 0.96875000 0.03125000
vn -1 0 0
vn 1 0 0
vn 0 0 -1
vn 0 0 1
vn 0 -1 0
vn 0 1 0
g palette
usemtl palette
f 1/37/1 2/37/1 3/37/1 4/37/1
f 3/37/3 5/37/3 6/37/3 4/37/3
f 6/37/5 7/37/5 1/37/5 4/37/5
f 2/37/1 8/37/1 9/37/1 3/37/1
f 9/37/3 10/37/3 5/37/3 3/37/3
f 8/37/1 11/37/1 12/37/1 9/37/1
f 12/37/3 13/37/3 10/37/3 9/37/3
f 11/37/1 14/37/1 15/37/1 12/37/1
f 15/37/3 16/37/3 13/37/3 12/37/3
f 14/37/1 17/37/1 18/37/1 15/37/1
f 18/37/3 19/37/3 16/37/3 15/37/3
f 17/37/1 20/37/1 21/37/1 18/37/1
f 21/37/3 22/37/3 19/37/3 18/37/3
f 20/37/1 23/37/1 24/37/1 21/37/1
f 24/37/3 25/37/3 22/37/3 21/37/3
f 23/37/1 26/37/1 27/37/1 24/37/1
f 27/37/3 28/37/3 25/37/3 24/37/3
f 26/37/1 29/37/1 30/37/1 27/37/1
f 30/37/3 31/37/3 28/37/3 27/37/3
f 29/37/1 32/37/1 33/37/1 30/37/1
f 33/37/3 34/37/3 31/37/3 30/37/3
f 32/37/1 35/37/1 36/37/1 33/37/1
f 36/37/3 37/37/3 34/37/3 33/37/3
f 35/37/1 38/37/1 39/37/1 36/37/1
f 39/37/3 40/37/3 37/37/3 36/37/3
f 38/37/1 41/37/1 42/37/1 39/37/1
f 42/37/3 43/37/3 40/37/3 39/37/3
f 41/37/1 44/37/1 45/37/1 42/37/1
f 45/37/3 46/37/3 43/37/3 42/37/3
f 44/37/1 47/37/1 48/37/1 45/37/1
f 48/37/3 49/37/3 46/37/3 45/37/3
f 47/37/1 50/37/1 51/37/1 48/37/1
f 51/37/3 52/37/3 49/37/3 48/37/3
f 50/37/1 53/37/1 54/37/1 51/37/1
f 54/37/3 55/37/3 52/37/3 51/37/3
f 53/37/1 56/37/1 57/37/1 54/37/1
f 57/37/3 58/37/3 55/37/3 54/37/3
f 56/37/1 59/37/1 60/37/1 57/37/1
f 60/37/3 61/37/3 58/37/3 57/37/3
f 59/37/1 62/37/1 63/37/1 60/37/1
f 63/37/3 64/37/3 61/37/3 60/37/3
f 62/37/1 65/37/1 66/37/1 63/37/1
f 66/37/3 67/37/3 64/37/3 63/37/3
f 65/37/1 68/37/1 69/37/1 66/37/1
f 69/37/3 70/37/3 67/37/3 66/37/3
f 68/37/1 71/37/1 72/37/1 69/37/1
f 72/37/3 73/37/3 70/37/3 69/37/3
f 71/37/1 74/37/1 75/37/1 72/37/1
f 75/37/3 76/37/3 73/37/3 72/37/3
f 74/37/1 77/37/1 78/37/1 75/37/1
f 78/37/3 79/37/3 76/37/3 75/37/3
f 77/37/1 80/37/1 81/37/1 78/37/1
f 81/37/3 82/37/3 79/37/3 78/37/3
f 80/37/1 83/37/1 84/37/1 81/37/1
f 84/37/3 85/37/3 82/37/3 81/37/3
f 83/37/1 86/37/1 87/37/1 84/37/1
f 87/37/3 88/37/3 85/37/3 84/37/3
f 86/37/1 89/37/1 90/37/1 87/37/1
f 90/37/3 91/37/3 88/37/3 87/37/3
f 89/37/1 92/37/1 93/37/1 90/37/1
f 93/37/3 94/37/3 91/37/3 90/37/3
f 92/37/1 95/37/1 96/37/1 93/37/1
f 96/37/3 97/37/3 94/37/3 93/37/3
f 95/37/1 98/37/1 99/37/1 96/37/1
f 99/37/3 100/37/3 97/37/3 96/37/3
f 98/37/6 101/37/6 100/37/6 99/37/6
f 102/37/1 103/37/1 2/37/1 1/37/1
f 7/37/5 104/37/5 102/37/5 1/37/5
f 103/37/1 105/37/1 8/37/1 2/37/1
f 105/37/1 106/37/1 11/37/1 8/37/1
f 106/37/1 107/37/1 14/37/1 11/37/1
f 107/37/1 108/37/1 17/37/1 14/37/1
f 108/37/1 109/37/1 20/37/1 17/37/1
f 109/37/1 110/37/1 23/37/1 20/37/1
f 110/37/1 111/37/1 26/37/1 23/37/1
f 111/37/1 112/37/1 29/37/1 26/37/1
f 112/37/1 113/37/1 32/37/1 29/37/1
f 113/37/1 114/37/1 35/37/1 32/37/1
f 114/37/1 115/37/1 38/37/1 35/37/1
f 115/37/1 116/37/1 41/37/1 38/37/1
f 116/37/1 117/37/1 44/37/1 41/37/1
f 117/37/1 118/37/1 47/37/1 44/37/1
f 118/37/1 119/37/1 50/37/1 47/37/1
f 119/37/1 120/37/1 53/37/1 50/37/1
f 120/37/1 121/37/1 56/37/1 53/37/1
f 121/37/1 122/37/1 59/37/1 56/37/1
f 122/37/1 123/37/1 62/37/1 59/37/1
f 123/37/1 124/37/1 65/37/1 62/37/1
f 124/37/1 125/37/1 68/37/1 65/37/1
f 125/37/1 126/37/1 71/37/1 68/37/1
f 126/37/1 127/37/1 74/37/1 71/37/1
f 127/37/1 128/37/1 77/37/1 74/37/1
f 128/37/1 129/37/1 80/37/1 77/37/1
f 129/37/1 130/37/1 83/37/1 80/37/1
f 130/37/1 131/37/1 86/37/1 83/37/1
f 131/37/1 132/37/1 89/37/1 86/37/1
f 132/37/1 133/37/1 92/37/1 89/37/1
f 133/37/1 134/37/1 95/37/1 92/37/1
f 134/37/1 135/37/1 98/37/1 95/37/1
f 135/37/6 136/37/6 101/37/6 98/37/6
f 137/37/1 138/37/1 103/37/1 102/37/1
f 104/37/5 139/37/5 137/37/5 102/37/5
f 138/37/1 140/37/1 105/37/1 103/37/1
f 140/37/1 141/37/1 106/37/1 105/37/1
f 141/37/1 142/37/1 107/37/1 106/37/1
f 142/37/1 143/37/1 108/37/1 107/37/1
f 143/37/1 144/37/1 109/37/1 108/37/1
f 144/37/1 145/37/1 110/37/1 109/37/1
f 145/37/1 146/37/1 111/37/1 110/37/1
f 146/37/1 147/37/1 112/37/1 111/37/1
f 147/37/1 148/37/1 113/37/1 112/37/1
f 148/37/1 149/37/1 114/37/1 113/37/1
f 149/37/1 150/37/1 115/37/1 114/37/1
f 150/37/1 151/37/1 116/37/1 115/37/1
f 151/37/1 152/37/1 117/37/1 116/37/1
f 152/37/1 153/37/1 118/37/1 117/37/1
f 153/37/1 154/37/1 119/37/1 118/37/1
f 154/37/1 155/37/1 120/37/1 119/37/1
f 155/37/1 156/37/1 121/37/1 120/37/1
f 156/37/1 157/37/1 122/37/1 121/37/1
f 157/37/1 158/37/1 123/37/1 122/37/1
f 158/37/1 159/37/1 124/37/1 123/37/1
f 159/37/1 160/37/1 125/37/1 124/37/1
f 160/37/1 161/37/1 126/37/1 125/37/1
f 161/37/1 162/37/1 127/37/1 126/37/1
f 162/37/1 163/37/1 128/37/1 127/37/1
f 163/37/1 164/37/1 129/37/1 128/37/1
f 164/37/1 165/37/1 130/37/1 129/37/1
f 165/37/1 166/37/1 131/37/1 130/37/1
f 166/37/1 167/37/1 132/37/1 131/37/1
f 167/37/1 168/37/1 133/37/1 132/37/1
f 168/37/1 169/37/1 134/37/1 133/37/1
f 169/37/1 170/37/1 135/37/1 134/37/1
f 170/37/6 171/37/6 136/37/6 135/37/6
f 172/37/1 173/37/1 138/37/1 137/37/1
f 139/37/5 174/37/5 172/37/5 137/37/5
f 173/37/1 175/37/1 140/37/1 138/37/1
f 175/37/1 176/37/1 141/37/1 140/37/1
f 176/37/1 177/37/1 142/37/1 141/37/1
f 177/37/1 178/37/1 143/37/1 142/37/1
f 178/37/1 179/37/1 144/37/1 143/37/1
f 179/37/1 180/37/1 145/37/1 144/37/1
f 180/37/1 181/37/1 146/37/1 145/37/1
f 181/37/1 182/37/1 147/37/1 146/37/1
f 182/37/1 183/37/1 148/37/1 147/37/1
f 183/37/1 184/37/1 149/37/1 148/37/1
f 184/37/1 185/37/1 150/37/1 149/37/1
f 185/37/1 186/37/1 151/37/1 150/37/1
f 186/37/1 187/37/1 152/37/1 151/37/1
f 187/37/1 188/37/1 153/37/1 152/37/1
f 188/37/1 189/37/1 154/37/1 153/37/1
f 189/37/1 190/37/1 155/37/1 154/37/1
f 190/37/1 191/37/1 156/37/1 155/37/1
f 191/37/1 192/37/1 157/37/1 156/37/1
f 192/37/1 193/37/1 158/37/1 157/37/1
f 193/37/1 194/37/1 159/37/1 158/37/1
f 194/37/1 195/37/1 160/37/1 159/37/1
f 195/37/1 196/37/1 161/37/1 160/37/1
f 196/37/1 197/37/1 162/37/1 161/37/1
f 197/37/1 198/37/1 163/37/1 162/37/1
f 198/37/1 199/37/1 164/37/1 163/37/1
f 199/37/1 200/37/1 165/37/1 164/37/1
f 200/37/1 201/37/1 166/37/1 165/37/1
f 201/37/1 202/37/1 167/37/1 166/37/1
f 202/37/1 203/37/1 168/37/1 167/37/1
f 203/37/1 204/37/1 169/37/1 168/37/1
f 204/37/1 205/37/1 170/37/1 169/37/1
f 205/37/6 206/37/6 171/37/6 170/37/6
f 207/37/1 208/37/1 173/37/1 172/37/1
f 174/37/5 209/37/5 207/37/5 172/37/5
f 208/37/1 210/37/1 175/37/1 173/37/1
f 210/37/1 211/37/1 176/37/1 175/37/1
f 211/37/1 212/37/1 177/37/1 176/37/1
f 212/37/1 213/37/1 178/37/1 177/37/1
f 213/37/1 214/37/1 179/37/1 178/37/1
f 214/37/1 215/37/1 180/37/1 179/37/1
f 215/37/1 216/37/1 181/37/1 180/37/1
f 216/37/1 217/37/1 182/37/1 181/37/1
f 217/37/1 218/37/1 183/37/1 182/37/1
f 218/37/1 219/37/1 184/37/1 183/37/1
f 219/37/1 220/37/1 185/37/1 184/37/1
f 220/37/1 221/37/1 186/37/1 185/37/1
f 221/37/1 222/37/1 187/37/1 186/37/1
f 222/37/1 223/37/1 188/37/1 187/37/1
f 223/37/1 224/37/1 189/37/1 188/37/1
f 224/37/1 225/37/1 190/37/1 189/37/1
f 225/37/1 226/37/1 191/37/1 190/37/1
f 226/37/1 227/37/1 192/37/1 191/37/1
f 227/37/1 228/37/1 193/37/1 192/37/1
f 228/37/1 229/37/1 194/37/1 193/37/1
f 229/37/1 230/37/1 195/37/1 194/37/1
f 230/37/1 231/37/1 196/37/1 195/37/1
f 231/37/1 232/37/1 197/37/1 196/37/1
f 232/37/1 233/37/1 198/37/1 197/37/1
f 233/37/1 234/37/1 199/37/1 198/37/1
f 234/37/1 235/37/1 200/37/1 199/37/1
f 235/37/1 236/37/1 201/37/1 200/37/1
f 236/37/1 237/37/1 202/37/1 201/37/1
f 237/37/1 238/37/1 203/37/1 202/37/1
f 238/37/1 239/37/1 204/37/1 203/37/1
f 239/37/1 240/37/1 205/37/1 204/37/1
f 240/37/6 241/37/6 206/37/6 205/37/6
f 242/37/1 243/37/1 208/37/1 207/37/1
f 209/37/5 244/37/5 242/37/5 207/37/5
f 243/37/1 245/37/1 210/37/1 208/37/1
f 245/37/1 246/37/1 211/37/1 210/37/1
f 246/37/1 247/37/1 212/37/1 211/37/1
f 247/37/1 248/37/1 213/37/1 212/37/1
f 248/37/1 249/37/1 214/37/1 213/37/1
f 249/37/1 250/37/1 215/37/1 214/37/1
f 250/37/1 251/37/1 216/37/1 215/37/1
f 251/37/1 252/37/1 217/37/1 216/37/1
f 252/37/1 253/37/1 218/37/1 217/37/1
f 253/37/1 254/37/1 219/37/1 218/37/1
f 254/37/1 255/37/1 220/37/1 219/37/1
f 255/37/1 256/37/1 221/37/1 220/37/1
f 256/37/1 257/37/1 222/37/1 221/37/1
f 257/37/1 258/37/1 223/37/1 222/37/1
f 258/37/1 259/37/1 224/37/1 223/37/1
f 259/37/1 260/37/1 225/37/1 224/37/1
f 260/37/1 261/37/1 226/37/1 225/37/1
f 261/37/1 262/37/1 227/37/1 226/37/1
f 262/37/1 263/37/1 228/37/1 227/37/1
f 263/37/1 264/37/1 229/37/1 228/37/1
f 264/37/1 265/37/1 230/37/1 229/37/1
f 265/37/1 266/37/1 231/37/1 230/37/1
f 266/37/1 267/37/1 232/37/1 231/37/1
f 267/37/1 268/37/1 233/37/1 232/37/1
f 268/37/1 269/37/1 234/37/1 233/37/1
f 269/37/1 270/37/1 235/37/1 234/37/1
f 270/37/1 271/37/1 236/37/1 235/37/1
f 271/37/1 272/37/1 237/37/1 236/37/1
f 272/37/1 273/37/1 238/37/1 237/37/1
f 273/37/1 274/37/1 239/37/1 238/37/1
f 274/37/1 275/37/1 240/37/1 239/37/1
f 275/37/6 276/37/6 241/37/6 240/37/6
f 277/37/1 278/37/1 243/37/1 242/37/1
f 244/37/5 279/37/5 277/37/5 242/37/5
f 278/37/1 280/37/1 245/37/1 243/37/1
f 280/37/1 281/37/1 246/37/1 245/37/1
f 281/37/1 282/37/1 247/37/1 246/37/1
f 282/37/1 283/37/1 248/37/1 247/37/1
f 283/37/1 284/37/1 249/37/1 248/37/1
f 284/37/1 285/37/1 250/37/1 249/37/1
f 285/37/1 286/37/1 251/37/1 250/37/1
f 286/37/1 287/37/1 252/37/1 251/37/1
f 287/37/1 288/37/1 253/37/1 252/37/1
f 288/37/1 289/37/1 254/37/1 253/37/1
f 289/37/1 290/37/1 255/37/1 254/37/1
f 290/37/1 291/37/1 256/37/1 255/37/1
f 291/37/1 292/37/1 257/37/1 256/37/1
f 292/37/1 293/37/1 258/37/1 257/37/1
f 293/37/1 294/37/1 259/37/1 258/37/1
f 294/37/1 295/37/1 260/37/1 259/37/1
f 295/37/1 296/37/1 261/37/1 260/37/1
f 296/37/1 297/37/1 262/37/1 261/37/1
f 297/37/1 298/37/1 263/37/1 262/37/1
f 298/37/1 299/37/1 264/37/1 263/37/1
f 299/37/1 300/37/1 265/37/1 264/37/1
f 300/37/1 301/37/1 266/37/1 265/37/1
f 301/37/1 302/37/1 267/37/1 266/37/1
f 302/37/1 303/37/1 268/37/1 267/37/1
f 303/37/1 304/37/1 269/37/1 268/37/1
f 304/37/1 305/37/1 270/37/1 269/37/1
f 305/37/1 306/37/1 271/37/1 270/37/1
f 306/37/1 307/37/1 272/37/1 271/37/1
f 307/37/1 308/37/1 273/37/1 272/37/1
f 308/37/1 309/37/1 274/37/1 273/37/1
f 309/37/1 310/37/1 275/37/1 274/37/1
f 310/37/6 311/37/6 276/37/6 275/37/6
f 312/37/1 313/37/1 278/37/1 277/37/1
f 279/37/5 314/37/5 312/37/5 277/37/5
f 313/37/1 315/37/1 280/37/1 278/37/1
f 315/37/1 316/37/1 281/37/1 280/37/1
f 316/37/1 317/37/1 282/37/1 281/37/1
f 317/37/1 318/37/1 283/37/1 282/37/1
f 318/37/1 319/37/1 284/37/1 283/37/1
f 319/37/1 320/37/1 285/37/1 284/37/1
f 320/37/1 321/37/1 286/37/1 285/37/1
f 321/37/1 322/37/1 287/37/1 286/37/1
f 322/37/1 323/37/1 288/37/1 287/37/1
f 323/37/1 324/37/1 289/37/1 288/37/1
f 324/37/1 325/37/1 290/37/1 289/37/1
f 325/37/1 326/37/1 291/37/1 290/37/1
f 326/37/1 327/37/1 292/37/1 291/37/1
f 327/37/1 328/37/1 293/37/1 292/37/1
f 328/37/1 329/37/1 294/37/1 293/37/1
f 329/37/1 330/37/1 295/37/1 294/37/1
f 330/37/1 331/37/1 296/37/1 295/37/1
f 331/37/1 332/37/1 297/37/1 296/37/1
f 332/37/1 333/37/1 298/37/1 297/37/1
f 333/37/1 334/37/1 299/37/1 298/37/1
f 334/37/1 335/37/1 300/37/1 299/37/1
f 335/37/1 336/37/1 301/37/1 300/37/1
f 336/37/1 337/37/1 302/37/1 301/37/1
f 337/37/1 338/37/1 303/37/1 302/37/1
f 338/37/1 339/37/1 304/37/1 303/37/1
f 339/37/1 340/37/1 305/37/1 304/37/1
f 340/37/1 341/37/1 306/37/1 305/37/1
f 341/37/1 342/37/1 307/37/1 306/37/1
f 342/37/1 343/37/1 308/37/1 307/37/1
f 343/37/1 344/37/1 309/37/1 308/37/1
f 344/37/1 345/37/1 310/37/1 309/37/1
f 345/37/6 346/37/6 311/37/6 310/37/6
f 347/37/1 348/37/1 313/37/1 312/37/1
f 314/37/5 349/37/5 347/37/5 312/37/5
f 348/37/1 350/37/1 315/37/1 313/37/1
f 350/37/1 351/37/1 316/37/1 315/37/1
f 351/37/1 352/37/1 317/37/1 316/37/1
f 352/37/1 353/37/1 318/37/1 317/37/1
f 353/37/1 354/37/1 319/37/1 318/37/1
f 354/37/1 355/37/1 320/37/1 319/37/1
f 355/37/1 356/37/1 321/37/1 320/37/1
f 356/37/1 357/37/1 322/37/1 321/37/1
f 357/37/1 358/37/1 323/37/1 322/37/1
f 358/37/1 359/37/1 324/37/1 323/37/1
f 359/37/1 360/37/1 325/37/1 324/37/1
f 360/37/1 361/37/1 326/37/1 325/37/1
f 361/37/1 362/37/1 327/37/1 326/37/1
f 362/37/1 363/37/1 328/37/1 327/37/1
f 363/37/1 364/37/1 329/37/1 328/37/1
f 364/37/1 365/37/1 330/37/1 329/37/1
f 365/37/1 366/37/1 331/37/1 330/37/1
f 366/37/1 367/37/1 332/37/1 331/37/1
f 367/37/1 368/37/1 333/37/1 332/37/1
f 368/37/1 369/37/1 334/37/1 333/37/1
f 369/37/1 370/37/1 335/37/1 334/37/1
f 370/37/1 371/37/1 336/37/1 335/37/1
f 371/37/1 372/37/1 337/37/1 336/37/1
f 372/37/1 373/37/1 338/37/1 337/37/1
f 373/37/1 374/37/1 339/37/1 338/37/1
f 374/37/1 375/37/1 340/37/1 339/37/1
f 375/37/1 376/37/1 341/37/1 340/37/1
f 376/37/1 377/37/1 342/37/1 341/37/1
f 377/37/1 378/37/1 343/37/1 342/37/1
f 378/37/1 379/37/1 344/37/1 343/37/1
f 379/37/1 380/37/1 345/37/1 344/37/1
f 380/37/6 381/37/6 346/37/6 345/37/6
f 382/37/1 383/37/1 348/37/1 347/37/1
f 349/37/5 384/37/5 382/37/5 347/37/5
f 383/37/1 385/37/1 350/37/1 348/37/1
f 385/37/1 386/37/1 351/37/1 350/37/1
f 386/37/1 387/37/1 352/37/1 351/37/1
f 387/37/1 388/37/1 353/37/1 352/37/1
f 388/37/1 389/37/1 354/37/1 353/37/1
f 389/37/1 390/37/1 355/37/1 354/37/1
f 390/37/1 391/37/1 356/37/1 355/37/1
f 391/37/1 392/37/1 357/37/1 356/37/1
f 392/37/1 393/37/1 358/37/1 357/37/1
f 393/37/1 394/37/1 359/37/1 358/37/1
f 394/37/1 395/37/1 360/37/1 359/37/1
f 395/37/1 396/37/1 361/37/1 360/37/1
f 396/37/1 397/37/1 362/37/1 361/37/1
f 397/37/1 398/37/1 363/37/1 362/37/1
f 398/37/1 399/37/1 364/37/1 363/37/1
f 399/37/1 400/37/1 365/37/1 364/37/1
f 400/37/1 401/37/1 366/37/1 365/37/1
f 401/37/1 402/37/1 367/37/1 366/37/1
f 402/37/1 403/37/1 368/37/1 367/37/1
f 403/37/1 404/37/1 369/37/1 368/37/1
f 404/37/1 405/37/1 370/37/1 369/37/1
f 405/37/1 406/37/1 371/37/1 370/37/1
f 406/37/1 407/37/1 372/37/1 371/37/1
f 407/37/1 408/37/1 373/37/1 372/37/1
f 408/37/1 409/37/1 374/37/1 373/37/1
f 409/37/1 410/37/1 375/37/1 374/37/1
f 410/37/1 411/37/1 376/37/1 375/37/1
f 411/37/1 412/37/1 377/37/1 376/37/1
f 412/37/1 413/37/1 378/37/1 377/37/1
f 413/37/1 414/37/1 379/37/1 378/37/1
f 414/37/1 415/37/1 380/37/1 379/37/1
f 415/37/6 416/37/6 381/37/6 380/37/6
f 417/37/1 418/37/1 383/37/1 382/37/1
f 384/37/5 419/37/5 417/37/5 382/37/5
f 418/37/1 420/37/1 385/37/1 383/37/1
f 420/37/1 421/37/1 386/37/1 385/37/1
f 421/37/1 422/37/1 387/37/1 386/37/1
f 422/37/1 423/37/1 388/37/1 387/37/1
f 423/37/1 424/37/1 389/37/1 388/37/1
f 424/37/1 425/37/1 390/37/1 389/37/1
f 425/37/1 426/37/1 391/37/1 390/37/1
f 426/37/1 427/37/1 392/37/1 391/37/1
f 427/37/1 428/37/1 393/37/1 392/37/1
f 428/37/1 429/37/1 394/37/1 393/37/1
f 429/37/1 430/37/1 395/37/1 394/37/1
f 430/37/1 431/37/1 396/37/1 395/37/1
f 431/37/1 432/37/1 397/37/1 396/37/1
f 432/37/1 433/37/1 398/37/1 397/37/1
f 433/37/1 434/37/1 399/37/1 398/37/1
f 434/37/1 435/37/1 400/37/1 399/37/1
f 435/37/1 436/37/1 401/37/1 400/37/1
f 436/37/1 437/37/1 402/37/1 401/37/1
f 437/37/1 438/37/1 403/37/1 402/37/1
f 438/37/1 439/37/1 404/37/1 403/37/1
f 439/37/1 440/37/1 405/37/1 404/37/1
f 440/37/1 441/37/1 406/37/1 405/37/1
f 441/37/1 442/37/1 407/37/1 406/37/1
f 442/37/1 443/37/1 408/37/1 407/37/1
f 443/37/1 444/37/1 409/37/1 408/37/1
f 444/37/1 445/37/1 410/37/1 409/37/1
f 445/37/1 446/37/1 411/37/1 410/37/1
f 446/37/1 447/37/1 412/37/1 411/37/1
f 447/37/1 448/37/1 413/37/1 412/37/1
f 448/37/1 449/37/1 414/37/1 413/37/1
f 449/37/1 450/37/1 415/37/1 414/37/1
f 450/37/6 451/37/6 416/37/6 415/37/6
f 452/37/1 453/37/1 418/37/1 417/37/1
f 454/37/4 455/37/4 453/37/4 452/37/4
f 419/37/5 454/37/5 452/37/5 417/37/5
f 453/37/1 456/37/1 420/37/1 418/37/1
f 455/37/4 457/37/4 456/37/4 453/37/4
f 456/37/1 458/37/1 421/37/1 420/37/1
f 457/37/4 459/37/4 458/37/4 456/37/4
f 458/37/1 460/37/1 422/37/1 421/37/1
f 459/37/4 461/37/4 460/37/4 458/37/4
f 460/37/1 462/37/1 423/37/1 422/37/1
f 461/37/4 463/37/4 462/37/4 460/37/4
f 462/37/1 464/37/1 424/37/1 423/37/1
f 463/37/4 465/37/4 464/37/4 462/37/4
f 464/37/1 466/37/1 425/37/1 424/37/1
f 465/37/4 467/37/4 466/37/4 464/37/4
f 466/37/1 468/37/1 426/37/1 425/37/1
f 467/37/4 469/37/4 468/37/4 466/37/4
f 468/37/1 470/37/1 427/37/1 426/37/1
f 469/37/4 471/37/4 470/37/4 468/37/4
f 470/37/1 472/37/1 428/37/1 427/37/1
f 471/37/4 473/37/4 472/37/4 470/37/4
f 472/37/1 474/37/1 429/37/1 428/37/1
f 473/37/4 475/37/4 474/37/4 472/37/4
f 474/37/1 476/37/1 430/37/1 429/37/1
f 475/37/4 477/37/4 476/37/4 474/37/4
f 476/37/1 478/37/1 431/37/1 430/37/1
f 477/37/4 479/37/4 478/37/4 476/37/4
f 478/37/1 480/37/1 432/37/1 431/37/1
f 479/37/4 481/37/4 480/37/4 478/37/4
f 480/37/1 482/37/1 433/37/1 432/37/1
f 481/37/4 483/37/4 482/37/4 480/37/4
f 482/37/1 484/37/1 434/37/1 433/37/1
f 483/37/4 485/37/4 484/37/4 482/37/4
f 484/37/1 486/37/1 435/37/1 434/37/1
f 485/37/4 487/37/4 486/37/4 484/37/4
f 486/37/1 488/37/1 436/37/1 435/37/1
f 487/37/4 489/37/4 488/37/4 486/37/4
f 488/37/1 490/37/1 437/37/1 436/37/1
f 489/37/4 491/37/4 490/37/4 488/37/4
f 490/37/1 492/37/1 438/37/1 437/37/1
f 491/37/4 493/37/4 492/37/4 490/37/4
f 492/37/1 494/37/1 439/37/1 438/37/1
f 493/37/4 495/37/4 494/37/4 492/37/4
f 494/37/1 496/37/1 440/37/1 439/37/1
f 495/37/4 497/37/4 496/37/4 494/37/4
f 496/37/1 498/37/1 441/37/1 440/37/1
f 497/37/4 499/37/4 498/37/4 496/37/4
f 498/37/1 500/37/1 442/37/1 441/37/1
f 499/37/4 501/37/4 500/37/4 498/37/4
f 500/37/1 502/37/1 443/37/1 442/37/1
f 501/37/4 503/37/4 502/37/4 500/37/4
f 502/37/1 504/37/1 444/37/1 443/37/1
f 503/37/4 505/37/4 504/37/4 502/37/4
f 504/37/1 506/37/1 445/37/1 444/37/1
f 505/37/4 507/37/4 506/37/4 504/37/4
f 506/37/1 508/37/1 446/37/1 445/37/1
f 507/37/4 509/37/4 508/37/4 506/37/4
f 508/37/1 510/37/1 447/37/1 446/37/1
f 509/37/4 511/37/4 510/37/4 508/37/4
f 510/37/1 512/37/1 448/37/1 447/37/1
f 511/37/4 513/37/4 512/37/4 510/37/4
f 512/37/1 514/37/1 449/37/1 448/37/1
f 513/37/4 515/37/4 514/37/4 512/37/4
f 514/37/1 516/37/1 450/37/1 449/37/1
f 515/37/4 517/37/4 516/37/4 514/37/4
f 516/37/6 517/37/6 451/37/6 450/37/6
f 5/37/3 518/37/3 519/37/3 6/37/3
f 519/37/5 520/37/5 7/37/5 6/37/5
f 10/37/3 521/37/3 518/37/3 5/37/3
f 522/37/2 523/37/2 524/37/2 521/37/2
f 13/37/3 522/37/3 521/37/3 10/37/3
f 525/37/2 526/37/2 523/37/2 522/37/2
f 16/37/3 525/37/3 522/37/3 13/37/3
f 527/37/2 528/37/2 526/37/2 525/37/2
f 19/37/3 527/37/3 525/37/3 16/37/3
f 529/37/2 530/37/2 528/37/2 527/37/2
f 22/37/3 529/37/3 527/37/3 19/37/3
f 531/37/2 532/37/2 530/37/2 529/37/2
f 25/37/3 531/37/3 529/37/3 22/37/3
f 533/37/2 534/37/2 532/37/2 531/37/2
f 28/37/3 533/37/3 531/37/3 25/37/3
f 535/37/2 536/37/2 534/37/2 533/37/2
f 31/37/3 535/37/3 533/37/3 28/37/3
f 537/37/2 538/37/2 536/37/2 535/37/2
f 34/37/3 537/37/3 535/37/3 31/37/3
f 37/37/3 539/37/3 537/37/3 34/37/3
f 40/37/3 540/37/3 539/37/3 37/37/3
f 541/37/2 542/37/2 543/37/2 540/37/2
f 43/37/3 541/37/3 540/37/3 40/37/3
f 544/37/2 545/37/2 542/37/2 541/37/2
f 46/37/3 544/37/3 541/37/3 43/37/3
f 546/37/2 547/37/2 545/37/2 544/37/2
f 49/37/3 546/37/3 544/37/3 46/37/3
f 548/37/2 549/37/2 547/37/2 546/37/2
f 52/37/3 548/37/3 546/37/3 49/37/3
f 550/37/2 551/37/2 549/37/2 548/37/2
f 55/37/3 550/37/3 548/37/3 52/37/3
f 552/37/2 553/37/2 551/37/2 550/37/2
f 58/37/3 552/37/3 550/37/3 55/37/3
f 554/37/2 555/37/2 553/37/2 552/37/2
f 61/37/3 554/37/3 552/37/3 58/37/3
f 556/37/2 557/37/2 555/37/2 554/37/2
f 64/37/3 556/37/3 554/37/3 61/37/3
f 67/37/3 558/37/3 556/37/3 64/37/3
f 70/37/3 559/37/3 558/37/3 67/37/3
f 560/37/2 561/37/2 562/37/2 559/37/2
f 73/37/3 560/37/3 559/37/3 70/37/3
f 563/37/2 564/37/2 561/37/2 560/37/2
f 76/37/3 563/37/3 560/37/3 73/37/3
f 565/37/2 566/37/2 564/37/2 563/37/2
f 79/37/3 565/37/3 563/37/3 76/37/3
f 567/37/2 568/37/2 566/37/2 565/37/2
f 82/37/3 567/37/3 565/37/3 79/37/3
f 569/37/2 570/37/2 568/37/2 567/37/2
f 85/37/3 569/37/3 567/37/3 82/37/3
f 571/37/2 572/37/2 570/37/2 569/37/2
f 88/37/3 571/37/3 569/37/3 85/37/3
f 573/37/2 574/37/2 572/37/2 571/37/2
f 91/37/3 573/37/3 571/37/3 88/37/3
f 575/37/2 576/37/2 574/37/2 573/37/2
f 94/37/3 575/37/3 573/37/3 91/37/3
f 97/37/3 577/37/3 575/37/3 94/37/3
f 100/37/3 578/37/3 577/37/3 97/37/3
f 101/37/6 579/37/6 578/37/6 100/37/6
f 520/37/5 580/37/5 104/37/5 7/37/5
f 523/37/2 581/37/2 582/37/2 524/37/2
f 526/37/2 583/37/2 581/37/2 523/37/2
f 528/37/2 584/37/2 583/37/2 526/37/2
f 530/37/2 585/37/2 584/37/2 528/37/2
f 532/37/2 586/37/2 585/37/2 530/37/2
f 534/37/2 587/37/2 586/37/2 532/37/2
f 536/37/2 588/37/2 587/37/2 534/37/2
f 538/37/2 589/37/2 588/37/2 536/37/2
f 542/37/2 590/37/2 591/37/2 543/37/2
f 545/37/2 592/37/2 590/37/2 542/37/2
f 547/37/2 593/37/2 592/37/2 545/37/2
f 549/37/2 594/37/2 593/37/2 547/37/2
f 551/37/2 595/37/2 594/37/2 549/37/2
f 553/37/2 596/37/2 595/37/2 551/37/2
f 555/37/2 597/37/2 596/37/2 553/37/2
f 557/37/2 598/37/2 597/37/2 555/37/2
f 561/37/2 599/37/2 600/37/2 562/37/2
f 564/37/2 601/37/2 599/37/2 561/37/2
f 566/37/2 602/37/2 601/37/2 564/37/2
f 568/37/2 603/37/2 602/37/2 566/37/2
f 570/37/2 604/37/2 603/37/2 568/37/2
f 572/37/2 605/37/2 604/37/2 570/37/2
f 574/37/2 606/37/2 605/37/2 572/37/2
f 576/37/2 607/37/2 606/37/2 574/37/2
f 136/37/6 608/37/6 579/37/6 101/37/6
f 580/37/5 609/37/5 139/37/5 104/37/5
f 587/37/2 610/37/2 611/37/2 586/37/2
f 588/37/2 612/37/2 610/37/2 587/37/2
f 589/37/2 613/37/2 612/37/2 588/37/2
f 596/37/2 614/37/2 615/37/2 595/37/2
f 597/37/2 616/37/2 614/37/2 596/37/2
f 598/37/2 617/37/2 616/37/2 597/37/2
f 605/37/2 618/37/2 619/37/2 604/37/2
f 606/37/2 620/37/2 618/37/2 605/37/2
f 607/37/2 621/37/2 620/37/2 606/37/2
f 171/37/6 622/37/6 608/37/6 136/37/6
f 609/37/5 623/37/5 174/37/5 139/37/5
f 610/37/2 624/37/2 625/37/2 611/37/2
f 612/37/2 626/37/2 624/37/2 610/37/2
f 613/37/2 627/37/2 626/37/2 612/37/2
f 614/37/2 628/37/2 629/37/2 615/37/2
f 616/37/2 630/37/2 628/37/2 614/37/2
f 617/37/2 631/37/2 630/37/2 616/37/2
f 618/37/2 632/37/2 633/37/2 619/37/2
f 620/37/2 634/37/2 632/37/2 618/37/2
f 621/37/2 635/37/2 634/37/2 620/37/2
f 206/37/6 636/37/6 622/37/6 171/37/6
f 623/37/5 637/37/5 209/37/5 174/37/5
f 624/37/2 638/37/2 639/37/2 625/37/2
f 626/37/2 640/37/2 638/37/2 624/37/2
f 627/37/2 641/37/2 640/37/2 626/37/2
f 628/37/2 642/37/2 643/37/2 629/37/2
f 630/37/2 644/37/2 642/37/2 628/37/2
f 631/37/2 645/37/2 644/37/2 630/37/2
f 632/37/2 646/37/2 647/37/2 633/37/2
f 634/37/2 648/37/2 646/37/2 632/37/2
f 635/37/2 649/37/2 648/37/2 634/37/2
f 241/37/6 650/37/6 636/37/6 206/37/6
f 637/37/5 651/37/5 244/37/5 209/37/5
f 638/37/2 652/37/2 653/37/2 639/37/2
f 640/37/2 654/37/2 652/37/2 638/37/2
f 641/37/2 655/37/2 654/37/2 640/37/2
f 642/37/2 656/37/2 657/37/2 643/37/2
f 644/37/2 658/37/2 656/37/2 642/37/2
f 645/37/2 659/37/2 658/37/2 644/37/2
f 646/37/2 660/37/2 661/37/2 647/37/2
f 648/37/2 662/37/2 660/37/2 646/37/2
f 649/37/2 663/37/2 662/37/2 648/37/2
f 276/37/6 664/37/6 650/37/6 241/37/6
f 651/37/5 665/37/5 279/37/5 244/37/5
f 652/37/2 666/37/2 667/37/2 653/37/2
f 654/37/2 668/37/2 666/37/2 652/37/2
f 655/37/2 669/37/2 668/37/2 654/37/2
f 656/37/2 670/37/2 671/37/2 657/37/2
f 658/37/2 672/37/2 670/37/2 656/37/2
f 659/37/2 673/37/2 672/37/2 658/37/2
f 660/37/2 674/37/2 675/37/2 661/37/2
f 662/37/2 676/37/2 674/37/2 660/37/2
f 663/37/2 677/37/2 676/37/2 662/37/2
f 311/37/6 678/37/6 664/37/6 276/37/6
f 665/37/5 679/37/5 314/37/5 279/37/5
f 666/37/2 680/37/2 681/37/2 667/37/2
f 668/37/2 682/37/2 680/37/2 666/37/2
f 669/37/2 683/37/2 682/37/2 668/37/2
f 670/37/2 684/37/2 685/37/2 671/37/2
f 672/37/2 686/37/2 684/37/2 670/37/2
f 673/37/2 687/37/2 686/37/2 672/37/2
f 674/37/2 688/37/2 689/37/2 675/37/2
f 676/37/2 690/37/2 688/37/2 674/37/2
f 677/37/2 691/37/2 690/37/2 676/37/2
f 346/37/6 692/37/6 678/37/6 311/37/6
f 679/37/5 693/37/5 349/37/5 314/37/5
f 680/37/2 694/37/2 695/37/2 681/37/2
f 682/37/2 696/37/2 694/37/2 680/37/2
f 683/37/2 697/37/2 696/37/2 682/37/2
f 684/37/2 698/37/2 699/37/2 685/37/2
f 686/37/2 700/37/2 698/37/2 684/37/2
f 687/37/2 701/37/2 700/37/2 686/37/2
f 688/37/2 702/37/2 703/37/2 689/37/2
f 690/37/2 704/37/2 702/37/2 688/37/2
f 691/37/2 705/37/2 704/37/2 690/37/2
f 381/37/6 706/37/6 692/37/6 346/37/6
f 693/37/5 707/37/5 384/37/5 349/37/5
f 416/37/6 708/37/6 706/37/6 381/37/6
f 707/37/5 709/37/5 419/37/5 384/37/5
f 451/37/6 710/37/6 708/37/6 416/37/6
f 711/37/4 712/37/4 455/37/4 454/37/4
f 709/37/5 711/37/5 454/37/5 419/37/5
f 712/37/4 713/37/4 457/37/4 455/37/4
f 713/37/4 714/37/4 459/37/4 457/37/4
f 714/37/4 715/37/4 461/37/4 459/37/4
f 715/37/4 716/37/4 463/37/4 461/37/4
f 716/37/4 717/37/4 465/37/4 463/37/4
f 717/37/4 718/37/4 467/37/4 465/37/4
f 718/37/4 719/37/4 469/37/4 467/37/4
f 719/37/4 720/37/4 471/37/4 469/37/4
f 720/37/4 721/37/4 473/37/4 471/37/4
f 721/37/4 722/37/4 475/37/4 473/37/4
f 722/37/4 723/37/4 477/37/4 475/37/4
f 723/37/4 724/37/4 479/37/4 477/37/4
f 724/36/4 725/36/4 481/36/4 479/36/4
f 725/37/4 726/37/4 483/37/4 481/37/4
f 726/37/4 727/37/4 485/37/4 483/37/4
f 727/37/4 728/37/4 487/37/4 485/37/4
f 728/37/4 729/37/4 489/37/4 487/37/4
f 729/37/4 730/37/4 491/37/4 489/37/4
f 730/37/4 731/37/4 493/37/4 491/37/4
f 731/37/4 732/37/4 495/37/4 493/37/4
f 732/37/4 733/37/4 497/37/4 495/37/4
f 733/37/4 734/37/4 499/37/4 497/37/4
f 734/37/4 735/37/4 501/37/4 499/37/4
f 735/37/4 736/37/4 503/37/4 501/37/4
f 736/37/4 737/37/4 505/37/4 503/37/4
f 737/37/4 738/37/4 507/37/4 505/37/4
f 738/37/4 739/37/4 509/37/4 507/37/4
f 739/37/4 740/37/4 511/37/4 509/37/4
f 740/37/4 741/37/4 513/37/4 511/37/4
f 741/37/4 742/37/4 515/37/4 513/37/4
f 742/37/4 743/37/4 517/37/4 515/37/4
f 517/37/6 743/37/6 710/37/6 451/37/6
f 518/37/3 744/37/3 745/37/3 519/37/3
f 745/37/5 746/37/5 520/37/5 519/37/5
f 521/37/3 747/37/3 744/37/3 518/37/3
f 524/37/6 748/37/6 747/37/6 521/37/6
f 539/37/3 749/37/3 750/37/3 537/37/3
f 750/37/5 751/37/5 538/37/5 537/37/5
f 540/37/3 752/37/3 749/37/3 539/37/3
f 543/37/6 753/37/6 752/37/6 540/37/6
f 558/37/3 754/37/3 755/37/3 556/37/3
f 755/37/5 756/37/5 557/37/5 556/37/5
f 559/37/3 757/37/3 754/37/3 558/37/3
f 562/37/6 758/37/6 757/37/6 559/37/6
f 577/37/3 759/37/3 760/37/3 575/37/3
f 760/37/5 761/37/5 576/37/5 575/37/5
f 578/37/3 762/37/3 759/37/3 577/37/3
f 579/37/6 763/37/6 762/37/6 578/37/6
f 746/37/5 764/37/5 580/37/5 520/37/5
f 582/37/6 765/37/6 748/37/6 524/37/6
f 751/37/5 766/37/5 589/37/5 538/37/5
f 591/37/6 767/37/6 753/37/6 543/37/6
f 756/37/5 768/37/5 598/37/5 557/37/5
f 600/37/6 769/37/6 758/37/6 562/37/6
f 761/37/5 770/37/5 607/37/5 576/37/5
f 608/37/6 771/37/6 763/37/6 579/37/6
f 764/37/5 772/37/5 609/37/5 580/37/5
f 773/41/2 774/41/2 775/41/2 765/41/2
f 581/41/3 773/41/3 765/41/3 582/41/3
f 776/41/2 777/41/2 774/41/2 773/41/2
f 583/41/3 776/41/3 773/41/3 581/41/3
f 778/41/2 779/41/2 777/41/2 776/41/2
f 584/41/3 778/41/3 776/41/3 583/41/3
f 780/41/2 781/41/2 779/41/2 778/41/2
f 585/41/3 780/41/3 778/41/3 584/41/3
f 782/41/2 783/41/2 781/41/2 780/41/2
f 586/41/3 782/41/3 780/41/3 585/41/3
f 611/41/6 783/41/6 782/41/6 586/41/6
f 766/37/5 784/37/5 613/37/5 589/37/5
f 785/41/2 786/41/2 787/41/2 767/41/2
f 590/41/3 785/41/3 767/41/3 591/41/3
f 788/41/2 789/41/2 786/41/2 785/41/2
f 592/41/3 788/41/3 785/41/3 590/41/3
f 790/41/2 791/41/2 789/41/2 788/41/2
f 593/41/3 790/41/3 788/41/3 592/41/3
f 792/41/2 793/41/2 791/41/2 790/41/2
f 594/41/3 792/41/3 790/41/3 593/41/3
f 794/41/2 795/41/2 793/41/2 792/41/2
f 595/41/3 794/41/3 792/41/3 594/41/3
f 615/41/6 795/41/6 794/41/6 595/41/6
f 768/37/5 796/37/5 617/37/5 598/37/5
f 797/41/2 798/41/2 799/41/2 769/41/2
f 599/41/3 797/41/3 769/41/3 600/41/3
f 800/41/2 801/41/2 798/41/2 797/41/2
f 601/41/3 800/41/3 797/41/3 599/41/3
f 802/41/2 803/41/2 801/41/2 800/41/2
f 602/41/3 802/41/3 800/41/3 601/41/3
f 804/41/2 805/41/2 803/41/2 802/41/2
f 603/41/3 804/41/3 802/41/3 602/41/3
f 806/41/2 807/41/2 805/41/2 804/41/2
f 604/41/3 806/41/3 804/41/3 603/41/3
f 619/41/6 807/41/6 806/41/6 604/41/6
f 770/37/5 808/37/5 621/37/5 607/37/5
f 622/37/6 809/37/6 771/37/6 608/37/6
f 772/37/5 810/37/5 623/37/5 609/37/5
f 774/41/2 811/41/2 812/41/2 775/41/2
f 777/41/2 813/41/2 811/41/2 774/41/2
f 779/41/2 814/41/2 813/41/2 777/41/2
f 781/41/2 815/41/2 814/41/2 779/41/2
f 783/41/2 816/41/2 815/41/2 781/41/2
f 625/41/6 816/41/6 783/41/6 611/41/6
f 784/37/5 817/37/5 627/37/5 613/37/5
f 786/41/2 818/41/2 819/41/2 787/41/2
f 789/41/2 820/41/2 818/41/2 786/41/2
f 791/41/2 821/41/2 820/41/2 789/41/2
f 793/41/2 822/41/2 821/41/2 791/41/2
f 795/41/2 823/41/2 822/41/2 793/41/2
f 629/41/6 823/41/6 795/41/6 615/41/6
f 796/37/5 824/37/5 631/37/5 617/37/5
f 798/41/2 825/41/2 826/41/2 799/41/2
f 801/41/2 827/41/2 825/41/2 798/41/2
f 803/41/2 828/41/2 827/41/2 801/41/2
f 805/41/2 829/41/2 828/41/2 803/41/2
f 807/41/2 830/41/2 829/41/2 805/41/2
f 633/41/6 830/41/6 807/41/6 619/41/6
f 808/37/5 831/37/5 635/37/5 621/37/5
f 636/37/6 832/37/6 809/37/6 622/37/6
f 810/37/5 833/37/5 637/37/5 623/37/5
f 811/41/2 834/41/2 835/41/2 812/41/2
f 813/41/2 836/41/2 834/41/2 811/41/2
f 814/41/2 837/41/2 836/41/2 813/41/2
f 815/41/2 838/41/2 837/41/2 814/41/2
f 816/41/2 839/41/2 838/41/2 815/41/2
f 639/41/6 839/41/6 816/41/6 625/41/6
f 817/37/5 840/37/5 641/37/5 627/37/5
f 818/41/2 841/41/2 842/41/2 819/41/2
f 820/41/2 843/41/2 841/41/2 818/41/2
f 821/41/2 844/41/2 843/41/2 820/41/2
f 822/41/2 845/41/2 844/41/2 821/41/2
f 823/41/2 846/41/2 845/41/2 822/41/2
f 643/41/6 846/41/6 823/41/6 629/41/6
f 824/37/5 847/37/5 645/37/5 631/37/5
f 825/41/2 848/41/2 849/41/2 826/41/2
f 827/41/2 850/41/2 848/41/2 825/41/2
f 828/41/2 851/41/2 850/41/2 827/41/2
f 829/41/2 852/41/2 851/41/2 828/41/2
f 830/41/2 853/41/2 852/41/2 829/41/2
f 647/41/6 853/41/6 830/41/6 633/41/6
f 831/37/5 854/37/5 649/37/5 635/37/5
f 650/37/6 855/37/6 832/37/6 636/37/6
f 833/37/5 856/37/5 651/37/5 637/37/5
f 834/41/2 857/41/2 858/41/2 835/41/2
f 836/41/2 859/41/2 857/41/2 834/41/2
f 837/41/2 860/41/2 859/41/2 836/41/2
f 838/41/2 861/41/2 860/41/2 837/41/2
f 839/41/2 862/41/2 861/41/2 838/41/2
f 653/41/6 862/41/6 839/41/6 639/41/6
f 840/37/5 863/37/5 655/37/5 641/37/5
f 841/41/2 864/41/2 865/41/2 842/41/2
f 843/41/2 866/41/2 864/41/2 841/41/2
f 844/41/2 867/41/2 866/41/2 843/41/2
f 845/41/2 868/41/2 867/41/2 844/41/2
f 846/41/2 869/41/2 868/41/2 845/41/2
f 657/41/6 869/41/6 846/41/6 643/41/6
f 847/37/5 870/37/5 659/37/5 645/37/5
f 848/41/2 871/41/2 872/41/2 849/41/2
f 850/41/2 873/41/2 871/41/2 848/41/2
f 851/41/2 874/41/2 873/41/2 850/41/2
f 852/41/2 875/41/2 874/41/2 851/41/2
f 853/41/2 876/41/2 875/41/2 852/41/2
f 661/41/6 876/41/6 853/41/6 647/41/6
f 854/37/5 877/37/5 663/37/5 649/37/5
f 664/37/6 878/37/6 855/37/6 650/37/6
f 856/37/5 879/37/5 665/37/5 651/37/5
f 857/41/2 880/41/2 881/41/2 858/41/2
f 859/41/2 882/41/2 880/41/2 857/41/2
f 860/41/2 883/41/2 882/41/2 859/41/2
f 861/41/2 884/41/2 883/41/2 860/41/2
f 862/41/2 885/41/2 884/41/2 861/41/2
f 667/41/6 885/41/6 862/41/6 653/41/6
f 863/37/5 886/37/5 669/37/5 655/37/5
f 864/41/2 887/41/2 888/41/2 865/41/2
f 866/41/2 889/41/2 887/41/2 864/41/2
f 867/41/2 890/41/2 889/41/2 866/41/2
f 868/41/2 891/41/2 890/41/2 867/41/2
f 869/41/2 892/41/2 891/41/2 868/41/2
f 671/41/6 892/41/6 869/41/6 657/41/6
f 870/37/5 893/37/5 673/37/5 659/37/5
f 871/41/2 894/41/2 895/41/2 872/41/2
f 873/41/2 896/41/2 894/41/2 871/41/2
f 874/41/2 897/41/2 896/41/2 873/41/2
f 875/41/2 898/41/2 897/41/2 874/41/2
f 876/41/2 899/41/2 898/41/2 875/41/2
f 675/41/6 899/41/6 876/41/6 661/41/6
f 877/37/5 900/37/5 677/37/5 663/37/5
f 678/37/6 901/37/6 878/37/6 664/37/6
f 879/37/5 902/37/5 679/37/5 665/37/5
f 880/41/2 903/41/2 904/41/2 881/41/2
f 882/41/2 905/41/2 903/41/2 880/41/2
f 883/41/2 906/41/2 905/41/2 882/41/2
f 884/41/2 907/41/2 906/41/2 883/41/2
f 885/41/2 908/41/2 907/41/2 884/41/2
f 681/41/6 908/41/6 885/41/6 667/41/6
f 886/37/5 909/37/5 683/37/5 669/37/5
f 887/41/2 910/41/2 911/41/2 888/41/2
f 889/41/2 912/41/2 910/41/2 887/41/2
f 890/41/2 913/41/2 912/41/2 889/41/2
f 891/41/2 914/41/2 913/41/2 890/41/2
f 892/41/2 915/41/2 914/41/2 891/41/2
f 685/41/6 915/41/6 892/41/6 671/41/6
f 893/37/5 916/37/5 687/37/5 673/37/5
f 894/41/2 917/41/2 918/41/2 895/41/2
f 896/41/2 919/41/2 917/41/2 894/41/2
f 897/41/2 920/41/2 919/41/2 896/41/2
f 898/41/2 921/41/2 920/41/2 897/41/2
f 899/41/2 922/41/2 921/41/2 898/41/2
f 689/41/6 922/41/6 899/41/6 675/41/6
f 900/37/5 923/37/5 691/37/5 677/37/5
f 692/37/6 924/37/6 901/37/6 678/37/6
f 902/37/5 925/37/5 693/37/5 679/37/5
f 903/41/2 926/41/2 927/41/2 904/41/2
f 905/41/2 928/41/2 926/41/2 903/41/2
f 906/41/2 929/41/2 928/41/2 905/41/2
f 907/41/2 930/41/2 929/41/2 906/41/2
f 908/41/2 931/41/2 930/41/2 907/41/2
f 695/41/6 931/41/6 908/41/6 681/41/6
f 909/37/5 932/37/5 697/37/5 683/37/5
f 910/41/2 933/41/2 934/41/2 911/41/2
f 912/41/2 935/41/2 933/41/2 910/41/2
f 913/41/2 936/41/2 935/41/2 912/41/2
f 914/41/2 937/41/2 936/41/2 913/41/2
f 915/41/2 938/41/2 937/41/2 914/41/2
f 699/41/6 938/41/6 915/41/6 685/41/6
f 916/37/5 939/37/5 701/37/5 687/37/5
f 917/41/2 940/41/2 941/41/2 918/41/2
f 919/41/2 942/41/2 940/41/2 917/41/2
f 920/41/2 943/41/2 942/41/2 919/41/2
f 921/41/2 944/41/2 943/41/2 920/41/2
f 922/41/2 945/41/2 944/41/2 921/41/2
f 703/41/6 945/41/6 922/41/6 689/41/6
f 923/37/5 946/37/5 705/37/5 691/37/5
f 706/37/6 947/37/6 924/37/6 692/37/6
f 925/37/5 948/37/5 707/37/5 693/37/5
f 694/36/3 949/36/3 931/36/3 695/36/3
f 696/36/3 950/36/3 949/36/3 694/36/3
f 697/36/3 932/36/3 950/36/3 696/36/3
f 698/36/3 951/36/3 938/36/3 699/36/3
f 700/36/3 952/36/3 951/36/3 698/36/3
f 701/36/3 939/36/3 952/36/3 700/36/3
f 702/36/3 953/36/3 945/36/3 703/36/3
f 704/36/3 954/36/3 953/36/3 702/36/3
f 705/36/3 946/36/3 954/36/3 704/36/3
f 708/37/6 955/37/6 947/37/6 706/37/6
f 948/37/5 956/37/5 709/37/5 707/37/5
f 710/37/6 957/37/6 955/37/6 708/37/6
f 958/37/4 959/37/4 712/37/4 711/37/4
f 956/37/5 958/37/5 711/37/5 709/37/5
f 959/37/4 960/37/4 713/37/4 712/37/4
f 960/36/4 961/36/4 714/36/4 713/36/4
f 961/36/4 962/36/4 715/36/4 714/36/4
f 962/36/4 963/36/4 716/36/4 715/36/4
f 963/36/4 964/36/4 717/36/4 716/36/4
f 964/36/4 965/36/4 718/36/4 717/36/4
f 965/36/4 966/36/4 719/36/4 718/36/4
f 966/36/4 967/36/4 720/36/4 719/36/4
f 967/36/4 968/36/4 721/36/4 720/36/4
f 968/37/4 969/37/4 722/37/4 721/37/4
f 969/37/4 970/37/4 723/37/4 722/37/4
f 970/36/4 971/36/4 724/36/4 723/36/4
f 971/36/4 972/36/4 725/36/4 724/36/4
f 972/36/4 973/36/4 726/36/4 725/36/4
f 973/36/4 974/36/4 727/36/4 726/36/4
f 974/36/4 975/36/4 728/36/4 727/36/4
f 975/36/4 976/36/4 729/36/4 728/36/4
f 976/36/4 977/36/4 730/36/4 729/36/4
f 977/36/4 978/36/4 731/36/4 730/36/4
f 978/37/4 979/37/4 732/37/4 731/37/4
f 979/37/4 980/37/4 733/37/4 732/37/4
f 980/36/4 981/36/4 734/36/4 733/36/4
f 981/36/4 982/36/4 735/36/4 734/36/4
f 982/36/4 983/36/4 736/36/4 735/36/4
f 983/36/4 984/36/4 737/36/4 736/36/4
f 984/36/4 985/36/4 738/36/4 737/36/4
f 985/36/4 986/36/4 739/36/4 738/36/4
f 986/36/4 987/36/4 740/36/4 739/36/4
f 987/36/4 988/36/4 741/36/4 740/36/4
f 988/37/4 989/37/4 742/37/4 741/37/4
f 989/37/4 990/37/4 743/37/4 742/37/4
f 743/37/6 990/37/6 957/37/6 710/37/6
f 744/37/3 991/37/3 992/37/3 745/37/3
f 992/37/5 993/37/5 746/37/5 745/37/5
f 747/37/3 994/37/3 991/37/3 744/37/3
f 748/37/6 995/37/6 994/37/6 747/37/6
f 749/37/3 996/37/3 997/37/3 750/37/3
f 997/37/5 998/37/5 751/37/5 750/37/5
f 752/37/3 999/37/3 996/37/3 749/37/3
f 753/37/6 1000/37/6 999/37/6 752/37/6
f 754/37/3 1001/37/3 1002/37/3 755/37/3
f 1002/37/5 1003/37/5 756/37/5 755/37/5
f 757/37/3 1004/37/3 1001/37/3 754/37/3
f 758/37/6 1005/37/6 1004/37/6 757/37/6
f 759/37/3 1006/37/3 1007/37/3 760/37/3
f 1007/37/5 1008/37/5 761/37/5 760/37/5
f 762/37/3 1009/37/3 1006/37/3 759/37/3
f 763/37/6 1010/37/6 1009/37/6 762/37/6
f 993/37/5 1011/37/5 764/37/5 746/37/5
f 765/37/6 1012/37/6 995/37/6 748/37/6
f 998/37/5 1013/37/5 766/37/5 751/37/5
f 767/37/6 1014/37/6 1000/37/6 753/37/6
f 1003/37/5 1015/37/5 768/37/5 756/37/5
f 769/37/6 1016/37/6 1005/37/6 758/37/6
f 1008/37/5 1017/37/5 770/37/5 761/37/5
f 771/37/6 1018/37/6 1010/37/6 763/37/6
f 1011/37/5 1019/37/5 772/37/5 764/37/5
f 775/37/6 1020/37/6 1012/37/6 765/37/6
f 1013/37/5 1021/37/5 784/37/5 766/37/5
f 787/37/6 1022/37/6 1014/37/6 767/37/6
f 1015/37/5 1023/37/5 796/37/5 768/37/5
f 799/37/6 1024/37/6 1016/37/6 769/37/6
f 1017/37/5 1025/37/5 808/37/5 770/37/5
f 809/37/6 1026/37/6 1018/37/6 771/37/6
f 1019/37/5 1027/37/5 810/37/5 772/37/5
f 812/37/6 1028/37/6 1020/37/6 775/37/6
f 1021/37/5 1029/37/5 817/37/5 784/37/5
f 819/37/6 1030/37/6 1022/37/6 787/37/6
f 1023/37/5 1031/37/5 824/37/5 796/37/5
f 826/37/6 1032/37/6 1024/37/6 799/37/6
f 1025/37/5 1033/37/5 831/37/5 808/37/5
f 832/37/6 1034/37/6 1026/37/6 809/37/6
f 1027/37/5 1035/37/5 833/37/5 810/37/5
f 835/37/6 1036/37/6 1028/37/6 812/37/6
f 1029/37/5 1037/37/5 840/37/5 817/37/5
f 842/37/6 1038/37/6 1030/37/6 819/37/6
f 1031/37/5 1039/37/5 847/37/5 824/37/5
f 849/37/6 1040/37/6 1032/37/6 826/37/6
f 1033/37/5 1041/37/5 854/37/5 831/37/5
f 855/37/6 1042/37/6 1034/37/6 832/37/6
f 1035/37/5 1043/37/5 856/37/5 833/37/5
f 858/37/6 1044/37/6 1036/37/6 835/37/6
f 1037/37/5 1045/37/5 863/37/5 840/37/5
f 865/37/6 1046/37/6 1038/37/6 842/37/6
f 1039/37/5 1047/37/5 870/37/5 847/37/5
f 872/37/6 1048/37/6 1040/37/6 849/37/6
f 1041/37/5 1049/37/5 877/37/5 854/37/5
f 878/37/6 1050/37/6 1042/37/6 855/37/6
f 1043/37/5 1051/37/5 879/37/5 856/37/5
f 881/37/6 1052/37/6 1044/37/6 858/37/6
f 1045/37/5 1053/37/5 886/37/5 863/37/5
f 888/37/6 1054/37/6 1046/37/6 865/37/6
f 1047/37/5 1055/37/5 893/37/5 870/37/5
f 895/37/6 1056/37/6 1048/37/6 872/37/6
f 1049/37/5 1057/37/5 900/37/5 877/37/5
f 901/37/6 1058/37/6 1050/37/6 878/37/6
f 1051/37/5 1059/37/5 902/37/5 879/37/5
f 904/37/6 1060/37/6 1052/37/6 881/37/6
f 1053/37/5 1061/37/5 909/37/5 886/37/5
f 911/37/6 1062/37/6 1054/37/6 888/37/6
f 1055/37/5 1063/37/5 916/37/5 893/37/5
f 918/37/6 1064/37/6 1056/37/6 895/37/6
f 1057/37/5 1065/37/5 923/37/5 900/37/5
f 924/37/6 1066/37/6 1058/37/6 901/37/6
f 1059/37/5 1067/37/5 925/37/5 902/37/5
f 927/37/6 1068/37/6 1060/37/6 904/37/6
f 1061/37/5 1069/37/5 932/37/5 909/37/5
f 934/37/6 1070/37/6 1062/37/6 911/37/6
f 1063/37/5 1071/37/5 939/37/5 916/37/5
f 941/37/6 1072/37/6 1064/37/6 918/37/6
f 1065/37/5 1073/37/5 946/37/5 923/37/5
f 947/37/6 1074/37/6 1066/37/6 924/37/6
f 1067/37/5 1075/37/5 948/37/5 925/37/5
f 926/36/3 1076/36/3 1068/36/3 927/36/3
f 928/36/3 1077/36/3 1076/36/3 926/36/3
f 929/36/3 1078/36/3 1077/36/3 928/36/3
f 930/36/3 1079/36/3 1078/36/3 929/36/3
f 931/36/3 1080/36/3 1079/36/3 930/36/3
f 949/36/3 1081/36/3 1080/36/3 931/36/3
f 950/36/3 1082/36/3 1081/36/3 949/36/3
f 932/36/3 1069/36/3 1082/36/3 950/36/3
f 933/36/3 1083/36/3 1070/36/3 934/36/3
f 935/36/3 1084/36/3 1083/36/3 933/36/3
f 936/36/3 1085/36/3 1084/36/3 935/36/3
f 937/36/3 1086/36/3 1085/36/3 936/36/3
f 938/36/3 1087/36/3 1086/36/3 937/36/3
f 951/36/3 1088/36/3 1087/36/3 938/36/3
f 952/36/3 1089/36/3 1088/36/3 951/36/3
f 939/36/3 1071/36/3 1089/36/3 952/36/3
f 940/36/3 1090/36/3 1072/36/3 941/36/3
f 942/36/3 1091/36/3 1090/36/3 940/36/3
f 943/36/3 1092/36/3 1091/36/3 942/36/3
f 944/36/3 1093/36/3 1092/36/3 943/36/3
f 945/36/3 1094/36/3 1093/36/3 944/36/3
f 953/36/3 1095/36/3 1094/36/3 945/36/3
f 954/36/3 1096/36/3 1095/36/3 953/36/3
f 946/36/3 1073/36/3 1096/36/3 954/36/3
f 955/37/6 1097/37/6 1074/37/6 947/37/6
f 1075/37/5 1098/37/5 956/37/5 948/37/5
f 957/37/6 1099/37/6 1097/37/6 955/37/6
f 1100/37/4 1101/37/4 959/37/4 958/37/4
f 1098/37/5 1100/37/5 958/37/5 956/37/5
f 1101/37/4 1102/37/4 960/37/4 959/37/4
f 1102/36/4 1103/36/4 961/36/4 960/36/4
f 1103/36/4 1104/36/4 962/36/4 961/36/4
f 1104/36/4 1105/36/4 963/36/4 962/36/4
f 1105/36/4 1106/36/4 964/36/4 963/36/4
f 1106/36/4 1107/36/4 965/36/4 964/36/4
f 1107/36/4 1108/36/4 966/36/4 965/36/4
f 1108/36/4 1109/36/4 967/36/4 966/36/4
f 1109/36/4 1110/36/4 968/36/4 967/36/4
f 1110/37/4 1111/37/4 969/37/4 968/37/4
f 1111/37/4 1112/37/4 970/37/4 969/37/4
f 1112/36/4 1113/36/4 971/36/4 970/36/4
f 1113/36/4 1114/36/4 972/36/4 971/36/4
f 1114/36/4 1115/36/4 973/36/4 972/36/4
f 1115/36/4 1116/36/4 974/36/4 973/36/4
f 1116/36/4 1117/36/4 975/36/4 974/36/4
f 1117/36/4 1118/36/4 976/36/4 975/36/4
f 1118/36/4 1119/36/4 977/36/4 976/36/4
f 1119/36/4 1120/36/4 978/36/4 977/36/4
f 1120/37/4 1121/37/4 979/37/4 978/37/4
f 1121/37/4 1122/37/4 980/37/4 979/37/4
f 1122/36/4 1123/36/4 981/36/4 980/36/4
f 1123/36/4 1124/36/4 982/36/4 981/36/4
f 1124/36/4 1125/36/4 983/36/4 982/36/4
f 1125/36/4 1126/36/4 984/36/4 983/36/4
f 1126/36/4 1127/36/4 985/36/4 984/36/4
f 1127/36/4 1128/36/4 986/36/4 985/36/4
f 1128/36/4 1129/36/4 987/36/4 986/36/4
f 1129/36/4 1130/36/4 988/36/4 987/36/4
f 1130/37/4 1131/37/4 989/37/4 988/37/4
f 1131/37/4 1132/37/4 990/37/4 989/37/4
f 990/37/6 1132/37/6 1099/37/6 957/37/6
f 991/37/3 1133/37/3 1134/37/3 992/37/3
f 1134/37/5 1135/37/5 993/37/5 992/37/5
f 994/37/3 1136/37/3 1133/37/3 991/37/3
f 995/37/6 1137/37/6 1136/37/6 994/37/6
f 996/37/3 1138/37/3 1139/37/3 997/37/3
f 1139/37/5 1140/37/5 998/37/5 997/37/5
f 999/37/3 1141/37/3 1138/37/3 996/37/3
f 1000/37/6 1142/37/6 1141/37/6 999/37/6
f 1001/37/3 1143/37/3 1144/37/3 1002/37/3
f 1144/37/5 1145/37/5 1003/37/5 1002/37/5
f 1004/37/3 1146/37/3 1143/37/3 1001/37/3
f 1005/37/6 1147/37/6 1146/37/6 1004/37/6
f 1006/37/3 1148/37/3 1149/37/3 1007/37/3
f 1149/37/5 1150/37/5 1008/37/5 1007/37/5
f 1009/37/3 1151/37/3 1148/37/3 1006/37/3
f 1010/37/6 1152/37/6 1151/37/6 1009/37/6
f 1135/37/5 1153/37/5 1011/37/5 993/37/5
f 1012/37/6 1154/37/6 1137/37/6 995/37/6
f 1140/37/5 1155/37/5 1013/37/5 998/37/5
f 1014/37/6 1156/37/6 1142/37/6 1000/37/6
f 1145/37/5 1157/37/5 1015/37/5 1003/37/5
f 1016/37/6 1158/37/6 1147/37/6 1005/37/6
f 1150/37/5 1159/37/5 1017/37/5 1008/37/5
f 1018/37/6 1160/37/6 1152/37/6 1010/37/6
f 1153/37/5 1161/37/5 1019/37/5 1011/37/5
f 1020/41/1 1162/41/1 1163/41/1 1012/41/1
f 1164/41/2 1165/41/2 1166/41/2 1154/41/2
f 1163/41/3 1164/41/3 1154/41/3 1012/41/3
f 1162/41/1 1167/41/1 1168/41/1 1163/41/1
f 1169/41/2 1170/41/2 1165/41/2 1164/41/2
f 1168/41/3 1169/41/3 1164/41/3 1163/41/3
f 1167/41/1 1171/41/1 1172/41/1 1168/41/1
f 1173/41/2 1174/41/2 1170/41/2 1169/41/2
f 1172/41/3 1173/41/3 1169/41/3 1168/41/3
f 1171/41/1 1175/41/1 1176/41/1 1172/41/1
f 1177/41/2 1178/41/2 1174/41/2 1173/41/2
f 1176/41/3 1177/41/3 1173/41/3 1172/41/3
f 1175/41/1 1179/41/1 1180/41/1 1176/41/1
f 1181/41/2 1182/41/2 1178/41/2 1177/41/2
f 1180/41/3 1181/41/3 1177/41/3 1176/41/3
f 1179/41/1 1183/41/1 1184/41/1 1180/41/1
f 1185/41/2 1186/41/2 1182/41/2 1181/41/2
f 1184/41/3 1185/41/3 1181/41/3 1180/41/3
f 1183/41/1 1187/41/1 1188/41/1 1184/41/1
f 1189/41/2 1190/41/2 1186/41/2 1185/41/2
f 1188/41/3 1189/41/3 1185/41/3 1184/41/3
f 1187/41/6 1190/41/6 1189/41/6 1188/41/6
f 1155/37/5 1191/37/5 1021/37/5 1013/37/5
f 1022/41/1 1192/41/1 1193/41/1 1014/41/1
f 1194/41/2 1195/41/2 1196/41/2 1156/41/2
f 1193/41/3 1194/41/3 1156/41/3 1014/41/3
f 1192/41/1 1197/41/1 1198/41/1 1193/41/1
f 1199/41/2 1200/41/2 1195/41/2 1194/41/2
f 1198/41/3 1199/41/3 1194/41/3 1193/41/3
f 1197/41/1 1201/41/1 1202/41/1 1198/41/1
f 1203/41/2 1204/41/2 1200/41/2 1199/41/2
f 1202/41/3 1203/41/3 1199/41/3 1198/41/3
f 1201/41/1 1205/41/1 1206/41/1 1202/41/1
f 1207/41/2 1208/41/2 1204/41/2 1203/41/2
f 1206/41/3 1207/41/3 1203/41/3 1202/41/3
f 1205/41/1 1209/41/1 1210/41/1 1206/41/1
f 1211/41/2 1212/41/2 1208/41/2 1207/41/2
f 1210/41/3 1211/41/3 1207/41/3 1206/41/3
f 1209/41/1 1213/41/1 1214/41/1 1210/41/1
f 1215/41/2 1216/41/2 1212/41/2 1211/41/2
f 1214/41/3 1215/41/3 1211/41/3 1210/41/3
f 1213/41/1 1217/41/1 1218/41/1 1214/41/1
f 1219/41/2 1220/41/2 1216/41/2 1215/41/2
f 1218/41/3 1219/41/3 1215/41/3 1214/41/3
f 1217/41/6 1220/41/6 1219/41/6 1218/41/6
f 1157/37/5 1221/37/5 1023/37/5 1015/37/5
f 1024/41/1 1222/41/1 1223/41/1 1016/41/1
f 1224/41/2 1225/41/2 1226/41/2 1158/41/2
f 1223/41/3 1224/41/3 1158/41/3 1016/41/3
f 1222/41/1 1227/41/1 1228/41/1 1223/41/1
f 1229/41/2 1230/41/2 1225/41/2 1224/41/2
f 1228/41/3 1229/41/3 1224/41/3 1223/41/3
f 1227/41/1 1231/41/1 1232/41/1 1228/41/1
f 1233/41/2 1234/41/2 1230/41/2 1229/41/2
f 1232/41/3 1233/41/3 1229/41/3 1228/41/3
f 1231/41/1 1235/41/1 1236/41/1 1232/41/1
f 1237/41/2 1238/41/2 1234/41/2 1233/41/2
f 1236/41/3 1237/41/3 1233/41/3 1232/41/3
f 1235/41/1 1239/41/1 1240/41/1 1236/41/1
f 1241/41/2 1242/41/2 1238/41/2 1237/41/2
f 1240/41/3 1241/41/3 1237/41/3 1236/41/3
f 1239/41/1 1243/41/1 1244/41/1 1240/41/1
f 1245/41/2 1246/41/2 1242/41/2 1241/41/2
f 1244/41/3 1245/41/3 1241/41/3 1240/41/3
f 1243/41/1 1247/41/1 1248/41/1 1244/41/1
f 1249/41/2 1250/41/2 1246/41/2 1245/41/2
f 1248/41/3 1249/41/3 1245/41/3 1244/41/3
f 1247/41/6 1250/41/6 1249/41/6 1248/41/6
f 1159/37/5 1251/37/5 1025/37/5 1017/37/5
f 1026/37/6 1252/37/6 1160/37/6 1018/37/6
f 1161/37/5 1253/37/5 1027/37/5 1019/37/5
f 1028/41/1 1254/41/1 1162/41/1 1020/41/1
f 1165/41/2 1255/41/2 1256/41/2 1166/41/2
f 1254/41/1 1257/41/1 1167/41/1 1162/41/1
f 1170/41/2 1258/41/2 1255/41/2 1165/41/2
f 1257/41/1 1259/41/1 1171/41/1 1167/41/1
f 1174/41/2 1260/41/2 1258/41/2 1170/41/2
f 1259/41/1 1261/41/1 1175/41/1 1171/41/1
f 1178/41/2 1262/41/2 1260/41/2 1174/41/2
f 1261/41/1 1263/41/1 1179/41/1 1175/41/1
f 1182/41/2 1264/41/2 1262/41/2 1178/41/2
f 1263/41/1 1265/41/1 1183/41/1 1179/41/1
f 1186/41/2 1266/41/2 1264/41/2 1182/41/2
f 1265/41/1 1267/41/1 1187/41/1 1183/41/1
f 1190/41/2 1268/41/2 1266/41/2 1186/41/2
f 1267/41/6 1268/41/6 1190/41/6 1187/41/6
f 1191/37/5 1269/37/5 1029/37/5 1021/37/5
f 1030/41/1 1270/41/1 1192/41/1 1022/41/1
f 1195/41/2 1271/41/2 1272/41/2 1196/41/2
f 1270/41/1 1273/41/1 1197/41/1 1192/41/1
f 1200/41/2 1274/41/2 1271/41/2 1195/41/2
f 1273/41/1 1275/41/1 1201/41/1 1197/41/1
f 1204/41/2 1276/41/2 1274/41/2 1200/41/2
f 1275/41/1 1277/41/1 1205/41/1 1201/41/1
f 1208/41/2 1278/41/2 1276/41/2 1204/41/2
f 1277/41/1 1279/41/1 1209/41/1 1205/41/1
f 1212/41/2 1280/41/2 1278/41/2 1208/41/2
f 1279/41/1 1281/41/1 1213/41/1 1209/41/1
f 1216/41/2 1282/41/2 1280/41/2 1212/41/2
f 1281/41/1 1283/41/1 1217/41/1 1213/41/1
f 1220/41/2 1284/41/2 1282/41/2 1216/41/2
f 1283/41/6 1284/41/6 1220/41/6 1217/41/6
f 1221/37/5 1285/37/5 1031/37/5 1023/37/5
f 1032/41/1 1286/41/1 1222/41/1 1024/41/1
f 1225/41/2 1287/41/2 1288/41/2 1226/41/2
f 1286/41/1 1289/41/1 1227/41/1 1222/41/1
f 1230/41/2 1290/41/2 1287/41/2 1225/41/2
f 1289/41/1 1291/41/1 1231/41/1 1227/41/1
f 1234/41/2 1292/41/2 1290/41/2 1230/41/2
f 1291/41/1 1293/41/1 1235/41/1 1231/41/1
f 1238/41/2 1294/41/2 1292/41/2 1234/41/2
f 1293/41/1 1295/41/1 1239/41/1 1235/41/1
f 1242/41/2 1296/41/2 1294/41/2 1238/41/2
f 1295/41/1 1297/41/1 1243/41/1 1239/41/1
f 1246/41/2 1298/41/2 1296/41/2 1242/41/2
f 1297/41/1 1299/41/1 1247/41/1 1243/41/1
f 1250/41/2 1300/41/2 1298/41/2 1246/41/2
f 1299/41/6 1300/41/6 1250/41/6 1247/41/6
f 1251/37/5 1301/37/5 1033/37/5 1025/37/5
f 1034/37/6 1302/37/6 1252/37/6 1026/37/6
f 1253/37/5 1303/37/5 1035/37/5 1027/37/5
f 1036/41/1 1304/41/1 1254/41/1 1028/41/1
f 1255/41/2 1305/41/2 1306/41/2 1256/41/2
f 1304/41/1 1307/41/1 1257/41/1 1254/41/1
f 1258/41/2 1308/41/2 1305/41/2 1255/41/2
f 1307/41/1 1309/41/1 1259/41/1 1257/41/1
f 1260/41/2 1310/41/2 1308/41/2 1258/41/2
f 1309/41/1 1311/41/1 1261/41/1 1259/41/1
f 1262/41/2 1312/41/2 1310/41/2 1260/41/2
f 1311/41/1 1313/41/1 1263/41/1 1261/41/1
f 1264/41/2 1314/41/2 1312/41/2 1262/41/2
f 1313/41/1 1315/41/1 1265/41/1 1263/41/1
f 1266/41/2 1316/41/2 1314/41/2 1264/41/2
f 1315/41/1 1317/41/1 1267/41/1 1265/41/1
f 1268/41/2 1318/41/2 1316/41/2 1266/41/2
f 1317/41/6 1318/41/6 1268/41/6 1267/41/6
f 1269/37/5 1319/37/5 1037/37/5 1029/37/5
f 1038/41/1 1320/41/1 1270/41/1 1030/41/1
f 1271/41/2 1321/41/2 1322/41/2 1272/41/2
f 1320/41/1 1323/41/1 1273/41/1 1270/41/1
f 1274/41/2 1324/41/2 1321/41/2 1271/41/2
f 1323/41/1 1325/41/1 1275/41/1 1273/41/1
f 1276/41/2 1326/41/2 1324/41/2 1274/41/2
f 1325/41/1 1327/41/1 1277/41/1 1275/41/1
f 1278/41/2 1328/41/2 1326/41/2 1276/41/2
f 1327/41/1 1329/41/1 1279/41/1 1277/41/1
f 1280/41/2 1330/41/2 1328/41/2 1278/41/2
f 1329/41/1 1331/41/1 1281/41/1 1279/41/1
f 1282/41/2 1332/41/2 1330/41/2 1280/41/2
f 1331/41/1 1333/41/1 1283/41/1 1281/41/1
f 1284/41/2 1334/41/2 1332/41/2 1282/41/2
f 1333/41/6 1334/41/6 1284/41/6 1283/41/6
f 1285/37/5 1335/37/5 1039/37/5 1031/37/5
f 1040/41/1 1336/41/1 1286/41/1 1032/41/1
f 1287/41/2 1337/41/2 1338/41/2 1288/41/2
f 1336/41/1 1339/41/1 1289/41/1 1286/41/1
f 1290/41/2 1340/41/2 1337/41/2 1287/41/2
f 1339/41/1 1341/41/1 1291/41/1 1289/41/1
f 1292/41/2 1342/41/2 1340/41/2 1290/41/2
f 1341/41/1 1343/41/1 1293/41/1 1291/41/1
f 1294/41/2 1344/41/2 1342/41/2 1292/41/2
f 1343/41/1 1345/41/1 1295/41/1 1293/41/1
f 1296/41/2 1346/41/2 1344/41/2 1294/41/2
f 1345/41/1 1347/41/1 1297/41/1 1295/41/1
f 1298/41/2 1348/41/2 1346/41/2 1296/41/2
f 1347/41/1 1349/41/1 1299/41/1 1297/41/1
f 1300/41/2 1350/41/2 1348/41/2 1298/41/2
f 1349/41/6 1350/41/6 1300/41/6 1299/41/6
f 1301/37/5 1351/37/5 1041/37/5 1033/37/5
f 1042/37/6 1352/37/6 1302/37/6 1034/37/6
f 1303/37/5 1353/37/5 1043/37/5 1035/37/5
f 1044/41/1 1354/41/1 1304/41/1 1036/41/1
f 1305/41/2 1355/41/2 1356/41/2 1306/41/2
f 1354/41/1 1357/41/1 1307/41/1 1304/41/1
f 1308/41/2 1358/41/2 1355/41/2 1305/41/2
f 1357/41/1 1359/41/1 1309/41/1 1307/41/1
f 1310/41/2 1360/41/2 1358/41/2 1308/41/2
f 1359/41/1 1361/41/1 1311/41/1 1309/41/1
f 1312/41/2 1362/41/2 1360/41/2 1310/41/2
f 1361/41/1 1363/41/1 1313/41/1 1311/41/1
f 1314/41/2 1364/41/2 1362/41/2 1312/41/2
f 1363/41/1 1365/41/1 1315/41/1 1313/41/1
f 1316/41/2 1366/41/2 1364/41/2 1314/41/2
f 1365/41/1 1367/41/1 1317/41/1 1315/41/1
f 1318/41/2 1368/41/2 1366/41/2 1316/41/2
f 1367/41/6 1368/41/6 1318/41/6 1317/41/6
f 1319/37/5 1369/37/5 1045/37/5 1037/37/5
f 1046/41/1 1370/41/1 1320/41/1 1038/41/1
f 1321/41/2 1371/41/2 1372/41/2 1322/41/2
f 1370/41/1 1373/41/1 1323/41/1 1320/41/1
f 1324/41/2 1374/41/2 1371/41/2 1321/41/2
f 1373/41/1 1375/41/1 1325/41/1 1323/41/1
f 1326/41/2 1376/41/2 1374/41/2 1324/41/2
f 1375/41/1 1377/41/1 1327/41/1 1325/41/1
f 1328/41/2 1378/41/2 1376/41/2 1326/41/2
f 1377/41/1 1379/41/1 1329/41/1 1327/41/1
f 1330/41/2 1380/41/2 1378/41/2 1328/41/2
f 1379/41/1 1381/41/1 1331/41/1 1329/41/1
f 1332/41/2 1382/41/2 1380/41/2 1330/41/2
f 1381/41/1 1383/41/1 1333/41/1 1331/41/1
f 1334/41/2 1384/41/2 1382/41/2 1332/41/2
f 1383/41/6 1384/41/6 1334/41/6 1333/41/6
f 1335/37/5 1385/37/5 1047/37/5 1039/37/5
f 1048/41/1 1386/41/1 1336/41/1 1040/41/1
f 1337/41/2 1387/41/2 1388/41/2 1338/41/2
f 1386/41/1 1389/41/1 1339/41/1 1336/41/1
f 1340/41/2 1390/41/2 1387/41/2 1337/41/2
f 1389/41/1 1391/41/1 1341/41/1 1339/41/1
f 1342/41/2 1392/41/2 1390/41/2 1340/41/2
f 1391/41/1 1393/41/1 1343/41/1 1341/41/1
f 1344/41/2 1394/41/2 1392/41/2 1342/41/2
f 1393/41/1 1395/41/1 1345/41/1 1343/41/1
f 1346/41/2 1396/41/2 1394/41/2 1344/41/2
f 1395/41/1 1397/41/1 1347/41/1 1345/41/1
f 1348/41/2 1398/41/2 1396/41/2 1346/41/2
f 1397/41/1 1399/41/1 1349/41/1 1347/41/1
f 1350/41/2 1400/41/2 1398/41/2 1348/41/2
f 1399/41/6 1400/41/6 1350/41/6 1349/41/6
f 1351/37/5 1401/37/5 1049/37/5 1041/37/5
f 1050/37/6 1402/37/6 1352/37/6 1042/37/6
f 1353/37/5 1403/37/5 1051/37/5 1043/37/5
f 1052/41/1 1404/41/1 1354/41/1 1044/41/1
f 1355/41/2 1405/41/2 1406/41/2 1356/41/2
f 1404/41/1 1407/41/1 1357/41/1 1354/41/1
f 1358/41/2 1408/41/2 1405/41/2 1355/41/2
f 1407/41/1 1409/41/1 1359/41/1 1357/41/1
f 1360/41/2 1410/41/2 1408/41/2 1358/41/2
f 1409/41/1 1411/41/1 1361/41/1 1359/41/1
f 1362/41/2 1412/41/2 1410/41/2 1360/41/2
f 1411/41/1 1413/41/1 1363/41/1 1361/41/1
f 1364/41/2 1414/41/2 1412/41/2 1362/41/2
f 1413/41/1 1415/41/1 1365/41/1 1363/41/1
f 1366/41/2 1416/41/2 1414/41/2 1364/41/2
f 1415/41/1 1417/41/1 1367/41/1 1365/41/1
f 1368/41/2 1418/41/2 1416/41/2 1366/41/2
f 1417/41/6 1418/41/6 1368/41/6 1367/41/6
f 1369/37/5 1419/37/5 1053/37/5 1045/37/5
f 1054/41/1 1420/41/1 1370/41/1 1046/41/1
f 1371/41/2 1421/41/2 1422/41/2 1372/41/2
f 1420/41/1 1423/41/1 1373/41/1 1370/41/1
f 1374/41/2 1424/41/2 1421/41/2 1371/41/2
f 1423/41/1 1425/41/1 1375/41/1 1373/41/1
f 1376/41/2 1426/41/2 1424/41/2 1374/41/2
f 1425/41/1 1427/41/1 1377/41/1 1375/41/1
f 1378/41/2 1428/41/2 1426/41/2 1376/41/2
f 1427/41/1 1429/41/1 1379/41/1 1377/41/1
f 1380/41/2 1430/41/2 1428/41/2 1378/41/2
f 1429/41/1 1431/41/1 1381/41/1 1379/41/1
f 1382/41/2 1432/41/2 1430/41/2 1380/41/2
f 1431/41/1 1433/41/1 1383/41/1 1381/41/1
f 1384/41/2 1434/41/2 1432/41/2 1382/41/2
f 1433/41/6 1434/41/6 1384/41/6 1383/41/6
f 1385/37/5 1435/37/5 1055/37/5 1047/37/5
f 1056/41/1 1436/41/1 1386/41/1 1048/41/1
f 1387/41/2 1437/41/2 1438/41/2 1388/41/2
f 1436/41/1 1439/41/1 1389/41/1 1386/41/1
f 1390/41/2 1440/41/2 1437/41/2 1387/41/2
f 1439/41/1 1441/41/1 1391/41/1 1389/41/1
f 1392/41/2 1442/41/2 1440/41/2 1390/41/2
f 1441/41/1 1443/41/1 1393/41/1 1391/41/1
f 1394/41/2 1444/41/2 1442/41/2 1392/41/2
f 1443/41/1 1445/41/1 1395/41/1 1393/41/1
f 1396/41/2 1446/41/2 1444/41/2 1394/41/2
f 1445/41/1 1447/41/1 1397/41/1 1395/41/1
f 1398/41/2 1448/41/2 1446/41/2 1396/41/2
f 1447/41/1 1449/41/1 1399/41/1 1397/41/1
f 1400/41/2 1450/41/2 1448/41/2 1398/41/2
f 1449/41/6 1450/41/6 1400/41/6 1399/41/6
f 1401/37/5 1451/37/5 1057/37/5 1049/37/5
f 1058/37/6 1452/37/6 1402/37/6 1050/37/6
f 1403/37/5 1453/37/5 1059/37/5 1051/37/5
f 1060/41/1 1454/41/1 1404/41/1 1052/41/1
f 1405/41/2 1455/41/2 1456/41/2 1406/41/2
f 1454/41/1 1457/41/1 1407/41/1 1404/41/1
f 1408/41/2 1458/41/2 1455/41/2 1405/41/2
f 1457/41/1 1459/41/1 1409/41/1 1407/41/1
f 1410/41/2 1460/41/2 1458/41/2 1408/41/2
f 1459/41/1 1461/41/1 1411/41/1 1409/41/1
f 1412/41/2 1462/41/2 1460/41/2 1410/41/2
f 1461/41/1 1463/41/1 1413/41/1 1411/41/1
f 1414/41/2 1464/41/2 1462/41/2 1412/41/2
f 1463/41/1 1465/41/1 1415/41/1 1413/41/1
f 1416/41/2 1466/41/2 1464/41/2 1414/41/2
f 1465/41/1 1467/41/1 1417/41/1 1415/41/1
f 1418/41/2 1468/41/2 1466/41/2 1416/41/2
f 1467/41/6 1468/41/6 1418/41/6 1417/41/6
f 1419/37/5 1469/37/5 1061/37/5 1053/37/5
f 1062/41/1 1470/41/1 1420/41/1 1054/41/1
f 1421/41/2 1471/41/2 1472/41/2 1422/41/2
f 1470/41/1 1473/41/1 1423/41/1 1420/41/1
f 1424/41/2 1474/41/2 1471/41/2 1421/41/2
f 1473/41/1 1475/41/1 1425/41/1 1423/41/1
f 1426/41/2 1476/41/2 1474/41/2 1424/41/2
f 1475/41/1 1477/41/1 1427/41/1 1425/41/1
f 1428/41/2 1478/41/2 1476/41/2 1426/41/2
f 1477/41/1 1479/41/1 1429/41/1 1427/41/1
f 1430/41/2 1480/41/2 1478/41/2 1428/41/2
f 1479/41/1 1481/41/1 1431/41/1 1429/41/1
f 1432/41/2 1482/41/2 1480/41/2 1430/41/2
f 1481/41/1 1483/41/1 1433/41/1 1431/41/1
f 1434/41/2 1484/41/2 1482/41/2 1432/41/2
f 1483/41/6 1484/41/6 1434/41/6 1433/41/6
f 1435/37/5 1485/37/5 1063/37/5 1055/37/5
f 1064/41/1 1486/41/1 1436/41/1 1056/41/1
f 1437/41/2 1487/41/2 1488/41/2 1438/41/2
f 1486/41/1 1489/41/1 1439/41/1 1436/41/1
f 1440/41/2 1490/41/2 1487/41/2 1437/41/2
f 1489/41/1 1491/41/1 1441/41/1 1439/41/1
f 1442/41/2 1492/41/2 1490/41/2 1440/41/2
f 1491/41/1 1493/41/1 1443/41/1 1441/41/1
f 1444/41/2 1494/41/2 1492/41/2 1442/41/2
f 1493/41/1 1495/41/1 1445/41/1 1443/41/1
f 1446/41/2 1496/41/2 1494/41/2 1444/41/2
f 1495/41/1 1497/41/1 1447/41/1 1445/41/1
f 1448/41/2 1498/41/2 1496/41/2 1446/41/2
f 1497/41/1 1499/41/1 1449/41/1 1447/41/1
f 1450/41/2 1500/41/2 1498/41/2 1448/41/2
f 1499/41/6 1500/41/6 1450/41/6 1449/41/6
f 1451/37/5 1501/37/5 1065/37/5 1057/37/5
f 1066/37/6 1502/37/6 1452/37/6 1058/37/6
f 1453/37/5 1503/37/5 1067/37/5 1059/37/5
f 1068/41/1 1076/41/1 1454/41/1 1060/41/1
f 1455/41/2 1504/41/2 1505/41/2 1456/41/2
f 1076/41/1 1077/41/1 1457/41/1 1454/41/1
f 1458/41/2 1506/41/2 1504/41/2 1455/41/2
f 1077/41/1 1078/41/1 1459/41/1 1457/41/1
f 1460/41/2 1507/41/2 1506/41/2 1458/41/2
f 1078/41/1 1079/41/1 1461/41/1 1459/41/1
f 1462/41/2 1508/41/2 1507/41/2 1460/41/2
f 1079/41/1 1080/41/1 1463/41/1 1461/41/1
f 1464/41/2 1509/41/2 1508/41/2 1462/41/2
f 1080/41/1 1081/41/1 1465/41/1 1463/41/1
f 1466/41/2 1510/41/2 1509/41/2 1464/41/2
f 1081/41/1 1082/41/1 1467/41/1 1465/41/1
f 1468/41/2 1511/41/2 1510/41/2 1466/41/2
f 1082/41/6 1511/41/6 1468/41/6 1467/41/6
f 1469/37/5 1512/37/5 1069/37/5 1061/37/5
f 1070/41/1 1083/41/1 1470/41/1 1062/41/1
f 1471/41/2 1513/41/2 1514/41/2 1472/41/2
f 1083/41/1 1084/41/1 1473/41/1 1470/41/1
f 1474/41/2 1515/41/2 1513/41/2 1471/41/2
f 1084/41/1 1085/41/1 1475/41/1 1473/41/1
f 1476/41/2 1516/41/2 1515/41/2 1474/41/2
f 1085/41/1 1086/41/1 1477/41/1 1475/41/1
f 1478/41/2 1517/41/2 1516/41/2 1476/41/2
f 1086/41/1 1087/41/1 1479/41/1 1477/41/1
f 1480/41/2 1518/41/2 1517/41/2 1478/41/2
f 1087/41/1 1088/41/1 1481/41/1 1479/41/1
f 1482/41/2 1519/41/2 1518/41/2 1480/41/2
f 1088/41/1 1089/41/1 1483/41/1 1481/41/1
f 1484/41/2 1520/41/2 1519/41/2 1482/41/2
f 1089/41/6 1520/41/6 1484/41/6 1483/41/6
f 1485/37/5 1521/37/5 1071/37/5 1063/37/5
f 1072/41/1 1090/41/1 1486/41/1 1064/41/1
f 1487/41/2 1522/41/2 1523/41/2 1488/41/2
f 1090/41/1 1091/41/1 1489/41/1 1486/41/1
f 1490/41/2 1524/41/2 1522/41/2 1487/41/2
f 1091/41/1 1092/41/1 1491/41/1 1489/41/1
f 1492/41/2 1525/41/2 1524/41/2 1490/41/2
f 1092/41/1 1093/41/1 1493/41/1 1491/41/1
f 1494/41/2 1526/41/2 1525/41/2 1492/41/2
f 1093/41/1 1094/41/1 1495/41/1 1493/41/1
f 1496/41/2 1527/41/2 1526/41/2 1494/41/2
f 1094/41/1 1095/41/1 1497/41/1 1495/41/1
f 1498/41/2 1528/41/2 1527/41/2 1496/41/2
f 1095/41/1 1096/41/1 1499/41/1 1497/41/1
f 1500/41/2 1529/41/2 1528/41/2 1498/41/2
f 1096/41/6 1529/41/6 1500/41/6 1499/41/6
f 1501/37/5 1530/37/5 1073/37/5 1065/37/5
f 1074/37/6 1531/37/6 1502/37/6 1066/37/6
f 1503/37/5 1532/37/5 1075/37/5 1067/37/5
f 1069/36/3 1512/36/3 1511/36/3 1082/36/3
f 1071/36/3 1521/36/3 1520/36/3 1089/36/3
f 1073/36/3 1530/36/3 1529/36/3 1096/36/3
f 1097/37/6 1533/37/6 1531/37/6 1074/37/6
f 1532/37/5 1534/37/5 1098/37/5 1075/37/5
f 1099/37/6 1535/37/6 1533/37/6 1097/37/6
f 1536/37/4 1537/37/4 1101/37/4 1100/37/4
f 1534/37/5 1536/37/5 1100/37/5 1098/37/5
f 1537/37/4 1538/37/4 1102/37/4 1101/37/4
f 1538/36/4 1539/36/4 1103/36/4 1102/36/4
f 1539/36/4 1540/36/4 1104/36/4 1103/36/4
f 1540/36/4 1541/36/4 1105/36/4 1104/36/4
f 1541/36/4 1542/36/4 1106/36/4 1105/36/4
f 1542/36/4 1543/36/4 1107/36/4 1106/36/4
f 1543/36/4 1544/36/4 1108/36/4 1107/36/4
f 1544/36/4 1545/36/4 1109/36/4 1108/36/4
f 1545/36/4 1546/36/4 1110/36/4 1109/36/4
f 1546/37/4 1547/37/4 1111/37/4 1110/37/4
f 1547/37/4 1548/37/4 1112/37/4 1111/37/4
f 1548/36/4 1549/36/4 1113/36/4 1112/36/4
f 1549/38/4 1550/38/4 1114/38/4 1113/38/4
f 1550/36/4 1551/36/4 1115/36/4 1114/36/4
f 1551/36/4 1552/36/4 1116/36/4 1115/36/4
f 1552/36/4 1553/36/4 1117/36/4 1116/36/4
f 1553/36/4 1554/36/4 1118/36/4 1117/36/4
f 1554/36/4 1555/36/4 1119/36/4 1118/36/4
f 1555/36/4 1556/36/4 1120/36/4 1119/36/4
f 1556/37/4 1557/37/4 1121/37/4 1120/37/4
f 1557/37/4 1558/37/4 1122/37/4 1121/37/4
f 1558/36/4 1559/36/4 1123/36/4 1122/36/4
f 1559/36/4 1560/36/4 1124/36/4 1123/36/4
f 1560/36/4 1561/36/4 1125/36/4 1124/36/4
f 1561/36/4 1562/36/4 1126/36/4 1125/36/4
f 1562/36/4 1563/36/4 1127/36/4 1126/36/4
f 1563/36/4 1564/36/4 1128/36/4 1127/36/4
f 1564/36/4 1565/36/4 1129/36/4 1128/36/4
f 1565/36/4 1566/36/4 1130/36/4 1129/36/4
f 1566/37/4 1567/37/4 1131/37/4 1130/37/4
f 1567/37/4 1568/37/4 1132/37/4 1131/37/4
f 1132/37/6 1568/37/6 1535/37/6 1099/37/6
f 1133/37/3 1569/37/3 1570/37/3 1134/37/3
f 1570/37/5 1571/37/5 1135/37/5 1134/37/5
f 1136/37/3 1572/37/3 1569/37/3 1133/37/3
f 1137/37/6 1573/37/6 1572/37/6 1136/37/6
f 1138/37/3 1574/37/3 1575/37/3 1139/37/3
f 1575/37/5 1576/37/5 1140/37/5 1139/37/5
f 1141/37/3 1577/37/3 1574/37/3 1138/37/3
f 1142/37/6 1578/37/6 1577/37/6 1141/37/6
f 1143/37/3 1579/37/3 1580/37/3 1144/37/3
f 1580/37/5 1581/37/5 1145/37/5 1144/37/5
f 1146/37/3 1582/37/3 1579/37/3 1143/37/3
f 1147/37/6 1583/37/6 1582/37/6 1146/37/6
f 1148/37/3 1584/37/3 1585/37/3 1149/37/3
f 1585/37/5 1586/37/5 1150/37/5 1149/37/5
f 1151/37/3 1587/37/3 1584/37/3 1148/37/3
f 1152/37/6 1588/37/6 1587/37/6 1151/37/6
f 1571/37/5 1589/37/5 1153/37/5 1135/37/5
f 1154/37/6 1590/37/6 1573/37/6 1137/37/6
f 1576/37/5 1591/37/5 1155/37/5 1140/37/5
f 1156/37/6 1592/37/6 1578/37/6 1142/37/6
f 1581/37/5 1593/37/5 1157/37/5 1145/37/5
f 1158/37/6 1594/37/6 1583/37/6 1147/37/6
f 1586/37/5 1595/37/5 1159/37/5 1150/37/5
f 1160/37/6 1596/37/6 1588/37/6 1152/37/6
f 1589/37/5 1597/37/5 1161/37/5 1153/37/5
f 1166/37/6 1598/37/6 1590/37/6 1154/37/6
f 1591/37/5 1599/37/5 1191/37/5 1155/37/5
f 1196/37/6 1600/37/6 1592/37/6 1156/37/6
f 1593/37/5 1601/37/5 1221/37/5 1157/37/5
f 1226/37/6 1602/37/6 1594/37/6 1158/37/6
f 1595/37/5 1603/37/5 1251/37/5 1159/37/5
f 1252/37/6 1604/37/6 1596/37/6 1160/37/6
f 1597/37/5 1605/37/5 1253/37/5 1161/37/5
f 1256/37/6 1606/37/6 1598/37/6 1166/37/6
f 1599/37/5 1607/37/5 1269/37/5 1191/37/5
f 1272/37/6 1608/37/6 1600/37/6 1196/37/6
f 1601/37/5 1609/37/5 1285/37/5 1221/37/5
f 1288/37/6 1610/37/6 1602/37/6 1226/37/6
f 1603/37/5 1611/37/5 1301/37/5 1251/37/5
f 1302/37/6 1612/37/6 1604/37/6 1252/37/6
f 1605/37/5 1613/37/5 1303/37/5 1253/37/5
f 1306/37/6 1614/37/6 1606/37/6 1256/37/6
f 1607/37/5 1615/37/5 1319/37/5 1269/37/5
f 1322/37/6 1616/37/6 1608/37/6 1272/37/6
f 1609/37/5 1617/37/5 1335/37/5 1285/37/5
f 1338/37/6 1618/37/6 1610/37/6 1288/37/6
f 1611/37/5 1619/37/5 1351/37/5 1301/37/5
f 1352/37/6 1620/37/6 1612/37/6 1302/37/6
f 1613/37/5 1621/37/5 1353/37/5 1303/37/5
f 1356/37/6 1622/37/6 1614/37/6 1306/37/6
f 1615/37/5 1623/37/5 1369/37/5 1319/37/5
f 1372/37/6 1624/37/6 1616/37/6 1322/37/6
f 1617/37/5 1625/37/5 1385/37/5 1335/37/5
f 1388/37/6 1626/37/6 1618/37/6 1338/37/6
f 1619/37/5 1627/37/5 1401/37/5 1351/37/5
f 1402/37/6 1628/37/6 1620/37/6 1352/37/6
f 1621/37/5 1629/37/5 1403/37/5 1353/37/5
f 1406/37/6 1630/37/6 1622/37/6 1356/37/6
f 1623/37/5 1631/37/5 1419/37/5 1369/37/5
f 1422/37/6 1632/37/6 1624/37/6 1372/37/6
f 1625/37/5 1633/37/5 1435/37/5 1385/37/5
f 1438/37/6 1634/37/6 1626/37/6 1388/37/6
f 1627/37/5 1635/37/5 1451/37/5 1401/37/5
f 1452/37/6 1636/37/6 1628/37/6 1402/37/6
f 1629/37/5 1637/37/5 1453/37/5 1403/37/5
f 1456/37/6 1638/37/6 1630/37/6 1406/37/6
f 1631/37/5 1639/37/5 1469/37/5 1419/37/5
f 1472/37/6 1640/37/6 1632/37/6 1422/37/6
f 1633/37/5 1641/37/5 1485/37/5 1435/37/5
f 1488/37/6 1642/37/6 1634/37/6 1438/37/6
f 1635/37/5 1643/37/5 1501/37/5 1451/37/5
f 1502/37/6 1644/37/6 1636/37/6 1452/37/6
f 1637/37/5 1645/37/5 1503/37/5 1453/37/5
f 1505/37/6 1646/37/6 1638/37/6 1456/37/6
f 1639/37/5 1647/37/5 1512/37/5 1469/37/5
f 1514/37/6 1648/37/6 1640/37/6 1472/37/6
f 1641/37/5 1649/37/5 1521/37/5 1485/37/5
f 1523/37/6 1650/37/6 1642/37/6 1488/37/6
f 1643/37/5 1651/37/5 1530/37/5 1501/37/5
f 1531/37/6 1652/37/6 1644/37/6 1502/37/6
f 1645/37/5 1653/37/5 1532/37/5 1503/37/5
f 1504/36/3 1654/36/3 1646/36/3 1505/36/3
f 1506/36/3 1655/36/3 1654/36/3 1504/36/3
f 1507/36/3 1656/36/3 1655/36/3 1506/36/3
f 1508/36/3 1657/36/3 1656/36/3 1507/36/3
f 1509/36/3 1658/36/3 1657/36/3 1508/36/3
f 1510/36/3 1659/36/3 1658/36/3 1509/36/3
f 1511/36/3 1660/36/3 1659/36/3 1510/36/3
f 1512/36/3 1647/36/3 1660/36/3 1511/36/3
f 1513/36/3 1661/36/3 1648/36/3 1514/36/3
f 1515/36/3 1662/36/3 1661/36/3 1513/36/3
f 1516/36/3 1663/36/3 1662/36/3 1515/36/3
f 1517/36/3 1664/36/3 1663/36/3 1516/36/3
f 1518/36/3 1665/36/3 1664/36/3 1517/36/3
f 1519/36/3 1666/36/3 1665/36/3 1518/36/3
f 1520/36/3 1667/36/3 1666/36/3 1519/36/3
f 1521/36/3 1649/36/3 1667/36/3 1520/36/3
f 1522/36/3 1668/36/3 1650/36/3 1523/36/3
f 1524/36/3 1669/36/3 1668/36/3 1522/36/3
f 1525/36/3 1670/36/3 1669/36/3 1524/36/3
f 1526/36/3 1671/36/3 1670/36/3 1525/36/3
f 1527/36/3 1672/36/3 1671/36/3 1526/36/3
f 1528/36/3 1673/36/3 1672/36/3 1527/36/3
f 1529/36/3 1674/36/3 1673/36/3 1528/36/3
f 1530/36/3 1651/36/3 1674/36/3 1529/36/3
f 1533/37/6 1675/37/6 1652/37/6 1531/37/6
f 1653/37/5 1676/37/5 1534/37/5 1532/37/5
f 1535/37/6 1677/37/6 1675/37/6 1533/37/6
f 1678/37/4 1679/37/4 1537/37/4 1536/37/4
f 1676/37/5 1678/37/5 1536/37/5 1534/37/5
f 1679/37/4 1680/37/4 1538/37/4 1537/37/4
f 1680/36/4 1681/36/4 1539/36/4 1538/36/4
f 1681/36/4 1682/36/4 1540/36/4 1539/36/4
f 1682/36/4 1683/36/4 1541/36/4 1540/36/4
f 1683/36/4 1684/36/4 1542/36/4 1541/36/4
f 1684/36/4 1685/36/4 1543/36/4 1542/36/4
f 1685/36/4 1686/36/4 1544/36/4 1543/36/4
f 1686/36/4 1687/36/4 1545/36/4 1544/36/4
f 1687/36/4 1688/36/4 1546/36/4 1545/36/4
f 1688/37/4 1689/37/4 1547/37/4 1546/37/4
f 1689/37/4 1690/37/4 1548/37/4 1547/37/4
f 1690/36/4 1691/36/4 1549/36/4 1548/36/4
f 1691/36/4 1692/36/4 1550/36/4 1549/36/4
f 1692/36/4 1693/36/4 1551/36/4 1550/36/4
f 1693/36/4 1694/36/4 1552/36/4 1551/36/4
f 1694/36/4 1695/36/4 1553/36/4 1552/36/4
f 1695/36/4 1696/36/4 1554/36/4 1553/36/4
f 1696/36/4 1697/36/4 1555/36/4 1554/36/4
f 1697/36/4 1698/36/4 1556/36/4 1555/36/4
f 1698/37/4 1699/37/4 1557/37/4 1556/37/4
f 1699/37/4 1700/37/4 1558/37/4 1557/37/4
f 1700/36/4 1701/36/4 1559/36/4 1558/36/4
f 1701/36/4 1702/36/4 1560/36/4 1559/36/4
f 1702/36/4 1703/36/4 1561/36/4 1560/36/4
f 1703/36/4 1704/36/4 1562/36/4 1561/36/4
f 1704/36/4 1705/36/4 1563/36/4 1562/36/4
f 1705/36/4 1706/36/4 1564/36/4 1563/36/4
f 1706/36/4 1707/36/4 1565/36/4 1564/36/4
f 1707/36/4 1708/36/4 1566/36/4 1565/36/4
f 1708/37/4 1709/37/4 1567/37/4 1566/37/4
f 1709/37/4 1710/37/4 1568/37/4 1567/37/4
f 1568/37/6 1710/37/6 1677/37/6 1535/37/6
f 1569/37/3 1711/37/3 1712/37/3 1570/37/3
f 1712/37/5 1713/37/5 1571/37/5 1570/37/5
f 1572/37/3 1714/37/3 1711/37/3 1569/37/3
f 1573/37/6 1715/37/6 1714/37/6 1572/37/6
f 1574/37/3 1716/37/3 1717/37/3 1575/37/3
f 1717/37/5 1718/37/5 1576/37/5 1575/37/5
f 1577/37/3 1719/37/3 1716/37/3 1574/37/3
f 1578/37/6 1720/37/6 1719/37/6 1577/37/6
f 1579/37/3 1721/37/3 1722/37/3 1580/37/3
f 1722/37/5 1723/37/5 1581/37/5 1580/37/5
f 1582/37/3 1724/37/3 1721/37/3 1579/37/3
f 1583/37/6 1725/37/6 1724/37/6 1582/37/6
f 1584/37/3 1726/37/3 1727/37/3 1585/37/3
f 1727/37/5 1728/37/5 1586/37/5 1585/37/5
f 1587/37/3 1729/37/3 1726/37/3 1584/37/3
f 1588/37/6 1730/37/6 1729/37/6 1587/37/6
f 1713/37/5 1731/37/5 1589/37/5 1571/37/5
f 1590/37/6 1732/37/6 1715/37/6 1573/37/6
f 1718/37/5 1733/37/5 1591/37/5 1576/37/5
f 1592/37/6 1734/37/6 1720/37/6 1578/37/6
f 1723/37/5 1735/37/5 1593/37/5 1581/37/5
f 1594/37/6 1736/37/6 1725/37/6 1583/37/6
f 1728/37/5 1737/37/5 1595/37/5 1586/37/5
f 1596/37/6 1738/37/6 1730/37/6 1588/37/6
f 1731/37/5 1739/37/5 1597/37/5 1589/37/5
f 1598/37/6 1740/37/6 1732/37/6 1590/37/6
f 1733/37/5 1741/37/5 1599/37/5 1591/37/5
f 1600/37/6 1742/37/6 1734/37/6 1592/37/6
f 1735/37/5 1743/37/5 1601/37/5 1593/37/5
f 1602/37/6 1744/37/6 1736/37/6 1594/37/6
f 1737/38/5 1745/38/5 1603/38/5 1595/38/5
f 1604/37/6 1746/37/6 1738/37/6 1596/37/6
f 1739/37/5 1747/37/5 1605/37/5 1597/37/5
f 1606/37/6 1748/37/6 1740/37/6 1598/37/6
f 1741/37/5 1749/37/5 1607/37/5 1599/37/5
f 1608/37/6 1750/37/6 1742/37/6 1600/37/6
f 1743/37/5 1751/37/5 1609/37/5 1601/37/5
f 1610/37/6 1752/37/6 1744/37/6 1602/37/6
f 1745/37/5 1753/37/5 1611/37/5 1603/37/5
f 1612/37/6 1754/37/6 1746/37/6 1604/37/6
f 1747/37/5 1755/37/5 1613/37/5 1605/37/5
f 1614/37/6 1756/37/6 1748/37/6 1606/37/6
f 1749/37/5 1757/37/5 1615/37/5 1607/37/5
f 1616/37/6 1758/37/6 1750/37/6 1608/37/6
f 1751/37/5 1759/37/5 1617/37/5 1609/37/5
f 1618/37/6 1760/37/6 1752/37/6 1610/37/6
f 1753/37/5 1761/37/5 1619/37/5 1611/37/5
f 1620/37/6 1762/37/6 1754/37/6 1612/37/6
f 1755/37/5 1763/37/5 1621/37/5 1613/37/5
f 1622/37/6 1764/37/6 1756/37/6 1614/37/6
f 1757/37/5 1765/37/5 1623/37/5 1615/37/5
f 1624/37/6 1766/37/6 1758/37/6 1616/37/6
f 1759/37/5 1767/37/5 1625/37/5 1617/37/5
f 1626/37/6 1768/37/6 1760/37/6 1618/37/6
f 1761/37/5 1769/37/5 1627/37/5 1619/37/5
f 1628/37/6 1770/37/6 1762/37/6 1620/37/6
f 1763/37/5 1771/37/5 1629/37/5 1621/37/5
f 1630/37/6 1772/37/6 1764/37/6 1622/37/6
f 1765/37/5 1773/37/5 1631/37/5 1623/37/5
f 1632/37/6 1774/37/6 1766/37/6 1624/37/6
f 1767/37/5 1775/37/5 1633/37/5 1625/37/5
f 1634/37/6 1776/37/6 1768/37/6 1626/37/6
f 1769/37/5 1777/37/5 1635/37/5 1627/37/5
f 1636/37/6 1778/37/6 1770/37/6 1628/37/6
f 1771/37/5 1779/37/5 1637/37/5 1629/37/5
f 1638/37/6 1780/37/6 1772/37/6 1630/37/6
f 1773/37/5 1781/37/5 1639/37/5 1631/37/5
f 1640/37/6 1782/37/6 1774/37/6 1632/37/6
f 1775/37/5 1783/37/5 1641/37/5 1633/37/5
f 1642/37/6 1784/37/6 1776/37/6 1634/37/6
f 1777/37/5 1785/37/5 1643/37/5 1635/37/5
f 1644/37/6 1786/37/6 1778/37/6 1636/37/6
f 1779/37/5 1787/37/5 1645/37/5 1637/37/5
f 1646/37/6 1788/37/6 1780/37/6 1638/37/6
f 1781/37/5 1789/37/5 1647/37/5 1639/37/5
f 1648/37/6 1790/37/6 1782/37/6 1640/37/6
f 1783/37/5 1791/37/5 1649/37/5 1641/37/5
f 1650/37/6 1792/37/6 1784/37/6 1642/37/6
f 1785/37/5 1793/37/5 1651/37/5 1643/37/5
f 1652/37/6 1794/37/6 1786/37/6 1644/37/6
f 1787/37/5 1795/37/5 1653/37/5 1645/37/5
f 1654/36/3 1796/36/3 1788/36/3 1646/36/3
f 1655/36/3 1797/36/3 1796/36/3 1654/36/3
f 1656/36/3 1798/36/3 1797/36/3 1655/36/3
f 1657/36/3 1799/36/3 1798/36/3 1656/36/3
f 1658/36/3 1800/36/3 1799/36/3 1657/36/3
f 1659/36/3 1801/36/3 1800/36/3 1658/36/3
f 1660/36/3 1802/36/3 1801/36/3 1659/36/3
f 1647/36/3 1789/36/3 1802/36/3 1660/36/3
f 1661/36/3 1803/36/3 1790/36/3 1648/36/3
f 1662/36/3 1804/36/3 1803/36/3 1661/36/3
f 1663/36/3 1805/36/3 1804/36/3 1662/36/3
f 1664/36/3 1806/36/3 1805/36/3 1663/36/3
f 1665/36/3 1807/36/3 1806/36/3 1664/36/3
f 1666/36/3 1808/36/3 1807/36/3 1665/36/3
f 1667/36/3 1809/36/3 1808/36/3 1666/36/3
f 1649/36/3 1791/36/3 1809/36/3 1667/36/3
f 1668/36/3 1810/36/3 1792/36/3 1650/36/3
f 1669/36/3 1811/36/3 1810/36/3 1668/36/3
f 1670/36/3 1812/36/3 1811/36/3 1669/36/3
f 1671/36/3 1813/36/3 1812/36/3 1670/36/3
f 1672/36/3 1814/36/3 1813/36/3 1671/36/3
f 1673/36/3 1815/36/3 1814/36/3 1672/36/3
f 1674/36/3 1816/36/3 1815/36/3 1673/36/3
f 1651/36/3 1793/36/3 1816/36/3 1674/36/3
f 1675/37/6 1817/37/6 1794/37/6 1652/37/6
f 1795/37/5 1818/37/5 1676/37/5 1653/37/5
f 1677/37/6 1819/37/6 1817/37/6 1675/37/6
f 1820/37/4 1821/37/4 1679/37/4 1678/37/4
f 1818/37/5 1820/37/5 1678/37/5 1676/37/5
f 1821/37/4 1822/37/4 1680/37/4 1679/37/4
f 1822/36/4 1823/36/4 1681/36/4 1680/36/4
f 1823/36/4 1824/36/4 1682/36/4 1681/36/4
f 1824/36/4 1825/36/4 1683/36/4 1682/36/4
f 1825/36/4 1826/36/4 1684/36/4 1683/36/4
f 1826/36/4 1827/36/4 1685/36/4 1684/36/4
f 1827/36/4 1828/36/4 1686/36/4 1685/36/4
f 1828/36/4 1829/36/4 1687/36/4 1686/36/4
f 1829/36/4 1830/36/4 1688/36/4 1687/36/4
f 1830/37/4 1831/37/4 1689/37/4 1688/37/4
f 1831/37/4 1832/37/4 1690/37/4 1689/37/4
f 1832/36/4 1833/36/4 1691/36/4 1690/36/4
f 1833/36/4 1834/36/4 1692/36/4 1691/36/4
f 1834/36/4 1835/36/4 1693/36/4 1692/36/4
f 1835/36/4 1836/36/4 1694/36/4 1693/36/4
f 1836/36/4 1837/36/4 1695/36/4 1694/36/4
f 1837/36/4 1838/36/4 1696/36/4 1695/36/4
f 1838/36/4 1839/36/4 1697/36/4 1696/36/4
f 1839/36/4 1840/36/4 1698/36/4 1697/36/4
f 1840/37/4 1841/37/4 1699/37/4 1698/37/4
f 1841/37/4 1842/37/4 1700/37/4 1699/37/4
f 1842/36/4 1843/36/4 1701/36/4 1700/36/4
f 1843/36/4 1844/36/4 1702/36/4 1701/36/4
f 1844/36/4 1845/36/4 1703/36/4 1702/36/4
f 1845/36/4 1846/36/4 1704/36/4 1703/36/4
f 1846/36/4 1847/36/4 1705/36/4 1704/36/4
f 1847/36/4 1848/36/4 1706/36/4 1705/36/4
f 1848/36/4 1849/36/4 1707/36/4 1706/36/4
f 1849/36/4 1850/36/4 1708/36/4 1707/36/4
f 1850/37/4 1851/37/4 1709/37/4 1708/37/4
f 1851/37/4 1852/37/4 1710/37/4 1709/37/4
f 1710/37/6 1852/37/6 1819/37/6 1677/37/6
f 1711/37/3 1853/37/3 1854/37/3 1712/37/3
f 1854/37/5 1855/37/5 1713/37/5 1712/37/5
f 1714/37/3 1856/37/3 1853/37/3 1711/37/3
f 1715/37/6 1857/37/6 1856/37/6 1714/37/6
f 1716/37/3 1858/37/3 1859/37/3 1717/37/3
f 1859/37/5 1860/37/5 1718/37/5 1717/37/5
f 1719/37/3 1861/37/3 1858/37/3 1716/37/3
f 1720/37/6 1862/37/6 1861/37/6 1719/37/6
f 1721/37/3 1863/37/3 1864/37/3 1722/37/3
f 1864/37/5 1865/37/5 1723/37/5 1722/37/5
f 1724/37/3 1866/37/3 1863/37/3 1721/37/3
f 1725/37/6 1867/37/6 1866/37/6 1724/37/6
f 1726/37/3 1868/37/3 1869/37/3 1727/37/3
f 1869/37/5 1870/37/5 1728/37/5 1727/37/5
f 1729/37/3 1871/37/3 1868/37/3 1726/37/3
f 1730/37/6 1872/37/6 1871/37/6 1729/37/6
f 1855/37/5 1873/37/5 1731/37/5 1713/37/5
f 1732/37/6 1874/37/6 1857/37/6 1715/37/6
f 1860/37/5 1875/37/5 1733/37/5 1718/37/5
f 1734/37/6 1876/37/6 1862/37/6 1720/37/6
f 1865/37/5 1877/37/5 1735/37/5 1723/37/5
f 1736/37/6 1878/37/6 1867/37/6 1725/37/6
f 1870/37/5 1879/37/5 1737/37/5 1728/37/5
f 1738/37/6 1880/37/6 1872/37/6 1730/37/6
f 1873/37/5 1881/37/5 1739/37/5 1731/37/5
f 1740/41/1 1882/41/1 1883/41/1 1732/41/1
f 1884/41/2 1885/41/2 1886/41/2 1874/41/2
f 1883/41/3 1884/41/3 1874/41/3 1732/41/3
f 1882/41/1 1887/41/1 1888/41/1 1883/41/1
f 1889/41/2 1890/41/2 1885/41/2 1884/41/2
f 1888/41/3 1889/41/3 1884/41/3 1883/41/3
f 1887/41/1 1891/41/1 1892/41/1 1888/41/1
f 1893/41/2 1894/41/2 1890/41/2 1889/41/2
f 1892/41/3 1893/41/3 1889/41/3 1888/41/3
f 1891/41/1 1895/41/1 1896/41/1 1892/41/1
f 1897/41/2 1898/41/2 1894/41/2 1893/41/2
f 1896/41/3 1897/41/3 1893/41/3 1892/41/3
f 1895/41/1 1899/41/1 1900/41/1 1896/41/1
f 1901/41/2 1902/41/2 1898/41/2 1897/41/2
f 1900/41/3 1901/41/3 1897/41/3 1896/41/3
f 1899/41/1 1903/41/1 1904/41/1 1900/41/1
f 1905/41/2 1906/41/2 1902/41/2 1901/41/2
f 1904/41/3 1905/41/3 1901/41/3 1900/41/3
f 1903/41/1 1907/41/1 1908/41/1 1904/41/1
f 1909/41/2 1910/41/2 1906/41/2 1905/41/2
f 1908/41/3 1909/41/3 1905/41/3 1904/41/3
f 1907/41/6 1910/41/6 1909/41/6 1908/41/6
f 1875/37/5 1911/37/5 1741/37/5 1733/37/5
f 1742/41/1 1912/41/1 1913/41/1 1734/41/1
f 1914/41/2 1915/41/2 1916/41/2 1876/41/2
f 1913/41/3 1914/41/3 1876/41/3 1734/41/3
f 1912/41/1 1917/41/1 1918/41/1 1913/41/1
f 1919/41/2 1920/41/2 1915/41/2 1914/41/2
f 1918/41/3 1919/41/3 1914/41/3 1913/41/3
f 1917/41/1 1921/41/1 1922/41/1 1918/41/1
f 1923/41/2 1924/41/2 1920/41/2 1919/41/2
f 1922/41/3 1923/41/3 1919/41/3 1918/41/3
f 1921/41/1 1925/41/1 1926/41/1 1922/41/1
f 1927/41/2 1928/41/2 1924/41/2 1923/41/2
f 1926/41/3 1927/41/3 1923/41/3 1922/41/3
f 1925/41/1 1929/41/1 1930/41/1 1926/41/1
f 1931/41/2 1932/41/2 1928/41/2 1927/41/2
f 1930/41/3 1931/41/3 1927/41/3 1926/41/3
f 1929/41/1 1933/41/1 1934/41/1 1930/41/1
f 1935/41/2 1936/41/2 1932/41/2 1931/41/2
f 1934/41/3 1935/41/3 1931/41/3 1930/41/3
f 1933/41/1 1937/41/1 1938/41/1 1934/41/1
f 1939/41/2 1940/41/2 1936/41/2 1935/41/2
f 1938/41/3 1939/41/3 1935/41/3 1934/41/3
f 1937/41/6 1940/41/6 1939/41/6 1938/41/6
f 1877/37/5 1941/37/5 1743/37/5 1735/37/5
f 1744/41/1 1942/41/1 1943/41/1 1736/41/1
f 1944/41/2 1945/41/2 1946/41/2 1878/41/2
f 1943/41/3 1944/41/3 1878/41/3 1736/41/3
f 1942/41/1 1947/41/1 1948/41/1 1943/41/1
f 1949/41/2 1950/41/2 1945/41/2 1944/41/2
f 1948/41/3 1949/41/3 1944/41/3 1943/41/3
f 1947/41/1 1951/41/1 1952/41/1 1948/41/1
f 1953/41/2 1954/41/2 1950/41/2 1949/41/2
f 1952/41/3 1953/41/3 1949/41/3 1948/41/3
f 1951/41/1 1955/41/1 1956/41/1 1952/41/1
f 1957/41/2 1958/41/2 1954/41/2 1953/41/2
f 1956/41/3 1957/41/3 1953/41/3 1952/41/3
f 1955/41/1 1959/41/1 1960/41/1 1956/41/1
f 1961/41/2 1962/41/2 1958/41/2 1957/41/2
f 1960/41/3 1961/41/3 1957/41/3 1956/41/3
f 1959/41/1 1963/41/1 1964/41/1 1960/41/1
f 1965/41/2 1966/41/2 1962/41/2 1961/41/2
f 1964/41/3 1965/41/3 1961/41/3 1960/41/3
f 1963/41/1 1967/41/1 1968/41/1 1964/41/1
f 1969/41/2 1970/41/2 1966/41/2 1965/41/2
f 1968/41/3 1969/41/3 1965/41/3 1964/41/3
f 1967/41/6 1970/41/6 1969/41/6 1968/41/6
f 1879/37/5 1971/37/5 1745/37/5 1737/37/5
f 1746/37/6 1972/37/6 1880/37/6 1738/37/6
f 1881/37/5 1973/37/5 1747/37/5 1739/37/5
f 1748/41/1 1974/41/1 1882/41/1 1740/41/1
f 1885/41/2 1975/41/2 1976/41/2 1886/41/2
f 1974/41/1 1977/41/1 1887/41/1 1882/41/1
f 1890/41/2 1978/41/2 1975/41/2 1885/41/2
f 1977/41/1 1979/41/1 1891/41/1 1887/41/1
f 1894/41/2 1980/41/2 1978/41/2 1890/41/2
f 1979/41/1 1981/41/1 1895/41/1 1891/41/1
f 1898/41/2 1982/41/2 1980/41/2 1894/41/2
f 1981/41/1 1983/41/1 1899/41/1 1895/41/1
f 1902/41/2 1984/41/2 1982/41/2 1898/41/2
f 1983/41/1 1985/41/1 1903/41/1 1899/41/1
f 1906/41/2 1986/41/2 1984/41/2 1902/41/2
f 1985/41/1 1987/41/1 1907/41/1 1903/41/1
f 1910/41/2 1988/41/2 1986/41/2 1906/41/2
f 1987/41/6 1988/41/6 1910/41/6 1907/41/6
f 1911/37/5 1989/37/5 1749/37/5 1741/37/5
f 1750/41/1 1990/41/1 1912/41/1 1742/41/1
f 1915/41/2 1991/41/2 1992/41/2 1916/41/2
f 1990/41/1 1993/41/1 1917/41/1 1912/41/1
f 1920/41/2 1994/41/2 1991/41/2 1915/41/2
f 1993/41/1 1995/41/1 1921/41/1 1917/41/1
f 1924/41/2 1996/41/2 1994/41/2 1920/41/2
f 1995/41/1 1997/41/1 1925/41/1 1921/41/1
f 1928/41/2 1998/41/2 1996/41/2 1924/41/2
f 1997/41/1 1999/41/1 1929/41/1 1925/41/1
f 1932/41/2 2000/41/2 1998/41/2 1928/41/2
f 1999/41/1 2001/41/1 1933/41/1 1929/41/1
f 1936/41/2 2002/41/2 2000/41/2 1932/41/2
f 2001/41/1 2003/41/1 1937/41/1 1933/41/1
f 1940/41/2 2004/41/2 2002/41/2 1936/41/2
f 2003/41/6 2004/41/6 1940/41/6 1937/41/6
f 1941/37/5 2005/37/5 1751/37/5 1743/37/5
f 1752/41/1 2006/41/1 1942/41/1 1744/41/1
f 1945/41/2 2007/41/2 2008/41/2 1946/41/2
f 2006/41/1 2009/41/1 1947/41/1 1942/41/1
f 1950/41/2 2010/41/2 2007/41/2 1945/41/2
f 2009/41/1 2011/41/1 1951/41/1 1947/41/1
f 1954/41/2 2012/41/2 2010/41/2 1950/41/2
f 2011/41/1 2013/41/1 1955/41/1 1951/41/1
f 1958/41/2 2014/41/2 2012/41/2 1954/41/2
f 2013/41/1 2015/41/1 1959/41/1 1955/41/1
f 1962/41/2 2016/41/2 2014/41/2 1958/41/2
f 2015/41/1 2017/41/1 1963/41/1 1959/41/1
f 1966/41/2 2018/41/2 2016/41/2 1962/41/2
f 2017/41/1 2019/41/1 1967/41/1 1963/41/1
f 1970/41/2 2020/41/2 2018/41/2 1966/41/2
f 2019/41/6 2020/41/6 1970/41/6 1967/41/6
f 1971/37/5 2021/37/5 1753/37/5 1745/37/5
f 1754/37/6 2022/37/6 1972/37/6 1746/37/6
f 1973/37/5 2023/37/5 1755/37/5 1747/37/5
f 1756/41/1 2024/41/1 1974/41/1 1748/41/1
f 1975/41/2 2025/41/2 2026/41/2 1976/41/2
f 2024/41/1 2027/41/1 1977/41/1 1974/41/1
f 1978/41/2 2028/41/2 2025/41/2 1975/41/2
f 2027/41/1 2029/41/1 1979/41/1 1977/41/1
f 1980/41/2 2030/41/2 2028/41/2 1978/41/2
f 2029/41/1 2031/41/1 1981/41/1 1979/41/1
f 1982/41/2 2032/41/2 2030/41/2 1980/41/2
f 2031/41/1 2033/41/1 1983/41/1 1981/41/1
f 1984/41/2 2034/41/2 2032/41/2 1982/41/2
f 2033/41/1 2035/41/1 1985/41/1 1983/41/1
f 1986/41/2 2036/41/2 2034/41/2 1984/41/2
f 2035/41/1 2037/41/1 1987/41/1 1985/41/1
f 1988/41/2 2038/41/2 2036/41/2 1986/41/2
f 2037/41/6 2038/41/6 1988/41/6 1987/41/6
f 1989/37/5 2039/37/5 1757/37/5 1749/37/5
f 1758/41/1 2040/41/1 1990/41/1 1750/41/1
f 1991/41/2 2041/41/2 2042/41/2 1992/41/2
f 2040/41/1 2043/41/1 1993/41/1 1990/41/1
f 1994/41/2 2044/41/2 2041/41/2 1991/41/2
f 2043/41/1 2045/41/1 1995/41/1 1993/41/1
f 1996/41/2 2046/41/2 2044/41/2 1994/41/2
f 2045/41/1 2047/41/1 1997/41/1 1995/41/1
f 1998/41/2 2048/41/2 2046/41/2 1996/41/2
f 2047/41/1 2049/41/1 1999/41/1 1997/41/1
f 2000/41/2 2050/41/2 2048/41/2 1998/41/2
f 2049/41/1 2051/41/1 2001/41/1 1999/41/1
f 2002/41/2 2052/41/2 2050/41/2 2000/41/2
f 2051/41/1 2053/41/1 2003/41/1 2001/41/1
f 2004/41/2 2054/41/2 2052/41/2 2002/41/2
f 2053/41/6 2054/41/6 2004/41/6 2003/41/6
f 2005/37/5 2055/37/5 1759/37/5 1751/37/5
f 1760/41/1 2056/41/1 2006/41/1 1752/41/1
f 2007/41/2 2057/41/2 2058/41/2 2008/41/2
f 2056/41/1 2059/41/1 2009/41/1 2006/41/1
f 2010/41/2 2060/41/2 2057/41/2 2007/41/2
f 2059/41/1 2061/41/1 2011/41/1 2009/41/1
f 2012/41/2 2062/41/2 2060/41/2 2010/41/2
f 2061/41/1 2063/41/1 2013/41/1 2011/41/1
f 2014/41/2 2064/41/2 2062/41/2 2012/41/2
f 2063/41/1 2065/41/1 2015/41/1 2013/41/1
f 2016/41/2 2066/41/2 2064/41/2 2014/41/2
f 2065/41/1 2067/41/1 2017/41/1 2015/41/1
f 2018/41/2 2068/41/2 2066/41/2 2016/41/2
f 2067/41/1 2069/41/1 2019/41/1 2017/41/1
f 2020/41/2 2070/41/2 2068/41/2 2018/41/2
f 2069/41/6 2070/41/6 2020/41/6 2019/41/6
f 2021/37/5 2071/37/5 1761/37/5 1753/37/5
f 1762/37/6 2072/37/6 2022/37/6 1754/37/6
f 2023/37/5 2073/37/5 1763/37/5 1755/37/5
f 1764/41/1 2074/41/1 2024/41/1 1756/41/1
f 2025/41/2 2075/41/2 2076/41/2 2026/41/2
f 2074/41/1 2077/41/1 2027/41/1 2024/41/1
f 2028/41/2 2078/41/2 2075/41/2 2025/41/2
f 2077/41/1 2079/41/1 2029/41/1 2027/41/1
f 2030/41/2 2080/41/2 2078/41/2 2028/41/2
f 2079/41/1 2081/41/1 2031/41/1 2029/41/1
f 2032/41/2 2082/41/2 2080/41/2 2030/41/2
f 2081/41/1 2083/41/1 2033/41/1 2031/41/1
f 2034/41/2 2084/41/2 2082/41/2 2032/41/2
f 2083/41/1 2085/41/1 2035/41/1 2033/41/1
f 2036/41/2 2086/41/2 2084/41/2 2034/41/2
f 2085/41/1 2087/41/1 2037/41/1 2035/41/1
f 2038/41/2 2088/41/2 2086/41/2 2036/41/2
f 2087/41/6 2088/41/6 2038/41/6 2037/41/6
f 2039/37/5 2089/37/5 1765/37/5 1757/37/5
f 1766/41/1 2090/41/1 2040/41/1 1758/41/1
f 2041/41/2 2091/41/2 2092/41/2 2042/41/2
f 2090/41/1 2093/41/1 2043/41/1 2040/41/1
f 2044/41/2 2094/41/2 2091/41/2 2041/41/2
f 2093/41/1 2095/41/1 2045/41/1 2043/41/1
f 2046/41/2 2096/41/2 2094/41/2 2044/41/2
f 2095/41/1 2097/41/1 2047/41/1 2045/41/1
f 2048/41/2 2098/41/2 2096/41/2 2046/41/2
f 2097/41/1 2099/41/1 2049/41/1 2047/41/1
f 2050/41/2 2100/41/2 2098/41/2 2048/41/2
f 2099/41/1 2101/41/1 2051/41/1 2049/41/1
f 2052/41/2 2102/41/2 2100/41/2 2050/41/2
f 2101/41/1 2103/41/1 2053/41/1 2051/41/1
f 2054/41/2 2104/41/2 2102/41/2 2052/41/2
f 2103/41/6 2104/41/6 2054/41/6 2053/41/6
f 2055/37/5 2105/37/5 1767/37/5 1759/37/5
f 1768/41/1 2106/41/1 2056/41/1 1760/41/1
f 2057/41/2 2107/41/2 2108/41/2 2058/41/2
f 2106/41/1 2109/41/1 2059/41/1 2056/41/1
f 2060/41/2 2110/41/2 2107/41/2 2057/41/2
f 2109/41/1 2111/41/1 2061/41/1 2059/41/1
f 2062/41/2 2112/41/2 2110/41/2 2060/41/2
f 2111/41/1 2113/41/1 2063/41/1 2061/41/1
f 2064/41/2 2114/41/2 2112/41/2 2062/41/2
f 2113/41/1 2115/41/1 2065/41/1 2063/41/1
f 2066/41/2 2116/41/2 2114/41/2 2064/41/2
f 2115/41/1 2117/41/1 2067/41/1 2065/41/1
f 2068/41/2 2118/41/2 2116/41/2 2066/41/2
f 2117/41/1 2119/41/1 2069/41/1 2067/41/1
f 2070/41/2 2120/41/2 2118/41/2 2068/41/2
f 2119/41/6 2120/41/6 2070/41/6 2069/41/6
f 2071/37/5 2121/37/5 1769/37/5 1761/37/5
f 1770/37/6 2122/37/6 2072/37/6 1762/37/6
f 2073/37/5 2123/37/5 1771/37/5 1763/37/5
f 1772/41/1 2124/41/1 2074/41/1 1764/41/1
f 2075/41/2 2125/41/2 2126/41/2 2076/41/2
f 2124/41/1 2127/41/1 2077/41/1 2074/41/1
f 2078/41/2 2128/41/2 2125/41/2 2075/41/2
f 2127/41/1 2129/41/1 2079/41/1 2077/41/1
f 2080/41/2 2130/41/2 2128/41/2 2078/41/2
f 2129/41/1 2131/41/1 2081/41/1 2079/41/1
f 2082/41/2 2132/41/2 2130/41/2 2080/41/2
f 2131/41/1 2133/41/1 2083/41/1 2081/41/1
f 2084/41/2 2134/41/2 2132/41/2 2082/41/2
f 2133/41/1 2135/41/1 2085/41/1 2083/41/1
f 2086/41/2 2136/41/2 2134/41/2 2084/41/2
f 2135/41/1 2137/41/1 2087/41/1 2085/41/1
f 2088/41/2 2138/41/2 2136/41/2 2086/41/2
f 2137/41/6 2138/41/6 2088/41/6 2087/41/6
f 2089/37/5 2139/37/5 1773/37/5 1765/37/5
f 1774/41/1 2140/41/1 2090/41/1 1766/41/1
f 2091/41/2 2141/41/2 2142/41/2 2092/41/2
f 2140/41/1 2143/41/1 2093/41/1 2090/41/1
f 2094/41/2 2144/41/2 2141/41/2 2091/41/2
f 2143/41/1 2145/41/1 2095/41/1 2093/41/1
f 2096/41/2 2146/41/2 2144/41/2 2094/41/2
f 2145/41/1 2147/41/1 2097/41/1 2095/41/1
f 2098/41/2 2148/41/2 2146/41/2 2096/41/2
f 2147/41/1 2149/41/1 2099/41/1 2097/41/1
f 2100/41/2 2150/41/2 2148/41/2 2098/41/2
f 2149/41/1 2151/41/1 2101/41/1 2099/41/1
f 2102/41/2 2152/41/2 2150/41/2 2100/41/2
f 2151/41/1 2153/41/1 2103/41/1 2101/41/1
f 2104/41/2 2154/41/2 2152/41/2 2102/41/2
f 2153/41/6 2154/41/6 2104/41/6 2103/41/6
f 2105/37/5 2155/37/5 1775/37/5 1767/37/5
f 1776/41/1 2156/41/1 2106/41/1 1768/41/1
f 2107/41/2 2157/41/2 2158/41/2 2108/41/2
f 2156/41/1 2159/41/1 2109/41/1 2106/41/1
f 2110/41/2 2160/41/2 2157/41/2 2107/41/2
f 2159/41/1 2161/41/1 2111/41/1 2109/41/1
f 2112/41/2 2162/41/2 2160/41/2 2110/41/2
f 2161/41/1 2163/41/1 2113/41/1 2111/41/1
f 2114/41/2 2164/41/2 2162/41/2 2112/41/2
f 2163/41/1 2165/41/1 2115/41/1 2113/41/1
f 2116/41/2 2166/41/2 2164/41/2 2114/41/2
f 2165/41/1 2167/41/1 2117/41/1 2115/41/1
f 2118/41/2 2168/41/2 2166/41/2 2116/41/2
f 2167/41/1 2169/41/1 2119/41/1 2117/41/1
f 2120/41/2 2170/41/2 2168/41/2 2118/41/2
f 2169/41/6 2170/41/6 2120/41/6 2119/41/6
f 2121/37/5 2171/37/5 1777/37/5 1769/37/5
f 1778/37/6 2172/37/6 2122/37/6 1770/37/6
f 2123/37/5 2173/37/5 1779/37/5 1771/37/5
f 1780/41/1 2174/41/1 2124/41/1 1772/41/1
f 2125/41/2 2175/41/2 2176/41/2 2126/41/2
f 2174/41/1 2177/41/1 2127/41/1 2124/41/1
f 2128/41/2 2178/41/2 2175/41/2 2125/41/2
f 2177/41/1 2179/41/1 2129/41/1 2127/41/1
f 2130/41/2 2180/41/2 2178/41/2 2128/41/2
f 2179/41/1 2181/41/1 2131/41/1 2129/41/1
f 2132/41/2 2182/41/2 2180/41/2 2130/41/2
f 2181/41/1 2183/41/1 2133/41/1 2131/41/1
f 2134/41/2 2184/41/2 2182/41/2 2132/41/2
f 2183/41/1 2185/41/1 2135/41/1 2133/41/1
f 2136/41/2 2186/41/2 2184/41/2 2134/41/2
f 2185/41/1 2187/41/1 2137/41/1 2135/41/1
f 2138/41/2 2188/41/2 2186/41/2 2136/41/2
f 2187/41/6 2188/41/6 2138/41/6 2137/41/6
f 2139/37/5 2189/37/5 1781/37/5 1773/37/5
f 1782/41/1 2190/41/1 2140/41/1 1774/41/1
f 2141/41/2 2191/41/2 2192/41/2 2142/41/2
f 2190/41/1 2193/41/1 2143/41/1 2140/41/1
f 2144/41/2 2194/41/2 2191/41/2 2141/41/2
f 2193/41/1 2195/41/1 2145/41/1 2143/41/1
f 2146/41/2 2196/41/2 2194/41/2 2144/41/2
f 2195/41/1 2197/41/1 2147/41/1 2145/41/1
f 2148/41/2 2198/41/2 2196/41/2 2146/41/2
f 2197/41/1 2199/41/1 2149/41/1 2147/41/1
f 2150/41/2 2200/41/2 2198/41/2 2148/41/2
f 2199/41/1 2201/41/1 2151/41/1 2149/41/1
f 2152/41/2 2202/41/2 2200/41/2 2150/41/2
f 2201/41/1 2203/41/1 2153/41/1 2151/41/1
f 2154/41/2 2204/41/2 2202/41/2 2152/41/2
f 2203/41/6 2204/41/6 2154/41/6 2153/41/6
f 2155/37/5 2205/37/5 1783/37/5 1775/37/5
f 1784/41/1 2206/41/1 2156/41/1 1776/41/1
f 2157/41/2 2207/41/2 2208/41/2 2158/41/2
f 2206/41/1 2209/41/1 2159/41/1 2156/41/1
f 2160/41/2 2210/41/2 2207/41/2 2157/41/2
f 2209/41/1 2211/41/1 2161/41/1 2159/41/1
f 2162/41/2 2212/41/2 2210/41/2 2160/41/2
f 2211/41/1 2213/41/1 2163/41/1 2161/41/1
f 2164/41/2 2214/41/2 2212/41/2 2162/41/2
f 2213/41/1 2215/41/1 2165/41/1 2163/41/1
f 2166/41/2 2216/41/2 2214/41/2 2164/41/2
f 2215/41/1 2217/41/1 2167/41/1 2165/41/1
f 2168/41/2 2218/41/2 2216/41/2 2166/41/2
f 2217/41/1 2219/41/1 2169/41/1 2167/41/1
f 2170/41/2 2220/41/2 2218/41/2 2168/41/2
f 2219/41/6 2220/41/6 2170/41/6 2169/41/6
f 2171/37/5 2221/37/5 1785/37/5 1777/37/5
f 1786/37/6 2222/37/6 2172/37/6 1778/37/6
f 2173/37/5 2223/37/5 1787/37/5 1779/37/5
f 1788/41/1 1796/41/1 2174/41/1 1780/41/1
f 2175/41/2 2224/41/2 2225/41/2 2176/41/2
f 1796/41/1 1797/41/1 2177/41/1 2174/41/1
f 2178/41/2 2226/41/2 2224/41/2 2175/41/2
f 1797/41/1 1798/41/1 2179/41/1 2177/41/1
f 2180/41/2 2227/41/2 2226/41/2 2178/41/2
f 1798/41/1 1799/41/1 2181/41/1 2179/41/1
f 2182/41/2 2228/41/2 2227/41/2 2180/41/2
f 1799/41/1 1800/41/1 2183/41/1 2181/41/1
f 2184/41/2 2229/41/2 2228/41/2 2182/41/2
f 1800/41/1 1801/41/1 2185/41/1 2183/41/1
f 2186/41/2 2230/41/2 2229/41/2 2184/41/2
f 1801/41/1 1802/41/1 2187/41/1 2185/41/1
f 2188/41/2 2231/41/2 2230/41/2 2186/41/2
f 1802/41/6 2231/41/6 2188/41/6 2187/41/6
f 2189/37/5 2232/37/5 1789/37/5 1781/37/5
f 1790/41/1 1803/41/1 2190/41/1 1782/41/1
f 2191/41/2 2233/41/2 2234/41/2 2192/41/2
f 1803/41/1 1804/41/1 2193/41/1 2190/41/1
f 2194/41/2 2235/41/2 2233/41/2 2191/41/2
f 1804/41/1 1805/41/1 2195/41/1 2193/41/1
f 2196/41/2 2236/41/2 2235/41/2 2194/41/2
f 1805/41/1 1806/41/1 2197/41/1 2195/41/1
f 2198/41/2 2237/41/2 2236/41/2 2196/41/2
f 1806/41/1 1807/41/1 2199/41/1 2197/41/1
f 2200/41/2 2238/41/2 2237/41/2 2198/41/2
f 1807/41/1 1808/41/1 2201/41/1 2199/41/1
f 2202/41/2 2239/41/2 2238/41/2 2200/41/2
f 1808/41/1 1809/41/1 2203/41/1 2201/41/1
f 2204/41/2 2240/41/2 2239/41/2 2202/41/2
f 1809/41/6 2240/41/6 2204/41/6 2203/41/6
f 2205/37/5 2241/37/5 1791/37/5 1783/37/5
f 1792/41/1 1810/41/1 2206/41/1 1784/41/1
f 2207/41/2 2242/41/2 2243/41/2 2208/41/2
f 1810/41/1 1811/41/1 2209/41/1 2206/41/1
f 2210/41/2 2244/41/2 2242/41/2 2207/41/2
f 1811/41/1 1812/41/1 2211/41/1 2209/41/1
f 2212/41/2 2245/41/2 2244/41/2 2210/41/2
f 1812/41/1 1813/41/1 2213/41/1 2211/41/1
f 2214/41/2 2246/41/2 2245/41/2 2212/41/2
f 1813/41/1 1814/41/1 2215/41/1 2213/41/1
f 2216/41/2 2247/41/2 2246/41/2 2214/41/2
f 1814/41/1 1815/41/1 2217/41/1 2215/41/1
f 2218/41/2 2248/41/2 2247/41/2 2216/41/2
f 1815/41/1 1816/41/1 2219/41/1 2217/41/1
f 2220/41/2 2249/41/2 2248/41/2 2218/41/2
f 1816/41/6 2249/41/6 2220/41/6 2219/41/6
f 2221/37/5 2250/37/5 1793/37/5 1785/37/5
f 1794/37/6 2251/37/6 2222/37/6 1786/37/6
f 2223/37/5 2252/37/5 1795/37/5 1787/37/5
f 1789/36/3 2232/36/3 2231/36/3 1802/36/3
f 1791/36/3 2241/36/3 2240/36/3 1809/36/3
f 1793/36/3 2250/36/3 2249/36/3 1816/36/3
f 1817/37/6 2253/37/6 2251/37/6 1794/37/6
f 2252/37/5 2254/37/5 1818/37/5 1795/37/5
f 1819/37/6 2255/37/6 2253/37/6 1817/37/6
f 2256/37/4 2257/37/4 1821/37/4 1820/37/4
f 2254/37/5 2256/37/5 1820/37/5 1818/37/5
f 2257/37/4 2258/37/4 1822/37/4 1821/37/4
f 2258/36/4 2259/36/4 1823/36/4 1822/36/4
f 2259/36/4 2260/36/4 1824/36/4 1823/36/4
f 2260/36/4 2261/36/4 1825/36/4 1824/36/4
f 2261/36/4 2262/36/4 1826/36/4 1825/36/4
f 2262/36/4 2263/36/4 1827/36/4 1826/36/4
f 2263/36/4 2264/36/4 1828/36/4 1827/36/4
f 2264/36/4 2265/36/4 1829/36/4 1828/36/4
f 2265/36/4 2266/36/4 1830/36/4 1829/36/4
f 2266/37/4 2267/37/4 1831/37/4 1830/37/4
f 2267/37/4 2268/37/4 1832/37/4 1831/37/4
f 2268/36/4 2269/36/4 1833/36/4 1832/36/4
f 2269/36/4 2270/36/4 1834/36/4 1833/36/4
f 2270/36/4 2271/36/4 1835/36/4 1834/36/4
f 2271/36/4 2272/36/4 1836/36/4 1835/36/4
f 2272/36/4 2273/36/4 1837/36/4 1836/36/4
f 2273/36/4 2274/36/4 1838/36/4 1837/36/4
f 2274/36/4 2275/36/4 1839/36/4 1838/36/4
f 2275/36/4 2276/36/4 1840/36/4 1839/36/4
f 2276/37/4 2277/37/4 1841/37/4 1840/37/4
f 2277/37/4 2278/37/4 1842/37/4 1841/37/4
f 2278/36/4 2279/36/4 1843/36/4 1842/36/4
f 2279/36/4 2280/36/4 1844/36/4 1843/36/4
f 2280/36/4 2281/36/4 1845/36/4 1844/36/4
f 2281/36/4 2282/36/4 1846/36/4 1845/36/4
f 2282/36/4 2283/36/4 1847/36/4 1846/36/4
f 2283/36/4 2284/36/4 1848/36/4 1847/36/4
f 2284/36/4 2285/36/4 1849/36/4 1848/36/4
f 2285/36/4 2286/36/4 1850/36/4 1849/36/4
f 2286/37/4 2287/37/4 1851/37/4 1850/37/4
f 2287/37/4 2288/37/4 1852/37/4 1851/37/4
f 1852/37/6 2288/37/6 2255/37/6 1819/37/6
f 1853/37/3 2289/37/3 2290/37/3 1854/37/3
f 2290/37/5 2291/37/5 1855/37/5 1854/37/5
f 1856/37/3 2292/37/3 2289/37/3 1853/37/3
f 1857/37/6 2293/37/6 2292/37/6 1856/37/6
f 1858/37/3 2294/37/3 2295/37/3 1859/37/3
f 2295/37/5 2296/37/5 1860/37/5 1859/37/5
f 1861/37/3 2297/37/3 2294/37/3 1858/37/3
f 1862/37/6 2298/37/6 2297/37/6 1861/37/6
f 1863/37/3 2299/37/3 2300/37/3 1864/37/3
f 2300/37/5 2301/37/5 1865/37/5 1864/37/5
f 1866/37/3 2302/37/3 2299/37/3 1863/37/3
f 1867/37/6 2303/37/6 2302/37/6 1866/37/6
f 1868/38/3 2304/38/3 2305/38/3 1869/38/3
f 2305/38/5 2306/38/5 1870/38/5 1869/38/5
f 1871/37/3 2307/37/3 2304/37/3 1868/37/3
f 1872/37/6 2308/37/6 2307/37/6 1871/37/6
f 2291/37/5 2309/37/5 1873/37/5 1855/37/5
f 1874/37/6 2310/37/6 2293/37/6 1857/37/6
f 2296/37/5 2311/37/5 1875/37/5 1860/37/5
f 1876/37/6 2312/37/6 2298/37/6 1862/37/6
f 2301/37/5 2313/37/5 1877/37/5 1865/37/5
f 1878/37/6 2314/37/6 2303/37/6 1867/37/6
f 2306/37/5 2315/37/5 1879/37/5 1870/37/5
f 1880/37/6 2316/37/6 2308/37/6 1872/37/6
f 2309/37/5 2317/37/5 1881/37/5 1873/37/5
f 1886/37/6 2318/37/6 2310/37/6 1874/37/6
f 2311/37/5 2319/37/5 1911/37/5 1875/37/5
f 1916/37/6 2320/37/6 2312/37/6 1876/37/6
f 2313/37/5 2321/37/5 1941/37/5 1877/37/5
f 1946/37/6 2322/37/6 2314/37/6 1878/37/6
f 2315/37/5 2323/37/5 1971/37/5 1879/37/5
f 1972/37/6 2324/37/6 2316/37/6 1880/37/6
f 2317/37/5 2325/37/5 1973/37/5 1881/37/5
f 1976/37/6 2326/37/6 2318/37/6 1886/37/6
f 2319/37/5 2327/37/5 1989/37/5 1911/37/5
f 1992/37/6 2328/37/6 2320/37/6 1916/37/6
f 2321/37/5 2329/37/5 2005/37/5 1941/37/5
f 2008/37/6 2330/37/6 2322/37/6 1946/37/6
f 2323/37/5 2331/37/5 2021/37/5 1971/37/5
f 2022/37/6 2332/37/6 2324/37/6 1972/37/6
f 2325/37/5 2333/37/5 2023/37/5 1973/37/5
f 2026/37/6 2334/37/6 2326/37/6 1976/37/6
f 2327/37/5 2335/37/5 2039/37/5 1989/37/5
f 2042/37/6 2336/37/6 2328/37/6 1992/37/6
f 2329/37/5 2337/37/5 2055/37/5 2005/37/5
f 2058/37/6 2338/37/6 2330/37/6 2008/37/6
f 2331/37/5 2339/37/5 2071/37/5 2021/37/5
f 2072/37/6 2340/37/6 2332/37/6 2022/37/6
f 2333/37/5 2341/37/5 2073/37/5 2023/37/5
f 2076/37/6 2342/37/6 2334/37/6 2026/37/6
f 2335/37/5 2343/37/5 2089/37/5 2039/37/5
f 2092/37/6 2344/37/6 2336/37/6 2042/37/6
f 2337/37/5 2345/37/5 2105/37/5 2055/37/5
f 2108/37/6 2346/37/6 2338/37/6 2058/37/6
f 2339/37/5 2347/37/5 2121/37/5 2071/37/5
f 2122/37/6 2348/37/6 2340/37/6 2072/37/6
f 2341/37/5 2349/37/5 2123/37/5 2073/37/5
f 2126/37/6 2350/37/6 2342/37/6 2076/37/6
f 2343/37/5 2351/37/5 2139/37/5 2089/37/5
f 2142/37/6 2352/37/6 2344/37/6 2092/37/6
f 2345/37/5 2353/37/5 2155/37/5 2105/37/5
f 2158/37/6 2354/37/6 2346/37/6 2108/37/6
f 2347/37/5 2355/37/5 2171/37/5 2121/37/5
f 2172/37/6 2356/37/6 2348/37/6 2122/37/6
f 2349/37/5 2357/37/5 2173/37/5 2123/37/5
f 2176/37/6 2358/37/6 2350/37/6 2126/37/6
f 2351/37/5 2359/37/5 2189/37/5 2139/37/5
f 2192/37/6 2360/37/6 2352/37/6 2142/37/6
f 2353/37/5 2361/37/5 2205/37/5 2155/37/5
f 2208/37/6 2362/37/6 2354/37/6 2158/37/6
f 2355/37/5 2363/37/5 2221/37/5 2171/37/5
f 2222/37/6 2364/37/6 2356/37/6 2172/37/6
f 2357/37/5 2365/37/5 2223/37/5 2173/37/5
f 2225/37/6 2366/37/6 2358/37/6 2176/37/6
f 2359/37/5 2367/37/5 2232/37/5 2189/37/5
f 2234/37/6 2368/37/6 2360/37/6 2192/37/6
f 2361/37/5 2369/37/5 2241/37/5 2205/37/5
f 2243/37/6 2370/37/6 2362/37/6 2208/37/6
f 2363/37/5 2371/37/5 2250/37/5 2221/37/5
f 2251/37/6 2372/37/6 2364/37/6 2222/37/6
f 2365/37/5 2373/37/5 2252/37/5 2223/37/5
f 2224/36/3 2374/36/3 2366/36/3 2225/36/3
f 2226/36/3 2375/36/3 2374/36/3 2224/36/3
f 2227/36/3 2376/36/3 2375/36/3 2226/36/3
f 2228/36/3 2377/36/3 2376/36/3 2227/36/3
f 2229/36/3 2378/36/3 2377/36/3 2228/36/3
f 2230/36/3 2379/36/3 2378/36/3 2229/36/3
f 2231/36/3 2380/36/3 2379/36/3 2230/36/3
f 2232/36/3 2367/36/3 2380/36/3 2231/36/3
f 2233/36/3 2381/36/3 2368/36/3 2234/36/3
f 2235/36/3 2382/36/3 2381/36/3 2233/36/3
f 2236/36/3 2383/36/3 2382/36/3 2235/36/3
f 2237/36/3 2384/36/3 2383/36/3 2236/36/3
f 2238/36/3 2385/36/3 2384/36/3 2237/36/3
f 2239/36/3 2386/36/3 2385/36/3 2238/36/3
f 2240/36/3 2387/36/3 2386/36/3 2239/36/3
f 2241/36/3 2369/36/3 2387/36/3 2240/36/3
f 2242/36/3 2388/36/3 2370/36/3 2243/36/3
f 2244/36/3 2389/36/3 2388/36/3 2242/36/3
f 2245/36/3 2390/36/3 2389/36/3 2244/36/3
f 2246/36/3 2391/36/3 2390/36/3 2245/36/3
f 2247/36/3 2392/36/3 2391/36/3 2246/36/3
f 2248/36/3 2393/36/3 2392/36/3 2247/36/3
f 2249/36/3 2394/36/3 2393/36/3 2248/36/3
f 2250/36/3 2371/36/3 2394/36/3 2249/36/3
f 2253/37/6 2395/37/6 2372/37/6 2251/37/6
f 2373/37/5 2396/37/5 2254/37/5 2252/37/5
f 2255/37/6 2397/37/6 2395/37/6 2253/37/6
f 2398/37/4 2399/37/4 2257/37/4 2256/37/4
f 2396/37/5 2398/37/5 2256/37/5 2254/37/5
f 2399/37/4 2400/37/4 2258/37/4 2257/37/4
f 2400/36/4 2401/36/4 2259/36/4 2258/36/4
f 2401/36/4 2402/36/4 2260/36/4 2259/36/4
f 2402/36/4 2403/36/4 2261/36/4 2260/36/4
f 2403/36/4 2404/36/4 2262/36/4 2261/36/4
f 2404/36/4 2405/36/4 2263/36/4 2262/36/4
f 2405/36/4 2406/36/4 2264/36/4 2263/36/4
f 2406/36/4 2407/36/4 2265/36/4 2264/36/4
f 2407/36/4 2408/36/4 2266/36/4 2265/36/4
f 2408/37/4 2409/37/4 2267/37/4 2266/37/4
f 2409/37/4 2410/37/4 2268/37/4 2267/37/4
f 2410/36/4 2411/36/4 2269/36/4 2268/36/4
f 2411/36/4 2412/36/4 2270/36/4 2269/36/4
f 2412/36/4 2413/36/4 2271/36/4 2270/36/4
f 2413/36/4 2414/36/4 2272/36/4 2271/36/4
f 2414/36/4 2415/36/4 2273/36/4 2272/36/4
f 2415/36/4 2416/36/4 2274/36/4 2273/36/4
f 2416/36/4 2417/36/4 2275/36/4 2274/36/4
f 2417/36/4 2418/36/4 2276/36/4 2275/36/4
f 2418/37/4 2419/37/4 2277/37/4 2276/37/4
f 2419/37/4 2420/37/4 2278/37/4 2277/37/4
f 2420/36/4 2421/36/4 2279/36/4 2278/36/4
f 2421/36/4 2422/36/4 2280/36/4 2279/36/4
f 2422/36/4 2423/36/4 2281/36/4 2280/36/4
f 2423/36/4 2424/36/4 2282/36/4 2281/36/4
f 2424/36/4 2425/36/4 2283/36/4 2282/36/4
f 2425/36/4 2426/36/4 2284/36/4 2283/36/4
f 2426/36/4 2427/36/4 2285/36/4 2284/36/4
f 2427/36/4 2428/36/4 2286/36/4 2285/36/4
f 2428/37/4 2429/37/4 2287/37/4 2286/37/4
f 2429/37/4 2430/37/4 2288/37/4 2287/37/4
f 2288/37/6 2430/37/6 2397/37/6 2255/37/6
f 2289/37/3 2431/37/3 2432/37/3 2290/37/3
f 2432/37/5 2433/37/5 2291/37/5 2290/37/5
f 2292/36/3 2434/36/3 2431/36/3 2289/36/3
f 2293/36/6 2435/36/6 2434/36/6 2292/36/6
f 2294/37/3 2436/37/3 2437/37/3 2295/37/3
f 2437/37/5 2438/37/5 2296/37/5 2295/37/5
f 2297/37/3 2439/37/3 2436/37/3 2294/37/3
f 2298/37/6 2440/37/6 2439/37/6 2297/37/6
f 2299/37/3 2441/37/3 2442/37/3 2300/37/3
f 2442/37/5 2443/37/5 2301/37/5 2300/37/5
f 2302/37/3 2444/37/3 2441/37/3 2299/37/3
f 2303/37/6 2445/37/6 2444/37/6 2302/37/6
f 2304/37/3 2446/37/3 2447/37/3 2305/37/3
f 2447/37/5 2448/37/5 2306/37/5 2305/37/5
f 2307/37/3 2449/37/3 2446/37/3 2304/37/3
f 2308/37/6 2450/37/6 2449/37/6 2307/37/6
f 2433/37/5 2451/37/5 2309/37/5 2291/37/5
f 2310/37/6 2452/37/6 2435/37/6 2293/37/6
f 2438/37/5 2453/37/5 2311/37/5 2296/37/5
f 2312/37/6 2454/37/6 2440/37/6 2298/37/6
f 2443/37/5 2455/37/5 2313/37/5 2301/37/5
f 2314/37/6 2456/37/6 2445/37/6 2303/37/6
f 2448/37/5 2457/37/5 2315/37/5 2306/37/5
f 2316/37/6 2458/37/6 2450/37/6 2308/37/6
f 2451/37/5 2459/37/5 2317/37/5 2309/37/5
f 2318/41/1 2460/41/1 2461/41/1 2310/41/1
f 2462/41/2 2463/41/2 2464/41/2 2452/41/2
f 2461/41/3 2462/41/3 2452/41/3 2310/41/3
f 2460/41/1 2465/41/1 2466/41/1 2461/41/1
f 2467/41/2 2468/41/2 2463/41/2 2462/41/2
f 2466/41/3 2467/41/3 2462/41/3 2461/41/3
f 2465/41/1 2469/41/1 2470/41/1 2466/41/1
f 2471/41/2 2472/41/2 2468/41/2 2467/41/2
f 2470/41/3 2471/41/3 2467/41/3 2466/41/3
f 2469/41/1 2473/41/1 2474/41/1 2470/41/1
f 2475/41/2 2476/41/2 2472/41/2 2471/41/2
f 2474/41/3 2475/41/3 2471/41/3 2470/41/3
f 2473/41/1 2477/41/1 2478/41/1 2474/41/1
f 2479/41/2 2480/41/2 2476/41/2 2475/41/2
f 2478/41/3 2479/41/3 2475/41/3 2474/41/3
f 2477/41/1 2481/41/1 2482/41/1 2478/41/1
f 2483/41/2 2484/41/2 2480/41/2 2479/41/2
f 2482/41/3 2483/41/3 2479/41/3 2478/41/3
f 2481/41/6 2484/41/6 2483/41/6 2482/41/6
f 2453/37/5 2485/37/5 2319/37/5 2311/37/5
f 2320/41/1 2486/41/1 2487/41/1 2312/41/1
f 2488/41/2 2489/41/2 2490/41/2 2454/41/2
f 2487/41/3 2488/41/3 2454/41/3 2312/41/3
f 2486/41/1 2491/41/1 2492/41/1 2487/41/1
f 2493/41/2 2494/41/2 2489/41/2 2488/41/2
f 2492/41/3 2493/41/3 2488/41/3 2487/41/3
f 2491/41/1 2495/41/1 2496/41/1 2492/41/1
f 2497/41/2 2498/41/2 2494/41/2 2493/41/2
f 2496/41/3 2497/41/3 2493/41/3 2492/41/3
f 2495/41/1 2499/41/1 2500/41/1 2496/41/1
f 2501/41/2 2502/41/2 2498/41/2 2497/41/2
f 2500/41/3 2501/41/3 2497/41/3 2496/41/3
f 2499/41/1 2503/41/1 2504/41/1 2500/41/1
f 2505/41/2 2506/41/2 2502/41/2 2501/41/2
f 2504/41/3 2505/41/3 2501/41/3 2500/41/3
f 2503/41/1 2507/41/1 2508/41/1 2504/41/1
f 2509/41/2 2510/41/2 2506/41/2 2505/41/2
f 2508/41/3 2509/41/3 2505/41/3 2504/41/3
f 2507/41/6 2510/41/6 2509/41/6 2508/41/6
f 2455/37/5 2511/37/5 2321/37/5 2313/37/5
f 2322/41/1 2512/41/1 2513/41/1 2314/41/1
f 2514/41/2 2515/41/2 2516/41/2 2456/41/2
f 2513/41/3 2514/41/3 2456/41/3 2314/41/3
f 2512/41/1 2517/41/1 2518/41/1 2513/41/1
f 2519/41/2 2520/41/2 2515/41/2 2514/41/2
f 2518/41/3 2519/41/3 2514/41/3 2513/41/3
f 2517/41/1 2521/41/1 2522/41/1 2518/41/1
f 2523/41/2 2524/41/2 2520/41/2 2519/41/2
f 2522/41/3 2523/41/3 2519/41/3 2518/41/3
f 2521/41/1 2525/41/1 2526/41/1 2522/41/1
f 2527/41/2 2528/41/2 2524/41/2 2523/41/2
f 2526/41/3 2527/41/3 2523/41/3 2522/41/3
f 2525/41/1 2529/41/1 2530/41/1 2526/41/1
f 2531/41/2 2532/41/2 2528/41/2 2527/41/2
f 2530/41/3 2531/41/3 2527/41/3 2526/41/3
f 2529/41/1 2533/41/1 2534/41/1 2530/41/1
f 2535/41/2 2536/41/2 2532/41/2 2531/41/2
f 2534/41/3 2535/41/3 2531/41/3 2530/41/3
f 2533/41/6 2536/41/6 2535/41/6 2534/41/6
f 2457/37/5 2537/37/5 2323/37/5 2315/37/5
f 2324/37/6 2538/37/6 2458/37/6 2316/37/6
f 2459/37/5 2539/37/5 2325/37/5 2317/37/5
f 2326/41/1 2540/41/1 2460/41/1 2318/41/1
f 2463/41/2 2541/41/2 2542/41/2 2464/41/2
f 2540/41/1 2543/41/1 2465/41/1 2460/41/1
f 2468/41/2 2544/41/2 2541/41/2 2463/41/2
f 2543/41/1 2545/41/1 2469/41/1 2465/41/1
f 2472/41/2 2546/41/2 2544/41/2 2468/41/2
f 2545/41/1 2547/41/1 2473/41/1 2469/41/1
f 2476/41/2 2548/41/2 2546/41/2 2472/41/2
f 2547/41/1 2549/41/1 2477/41/1 2473/41/1
f 2480/41/2 2550/41/2 2548/41/2 2476/41/2
f 2549/41/1 2551/41/1 2481/41/1 2477/41/1
f 2484/41/2 2552/41/2 2550/41/2 2480/41/2
f 2551/41/6 2552/41/6 2484/41/6 2481/41/6
f 2485/37/5 2553/37/5 2327/37/5 2319/37/5
f 2328/41/1 2554/41/1 2486/41/1 2320/41/1
f 2489/41/2 2555/41/2 2556/41/2 2490/41/2
f 2554/41/1 2557/41/1 2491/41/1 2486/41/1
f 2494/41/2 2558/41/2 2555/41/2 2489/41/2
f 2557/41/1 2559/41/1 2495/41/1 2491/41/1
f 2498/41/2 2560/41/2 2558/41/2 2494/41/2
f 2559/41/1 2561/41/1 2499/41/1 2495/41/1
f 2502/41/2 2562/41/2 2560/41/2 2498/41/2
f 2561/41/1 2563/41/1 2503/41/1 2499/41/1
f 2506/41/2 2564/41/2 2562/41/2 2502/41/2
f 2563/41/1 2565/41/1 2507/41/1 2503/41/1
f 2510/41/2 2566/41/2 2564/41/2 2506/41/2
f 2565/41/6 2566/41/6 2510/41/6 2507/41/6
f 2511/37/5 2567/37/5 2329/37/5 2321/37/5
f 2330/41/1 2568/41/1 2512/41/1 2322/41/1
f 2515/41/2 2569/41/2 2570/41/2 2516/41/2
f 2568/41/1 2571/41/1 2517/41/1 2512/41/1
f 2520/41/2 2572/41/2 2569/41/2 2515/41/2
f 2571/41/1 2573/41/1 2521/41/1 2517/41/1
f 2524/41/2 2574/41/2 2572/41/2 2520/41/2
f 2573/41/1 2575/41/1 2525/41/1 2521/41/1
f 2528/41/2 2576/41/2 2574/41/2 2524/41/2
f 2575/41/1 2577/41/1 2529/41/1 2525/41/1
f 2532/41/2 2578/41/2 2576/41/2 2528/41/2
f 2577/41/1 2579/41/1 2533/41/1 2529/41/1
f 2536/41/2 2580/41/2 2578/41/2 2532/41/2
f 2579/41/6 2580/41/6 2536/41/6 2533/41/6
f 2537/37/5 2581/37/5 2331/37/5 2323/37/5
f 2332/37/6 2582/37/6 2538/37/6 2324/37/6
f 2539/37/5 2583/37/5 2333/37/5 2325/37/5
f 2334/41/1 2584/41/1 2540/41/1 2326/41/1
f 2541/41/2 2585/41/2 2586/41/2 2542/41/2
f 2584/41/1 2587/41/1 2543/41/1 2540/41/1
f 2544/41/2 2588/41/2 2585/41/2 2541/41/2
f 2587/41/1 2589/41/1 2545/41/1 2543/41/1
f 2546/41/2 2590/41/2 2588/41/2 2544/41/2
f 2589/41/1 2591/41/1 2547/41/1 2545/41/1
f 2548/41/2 2592/41/2 2590/41/2 2546/41/2
f 2591/41/1 2593/41/1 2549/41/1 2547/41/1
f 2550/41/2 2594/41/2 2592/41/2 2548/41/2
f 2593/41/1 2595/41/1 2551/41/1 2549/41/1
f 2552/41/2 2596/41/2 2594/41/2 2550/41/2
f 2595/41/6 2596/41/6 2552/41/6 2551/41/6
f 2553/37/5 2597/37/5 2335/37/5 2327/37/5
f 2336/41/1 2598/41/1 2554/41/1 2328/41/1
f 2555/41/2 2599/41/2 2600/41/2 2556/41/2
f 2598/41/1 2601/41/1 2557/41/1 2554/41/1
f 2558/41/2 2602/41/2 2599/41/2 2555/41/2
f 2601/41/1 2603/41/1 2559/41/1 2557/41/1
f 2560/41/2 2604/41/2 2602/41/2 2558/41/2
f 2603/41/1 2605/41/1 2561/41/1 2559/41/1
f 2562/41/2 2606/41/2 2604/41/2 2560/41/2
f 2605/41/1 2607/41/1 2563/41/1 2561/41/1
f 2564/41/2 2608/41/2 2606/41/2 2562/41/2
f 2607/41/1 2609/41/1 2565/41/1 2563/41/1
f 2566/41/2 2610/41/2 2608/41/2 2564/41/2
f 2609/41/6 2610/41/6 2566/41/6 2565/41/6
f 2567/37/5 2611/37/5 2337/37/5 2329/37/5
f 2338/41/1 2612/41/1 2568/41/1 2330/41/1
f 2569/41/2 2613/41/2 2614/41/2 2570/41/2
f 2612/41/1 2615/41/1 2571/41/1 2568/41/1
f 2572/41/2 2616/41/2 2613/41/2 2569/41/2
f 2615/41/1 2617/41/1 2573/41/1 2571/41/1
f 2574/41/2 2618/41/2 2616/41/2 2572/41/2
f 2617/41/1 2619/41/1 2575/41/1 2573/41/1
f 2576/41/2 2620/41/2 2618/41/2 2574/41/2
f 2619/41/1 2621/41/1 2577/41/1 2575/41/1
f 2578/41/2 2622/41/2 2620/41/2 2576/41/2
f 2621/41/1 2623/41/1 2579/41/1 2577/41/1
f 2580/41/2 2624/41/2 2622/41/2 2578/41/2
f 2623/41/6 2624/41/6 2580/41/6 2579/41/6
f 2581/37/5 2625/37/5 2339/37/5 2331/37/5
f 2340/37/6 2626/37/6 2582/37/6 2332/37/6
f 2583/37/5 2627/37/5 2341/37/5 2333/37/5
f 2342/41/1 2628/41/1 2584/41/1 2334/41/1
f 2585/41/2 2629/41/2 2630/41/2 2586/41/2
f 2628/41/1 2631/41/1 2587/41/1 2584/41/1
f 2588/41/2 2632/41/2 2629/41/2 2585/41/2
f 2631/41/1 2633/41/1 2589/41/1 2587/41/1
f 2590/41/2 2634/41/2 2632/41/2 2588/41/2
f 2633/41/1 2635/41/1 2591/41/1 2589/41/1
f 2592/41/2 2636/41/2 2634/41/2 2590/41/2
f 2635/41/1 2637/41/1 2593/41/1 2591/41/1
f 2594/41/2 2638/41/2 2636/41/2 2592/41/2
f 2637/41/1 2639/41/1 2595/41/1 2593/41/1
f 2596/41/2 2640/41/2 2638/41/2 2594/41/2
f 2639/41/6 2640/41/6 2596/41/6 2595/41/6
f 2597/37/5 2641/37/5 2343/37/5 2335/37/5
f 2344/41/1 2642/41/1 2598/41/1 2336/41/1
f 2599/41/2 2643/41/2 2644/41/2 2600/41/2
f 2642/41/1 2645/41/1 2601/41/1 2598/41/1
f 2602/41/2 2646/41/2 2643/41/2 2599/41/2
f 2645/41/1 2647/41/1 2603/41/1 2601/41/1
f 2604/41/2 2648/41/2 2646/41/2 2602/41/2
f 2647/41/1 2649/41/1 2605/41/1 2603/41/1
f 2606/41/2 2650/41/2 2648/41/2 2604/41/2
f 2649/41/1 2651/41/1 2607/41/1 2605/41/1
f 2608/41/2 2652/41/2 2650/41/2 2606/41/2
f 2651/41/1 2653/41/1 2609/41/1 2607/41/1
f 2610/41/2 2654/41/2 2652/41/2 2608/41/2
f 2653/41/6 2654/41/6 2610/41/6 2609/41/6
f 2611/37/5 2655/37/5 2345/37/5 2337/37/5
f 2346/41/1 2656/41/1 2612/41/1 2338/41/1
f 2613/41/2 2657/41/2 2658/41/2 2614/41/2
f 2656/41/1 2659/41/1 2615/41/1 2612/41/1
f 2616/41/2 2660/41/2 2657/41/2 2613/41/2
f 2659/41/1 2661/41/1 2617/41/1 2615/41/1
f 2618/41/2 2662/41/2 2660/41/2 2616/41/2
f 2661/41/1 2663/41/1 2619/41/1 2617/41/1
f 2620/41/2 2664/41/2 2662/41/2 2618/41/2
f 2663/41/1 2665/41/1 2621/41/1 2619/41/1
f 2622/41/2 2666/41/2 2664/41/2 2620/41/2
f 2665/41/1 2667/41/1 2623/41/1 2621/41/1
f 2624/41/2 2668/41/2 2666/41/2 2622/41/2
f 2667/41/6 2668/41/6 2624/41/6 2623/41/6
f 2625/37/5 2669/37/5 2347/37/5 2339/37/5
f 2348/37/6 2670/37/6 2626/37/6 2340/37/6
f 2627/37/5 2671/37/5 2349/37/5 2341/37/5
f 2350/41/1 2672/41/1 2628/41/1 2342/41/1
f 2629/41/2 2673/41/2 2674/41/2 2630/41/2
f 2672/41/1 2675/41/1 2631/41/1 2628/41/1
f 2632/41/2 2676/41/2 2673/41/2 2629/41/2
f 2675/41/1 2677/41/1 2633/41/1 2631/41/1
f 2634/41/2 2678/41/2 2676/41/2 2632/41/2
f 2677/41/1 2679/41/1 2635/41/1 2633/41/1
f 2636/41/2 2680/41/2 2678/41/2 2634/41/2
f 2679/41/1 2681/41/1 2637/41/1 2635/41/1
f 2638/41/2 2682/41/2 2680/41/2 2636/41/2
f 2681/41/1 2683/41/1 2639/41/1 2637/41/1
f 2640/41/2 2684/41/2 2682/41/2 2638/41/2
f 2683/41/6 2684/41/6 2640/41/6 2639/41/6
f 2641/37/5 2685/37/5 2351/37/5 2343/37/5
f 2352/41/1 2686/41/1 2642/41/1 2344/41/1
f 2643/41/2 2687/41/2 2688/41/2 2644/41/2
f 2686/41/1 2689/41/1 2645/41/1 2642/41/1
f 2646/41/2 2690/41/2 2687/41/2 2643/41/2
f 2689/41/1 2691/41/1 2647/41/1 2645/41/1
f 2648/41/2 2692/41/2 2690/41/2 2646/41/2
f 2691/41/1 2693/41/1 2649/41/1 2647/41/1
f 2650/41/2 2694/41/2 2692/41/2 2648/41/2
f 2693/41/1 2695/41/1 2651/41/1 2649/41/1
f 2652/41/2 2696/41/2 2694/41/2 2650/41/2
f 2695/41/1 2697/41/1 2653/41/1 2651/41/1
f 2654/41/2 2698/41/2 2696/41/2 2652/41/2
f 2697/41/6 2698/41/6 2654/41/6 2653/41/6
f 2655/37/5 2699/37/5 2353/37/5 2345/37/5
f 2354/41/1 2700/41/1 2656/41/1 2346/41/1
f 2657/41/2 2701/41/2 2702/41/2 2658/41/2
f 2700/41/1 2703/41/1 2659/41/1 2656/41/1
f 2660/41/2 2704/41/2 2701/41/2 2657/41/2
f 2703/41/1 2705/41/1 2661/41/1 2659/41/1
f 2662/41/2 2706/41/2 2704/41/2 2660/41/2
f 2705/41/1 2707/41/1 2663/41/1 2661/41/1
f 2664/41/2 2708/41/2 2706/41/2 2662/41/2
f 2707/41/1 2709/41/1 2665/41/1 2663/41/1
f 2666/41/2 2710/41/2 2708/41/2 2664/41/2
f 2709/41/1 2711/41/1 2667/41/1 2665/41/1
f 2668/41/2 2712/41/2 2710/41/2 2666/41/2
f 2711/41/6 2712/41/6 2668/41/6 2667/41/6
f 2669/37/5 2713/37/5 2355/37/5 2347/37/5
f 2356/37/6 2714/37/6 2670/37/6 2348/37/6
f 2671/37/5 2715/37/5 2357/37/5 2349/37/5
f 2358/41/1 2716/41/1 2672/41/1 2350/41/1
f 2673/41/2 2717/41/2 2718/41/2 2674/41/2
f 2716/41/1 2719/41/1 2675/41/1 2672/41/1
f 2676/41/2 2720/41/2 2717/41/2 2673/41/2
f 2719/41/1 2721/41/1 2677/41/1 2675/41/1
f 2678/41/2 2722/41/2 2720/41/2 2676/41/2
f 2721/41/1 2723/41/1 2679/41/1 2677/41/1
f 2680/41/2 2724/41/2 2722/41/2 2678/41/2
f 2723/41/1 2725/41/1 2681/41/1 2679/41/1
f 2682/41/2 2726/41/2 2724/41/2 2680/41/2
f 2725/41/1 2727/41/1 2683/41/1 2681/41/1
f 2684/41/2 2728/41/2 2726/41/2 2682/41/2
f 2727/41/6 2728/41/6 2684/41/6 2683/41/6
f 2685/37/5 2729/37/5 2359/37/5 2351/37/5
f 2360/41/1 2730/41/1 2686/41/1 2352/41/1
f 2687/41/2 2731/41/2 2732/41/2 2688/41/2
f 2730/41/1 2733/41/1 2689/41/1 2686/41/1
f 2690/41/2 2734/41/2 2731/41/2 2687/41/2
f 2733/41/1 2735/41/1 2691/41/1 2689/41/1
f 2692/41/2 2736/41/2 2734/41/2 2690/41/2
f 2735/41/1 2737/41/1 2693/41/1 2691/41/1
f 2694/41/2 2738/41/2 2736/41/2 2692/41/2
f 2737/41/1 2739/41/1 2695/41/1 2693/41/1
f 2696/41/2 2740/41/2 2738/41/2 2694/41/2
f 2739/41/1 2741/41/1 2697/41/1 2695/41/1
f 2698/41/2 2742/41/2 2740/41/2 2696/41/2
f 2741/41/6 2742/41/6 2698/41/6 2697/41/6
f 2699/37/5 2743/37/5 2361/37/5 2353/37/5
f 2362/41/1 2744/41/1 2700/41/1 2354/41/1
f 2701/41/2 2745/41/2 2746/41/2 2702/41/2
f 2744/41/1 2747/41/1 2703/41/1 2700/41/1
f 2704/41/2 2748/41/2 2745/41/2 2701/41/2
f 2747/41/1 2749/41/1 2705/41/1 2703/41/1
f 2706/41/2 2750/41/2 2748/41/2 2704/41/2
f 2749/41/1 2751/41/1 2707/41/1 2705/41/1
f 2708/41/2 2752/41/2 2750/41/2 2706/41/2
f 2751/41/1 2753/41/1 2709/41/1 2707/41/1
f 2710/41/2 2754/41/2 2752/41/2 2708/41/2
f 2753/41/1 2755/41/1 2711/41/1 2709/41/1
f 2712/41/2 2756/41/2 2754/41/2 2710/41/2
f 2755/41/6 2756/41/6 2712/41/6 2711/41/6
f 2713/37/5 2757/37/5 2363/37/5 2355/37/5
f 2364/37/6 2758/37/6 2714/37/6 2356/37/6
f 2715/37/5 2759/37/5 2365/37/5 2357/37/5
f 2366/41/1 2374/41/1 2716/41/1 2358/41/1
f 2717/41/2 2760/41/2 2761/41/2 2718/41/2
f 2374/41/1 2375/41/1 2719/41/1 2716/41/1
f 2720/41/2 2762/41/2 2760/41/2 2717/41/2
f 2375/41/1 2376/41/1 2721/41/1 2719/41/1
f 2722/41/2 2763/41/2 2762/41/2 2720/41/2
f 2376/41/1 2377/41/1 2723/41/1 2721/41/1
f 2724/41/2 2764/41/2 2763/41/2 2722/41/2
f 2377/41/1 2378/41/1 2725/41/1 2723/41/1
f 2726/41/2 2765/41/2 2764/41/2 2724/41/2
f 2378/41/1 2379/41/1 2727/41/1 2725/41/1
f 2728/41/2 2766/41/2 2765/41/2 2726/41/2
f 2379/41/6 2766/41/6 2728/41/6 2727/41/6
f 2729/37/5 2767/37/5 2367/37/5 2359/37/5
f 2368/41/1 2381/41/1 2730/41/1 2360/41/1
f 2731/41/2 2768/41/2 2769/41/2 2732/41/2
f 2381/41/1 2382/41/1 2733/41/1 2730/41/1
f 2734/41/2 2770/41/2 2768/41/2 2731/41/2
f 2382/41/1 2383/41/1 2735/41/1 2733/41/1
f 2736/41/2 2771/41/2 2770/41/2 2734/41/2
f 2383/41/1 2384/41/1 2737/41/1 2735/41/1
f 2738/41/2 2772/41/2 2771/41/2 2736/41/2
f 2384/41/1 2385/41/1 2739/41/1 2737/41/1
f 2740/41/2 2773/41/2 2772/41/2 2738/41/2
f 2385/41/1 2386/41/1 2741/41/1 2739/41/1
f 2742/41/2 2774/41/2 2773/41/2 2740/41/2
f 2386/41/6 2774/41/6 2742/41/6 2741/41/6
f 2743/37/5 2775/37/5 2369/37/5 2361/37/5
f 2370/41/1 2388/41/1 2744/41/1 2362/41/1
f 2745/41/2 2776/41/2 2777/41/2 2746/41/2
f 2388/41/1 2389/41/1 2747/41/1 2744/41/1
f 2748/41/2 2778/41/2 2776/41/2 2745/41/2
f 2389/41/1 2390/41/1 2749/41/1 2747/41/1
f 2750/41/2 2779/41/2 2778/41/2 2748/41/2
f 2390/41/1 2391/41/1 2751/41/1 2749/41/1
f 2752/41/2 2780/41/2 2779/41/2 2750/41/2
f 2391/41/1 2392/41/1 2753/41/1 2751/41/1
f 2754/41/2 2781/41/2 2780/41/2 2752/41/2
f 2392/41/1 2393/41/1 2755/41/1 2753/41/1
f 2756/41/2 2782/41/2 2781/41/2 2754/41/2
f 2393/41/6 2782/41/6 2756/41/6 2755/41/6
f 2757/37/5 2783/37/5 2371/37/5 2363/37/5
f 2372/37/6 2784/37/6 2758/37/6 2364/37/6
f 2759/37/5 2785/37/5 2373/37/5 2365/37/5
f 2380/36/3 2786/36/3 2766/36/3 2379/36/3
f 2367/36/3 2767/36/3 2786/36/3 2380/36/3
f 2387/36/3 2787/36/3 2774/36/3 2386/36/3
f 2369/36/3 2775/36/3 2787/36/3 2387/36/3
f 2394/36/3 2788/36/3 2782/36/3 2393/36/3
f 2371/36/3 2783/36/3 2788/36/3 2394/36/3
f 2395/37/6 2789/37/6 2784/37/6 2372/37/6
f 2785/37/5 2790/37/5 2396/37/5 2373/37/5
f 2397/37/6 2791/37/6 2789/37/6 2395/37/6
f 2792/37/4 2793/37/4 2399/37/4 2398/37/4
f 2790/37/5 2792/37/5 2398/37/5 2396/37/5
f 2793/37/4 2794/37/4 2400/37/4 2399/37/4
f 2794/36/4 2795/36/4 2401/36/4 2400/36/4
f 2795/36/4 2796/36/4 2402/36/4 2401/36/4
f 2796/36/4 2797/36/4 2403/36/4 2402/36/4
f 2797/36/4 2798/36/4 2404/36/4 2403/36/4
f 2798/36/4 2799/36/4 2405/36/4 2404/36/4
f 2799/36/4 2800/36/4 2406/36/4 2405/36/4
f 2800/36/4 2801/36/4 2407/36/4 2406/36/4
f 2801/36/4 2802/36/4 2408/36/4 2407/36/4
f 2802/37/4 2803/37/4 2409/37/4 2408/37/4
f 2803/37/4 2804/37/4 2410/37/4 2409/37/4
f 2804/36/4 2805/36/4 2411/36/4 2410/36/4
f 2805/36/4 2806/36/4 2412/36/4 2411/36/4
f 2806/36/4 2807/36/4 2413/36/4 2412/36/4
f 2807/36/4 2808/36/4 2414/36/4 2413/36/4
f 2808/36/4 2809/36/4 2415/36/4 2414/36/4
f 2809/36/4 2810/36/4 2416/36/4 2415/36/4
f 2810/36/4 2811/36/4 2417/36/4 2416/36/4
f 2811/36/4 2812/36/4 2418/36/4 2417/36/4
f 2812/37/4 2813/37/4 2419/37/4 2418/37/4
f 2813/37/4 2814/37/4 2420/37/4 2419/37/4
f 2814/36/4 2815/36/4 2421/36/4 2420/36/4
f 2815/36/4 2816/36/4 2422/36/4 2421/36/4
f 2816/36/4 2817/36/4 2423/36/4 2422/36/4
f 2817/36/4 2818/36/4 2424/36/4 2423/36/4
f 2818/36/4 2819/36/4 2425/36/4 2424/36/4
f 2819/36/4 2820/36/4 2426/36/4 2425/36/4
f 2820/36/4 2821/36/4 2427/36/4 2426/36/4
f 2821/36/4 2822/36/4 2428/36/4 2427/36/4
f 2822/37/4 2823/37/4 2429/37/4 2428/37/4
f 2823/37/4 2824/37/4 2430/37/4 2429/37/4
f 2430/37/6 2824/37/6 2791/37/6 2397/37/6
f 2431/37/3 2825/37/3 2826/37/3 2432/37/3
f 2826/37/5 2827/37/5 2433/37/5 2432/37/5
f 2434/37/3 2828/37/3 2825/37/3 2431/37/3
f 2435/37/6 2829/37/6 2828/37/6 2434/37/6
f 2436/37/3 2830/37/3 2831/37/3 2437/37/3
f 2831/37/5 2832/37/5 2438/37/5 2437/37/5
f 2439/37/3 2833/37/3 2830/37/3 2436/37/3
f 2440/37/6 2834/37/6 2833/37/6 2439/37/6
f 2441/37/3 2835/37/3 2836/37/3 2442/37/3
f 2836/37/5 2837/37/5 2443/37/5 2442/37/5
f 2444/37/3 2838/37/3 2835/37/3 2441/37/3
f 2445/37/6 2839/37/6 2838/37/6 2444/37/6
f 2446/37/3 2840/37/3 2841/37/3 2447/37/3
f 2841/37/5 2842/37/5 2448/37/5 2447/37/5
f 2449/37/3 2843/37/3 2840/37/3 2446/37/3
f 2450/37/6 2844/37/6 2843/37/6 2449/37/6
f 2827/37/5 2845/37/5 2451/37/5 2433/37/5
f 2452/37/6 2846/37/6 2829/37/6 2435/37/6
f 2832/37/5 2847/37/5 2453/37/5 2438/37/5
f 2454/37/6 2848/37/6 2834/37/6 2440/37/6
f 2837/37/5 2849/37/5 2455/37/5 2443/37/5
f 2456/37/6 2850/37/6 2839/37/6 2445/37/6
f 2842/37/5 2851/37/5 2457/37/5 2448/37/5
f 2458/37/6 2852/37/6 2844/37/6 2450/37/6
f 2845/37/5 2853/37/5 2459/37/5 2451/37/5
f 2464/37/6 2854/37/6 2846/37/6 2452/37/6
f 2847/37/5 2855/37/5 2485/37/5 2453/37/5
f 2490/37/6 2856/37/6 2848/37/6 2454/37/6
f 2849/37/5 2857/37/5 2511/37/5 2455/37/5
f 2516/37/6 2858/37/6 2850/37/6 2456/37/6
f 2851/37/5 2859/37/5 2537/37/5 2457/37/5
f 2538/37/6 2860/37/6 2852/37/6 2458/37/6
f 2853/37/5 2861/37/5 2539/37/5 2459/37/5
f 2542/37/6 2862/37/6 2854/37/6 2464/37/6
f 2855/37/5 2863/37/5 2553/37/5 2485/37/5
f 2556/37/6 2864/37/6 2856/37/6 2490/37/6
f 2857/37/5 2865/37/5 2567/37/5 2511/37/5
f 2570/37/6 2866/37/6 2858/37/6 2516/37/6
f 2859/37/5 2867/37/5 2581/37/5 2537/37/5
f 2582/37/6 2868/37/6 2860/37/6 2538/37/6
f 2861/37/5 2869/37/5 2583/37/5 2539/37/5
f 2586/37/6 2870/37/6 2862/37/6 2542/37/6
f 2863/37/5 2871/37/5 2597/37/5 2553/37/5
f 2600/37/6 2872/37/6 2864/37/6 2556/37/6
f 2865/37/5 2873/37/5 2611/37/5 2567/37/5
f 2614/37/6 2874/37/6 2866/37/6 2570/37/6
f 2867/37/5 2875/37/5 2625/37/5 2581/37/5
f 2626/37/6 2876/37/6 2868/37/6 2582/37/6
f 2869/37/5 2877/37/5 2627/37/5 2583/37/5
f 2630/37/6 2878/37/6 2870/37/6 2586/37/6
f 2871/37/5 2879/37/5 2641/37/5 2597/37/5
f 2644/37/6 2880/37/6 2872/37/6 2600/37/6
f 2873/37/5 2881/37/5 2655/37/5 2611/37/5
f 2658/37/6 2882/37/6 2874/37/6 2614/37/6
f 2875/37/5 2883/37/5 2669/37/5 2625/37/5
f 2670/37/6 2884/37/6 2876/37/6 2626/37/6
f 2877/37/5 2885/37/5 2671/37/5 2627/37/5
f 2674/37/6 2886/37/6 2878/37/6 2630/37/6
f 2879/37/5 2887/37/5 2685/37/5 2641/37/5
f 2688/37/6 2888/37/6 2880/37/6 2644/37/6
f 2881/37/5 2889/37/5 2699/37/5 2655/37/5
f 2702/37/6 2890/37/6 2882/37/6 2658/37/6
f 2883/37/5 2891/37/5 2713/37/5 2669/37/5
f 2714/37/6 2892/37/6 2884/37/6 2670/37/6
f 2885/37/5 2893/37/5 2715/37/5 2671/37/5
f 2718/37/6 2894/37/6 2886/37/6 2674/37/6
f 2887/37/5 2895/37/5 2729/37/5 2685/37/5
f 2732/37/6 2896/37/6 2888/37/6 2688/37/6
f 2889/37/5 2897/37/5 2743/37/5 2699/37/5
f 2746/37/6 2898/37/6 2890/37/6 2702/37/6
f 2891/37/5 2899/37/5 2757/37/5 2713/37/5
f 2758/37/6 2900/37/6 2892/37/6 2714/37/6
f 2893/37/5 2901/37/5 2759/37/5 2715/37/5
f 2761/37/6 2902/37/6 2894/37/6 2718/37/6
f 2895/37/5 2903/37/5 2767/37/5 2729/37/5
f 2769/37/6 2904/37/6 2896/37/6 2732/37/6
f 2897/37/5 2905/37/5 2775/37/5 2743/37/5
f 2777/37/6 2906/37/6 2898/37/6 2746/37/6
f 2899/37/5 2907/37/5 2783/37/5 2757/37/5
f 2784/37/6 2908/37/6 2900/37/6 2758/37/6
f 2901/37/5 2909/37/5 2785/37/5 2759/37/5
f 2760/36/3 2910/36/3 2902/36/3 2761/36/3
f 2762/36/3 2911/36/3 2910/36/3 2760/36/3
f 2763/36/3 2912/36/3 2911/36/3 2762/36/3
f 2764/36/3 2913/36/3 2912/36/3 2763/36/3
f 2765/36/3 2914/36/3 2913/36/3 2764/36/3
f 2766/36/3 2915/36/3 2914/36/3 2765/36/3
f 2786/36/3 2916/36/3 2915/36/3 2766/36/3
f 2767/36/3 2903/36/3 2916/36/3 2786/36/3
f 2768/36/3 2917/36/3 2904/36/3 2769/36/3
f 2770/36/3 2918/36/3 2917/36/3 2768/36/3
f 2771/36/3 2919/36/3 2918/36/3 2770/36/3
f 2772/36/3 2920/36/3 2919/36/3 2771/36/3
f 2773/36/3 2921/36/3 2920/36/3 2772/36/3
f 2774/36/3 2922/36/3 2921/36/3 2773/36/3
f 2787/36/3 2923/36/3 2922/36/3 2774/36/3
f 2775/36/3 2905/36/3 2923/36/3 2787/36/3
f 2776/36/3 2924/36/3 2906/36/3 2777/36/3
f 2778/36/3 2925/36/3 2924/36/3 2776/36/3
f 2779/36/3 2926/36/3 2925/36/3 2778/36/3
f 2780/36/3 2927/36/3 2926/36/3 2779/36/3
f 2781/36/3 2928/36/3 2927/36/3 2780/36/3
f 2782/36/3 2929/36/3 2928/36/3 2781/36/3
f 2788/36/3 2930/36/3 2929/36/3 2782/36/3
f 2783/36/3 2907/36/3 2930/36/3 2788/36/3
f 2789/37/6 2931/37/6 2908/37/6 2784/37/6
f 2909/37/5 2932/37/5 2790/37/5 2785/37/5
f 2791/37/6 2933/37/6 2931/37/6 2789/37/6
f 2934/37/4 2935/37/4 2793/37/4 2792/37/4
f 2932/37/5 2934/37/5 2792/37/5 2790/37/5
f 2935/37/4 2936/37/4 2794/37/4 2793/37/4
f 2936/36/4 2937/36/4 2795/36/4 2794/36/4
f 2937/36/4 2938/36/4 2796/36/4 2795/36/4
f 2938/36/4 2939/36/4 2797/36/4 2796/36/4
f 2939/36/4 2940/36/4 2798/36/4 2797/36/4
f 2940/36/4 2941/36/4 2799/36/4 2798/36/4
f 2941/36/4 2942/36/4 2800/36/4 2799/36/4
f 2942/36/4 2943/36/4 2801/36/4 2800/36/4
f 2943/36/4 2944/36/4 2802/36/4 2801/36/4
f 2944/37/4 2945/37/4 2803/37/4 2802/37/4
f 2945/37/4 2946/37/4 2804/37/4 2803/37/4
f 2946/36/4 2947/36/4 2805/36/4 2804/36/4
f 2947/36/4 2948/36/4 2806/36/4 2805/36/4
f 2948/36/4 2949/36/4 2807/36/4 2806/36/4
f 2949/36/4 2950/36/4 2808/36/4 2807/36/4
f 2950/36/4 2951/36/4 2809/36/4 2808/36/4
f 2951/36/4 2952/36/4 2810/36/4 2809/36/4
f 2952/36/4 2953/36/4 2811/36/4 2810/36/4
f 2953/36/4 2954/36/4 2812/36/4 2811/36/4
f 2954/37/4 2955/37/4 2813/37/4 2812/37/4
f 2955/37/4 2956/37/4 2814/37/4 2813/37/4
f 2956/36/4 2957/36/4 2815/36/4 2814/36/4
f 2957/36/4 2958/36/4 2816/36/4 2815/36/4
f 2958/36/4 2959/36/4 2817/36/4 2816/36/4
f 2959/36/4 2960/36/4 2818/36/4 2817/36/4
f 2960/36/4 2961/36/4 2819/36/4 2818/36/4
f 2961/36/4 2962/36/4 2820/36/4 2819/36/4
f 2962/36/4 2963/36/4 2821/36/4 2820/36/4
f 2963/36/4 2964/36/4 2822/36/4 2821/36/4
f 2964/37/4 2965/37/4 2823/37/4 2822/37/4
f 2965/37/4 2966/37/4 2824/37/4 2823/37/4
f 2824/37/6 2966/37/6 2933/37/6 2791/37/6
f 2825/37/3 2967/37/3 2968/37/3 2826/37/3
f 2968/37/5 2969/37/5 2827/37/5 2826/37/5
f 2828/37/3 2970/37/3 2967/37/3 2825/37/3
f 2829/37/6 2971/37/6 2970/37/6 2828/37/6
f 2830/37/3 2972/37/3 2973/37/3 2831/37/3
f 2973/37/5 2974/37/5 2832/37/5 2831/37/5
f 2833/37/3 2975/37/3 2972/37/3 2830/37/3
f 2834/37/6 2976/37/6 2975/37/6 2833/37/6
f 2835/37/3 2977/37/3 2978/37/3 2836/37/3
f 2978/37/5 2979/37/5 2837/37/5 2836/37/5
f 2838/37/3 2980/37/3 2977/37/3 2835/37/3
f 2839/37/6 2981/37/6 2980/37/6 2838/37/6
f 2840/37/3 2982/37/3 2983/37/3 2841/37/3
f 2983/37/5 2984/37/5 2842/37/5 2841/37/5
f 2843/37/3 2985/37/3 2982/37/3 2840/37/3
f 2844/37/6 2986/37/6 2985/37/6 2843/37/6
f 2969/37/5 2987/37/5 2845/37/5 2827/37/5
f 2846/37/6 2988/37/6 2971/37/6 2829/37/6
f 2974/37/5 2989/37/5 2847/37/5 2832/37/5
f 2848/37/6 2990/37/6 2976/37/6 2834/37/6
f 2979/37/5 2991/37/5 2849/37/5 2837/37/5
f 2850/37/6 2992/37/6 2981/37/6 2839/37/6
f 2984/37/5 2993/37/5 2851/37/5 2842/37/5
f 2852/37/6 2994/37/6 2986/37/6 2844/37/6
f 2987/37/5 2995/37/5 2853/37/5 2845/37/5
f 2854/41/1 2996/41/1 2997/41/1 2846/41/1
f 2997/41/3 2998/41/3 2988/41/3 2846/41/3
f 2996/41/1 2999/41/1 3000/41/1 2997/41/1
f 3000/41/3 3001/41/3 2998/41/3 2997/41/3
f 2999/41/1 3002/41/1 3003/41/1 3000/41/1
f 3003/41/3 3004/41/3 3001/41/3 3000/41/3
f 3002/41/1 3005/41/1 3006/41/1 3003/41/1
f 3006/41/3 3007/41/3 3004/41/3 3003/41/3
f 3005/41/1 3008/41/1 3009/41/1 3006/41/1
f 3009/41/3 3010/41/3 3007/41/3 3006/41/3
f 3008/41/6 3011/41/6 3010/41/6 3009/41/6
f 2989/37/5 3012/37/5 2855/37/5 2847/37/5
f 2856/41/1 3013/41/1 3014/41/1 2848/41/1
f 3014/41/3 3015/41/3 2990/41/3 2848/41/3
f 3013/41/1 3016/41/1 3017/41/1 3014/41/1
f 3017/41/3 3018/41/3 3015/41/3 3014/41/3
f 3016/41/1 3019/41/1 3020/41/1 3017/41/1
f 3020/41/3 3021/41/3 3018/41/3 3017/41/3
f 3019/41/1 3022/41/1 3023/41/1 3020/41/1
f 3023/41/3 3024/41/3 3021/41/3 3020/41/3
f 3022/41/1 3025/41/1 3026/41/1 3023/41/1
f 3026/41/3 3027/41/3 3024/41/3 3023/41/3
f 3025/41/6 3028/41/6 3027/41/6 3026/41/6
f 2991/37/5 3029/37/5 2857/37/5 2849/37/5
f 2858/41/1 3030/41/1 3031/41/1 2850/41/1
f 3031/41/3 3032/41/3 2992/41/3 2850/41/3
f 3030/41/1 3033/41/1 3034/41/1 3031/41/1
f 3034/41/3 3035/41/3 3032/41/3 3031/41/3
f 3033/41/1 3036/41/1 3037/41/1 3034/41/1
f 3037/41/3 3038/41/3 3035/41/3 3034/41/3
f 3036/41/1 3039/41/1 3040/41/1 3037/41/1
f 3040/41/3 3041/41/3 3038/41/3 3037/41/3
f 3039/41/1 3042/41/1 3043/41/1 3040/41/1
f 3043/41/3 3044/41/3 3041/41/3 3040/41/3
f 3042/41/6 3045/41/6 3044/41/6 3043/41/6
f 2993/37/5 3046/37/5 2859/37/5 2851/37/5
f 2860/37/6 3047/37/6 2994/37/6 2852/37/6
f 2995/37/5 3048/37/5 2861/37/5 2853/37/5
f 2862/41/1 3049/41/1 2996/41/1 2854/41/1
f 3049/41/1 3050/41/1 2999/41/1 2996/41/1
f 3050/41/1 3051/41/1 3002/41/1 2999/41/1
f 3051/41/1 3052/41/1 3005/41/1 3002/41/1
f 3052/41/1 3053/41/1 3008/41/1 3005/41/1
f 3053/41/6 3054/41/6 3011/41/6 3008/41/6
f 3012/37/5 3055/37/5 2863/37/5 2855/37/5
f 2864/41/1 3056/41/1 3013/41/1 2856/41/1
f 3056/41/1 3057/41/1 3016/41/1 3013/41/1
f 3057/41/1 3058/41/1 3019/41/1 3016/41/1
f 3058/41/1 3059/41/1 3022/41/1 3019/41/1
f 3059/41/1 3060/41/1 3025/41/1 3022/41/1
f 3060/41/6 3061/41/6 3028/41/6 3025/41/6
f 3029/37/5 3062/37/5 2865/37/5 2857/37/5
f 2866/41/1 3063/41/1 3030/41/1 2858/41/1
f 3063/41/1 3064/41/1 3033/41/1 3030/41/1
f 3064/41/1 3065/41/1 3036/41/1 3033/41/1
f 3065/41/1 3066/41/1 3039/41/1 3036/41/1
f 3066/41/1 3067/41/1 3042/41/1 3039/41/1
f 3067/41/6 3068/41/6 3045/41/6 3042/41/6
f 3046/37/5 3069/37/5 2867/37/5 2859/37/5
f 2868/37/6 3070/37/6 3047/37/6 2860/37/6
f 3048/37/5 3071/37/5 2869/37/5 2861/37/5
f 2870/41/1 3072/41/1 3049/41/1 2862/41/1
f 3072/41/1 3073/41/1 3050/41/1 3049/41/1
f 3073/41/1 3074/41/1 3051/41/1 3050/41/1
f 3074/41/1 3075/41/1 3052/41/1 3051/41/1
f 3075/41/1 3076/41/1 3053/41/1 3052/41/1
f 3076/41/6 3077/41/6 3054/41/6 3053/41/6
f 3055/37/5 3078/37/5 2871/37/5 2863/37/5
f 2872/41/1 3079/41/1 3056/41/1 2864/41/1
f 3079/41/1 3080/41/1 3057/41/1 3056/41/1
f 3080/41/1 3081/41/1 3058/41/1 3057/41/1
f 3081/41/1 3082/41/1 3059/41/1 3058/41/1
f 3082/41/1 3083/41/1 3060/41/1 3059/41/1
f 3083/41/6 3084/41/6 3061/41/6 3060/41/6
f 3062/37/5 3085/37/5 2873/37/5 2865/37/5
f 2874/41/1 3086/41/1 3063/41/1 2866/41/1
f 3086/41/1 3087/41/1 3064/41/1 3063/41/1
f 3087/41/1 3088/41/1 3065/41/1 3064/41/1
f 3088/41/1 3089/41/1 3066/41/1 3065/41/1
f 3089/41/1 3090/41/1 3067/41/1 3066/41/1
f 3090/41/6 3091/41/6 3068/41/6 3067/41/6
f 3069/37/5 3092/37/5 2875/37/5 2867/37/5
f 2876/37/6 3093/37/6 3070/37/6 2868/37/6
f 3071/37/5 3094/37/5 2877/37/5 2869/37/5
f 2878/41/1 3095/41/1 3072/41/1 2870/41/1
f 3095/41/1 3096/41/1 3073/41/1 3072/41/1
f 3096/41/1 3097/41/1 3074/41/1 3073/41/1
f 3097/41/1 3098/41/1 3075/41/1 3074/41/1
f 3098/41/1 3099/41/1 3076/41/1 3075/41/1
f 3099/41/6 3100/41/6 3077/41/6 3076/41/6
f 3078/37/5 3101/37/5 2879/37/5 2871/37/5
f 2880/41/1 3102/41/1 3079/41/1 2872/41/1
f 3102/41/1 3103/41/1 3080/41/1 3079/41/1
f 3103/41/1 3104/41/1 3081/41/1 3080/41/1
f 3104/41/1 3105/41/1 3082/41/1 3081/41/1
f 3105/41/1 3106/41/1 3083/41/1 3082/41/1
f 3106/41/6 3107/41/6 3084/41/6 3083/41/6
f 3085/37/5 3108/37/5 2881/37/5 2873/37/5
f 2882/41/1 3109/41/1 3086/41/1 2874/41/1
f 3109/41/1 3110/41/1 3087/41/1 3086/41/1
f 3110/41/1 3111/41/1 3088/41/1 3087/41/1
f 3111/41/1 3112/41/1 3089/41/1 3088/41/1
f 3112/41/1 3113/41/1 3090/41/1 3089/41/1
f 3113/41/6 3114/41/6 3091/41/6 3090/41/6
f 3092/37/5 3115/37/5 2883/37/5 2875/37/5
f 2884/37/6 3116/37/6 3093/37/6 2876/37/6
f 3094/37/5 3117/37/5 2885/37/5 2877/37/5
f 2886/41/1 3118/41/1 3095/41/1 2878/41/1
f 3118/41/1 3119/41/1 3096/41/1 3095/41/1
f 3119/41/1 3120/41/1 3097/41/1 3096/41/1
f 3120/41/1 3121/41/1 3098/41/1 3097/41/1
f 3121/41/1 3122/41/1 3099/41/1 3098/41/1
f 3122/41/6 3123/41/6 3100/41/6 3099/41/6
f 3101/37/5 3124/37/5 2887/37/5 2879/37/5
f 2888/41/1 3125/41/1 3102/41/1 2880/41/1
f 3125/41/1 3126/41/1 3103/41/1 3102/41/1
f 3126/41/1 3127/41/1 3104/41/1 3103/41/1
f 3127/41/1 3128/41/1 3105/41/1 3104/41/1
f 3128/41/1 3129/41/1 3106/41/1 3105/41/1
f 3129/41/6 3130/41/6 3107/41/6 3106/41/6
f 3108/37/5 3131/37/5 2889/37/5 2881/37/5
f 2890/41/1 3132/41/1 3109/41/1 2882/41/1
f 3132/41/1 3133/41/1 3110/41/1 3109/41/1
f 3133/41/1 3134/41/1 3111/41/1 3110/41/1
f 3134/41/1 3135/41/1 3112/41/1 3111/41/1
f 3135/41/1 3136/41/1 3113/41/1 3112/41/1
f 3136/41/6 3137/41/6 3114/41/6 3113/41/6
f 3115/37/5 3138/37/5 2891/37/5 2883/37/5
f 2892/37/6 3139/37/6 3116/37/6 2884/37/6
f 3117/37/5 3140/37/5 2893/37/5 2885/37/5
f 2894/41/1 3141/41/1 3118/41/1 2886/41/1
f 3141/41/1 3142/41/1 3119/41/1 3118/41/1
f 3142/41/1 3143/41/1 3120/41/1 3119/41/1
f 3143/41/1 3144/41/1 3121/41/1 3120/41/1
f 3144/41/1 3145/41/1 3122/41/1 3121/41/1
f 3145/41/6 3146/41/6 3123/41/6 3122/41/6
f 3124/37/5 3147/37/5 2895/37/5 2887/37/5
f 2896/41/1 3148/41/1 3125/41/1 2888/41/1
f 3148/41/1 3149/41/1 3126/41/1 3125/41/1
f 3149/41/1 3150/41/1 3127/41/1 3126/41/1
f 3150/41/1 3151/41/1 3128/41/1 3127/41/1
f 3151/41/1 3152/41/1 3129/41/1 3128/41/1
f 3152/41/6 3153/41/6 3130/41/6 3129/41/6
f 3131/37/5 3154/37/5 2897/37/5 2889/37/5
f 2898/41/1 3155/41/1 3132/41/1 2890/41/1
f 3155/41/1 3156/41/1 3133/41/1 3132/41/1
f 3156/41/1 3157/41/1 3134/41/1 3133/41/1
f 3157/41/1 3158/41/1 3135/41/1 3134/41/1
f 3158/41/1 3159/41/1 3136/41/1 3135/41/1
f 3159/41/6 3160/41/6 3137/41/6 3136/41/6
f 3138/37/5 3161/37/5 2899/37/5 2891/37/5
f 2900/37/6 3162/37/6 3139/37/6 2892/37/6
f 3140/37/5 3163/37/5 2901/37/5 2893/37/5
f 2902/41/1 2910/41/1 3141/41/1 2894/41/1
f 2910/41/1 2911/41/1 3142/41/1 3141/41/1
f 2911/41/1 2912/41/1 3143/41/1 3142/41/1
f 2912/41/1 2913/41/1 3144/41/1 3143/41/1
f 2913/41/1 2914/41/1 3145/41/1 3144/41/1
f 2914/41/6 3164/41/6 3146/41/6 3145/41/6
f 3147/37/5 3165/37/5 2903/37/5 2895/37/5
f 2904/41/1 2917/41/1 3148/41/1 2896/41/1
f 2917/41/1 2918/41/1 3149/41/1 3148/41/1
f 2918/41/1 2919/41/1 3150/41/1 3149/41/1
f 2919/41/1 2920/41/1 3151/41/1 3150/41/1
f 2920/41/1 2921/41/1 3152/41/1 3151/41/1
f 2921/41/6 3166/41/6 3153/41/6 3152/41/6
f 3154/37/5 3167/37/5 2905/37/5 2897/37/5
f 2906/41/1 2924/41/1 3155/41/1 2898/41/1
f 2924/41/1 2925/41/1 3156/41/1 3155/41/1
f 2925/41/1 2926/41/1 3157/41/1 3156/41/1
f 2926/41/1 2927/41/1 3158/41/1 3157/41/1
f 2927/41/1 2928/41/1 3159/41/1 3158/41/1
f 2928/41/6 3168/41/6 3160/41/6 3159/41/6
f 3161/37/5 3169/37/5 2907/37/5 2899/37/5
f 2908/37/6 3170/37/6 3162/37/6 2900/37/6
f 3163/37/5 3171/37/5 2909/37/5 2901/37/5
f 2915/36/3 3172/36/3 3164/36/3 2914/36/3
f 2916/36/3 3173/36/3 3172/36/3 2915/36/3
f 2903/36/3 3165/36/3 3173/36/3 2916/36/3
f 2922/36/3 3174/36/3 3166/36/3 2921/36/3
f 2923/36/3 3175/36/3 3174/36/3 2922/36/3
f 2905/36/3 3167/36/3 3175/36/3 2923/36/3
f 2929/36/3 3176/36/3 3168/36/3 2928/36/3
f 2930/36/3 3177/36/3 3176/36/3 2929/36/3
f 2907/36/3 3169/36/3 3177/36/3 2930/36/3
f 2931/37/6 3178/37/6 3170/37/6 2908/37/6
f 3171/37/5 3179/37/5 2932/37/5 2909/37/5
f 2933/37/6 3180/37/6 3178/37/6 2931/37/6
f 3181/37/4 3182/37/4 2935/37/4 2934/37/4
f 3179/37/5 3181/37/5 2934/37/5 2932/37/5
f 3182/37/4 3183/37/4 2936/37/4 2935/37/4
f 3183/36/4 3184/36/4 2937/36/4 2936/36/4
f 3184/36/4 3185/36/4 2938/36/4 2937/36/4
f 3185/36/4 3186/36/4 2939/36/4 2938/36/4
f 3186/36/4 3187/36/4 2940/36/4 2939/36/4
f 3187/36/4 3188/36/4 2941/36/4 2940/36/4
f 3188/36/4 3189/36/4 2942/36/4 2941/36/4
f 3189/36/4 3190/36/4 2943/36/4 2942/36/4
f 3190/36/4 3191/36/4 2944/36/4 2943/36/4
f 3191/37/4 3192/37/4 2945/37/4 2944/37/4
f 3192/37/4 3193/37/4 2946/37/4 2945/37/4
f 3193/36/4 3194/36/4 2947/36/4 2946/36/4
f 3194/36/4 3195/36/4 2948/36/4 2947/36/4
f 3195/36/4 3196/36/4 2949/36/4 2948/36/4
f 3196/36/4 3197/36/4 2950/36/4 2949/36/4
f 3197/36/4 3198/36/4 2951/36/4 2950/36/4
f 3198/36/4 3199/36/4 2952/36/4 2951/36/4
f 3199/36/4 3200/36/4 2953/36/4 2952/36/4
f 3200/36/4 3201/36/4 2954/36/4 2953/36/4
f 3201/38/4 3202/38/4 2955/38/4 2954/38/4
f 3202/37/4 3203/37/4 2956/37/4 2955/37/4
f 3203/36/4 3204/36/4 2957/36/4 2956/36/4
f 3204/36/4 3205/36/4 2958/36/4 2957/36/4
f 3205/36/4 3206/36/4 2959/36/4 2958/36/4
f 3206/36/4 3207/36/4 2960/36/4 2959/36/4
f 3207/36/4 3208/36/4 2961/36/4 2960/36/4
f 3208/36/4 3209/36/4 2962/36/4 2961/36/4
f 3209/36/4 3210/36/4 2963/36/4 2962/36/4
f 3210/36/4 3211/36/4 2964/36/4 2963/36/4
f 3211/37/4 3212/37/4 2965/37/4 2964/37/4
f 3212/37/4 3213/37/4 2966/37/4 2965/37/4
f 2966/37/6 3213/37/6 3180/37/6 2933/37/6
f 2967/37/3 3214/37/3 3215/37/3 2968/37/3
f 3215/37/5 3216/37/5 2969/37/5 2968/37/5
f 2970/37/3 3217/37/3 3214/37/3 2967/37/3
f 2971/37/1 3218/37/1 3219/37/1 2970/37/1
f 3219/37/3 3220/37/3 3217/37/3 2970/37/3
f 3218/37/1 3221/37/1 3222/37/1 3219/37/1
f 3222/37/3 3223/37/3 3220/37/3 3219/37/3
f 3221/37/1 3224/37/1 3225/37/1 3222/37/1
f 3225/37/3 3226/37/3 3223/37/3 3222/37/3
f 3224/37/1 3227/37/1 3228/37/1 3225/37/1
f 3228/37/3 3229/37/3 3226/37/3 3225/37/3
f 3227/37/1 3230/37/1 3231/37/1 3228/37/1
f 3231/37/3 3232/37/3 3229/37/3 3228/37/3
f 3230/37/1 3233/37/1 3234/37/1 3231/37/1
f 3234/37/3 3235/37/3 3232/37/3 3231/37/3
f 3233/37/1 3236/37/1 3237/37/1 3234/37/1
f 3237/37/3 3238/37/3 3235/37/3 3234/37/3
f 3236/37/1 2974/37/1 2973/37/1 3237/37/1
f 2973/37/3 3239/37/3 3238/37/3 3237/37/3
f 2972/37/3 3240/37/3 3239/37/3 2973/37/3
f 2975/37/3 3241/37/3 3240/37/3 2972/37/3
f 2976/37/1 3242/37/1 3243/37/1 2975/37/1
f 3243/37/3 3244/37/3 3241/37/3 2975/37/3
f 3242/37/1 3245/37/1 3246/37/1 3243/37/1
f 3246/37/3 3247/37/3 3244/37/3 3243/37/3
f 3245/37/1 3248/37/1 3249/37/1 3246/37/1
f 3249/37/3 3250/37/3 3247/37/3 3246/37/3
f 3248/37/1 3251/37/1 3252/37/1 3249/37/1
f 3252/37/3 3253/37/3 3250/37/3 3249/37/3
f 3251/37/1 3254/37/1 3255/37/1 3252/37/1
f 3255/37/3 3256/37/3 3253/37/3 3252/37/3
f 3254/37/1 3257/37/1 3258/37/1 3255/37/1
f 3258/37/3 3259/37/3 3256/37/3 3255/37/3
f 3257/37/1 3260/37/1 3261/37/1 3258/37/1
f 3261/37/3 3262/37/3 3259/37/3 3258/37/3
f 3260/37/1 2979/37/1 2978/37/1 3261/37/1
f 2978/37/3 3263/37/3 3262/37/3 3261/37/3
f 2977/37/3 3264/37/3 3263/37/3 2978/37/3
f 2980/37/3 3265/37/3 3264/37/3 2977/37/3
f 2981/37/1 3266/37/1 3267/37/1 2980/37/1
f 3267/37/3 3268/37/3 3265/37/3 2980/37/3
f 3266/37/1 3269/37/1 3270/37/1 3267/37/1
f 3270/37/3 3271/37/3 3268/37/3 3267/37/3
f 3269/37/1 3272/37/1 3273/37/1 3270/37/1
f 3273/37/3 3274/37/3 3271/37/3 3270/37/3
f 3272/37/1 3275/37/1 3276/37/1 3273/37/1
f 3276/37/3 3277/37/3 3274/37/3 3273/37/3
f 3275/37/1 3278/37/1 3279/37/1 3276/37/1
f 3279/37/3 3280/37/3 3277/37/3 3276/37/3
f 3278/37/1 3281/37/1 3282/37/1 3279/37/1
f 3282/37/3 3283/37/3 3280/37/3 3279/37/3
f 3281/37/1 3284/37/1 3285/37/1 3282/37/1
f 3285/37/3 3286/37/3 3283/37/3 3282/37/3
f 3284/37/1 2984/37/1 2983/37/1 3285/37/1
f 2983/37/3 3287/37/3 3286/37/3 3285/37/3
f 2982/37/3 3288/37/3 3287/37/3 2983/37/3
f 2985/37/3 3289/37/3 3288/37/3 2982/37/3
f 2986/37/6 3290/37/6 3289/37/6 2985/37/6
f 3216/37/5 3291/37/5 2987/37/5 2969/37/5
f 2988/37/1 2998/37/1 3218/37/1 2971/37/1
f 2998/37/1 3001/37/1 3221/37/1 3218/37/1
f 3001/37/1 3004/37/1 3224/37/1 3221/37/1
f 3004/37/1 3007/37/1 3227/37/1 3224/37/1
f 3007/37/1 3010/37/1 3230/37/1 3227/37/1
f 3010/37/1 3292/37/1 3233/37/1 3230/37/1
f 3292/37/1 3293/37/1 3236/37/1 3233/37/1
f 3293/37/1 2989/37/1 2974/37/1 3236/37/1
f 2990/37/1 3015/37/1 3242/37/1 2976/37/1
f 3015/37/1 3018/37/1 3245/37/1 3242/37/1
f 3018/37/1 3021/37/1 3248/37/1 3245/37/1
f 3021/37/1 3024/37/1 3251/37/1 3248/37/1
f 3024/37/1 3027/37/1 3254/37/1 3251/37/1
f 3027/37/1 3294/37/1 3257/37/1 3254/37/1
f 3294/37/1 3295/37/1 3260/37/1 3257/37/1
f 3295/37/1 2991/37/1 2979/37/1 3260/37/1
f 2992/37/1 3032/37/1 3266/37/1 2981/37/1
f 3032/37/1 3035/37/1 3269/37/1 3266/37/1
f 3035/37/1 3038/37/1 3272/37/1 3269/37/1
f 3038/37/1 3041/37/1 3275/37/1 3272/37/1
f 3041/37/1 3044/37/1 3278/37/1 3275/37/1
f 3044/37/1 3296/37/1 3281/37/1 3278/37/1
f 3296/37/1 3297/37/1 3284/37/1 3281/37/1
f 3297/37/1 2993/37/1 2984/37/1 3284/37/1
f 2994/37/6 3298/37/6 3290/37/6 2986/37/6
f 3291/37/5 3299/37/5 2995/37/5 2987/37/5
f 3011/37/1 3300/37/1 3292/37/1 3010/37/1
f 3300/37/1 3301/37/1 3293/37/1 3292/37/1
f 3301/37/1 3012/37/1 2989/37/1 3293/37/1
f 3028/37/1 3302/37/1 3294/37/1 3027/37/1
f 3302/37/1 3303/37/1 3295/37/1 3294/37/1
f 3303/37/1 3029/37/1 2991/37/1 3295/37/1
f 3045/37/1 3304/37/1 3296/37/1 3044/37/1
f 3304/37/1 3305/37/1 3297/37/1 3296/37/1
f 3305/37/1 3046/37/1 2993/37/1 3297/37/1
f 3047/37/6 3306/37/6 3298/37/6 2994/37/6
f 3299/37/5 3307/37/5 3048/37/5 2995/37/5
f 3054/37/1 3308/37/1 3300/37/1 3011/37/1
f 3308/37/1 3309/37/1 3301/37/1 3300/37/1
f 3309/37/1 3055/37/1 3012/37/1 3301/37/1
f 3061/37/1 3310/37/1 3302/37/1 3028/37/1
f 3310/37/1 3311/37/1 3303/37/1 3302/37/1
f 3311/37/1 3062/37/1 3029/37/1 3303/37/1
f 3068/37/1 3312/37/1 3304/37/1 3045/37/1
f 3312/37/1 3313/37/1 3305/37/1 3304/37/1
f 3313/37/1 3069/37/1 3046/37/1 3305/37/1
f 3070/37/6 3314/37/6 3306/37/6 3047/37/6
f 3307/37/5 3315/37/5 3071/37/5 3048/37/5
f 3077/37/1 3316/37/1 3308/37/1 3054/37/1
f 3316/37/1 3317/37/1 3309/37/1 3308/37/1
f 3317/37/1 3078/37/1 3055/37/1 3309/37/1
f 3084/37/1 3318/37/1 3310/37/1 3061/37/1
f 3318/37/1 3319/37/1 3311/37/1 3310/37/1
f 3319/37/1 3085/37/1 3062/37/1 3311/37/1
f 3091/37/1 3320/37/1 3312/37/1 3068/37/1
f 3320/37/1 3321/37/1 3313/37/1 3312/37/1
f 3321/37/1 3092/37/1 3069/37/1 3313/37/1
f 3093/37/6 3322/37/6 3314/37/6 3070/37/6
f 3315/37/5 3323/37/5 3094/37/5 3071/37/5
f 3100/37/1 3324/37/1 3316/37/1 3077/37/1
f 3324/37/1 3325/37/1 3317/37/1 3316/37/1
f 3325/37/1 3101/37/1 3078/37/1 3317/37/1
f 3107/37/1 3326/37/1 3318/37/1 3084/37/1
f 3326/37/1 3327/37/1 3319/37/1 3318/37/1
f 3327/37/1 3108/37/1 3085/37/1 3319/37/1
f 3114/37/1 3328/37/1 3320/37/1 3091/37/1
f 3328/37/1 3329/37/1 3321/37/1 3320/37/1
f 3329/37/1 3115/37/1 3092/37/1 3321/37/1
f 3116/37/6 3330/37/6 3322/37/6 3093/37/6
f 3323/37/5 3331/37/5 3117/37/5 3094/37/5
f 3123/37/1 3332/37/1 3324/37/1 3100/37/1
f 3332/37/1 3333/37/1 3325/37/1 3324/37/1
f 3333/37/1 3124/37/1 3101/37/1 3325/37/1
f 3130/37/1 3334/37/1 3326/37/1 3107/37/1
f 3334/37/1 3335/37/1 3327/37/1 3326/37/1
f 3335/37/1 3131/37/1 3108/37/1 3327/37/1
f 3137/37/1 3336/37/1 3328/37/1 3114/37/1
f 3336/37/1 3337/37/1 3329/37/1 3328/37/1
f 3337/37/1 3138/37/1 3115/37/1 3329/37/1
f 3139/37/6 3338/37/6 3330/37/6 3116/37/6
f 3331/37/5 3339/37/5 3140/37/5 3117/37/5
f 3146/37/1 3340/37/1 3332/37/1 3123/37/1
f 3340/37/1 3341/37/1 3333/37/1 3332/37/1
f 3341/37/1 3147/37/1 3124/37/1 3333/37/1
f 3153/37/1 3342/37/1 3334/37/1 3130/37/1
f 3342/37/1 3343/37/1 3335/37/1 3334/37/1
f 3343/37/1 3154/37/1 3131/37/1 3335/37/1
f 3160/37/1 3344/37/1 3336/37/1 3137/37/1
f 3344/37/1 3345/37/1 3337/37/1 3336/37/1
f 3345/37/1 3161/37/1 3138/37/1 3337/37/1
f 3162/37/6 3346/37/6 3338/37/6 3139/37/6
f 3339/37/5 3347/37/5 3163/37/5 3140/37/5
f 3164/37/1 3172/37/1 3340/37/1 3146/37/1
f 3172/37/1 3173/37/1 3341/37/1 3340/37/1
f 3173/37/1 3165/37/1 3147/37/1 3341/37/1
f 3166/37/1 3174/37/1 3342/37/1 3153/37/1
f 3174/37/1 3175/37/1 3343/37/1 3342/37/1
f 3175/37/1 3167/37/1 3154/37/1 3343/37/1
f 3168/37/1 3176/37/1 3344/37/1 3160/37/1
f 3176/37/1 3177/37/1 3345/37/1 3344/37/1
f 3177/37/1 3169/37/1 3161/37/1 3345/37/1
f 3170/37/6 3348/37/6 3346/37/6 3162/37/6
f 3347/37/5 3349/37/5 3171/37/5 3163/37/5
f 3178/37/6 3350/37/6 3348/37/6 3170/37/6
f 3349/37/5 3351/37/5 3179/37/5 3171/37/5
f 3180/37/6 3352/37/6 3350/37/6 3178/37/6
f 3353/37/4 3354/37/4 3182/37/4 3181/37/4
f 3351/37/5 3353/37/5 3181/37/5 3179/37/5
f 3354/37/4 3355/37/4 3183/37/4 3182/37/4
f 3355/37/4 3356/37/4 3184/37/4 3183/37/4
f 3356/37/4 3357/37/4 3185/37/4 3184/37/4
f 3357/37/4 3358/37/4 3186/37/4 3185/37/4
f 3358/37/4 3359/37/4 3187/37/4 3186/37/4
f 3359/37/4 3360/37/4 3188/37/4 3187/37/4
f 3360/37/4 3361/37/4 3189/37/4 3188/37/4
f 3361/37/4 3362/37/4 3190/37/4 3189/37/4
f 3362/37/4 3363/37/4 3191/37/4 3190/37/4
f 3363/37/4 3364/37/4 3192/37/4 3191/37/4
f 3364/37/4 3365/37/4 3193/37/4 3192/37/4
f 3365/37/4 3366/37/4 3194/37/4 3193/37/4
f 3366/37/4 3367/37/4 3195/37/4 3194/37/4
f 3367/37/4 3368/37/4 3196/37/4 3195/37/4
f 3368/37/4 3369/37/4 3197/37/4 3196/37/4
f 3369/37/4 3370/37/4 3198/37/4 3197/37/4
f 3370/37/4 3371/37/4 3199/37/4 3198/37/4
f 3371/37/4 3372/37/4 3200/37/4 3199/37/4
f 3372/37/4 3373/37/4 3201/37/4 3200/37/4
f 3373/37/4 3374/37/4 3202/37/4 3201/37/4
f 3374/37/4 3375/37/4 3203/37/4 3202/37/4
f 3375/37/4 3376/37/4 3204/37/4 3203/37/4
f 3376/36/4 3377/36/4 3205/36/4 3204/36/4
f 3377/37/4 3378/37/4 3206/37/4 3205/37/4
f 3378/37/4 3379/37/4 3207/37/4 3206/37/4
f 3379/37/4 3380/37/4 3208/37/4 3207/37/4
f 3380/37/4 3381/37/4 3209/37/4 3208/37/4
f 3381/37/4 3382/37/4 3210/37/4 3209/37/4
f 3382/37/4 3383/37/4 3211/37/4 3210/37/4
f 3383/37/4 3384/37/4 3212/37/4 3211/37/4
f 3384/37/4 3385/37/4 3213/37/4 3212/37/4
f 3213/37/6 3385/37/6 3352/37/6 3180/37/6
f 3386/37/2 3387/37/2 3388/37/2 3389/37/2
f 3214/37/3 3386/37/3 3389/37/3 3215/37/3
f 3389/37/5 3388/37/5 3216/37/5 3215/37/5
f 3390/37/2 3391/37/2 3387/37/2 3386/37/2
f 3217/37/3 3390/37/3 3386/37/3 3214/37/3
f 3392/37/2 3393/37/2 3391/37/2 3390/37/2
f 3220/37/3 3392/37/3 3390/37/3 3217/37/3
f 3394/37/2 3395/37/2 3393/37/2 3392/37/2
f 3223/37/3 3394/37/3 3392/37/3 3220/37/3
f 3396/37/2 3397/37/2 3395/37/2 3394/37/2
f 3226/37/3 3396/37/3 3394/37/3 3223/37/3
f 3398/37/2 3399/37/2 3397/37/2 3396/37/2
f 3229/37/3 3398/37/3 3396/37/3 3226/37/3
f 3400/37/2 3401/37/2 3399/37/2 3398/37/2
f 3232/37/3 3400/37/3 3398/37/3 3229/37/3
f 3402/37/2 3403/37/2 3401/37/2 3400/37/2
f 3235/37/3 3402/37/3 3400/37/3 3232/37/3
f 3404/37/2 3405/37/2 3403/37/2 3402/37/2
f 3238/37/3 3404/37/3 3402/37/3 3235/37/3
f 3406/37/2 3407/37/2 3405/37/2 3404/37/2
f 3239/37/3 3406/37/3 3404/37/3 3238/37/3
f 3408/37/2 3409/37/2 3407/37/2 3406/37/2
f 3240/37/3 3408/37/3 3406/37/3 3239/37/3
f 3410/37/2 3411/37/2 3409/37/2 3408/37/2
f 3241/37/3 3410/37/3 3408/37/3 3240/37/3
f 3412/37/2 3413/37/2 3411/37/2 3410/37/2
f 3244/37/3 3412/37/3 3410/37/3 3241/37/3
f 3414/37/2 3415/37/2 3413/37/2 3412/37/2
f 3247/37/3 3414/37/3 3412/37/3 3244/37/3
f 3416/37/2 3417/37/2 3415/37/2 3414/37/2
f 3250/37/3 3416/37/3 3414/37/3 3247/37/3
f 3418/37/2 3419/37/2 3417/37/2 3416/37/2
f 3253/37/3 3418/37/3 3416/37/3 3250/37/3
f 3420/37/2 3421/37/2 3419/37/2 3418/37/2
f 3256/37/3 3420/37/3 3418/37/3 3253/37/3
f 3422/37/2 3423/37/2 3421/37/2 3420/37/2
f 3259/37/3 3422/37/3 3420/37/3 3256/37/3
f 3424/37/2 3425/37/2 3423/37/2 3422/37/2
f 3262/37/3 3424/37/3 3422/37/3 3259/37/3
f 3426/37/2 3427/37/2 3425/37/2 3424/37/2
f 3263/37/3 3426/37/3 3424/37/3 3262/37/3
f 3428/37/2 3429/37/2 3427/37/2 3426/37/2
f 3264/37/3 3428/37/3 3426/37/3 3263/37/3
f 3430/37/2 3431/37/2 3429/37/2 3428/37/2
f 3265/37/3 3430/37/3 3428/37/3 3264/37/3
f 3432/37/2 3433/37/2 3431/37/2 3430/37/2
f 3268/37/3 3432/37/3 3430/37/3 3265/37/3
f 3434/37/2 3435/37/2 3433/37/2 3432/37/2
f 3271/37/3 3434/37/3 3432/37/3 3268/37/3
f 3436/37/2 3437/37/2 3435/37/2 3434/37/2
f 3274/37/3 3436/37/3 3434/37/3 3271/37/3
f 3438/37/2 3439/37/2 3437/37/2 3436/37/2
f 3277/37/3 3438/37/3 3436/37/3 3274/37/3
f 3440/37/2 3441/37/2 3439/37/2 3438/37/2
f 3280/37/3 3440/37/3 3438/37/3 3277/37/3
f 3442/37/2 3443/37/2 3441/37/2 3440/37/2
f 3283/37/3 3442/37/3 3440/37/3 3280/37/3
f 3444/37/2 3445/37/2 3443/37/2 3442/37/2
f 3286/37/3 3444/37/3 3442/37/3 3283/37/3
f 3446/37/2 3447/37/2 3445/37/2 3444/37/2
f 3287/37/3 3446/37/3 3444/37/3 3286/37/3
f 3448/37/2 3449/37/2 3447/37/2 3446/37/2
f 3288/37/3 3448/37/3 3446/37/3 3287/37/3
f 3450/37/2 3451/37/2 3449/37/2 3448/37/2
f 3289/37/3 3450/37/3 3448/37/3 3288/37/3
f 3290/37/6 3451/37/6 3450/37/6 3289/37/6
f 3387/37/2 3452/37/2 3453/37/2 3388/37/2
f 3388/37/5 3453/37/5 3291/37/5 3216/37/5
f 3391/37/2 3454/37/2 3452/37/2 3387/37/2
f 3393/37/2 3455/37/2 3454/37/2 3391/37/2
f 3395/37/2 3456/37/2 3455/37/2 3393/37/2
f 3397/37/2 3457/37/2 3456/37/2 3395/37/2
f 3399/37/2 3458/37/2 3457/37/2 3397/37/2
f 3401/37/2 3459/37/2 3458/37/2 3399/37/2
f 3403/37/2 3460/37/2 3459/37/2 3401/37/2
f 3405/37/2 3461/37/2 3460/37/2 3403/37/2
f 3407/37/2 3462/37/2 3461/37/2 3405/37/2
f 3409/37/2 3463/37/2 3462/37/2 3407/37/2
f 3411/37/2 3464/37/2 3463/37/2 3409/37/2
f 3413/36/2 3465/36/2 3464/36/2 3411/36/2
f 3415/37/2 3466/37/2 3465/37/2 3413/37/2
f 3417/37/2 3467/37/2 3466/37/2 3415/37/2
f 3419/37/2 3468/37/2 3467/37/2 3417/37/2
f 3421/37/2 3469/37/2 3468/37/2 3419/37/2
f 3423/37/2 3470/37/2 3469/37/2 3421/37/2
f 3425/37/2 3471/37/2 3470/37/2 3423/37/2
f 3427/37/2 3472/37/2 3471/37/2 3425/37/2
f 3429/37/2 3473/37/2 3472/37/2 3427/37/2
f 3431/37/2 3474/37/2 3473/37/2 3429/37/2
f 3433/37/2 3475/37/2 3474/37/2 3431/37/2
f 3435/37/2 3476/37/2 3475/37/2 3433/37/2
f 3437/37/2 3477/37/2 3476/37/2 3435/37/2
f 3439/37/2 3478/37/2 3477/37/2 3437/37/2
f 3441/38/2 3479/38/2 3478/38/2 3439/38/2
f 3443/36/2 3480/36/2 3479/36/2 3441/36/2
f 3445/37/2 3481/37/2 3480/37/2 3443/37/2
f 3447/37/2 3482/37/2 3481/37/2 3445/37/2
f 3449/37/2 3483/37/2 3482/37/2 3447/37/2
f 3451/37/2 3484/37/2 3483/37/2 3449/37/2
f 3298/37/6 3484/37/6 3451/37/6 3290/37/6
f 3452/37/2 3485/37/2 3486/37/2 3453/37/2
f 3453/37/5 3486/37/5 3299/37/5 3291/37/5
f 3454/37/2 3487/37/2 3485/37/2 3452/37/2
f 3455/37/2 3488/37/2 3487/37/2 3454/37/2
f 3456/37/2 3489/37/2 3488/37/2 3455/37/2
f 3457/37/2 3490/37/2 3489/37/2 3456/37/2
f 3458/37/2 3491/37/2 3490/37/2 3457/37/2
f 3459/37/2 3492/37/2 3491/37/2 3458/37/2
f 3460/37/2 3493/37/2 3492/37/2 3459/37/2
f 3461/37/2 3494/37/2 3493/37/2 3460/37/2
f 3462/37/2 3495/37/2 3494/37/2 3461/37/2
f 3463/37/2 3496/37/2 3495/37/2 3462/37/2
f 3464/37/2 3497/37/2 3496/37/2 3463/37/2
f 3465/37/2 3498/37/2 3497/37/2 3464/37/2
f 3466/37/2 3499/37/2 3498/37/2 3465/37/2
f 3467/37/2 3500/37/2 3499/37/2 3466/37/2
f 3468/37/2 3501/37/2 3500/37/2 3467/37/2
f 3469/37/2 3502/37/2 3501/37/2 3468/37/2
f 3470/37/2 3503/37/2 3502/37/2 3469/37/2
f 3471/37/2 3504/37/2 3503/37/2 3470/37/2
f 3472/37/2 3505/37/2 3504/37/2 3471/37/2
f 3473/37/2 3506/37/2 3505/37/2 3472/37/2
f 3474/37/2 3507/37/2 3506/37/2 3473/37/2
f 3475/37/2 3508/37/2 3507/37/2 3474/37/2
f 3476/37/2 3509/37/2 3508/37/2 3475/37/2
f 3477/37/2 3510/37/2 3509/37/2 3476/37/2
f 3478/37/2 3511/37/2 3510/37/2 3477/37/2
f 3479/37/2 3512/37/2 3511/37/2 3478/37/2
f 3480/37/2 3513/37/2 3512/37/2 3479/37/2
f 3481/37/2 3514/37/2 3513/37/2 3480/37/2
f 3482/37/2 3515/37/2 3514/37/2 3481/37/2
f 3483/37/2 3516/37/2 3515/37/2 3482/37/2
f 3484/37/2 3517/37/2 3516/37/2 3483/37/2
f 3306/37/6 3517/37/6 3484/37/6 3298/37/6
f 3485/37/2 3518/37/2 3519/37/2 3486/37/2
f 3486/37/5 3519/37/5 3307/37/5 3299/37/5
f 3487/37/2 3520/37/2 3518/37/2 3485/37/2
f 3488/37/2 3521/37/2 3520/37/2 3487/37/2
f 3489/37/2 3522/37/2 3521/37/2 3488/37/2
f 3490/37/2 3523/37/2 3522/37/2 3489/37/2
f 3491/37/2 3524/37/2 3523/37/2 3490/37/2
f 3492/37/2 3525/37/2 3524/37/2 3491/37/2
f 3493/37/2 3526/37/2 3525/37/2 3492/37/2
f 3494/37/2 3527/37/2 3526/37/2 3493/37/2
f 3495/37/2 3528/37/2 3527/37/2 3494/37/2
f 3496/37/2 3529/37/2 3528/37/2 3495/37/2
f 3497/37/2 3530/37/2 3529/37/2 3496/37/2
f 3498/37/2 3531/37/2 3530/37/2 3497/37/2
f 3499/37/2 3532/37/2 3531/37/2 3498/37/2
f 3500/37/2 3533/37/2 3532/37/2 3499/37/2
f 3501/37/2 3534/37/2 3533/37/2 3500/37/2
f 3502/37/2 3535/37/2 3534/37/2 3501/37/2
f 3503/37/2 3536/37/2 3535/37/2 3502/37/2
f 3504/37/2 3537/37/2 3536/37/2 3503/37/2
f 3505/37/2 3538/37/2 3537/37/2 3504/37/2
f 3506/37/2 3539/37/2 3538/37/2 3505/37/2
f 3507/37/2 3540/37/2 3539/37/2 3506/37/2
f 3508/37/2 3541/37/2 3540/37/2 3507/37/2
f 3509/37/2 3542/37/2 3541/37/2 3508/37/2
f 3510/37/2 3543/37/2 3542/37/2 3509/37/2
f 3511/37/2 3544/37/2 3543/37/2 3510/37/2
f 3512/37/2 3545/37/2 3544/37/2 3511/37/2
f 3513/37/2 3546/37/2 3545/37/2 3512/37/2
f 3514/37/2 3547/37/2 3546/37/2 3513/37/2
f 3515/37/2 3548/37/2 3547/37/2 3514/37/2
f 3516/37/2 3549/37/2 3548/37/2 3515/37/2
f 3517/37/2 3550/37/2 3549/37/2 3516/37/2
f 3314/37/6 3550/37/6 3517/37/6 3306/37/6
f 3518/37/2 3551/37/2 3552/37/2 3519/37/2
f 3519/37/5 3552/37/5 3315/37/5 3307/37/5
f 3520/37/2 3553/37/2 3551/37/2 3518/37/2
f 3521/37/2 3554/37/2 3553/37/2 3520/37/2
f 3522/37/2 3555/37/2 3554/37/2 3521/37/2
f 3523/37/2 3556/37/2 3555/37/2 3522/37/2
f 3524/37/2 3557/37/2 3556/37/2 3523/37/2
f 3525/37/2 3558/37/2 3557/37/2 3524/37/2
f 3526/37/2 3559/37/2 3558/37/2 3525/37/2
f 3527/37/2 3560/37/2 3559/37/2 3526/37/2
f 3528/37/2 3561/37/2 3560/37/2 3527/37/2
f 3529/37/2 3562/37/2 3561/37/2 3528/37/2
f 3530/37/2 3563/37/2 3562/37/2 3529/37/2
f 3531/37/2 3564/37/2 3563/37/2 3530/37/2
f 3532/37/2 3565/37/2 3564/37/2 3531/37/2
f 3533/37/2 3566/37/2 3565/37/2 3532/37/2
f 3534/37/2 3567/37/2 3566/37/2 3533/37/2
f 3535/37/2 3568/37/2 3567/37/2 3534/37/2
f 3536/37/2 3569/37/2 3568/37/2 3535/37/2
f 3537/37/2 3570/37/2 3569/37/2 3536/37/2
f 3538/37/2 3571/37/2 3570/37/2 3537/37/2
f 3539/37/2 3572/37/2 3571/37/2 3538/37/2
f 3540/37/2 3573/37/2 3572/37/2 3539/37/2
f 3541/37/2 3574/37/2 3573/37/2 3540/37/2
f 3542/37/2 3575/37/2 3574/37/2 3541/37/2
f 3543/37/2 3576/37/2 3575/37/2 3542/37/2
f 3544/37/2 3577/37/2 3576/37/2 3543/37/2
f 3545/37/2 3578/37/2 3577/37/2 3544/37/2
f 3546/37/2 3579/37/2 3578/37/2 3545/37/2
f 3547/37/2 3580/37/2 3579/37/2 3546/37/2
f 3548/37/2 3581/37/2 3580/37/2 3547/37/2
f 3549/37/2 3582/37/2 3581/37/2 3548/37/2
f 3550/37/2 3583/37/2 3582/37/2 3549/37/2
f 3322/37/6 3583/37/6 3550/37/6 3314/37/6
f 3551/37/2 3584/37/2 3585/37/2 3552/37/2
f 3552/37/5 3585/37/5 3323/37/5 3315/37/5
f 3553/37/2 3586/37/2 3584/37/2 3551/37/2
f 3554/37/2 3587/37/2 3586/37/2 3553/37/2
f 3555/37/2 3588/37/2 3587/37/2 3554/37/2
f 3556/37/2 3589/37/2 3588/37/2 3555/37/2
f 3557/37/2 3590/37/2 3589/37/2 3556/37/2
f 3558/37/2 3591/37/2 3590/37/2 3557/37/2
f 3559/37/2 3592/37/2 3591/37/2 3558/37/2
f 3560/37/2 3593/37/2 3592/37/2 3559/37/2
f 3561/37/2 3594/37/2 3593/37/2 3560/37/2
f 3562/37/2 3595/37/2 3594/37/2 3561/37/2
f 3563/37/2 3596/37/2 3595/37/2 3562/37/2
f 3564/37/2 3597/37/2 3596/37/2 3563/37/2
f 3565/37/2 3598/37/2 3597/37/2 3564/37/2
f 3566/37/2 3599/37/2 3598/37/2 3565/37/2
f 3567/37/2 3600/37/2 3599/37/2 3566/37/2
f 3568/37/2 3601/37/2 3600/37/2 3567/37/2
f 3569/38/2 3602/38/2 3601/38/2 3568/38/2
f 3570/37/2 3603/37/2 3602/37/2 3569/37/2
f 3571/37/2 3604/37/2 3603/37/2 3570/37/2
f 3572/37/2 3605/37/2 3604/37/2 3571/37/2
f 3573/37/2 3606/37/2 3605/37/2 3572/37/2
f 3574/37/2 3607/37/2 3606/37/2 3573/37/2
f 3575/37/2 3608/37/2 3607/37/2 3574/37/2
f 3576/37/2 3609/37/2 3608/37/2 3575/37/2
f 3577/37/2 3610/37/2 3609/37/2 3576/37/2
f 3578/37/2 3611/37/2 3610/37/2 3577/37/2
f 3579/37/2 3612/37/2 3611/37/2 3578/37/2
f 3580/37/2 3613/37/2 3612/37/2 3579/37/2
f 3581/37/2 3614/37/2 3613/37/2 3580/37/2
f 3582/37/2 3615/37/2 3614/37/2 3581/37/2
f 3583/37/2 3616/37/2 3615/37/2 3582/37/2
f 3330/37/6 3616/37/6 3583/37/6 3322/37/6
f 3584/37/2 3617/37/2 3618/37/2 3585/37/2
f 3585/37/5 3618/37/5 3331/37/5 3323/37/5
f 3586/37/2 3619/37/2 3617/37/2 3584/37/2
f 3587/37/2 3620/37/2 3619/37/2 3586/37/2
f 3588/37/2 3621/37/2 3620/37/2 3587/37/2
f 3589/37/2 3622/37/2 3621/37/2 3588/37/2
f 3590/37/2 3623/37/2 3622/37/2 3589/37/2
f 3591/37/2 3624/37/2 3623/37/2 3590/37/2
f 3592/37/2 3625/37/2 3624/37/2 3591/37/2
f 3593/37/2 3626/37/2 3625/37/2 3592/37/2
f 3594/37/2 3627/37/2 3626/37/2 3593/37/2
f 3595/37/2 3628/37/2 3627/37/2 3594/37/2
f 3596/37/2 3629/37/2 3628/37/2 3595/37/2
f 3597/37/2 3630/37/2 3629/37/2 3596/37/2
f 3598/37/2 3631/37/2 3630/37/2 3597/37/2
f 3599/37/2 3632/37/2 3631/37/2 3598/37/2
f 3600/37/2 3633/37/2 3632/37/2 3599/37/2
f 3601/37/2 3634/37/2 3633/37/2 3600/37/2
f 3602/37/2 3635/37/2 3634/37/2 3601/37/2
f 3603/37/2 3636/37/2 3635/37/2 3602/37/2
f 3604/37/2 3637/37/2 3636/37/2 3603/37/2
f 3605/37/2 3638/37/2 3637/37/2 3604/37/2
f 3606/37/2 3639/37/2 3638/37/2 3605/37/2
f 3607/37/2 3640/37/2 3639/37/2 3606/37/2
f 3608/37/2 3641/37/2 3640/37/2 3607/37/2
f 3609/37/2 3642/37/2 3641/37/2 3608/37/2
f 3610/37/2 3643/37/2 3642/37/2 3609/37/2
f 3611/37/2 3644/37/2 3643/37/2 3610/37/2
f 3612/37/2 3645/37/2 3644/37/2 3611/37/2
f 3613/37/2 3646/37/2 3645/37/2 3612/37/2
f 3614/37/2 3647/37/2 3646/37/2 3613/37/2
f 3615/37/2 3648/37/2 3647/37/2 3614/37/2
f 3616/37/2 3649/37/2 3648/37/2 3615/37/2
f 3338/37/6 3649/37/6 3616/37/6 3330/37/6
f 3617/37/2 3650/37/2 3651/37/2 3618/37/2
f 3618/37/5 3651/37/5 3339/37/5 3331/37/5
f 3619/37/2 3652/37/2 3650/37/2 3617/37/2
f 3620/37/2 3653/37/2 3652/37/2 3619/37/2
f 3621/37/2 3654/37/2 3653/37/2 3620/37/2
f 3622/37/2 3655/37/2 3654/37/2 3621/37/2
f 3623/37/2 3656/37/2 3655/37/2 3622/37/2
f 3624/37/2 3657/37/2 3656/37/2 3623/37/2
f 3625/37/2 3658/37/2 3657/37/2 3624/37/2
f 3626/37/2 3659/37/2 3658/37/2 3625/37/2
f 3627/37/2 3660/37/2 3659/37/2 3626/37/2
f 3628/37/2 3661/37/2 3660/37/2 3627/37/2
f 3629/37/2 3662/37/2 3661/37/2 3628/37/2
f 3630/37/2 3663/37/2 3662/37/2 3629/37/2
f 3631/37/2 3664/37/2 3663/37/2 3630/37/2
f 3632/37/2 3665/37/2 3664/37/2 3631/37/2
f 3633/37/2 3666/37/2 3665/37/2 3632/37/2
f 3634/37/2 3667/37/2 3666/37/2 3633/37/2
f 3635/37/2 3668/37/2 3667/37/2 3634/37/2
f 3636/37/2 3669/37/2 3668/37/2 3635/37/2
f 3637/37/2 3670/37/2 3669/37/2 3636/37/2
f 3638/37/2 3671/37/2 3670/37/2 3637/37/2
f 3639/37/2 3672/37/2 3671/37/2 3638/37/2
f 3640/37/2 3673/37/2 3672/37/2 3639/37/2
f 3641/37/2 3674/37/2 3673/37/2 3640/37/2
f 3642/37/2 3675/37/2 3674/37/2 3641/37/2
f 3643/37/2 3676/37/2 3675/37/2 3642/37/2
f 3644/37/2 3677/37/2 3676/37/2 3643/37/2
f 3645/37/2 3678/37/2 3677/37/2 3644/37/2
f 3646/37/2 3679/37/2 3678/37/2 3645/37/2
f 3647/37/2 3680/37/2 3679/37/2 3646/37/2
f 3648/37/2 3681/37/2 3680/37/2 3647/37/2
f 3649/37/2 3682/37/2 3681/37/2 3648/37/2
f 3346/37/6 3682/37/6 3649/37/6 3338/37/6
f 3650/37/2 3683/37/2 3684/37/2 3651/37/2
f 3651/37/5 3684/37/5 3347/37/5 3339/37/5
f 3652/37/2 3685/37/2 3683/37/2 3650/37/2
f 3653/37/2 3686/37/2 3685/37/2 3652/37/2
f 3654/38/2 3687/38/2 3686/38/2 3653/38/2
f 3655/37/2 3688/37/2 3687/37/2 3654/37/2
f 3656/37/2 3689/37/2 3688/37/2 3655/37/2
f 3657/37/2 3690/37/2 3689/37/2 3656/37/2
f 3658/37/2 3691/37/2 3690/37/2 3657/37/2
f 3659/37/2 3692/37/2 3691/37/2 3658/37/2
f 3660/37/2 3693/37/2 3692/37/2 3659/37/2
f 3661/37/2 3694/37/2 3693/37/2 3660/37/2
f 3662/37/2 3695/37/2 3694/37/2 3661/37/2
f 3663/37/2 3696/37/2 3695/37/2 3662/37/2
f 3664/37/2 3697/37/2 3696/37/2 3663/37/2
f 3665/37/2 3698/37/2 3697/37/2 3664/37/2
f 3666/37/2 3699/37/2 3698/37/2 3665/37/2
f 3667/37/2 3700/37/2 3699/37/2 3666/37/2
f 3668/37/2 3701/37/2 3700/37/2 3667/37/2
f 3669/37/2 3702/37/2 3701/37/2 3668/37/2
f 3670/37/2 3703/37/2 3702/37/2 3669/37/2
f 3671/37/2 3704/37/2 3703/37/2 3670/37/2
f 3672/37/2 3705/37/2 3704/37/2 3671/37/2
f 3673/37/2 3706/37/2 3705/37/2 3672/37/2
f 3674/37/2 3707/37/2 3706/37/2 3673/37/2
f 3675/37/2 3708/37/2 3707/37/2 3674/37/2
f 3676/37/2 3709/37/2 3708/37/2 3675/37/2
f 3677/37/2 3710/37/2 3709/37/2 3676/37/2
f 3678/37/2 3711/37/2 3710/37/2 3677/37/2
f 3679/37/2 3712/37/2 3711/37/2 3678/37/2
f 3680/37/2 3713/37/2 3712/37/2 3679/37/2
f 3681/37/2 3714/37/2 3713/37/2 3680/37/2
f 3682/37/2 3715/37/2 3714/37/2 3681/37/2
f 3348/37/6 3715/37/6 3682/37/6 3346/37/6
f 3683/37/2 3716/37/2 3717/37/2 3684/37/2
f 3684/37/5 3717/37/5 3349/37/5 3347/37/5
f 3685/37/2 3718/37/2 3716/37/2 3683/37/2
f 3686/37/2 3719/37/2 3718/37/2 3685/37/2
f 3687/37/2 3720/37/2 3719/37/2 3686/37/2
f 3688/37/2 3721/37/2 3720/37/2 3687/37/2
f 3689/37/2 3722/37/2 3721/37/2 3688/37/2
f 3690/37/2 3723/37/2 3722/37/2 3689/37/2
f 3691/37/2 3724/37/2 3723/37/2 3690/37/2
f 3692/37/2 3725/37/2 3724/37/2 3691/37/2
f 3693/37/2 3726/37/2 3725/37/2 3692/37/2
f 3694/37/2 3727/37/2 3726/37/2 3693/37/2
f 3695/37/2 3728/37/2 3727/37/2 3694/37/2
f 3696/37/2 3729/37/2 3728/37/2 3695/37/2
f 3697/37/2 3730/37/2 3729/37/2 3696/37/2
f 3698/37/2 3731/37/2 3730/37/2 3697/37/2
f 3699/37/2 3732/37/2 3731/37/2 3698/37/2
f 3700/37/2 3733/37/2 3732/37/2 3699/37/2
f 3701/37/2 3734/37/2 3733/37/2 3700/37/2
f 3702/37/2 3735/37/2 3734/37/2 3701/37/2
f 3703/37/2 3736/37/2 3735/37/2 3702/37/2
f 3704/37/2 3737/37/2 3736/37/2 3703/37/2
f 3705/37/2 3738/37/2 3737/37/2 3704/37/2
f 3706/37/2 3739/37/2 3738/37/2 3705/37/2
f 3707/37/2 3740/37/2 3739/37/2 3706/37/2
f 3708/37/2 3741/37/2 3740/37/2 3707/37/2
f 3709/37/2 3742/37/2 3741/37/2 3708/37/2
f 3710/37/2 3743/37/2 3742/37/2 3709/37/2
f 3711/37/2 3744/37/2 3743/37/2 3710/37/2
f 3712/37/2 3745/37/2 3744/37/2 3711/37/2
f 3713/37/2 3746/37/2 3745/37/2 3712/37/2
f 3714/37/2 3747/37/2 3746/37/2 3713/37/2
f 3715/37/2 3748/37/2 3747/37/2 3714/37/2
f 3350/37/6 3748/37/6 3715/37/6 3348/37/6
f 3716/37/2 3749/37/2 3750/37/2 3717/37/2
f 3717/37/5 3750/37/5 3351/37/5 3349/37/5
f 3718/37/2 3751/37/2 3749/37/2 3716/37/2
f 3719/37/2 3752/37/2 3751/37/2 3718/37/2
f 3720/37/2 3753/37/2 3752/37/2 3719/37/2
f 3721/37/2 3754/37/2 3753/37/2 3720/37/2
f 3722/37/2 3755/37/2 3754/37/2 3721/37/2
f 3723/37/2 3756/37/2 3755/37/2 3722/37/2
f 3724/37/2 3757/37/2 3756/37/2 3723/37/2
f 3725/37/2 3758/37/2 3757/37/2 3724/37/2
f 3726/37/2 3759/37/2 3758/37/2 3725/37/2
f 3727/37/2 3760/37/2 3759/37/2 3726/37/2
f 3728/37/2 3761/37/2 3760/37/2 3727/37/2
f 3729/37/2 3762/37/2 3761/37/2 3728/37/2
f 3730/37/2 3763/37/2 3762/37/2 3729/37/2
f 3731/37/2 3764/37/2 3763/37/2 3730/37/2
f 3732/37/2 3765/37/2 3764/37/2 3731/37/2
f 3733/37/2 3766/37/2 3765/37/2 3732/37/2
f 3734/37/2 3767/37/2 3766/37/2 3733/37/2
f 3735/37/2 3768/37/2 3767/37/2 3734/37/2
f 3736/37/2 3769/37/2 3768/37/2 3735/37/2
f 3737/37/2 3770/37/2 3769/37/2 3736/37/2
f 3738/37/2 3771/37/2 3770/37/2 3737/37/2
f 3739/37/2 3772/37/2 3771/37/2 3738/37/2
f 3740/37/2 3773/37/2 3772/37/2 3739/37/2
f 3741/37/2 3774/37/2 3773/37/2 3740/37/2
f 3742/37/2 3775/37/2 3774/37/2 3741/37/2
f 3743/37/2 3776/37/2 3775/37/2 3742/37/2
f 3744/37/2 3777/37/2 3776/37/2 3743/37/2
f 3745/37/2 3778/37/2 3777/37/2 3744/37/2
f 3746/37/2 3779/37/2 3778/37/2 3745/37/2
f 3747/37/2 3780/37/2 3779/37/2 3746/37/2
f 3748/37/2 3781/37/2 3780/37/2 3747/37/2
f 3352/37/6 3781/37/6 3748/37/6 3350/37/6
f 3749/37/2 3782/37/2 3783/37/2 3750/37/2
f 3783/37/4 3782/37/4 3354/37/4 3353/37/4
f 3750/37/5 3783/37/5 3353/37/5 3351/37/5
f 3751/37/2 3784/37/2 3782/37/2 3749/37/2
f 3782/37/4 3784/37/4 3355/37/4 3354/37/4
f 3752/37/2 3785/37/2 3784/37/2 3751/37/2
f 3784/37/4 3785/37/4 3356/37/4 3355/37/4
f 3753/37/2 3786/37/2 3785/37/2 3752/37/2
f 3785/37/4 3786/37/4 3357/37/4 3356/37/4
f 3754/37/2 3787/37/2 3786/37/2 3753/37/2
f 3786/37/4 3787/37/4 3358/37/4 3357/37/4
f 3755/37/2 3788/37/2 3787/37/2 3754/37/2
f 3787/37/4 3788/37/4 3359/37/4 3358/37/4
f 3756/37/2 3789/37/2 3788/37/2 3755/37/2
f 3788/37/4 3789/37/4 3360/37/4 3359/37/4
f 3757/37/2 3790/37/2 3789/37/2 3756/37/2
f 3789/37/4 3790/37/4 3361/37/4 3360/37/4
f 3758/37/2 3791/37/2 3790/37/2 3757/37/2
f 3790/37/4 3791/37/4 3362/37/4 3361/37/4
f 3759/37/2 3792/37/2 3791/37/2 3758/37/2
f 3791/37/4 3792/37/4 3363/37/4 3362/37/4
f 3760/37/2 3793/37/2 3792/37/2 3759/37/2
f 3792/37/4 3793/37/4 3364/37/4 3363/37/4
f 3761/37/2 3794/37/2 3793/37/2 3760/37/2
f 3793/37/4 3794/37/4 3365/37/4 3364/37/4
f 3762/37/2 3795/37/2 3794/37/2 3761/37/2
f 3794/37/4 3795/37/4 3366/37/4 3365/37/4
f 3763/37/2 3796/37/2 3795/37/2 3762/37/2
f 3795/37/4 3796/37/4 3367/37/4 3366/37/4
f 3764/37/2 3797/37/2 3796/37/2 3763/37/2
f 3796/37/4 3797/37/4 3368/37/4 3367/37/4
f 3765/37/2 3798/37/2 3797/37/2 3764/37/2
f 3797/37/4 3798/37/4 3369/37/4 3368/37/4
f 3766/37/2 3799/37/2 3798/37/2 3765/37/2
f 3798/37/4 3799/37/4 3370/37/4 3369/37/4
f 3767/37/2 3800/37/2 3799/37/2 3766/37/2
f 3799/37/4 3800/37/4 3371/37/4 3370/37/4
f 3768/37/2 3801/37/2 3800/37/2 3767/37/2
f 3800/37/4 3801/37/4 3372/37/4 3371/37/4
f 3769/37/2 3802/37/2 3801/37/2 3768/37/2
f 3801/37/4 3802/37/4 3373/37/4 3372/37/4
f 3770/37/2 3803/37/2 3802/37/2 3769/37/2
f 3802/37/4 3803/37/4 3374/37/4 3373/37/4
f 3771/37/2 3804/37/2 3803/37/2 3770/37/2
f 3803/37/4 3804/37/4 3375/37/4 3374/37/4
f 3772/37/2 3805/37/2 3804/37/2 3771/37/2
f 3804/37/4 3805/37/4 3376/37/4 3375/37/4
f 3773/37/2 3806/37/2 3805/37/2 3772/37/2
f 3805/37/4 3806/37/4 3377/37/4 3376/37/4
f 3774/37/2 3807/37/2 3806/37/2 3773/37/2
f 3806/37/4 3807/37/4 3378/37/4 3377/37/4
f 3775/37/2 3808/37/2 3807/37/2 3774/37/2
f 3807/37/4 3808/37/4 3379/37/4 3378/37/4
f 3776/37/2 3809/37/2 3808/37/2 3775/37/2
f 3808/37/4 3809/37/4 3380/37/4 3379/37/4
f 3777/37/2 3810/37/2 3809/37/2 3776/37/2
f 3809/37/4 3810/37/4 3381/37/4 3380/37/4
f 3778/37/2 3811/37/2 3810/37/2 3777/37/2
f 3810/37/4 3811/37/4 3382/37/4 3381/37/4
f 3779/37/2 3812/37/2 3811/37/2 3778/37/2
f 3811/37/4 3812/37/4 3383/37/4 3382/37/4
f 3780/37/2 3813/37/2 3812/37/2 3779/37/2
f 3812/37/4 3813/37/4 3384/37/4 3383/37/4
f 3781/37/2 3814/37/2 3813/37/2 3780/37/2
f 3813/37/4 3814/37/4 3385/37/4 3384/37/4
f 3385/37/6 3814/37/6 3781/37/6 3352/37/6
