# Dungine cave_mouth; 1 voxel = 1/16 unit; Y-up floor-center origin
mtllib cave_mouth.mtl
o cave_mouth
s off
v -1.000000 0.000000 -0.437500
v -1.000000 0.062500 -0.437500
v -1.000000 0.062500 -0.500000
v -1.000000 0.000000 -0.500000
v -0.937500 0.062500 -0.500000
v -0.937500 0.000000 -0.500000
v -0.937500 0.000000 -0.437500
v -0.937500 0.062500 -0.437500
v -1.000000 0.000000 -0.375000
v -1.000000 0.062500 -0.375000
v -0.937500 0.000000 -0.375000
v -0.937500 0.062500 -0.375000
v -1.000000 0.000000 -0.312500
v -1.000000 0.062500 -0.312500
v -0.937500 0.000000 -0.312500
v -0.937500 0.062500 -0.312500
v -1.000000 0.000000 -0.250000
v -1.000000 0.062500 -0.250000
v -0.937500 0.000000 -0.250000
v -1.000000 0.125000 -0.250000
v -1.000000 0.125000 -0.312500
v -0.937500 0.125000 -0.312500
v -1.000000 0.187500 -0.250000
v -1.000000 0.187500 -0.312500
v -0.937500 0.187500 -0.312500
v -1.000000 0.250000 -0.250000
v -1.000000 0.250000 -0.312500
v -0.937500 0.250000 -0.312500
v -1.000000 0.312500 -0.250000
v -1.000000 0.312500 -0.312500
v -0.937500 0.312500 -0.312500
v -1.000000 0.375000 -0.250000
v -1.000000 0.375000 -0.312500
v -0.937500 0.375000 -0.312500
v -1.000000 0.437500 -0.250000
v -1.000000 0.437500 -0.312500
v -0.937500 0.437500 -0.312500
v -0.937500 0.437500 -0.250000
v -0.937500 0.375000 -0.250000
v -1.000000 0.500000 -0.250000
v -1.000000 0.500000 -0.312500
v -0.937500 0.500000 -0.312500
v -0.937500 0.500000 -0.250000
v -1.000000 0.562500 -0.250000
v -1.000000 0.562500 -0.312500
v -0.937500 0.562500 -0.312500
v -1.000000 0.625000 -0.250000
v -1.000000 0.625000 -0.312500
v -0.937500 0.625000 -0.312500
v -1.000000 0.687500 -0.250000
v -1.000000 0.687500 -0.312500
v -0.937500 0.687500 -0.312500
v -1.000000 0.750000 -0.250000
v -1.000000 0.750000 -0.312500
v -0.937500 0.750000 -0.312500
v -1.000000 0.812500 -0.250000
v -1.000000 0.812500 -0.312500
v -0.937500 0.812500 -0.312500
v -1.000000 0.875000 -0.250000
v -1.000000 0.875000 -0.312500
v -0.937500 0.875000 -0.312500
v -1.000000 0.937500 -0.250000
v -1.000000 0.937500 -0.312500
v -0.937500 0.937500 -0.312500
v -1.000000 1.000000 -0.250000
v -1.000000 1.000000 -0.312500
v -0.937500 1.000000 -0.312500
v -1.000000 1.062500 -0.250000
v -1.000000 1.062500 -0.312500
v -0.937500 1.062500 -0.312500
v -1.000000 1.125000 -0.250000
v -1.000000 1.125000 -0.312500
v -0.937500 1.125000 -0.312500
v -1.000000 1.187500 -0.250000
v -1.000000 1.187500 -0.312500
v -0.937500 1.187500 -0.312500
v -1.000000 1.250000 -0.250000
v -1.000000 1.250000 -0.312500
v -0.937500 1.250000 -0.312500
v -1.000000 1.312500 -0.250000
v -1.000000 1.312500 -0.312500
v -0.937500 1.312500 -0.312500
v -1.000000 1.375000 -0.250000
v -1.000000 1.375000 -0.312500
v -0.937500 1.375000 -0.312500
v -1.000000 1.437500 -0.250000
v -1.000000 1.437500 -0.312500
v -0.937500 1.437500 -0.312500
v -1.000000 1.500000 -0.250000
v -1.000000 1.500000 -0.312500
v -0.937500 1.500000 -0.312500
v -1.000000 1.562500 -0.250000
v -1.000000 1.562500 -0.312500
v -0.937500 1.562500 -0.312500
v -1.000000 1.625000 -0.250000
v -1.000000 1.625000 -0.312500
v -0.937500 1.625000 -0.312500
v -1.000000 1.687500 -0.250000
v -1.000000 1.687500 -0.312500
v -0.937500 1.687500 -0.312500
v -1.000000 1.750000 -0.250000
v -1.000000 1.750000 -0.312500
v -0.937500 1.750000 -0.312500
v -1.000000 1.812500 -0.250000
v -1.000000 1.812500 -0.312500
v -0.937500 1.812500 -0.312500
v -1.000000 1.875000 -0.250000
v -1.000000 1.875000 -0.312500
v -0.937500 1.875000 -0.312500
v -1.000000 1.937500 -0.250000
v -1.000000 1.937500 -0.312500
v -0.937500 1.937500 -0.312500
v -1.000000 2.000000 -0.250000
v -1.000000 2.000000 -0.312500
v -0.937500 2.000000 -0.312500
v -0.937500 2.000000 -0.250000
v -1.000000 0.000000 -0.187500
v -1.000000 0.062500 -0.187500
v -0.937500 0.000000 -0.187500
v -1.000000 0.125000 -0.187500
v -1.000000 0.187500 -0.187500
v -1.000000 0.250000 -0.187500
v -1.000000 0.312500 -0.187500
v -1.000000 0.375000 -0.187500
v -1.000000 0.437500 -0.187500
v -0.937500 0.437500 -0.187500
v -0.937500 0.375000 -0.187500
v -1.000000 0.500000 -0.187500
v -0.937500 0.500000 -0.187500
v -1.000000 0.562500 -0.187500
v -1.000000 0.625000 -0.187500
v -1.000000 0.687500 -0.187500
v -1.000000 0.750000 -0.187500
v -1.000000 0.812500 -0.187500
v -1.000000 0.875000 -0.187500
v -1.000000 0.937500 -0.187500
v -1.000000 1.000000 -0.187500
v -1.000000 1.062500 -0.187500
v -1.000000 1.125000 -0.187500
v -1.000000 1.187500 -0.187500
v -1.000000 1.250000 -0.187500
v -1.000000 1.312500 -0.187500
v -1.000000 1.375000 -0.187500
v -1.000000 1.437500 -0.187500
v -1.000000 1.500000 -0.187500
v -1.000000 1.562500 -0.187500
v -1.000000 1.625000 -0.187500
v -1.000000 1.687500 -0.187500
v -1.000000 1.750000 -0.187500
v -1.000000 1.812500 -0.187500
v -1.000000 1.875000 -0.187500
v -1.000000 1.937500 -0.187500
v -1.000000 2.000000 -0.187500
v -0.937500 2.000000 -0.187500
v -1.000000 0.000000 -0.125000
v -1.000000 0.062500 -0.125000
v -0.937500 0.000000 -0.125000
v -1.000000 0.125000 -0.125000
v -1.000000 0.187500 -0.125000
v -1.000000 0.250000 -0.125000
v -1.000000 0.312500 -0.125000
v -1.000000 0.375000 -0.125000
v -1.000000 0.437500 -0.125000
v -1.000000 0.500000 -0.125000
v -1.000000 0.562500 -0.125000
v -1.000000 0.625000 -0.125000
v -1.000000 0.687500 -0.125000
v -1.000000 0.750000 -0.125000
v -1.000000 0.812500 -0.125000
v -1.000000 0.875000 -0.125000
v -1.000000 0.937500 -0.125000
v -1.000000 1.000000 -0.125000
v -1.000000 1.062500 -0.125000
v -1.000000 1.125000 -0.125000
v -1.000000 1.187500 -0.125000
v -1.000000 1.250000 -0.125000
v -1.000000 1.312500 -0.125000
v -1.000000 1.375000 -0.125000
v -1.000000 1.437500 -0.125000
v -1.000000 1.500000 -0.125000
v -1.000000 1.562500 -0.125000
v -1.000000 1.625000 -0.125000
v -1.000000 1.687500 -0.125000
v -1.000000 1.750000 -0.125000
v -1.000000 1.812500 -0.125000
v -1.000000 1.875000 -0.125000
v -1.000000 1.937500 -0.125000
v -1.000000 2.000000 -0.125000
v -0.937500 2.000000 -0.125000
v -1.000000 0.000000 -0.062500
v -1.000000 0.062500 -0.062500
v -0.937500 0.000000 -0.062500
v -1.000000 0.125000 -0.062500
v -1.000000 0.187500 -0.062500
v -1.000000 0.250000 -0.062500
v -1.000000 0.312500 -0.062500
v -1.000000 0.375000 -0.062500
v -1.000000 0.437500 -0.062500
v -1.000000 0.500000 -0.062500
v -1.000000 0.562500 -0.062500
v -1.000000 0.625000 -0.062500
v -1.000000 0.687500 -0.062500
v -1.000000 0.750000 -0.062500
v -1.000000 0.812500 -0.062500
v -1.000000 0.875000 -0.062500
v -1.000000 0.937500 -0.062500
v -1.000000 1.000000 -0.062500
v -1.000000 1.062500 -0.062500
v -1.000000 1.125000 -0.062500
v -1.000000 1.187500 -0.062500
v -1.000000 1.250000 -0.062500
v -1.000000 1.312500 -0.062500
v -1.000000 1.375000 -0.062500
v -1.000000 1.437500 -0.062500
v -1.000000 1.500000 -0.062500
v -1.000000 1.562500 -0.062500
v -1.000000 1.625000 -0.062500
v -1.000000 1.687500 -0.062500
v -1.000000 1.750000 -0.062500
v -1.000000 1.812500 -0.062500
v -1.000000 1.875000 -0.062500
v -1.000000 1.937500 -0.062500
v -1.000000 2.000000 -0.062500
v -0.937500 2.000000 -0.062500
v -1.000000 0.000000 0.000000
v -1.000000 0.062500 0.000000
v -0.937500 0.000000 0.000000
v -1.000000 0.125000 0.000000
v -1.000000 0.187500 0.000000
v -1.000000 0.250000 0.000000
v -1.000000 0.312500 0.000000
v -1.000000 0.375000 0.000000
v -1.000000 0.437500 0.000000
v -1.000000 0.500000 0.000000
v -1.000000 0.562500 0.000000
v -1.000000 0.625000 0.000000
v -1.000000 0.687500 0.000000
v -1.000000 0.750000 0.000000
v -1.000000 0.812500 0.000000
v -1.000000 0.875000 0.000000
v -1.000000 0.937500 0.000000
v -1.000000 1.000000 0.000000
v -1.000000 1.062500 0.000000
v -1.000000 1.125000 0.000000
v -1.000000 1.187500 0.000000
v -1.000000 1.250000 0.000000
v -1.000000 1.312500 0.000000
v -1.000000 1.375000 0.000000
v -1.000000 1.437500 0.000000
v -1.000000 1.500000 0.000000
v -1.000000 1.562500 0.000000
v -1.000000 1.625000 0.000000
v -1.000000 1.687500 0.000000
v -1.000000 1.750000 0.000000
v -1.000000 1.812500 0.000000
v -1.000000 1.875000 0.000000
v -1.000000 1.937500 0.000000
v -1.000000 2.000000 0.000000
v -0.937500 2.000000 0.000000
v -1.000000 0.000000 0.062500
v -1.000000 0.062500 0.062500
v -0.937500 0.000000 0.062500
v -1.000000 0.125000 0.062500
v -1.000000 0.187500 0.062500
v -1.000000 0.250000 0.062500
v -1.000000 0.312500 0.062500
v -1.000000 0.375000 0.062500
v -1.000000 0.437500 0.062500
v -1.000000 0.500000 0.062500
v -1.000000 0.562500 0.062500
v -1.000000 0.625000 0.062500
v -1.000000 0.687500 0.062500
v -1.000000 0.750000 0.062500
v -1.000000 0.812500 0.062500
v -1.000000 0.875000 0.062500
v -1.000000 0.937500 0.062500
v -1.000000 1.000000 0.062500
v -1.000000 1.062500 0.062500
v -1.000000 1.125000 0.062500
v -1.000000 1.187500 0.062500
v -1.000000 1.250000 0.062500
v -1.000000 1.312500 0.062500
v -1.000000 1.375000 0.062500
v -1.000000 1.437500 0.062500
v -1.000000 1.500000 0.062500
v -1.000000 1.562500 0.062500
v -1.000000 1.625000 0.062500
v -1.000000 1.687500 0.062500
v -1.000000 1.750000 0.062500
v -1.000000 1.812500 0.062500
v -1.000000 1.875000 0.062500
v -1.000000 1.937500 0.062500
v -1.000000 2.000000 0.062500
v -0.937500 2.000000 0.062500
v -1.000000 0.000000 0.125000
v -1.000000 0.062500 0.125000
v -0.937500 0.000000 0.125000
v -1.000000 0.125000 0.125000
v -1.000000 0.187500 0.125000
v -1.000000 0.250000 0.125000
v -1.000000 0.312500 0.125000
v -1.000000 0.375000 0.125000
v -1.000000 0.437500 0.125000
v -1.000000 0.500000 0.125000
v -1.000000 0.562500 0.125000
v -1.000000 0.625000 0.125000
v -1.000000 0.687500 0.125000
v -1.000000 0.750000 0.125000
v -1.000000 0.812500 0.125000
v -1.000000 0.875000 0.125000
v -1.000000 0.937500 0.125000
v -1.000000 1.000000 0.125000
v -1.000000 1.062500 0.125000
v -1.000000 1.125000 0.125000
v -1.000000 1.187500 0.125000
v -1.000000 1.250000 0.125000
v -1.000000 1.312500 0.125000
v -1.000000 1.375000 0.125000
v -1.000000 1.437500 0.125000
v -1.000000 1.500000 0.125000
v -1.000000 1.562500 0.125000
v -1.000000 1.625000 0.125000
v -1.000000 1.687500 0.125000
v -1.000000 1.750000 0.125000
v -1.000000 1.812500 0.125000
v -1.000000 1.875000 0.125000
v -1.000000 1.937500 0.125000
v -1.000000 2.000000 0.125000
v -0.937500 2.000000 0.125000
v -1.000000 0.000000 0.187500
v -1.000000 0.062500 0.187500
v -0.937500 0.000000 0.187500
v -1.000000 0.125000 0.187500
v -1.000000 0.187500 0.187500
v -1.000000 0.250000 0.187500
v -1.000000 0.312500 0.187500
v -1.000000 0.375000 0.187500
v -1.000000 0.437500 0.187500
v -1.000000 0.500000 0.187500
v -1.000000 0.562500 0.187500
v -1.000000 0.625000 0.187500
v -1.000000 0.687500 0.187500
v -1.000000 0.750000 0.187500
v -1.000000 0.812500 0.187500
v -1.000000 0.875000 0.187500
v -1.000000 0.937500 0.187500
v -1.000000 1.000000 0.187500
v -1.000000 1.062500 0.187500
v -1.000000 1.125000 0.187500
v -1.000000 1.187500 0.187500
v -1.000000 1.250000 0.187500
v -1.000000 1.312500 0.187500
v -1.000000 1.375000 0.187500
v -1.000000 1.437500 0.187500
v -1.000000 1.500000 0.187500
v -1.000000 1.562500 0.187500
v -1.000000 1.625000 0.187500
v -1.000000 1.687500 0.187500
v -1.000000 1.750000 0.187500
v -1.000000 1.812500 0.187500
v -1.000000 1.875000 0.187500
v -1.000000 1.937500 0.187500
v -1.000000 2.000000 0.187500
v -0.937500 2.000000 0.187500
v -1.000000 0.000000 0.250000
v -1.000000 0.062500 0.250000
v -0.937500 0.000000 0.250000
v -1.000000 0.125000 0.250000
v -1.000000 0.187500 0.250000
v -1.000000 0.250000 0.250000
v -1.000000 0.312500 0.250000
v -1.000000 0.375000 0.250000
v -1.000000 0.437500 0.250000
v -1.000000 0.500000 0.250000
v -1.000000 0.562500 0.250000
v -1.000000 0.625000 0.250000
v -1.000000 0.687500 0.250000
v -1.000000 0.750000 0.250000
v -1.000000 0.812500 0.250000
v -1.000000 0.875000 0.250000
v -1.000000 0.937500 0.250000
v -1.000000 1.000000 0.250000
v -1.000000 1.062500 0.250000
v -1.000000 1.125000 0.250000
v -1.000000 1.187500 0.250000
v -1.000000 1.250000 0.250000
v -1.000000 1.312500 0.250000
v -1.000000 1.375000 0.250000
v -1.000000 1.437500 0.250000
v -1.000000 1.500000 0.250000
v -1.000000 1.562500 0.250000
v -1.000000 1.625000 0.250000
v -1.000000 1.687500 0.250000
v -1.000000 1.750000 0.250000
v -1.000000 1.812500 0.250000
v -1.000000 1.875000 0.250000
v -1.000000 1.937500 0.250000
v -1.000000 2.000000 0.250000
v -0.937500 2.000000 0.250000
v -1.000000 0.000000 0.312500
v -1.000000 0.062500 0.312500
v -0.937500 0.000000 0.312500
v -1.000000 0.125000 0.312500
v -0.937500 0.062500 0.312500
v -0.937500 0.125000 0.312500
v -1.000000 0.187500 0.312500
v -0.937500 0.187500 0.312500
v -1.000000 0.250000 0.312500
v -0.937500 0.250000 0.312500
v -1.000000 0.312500 0.312500
v -0.937500 0.312500 0.312500
v -1.000000 0.375000 0.312500
v -0.937500 0.375000 0.312500
v -1.000000 0.437500 0.312500
v -0.937500 0.437500 0.312500
v -1.000000 0.500000 0.312500
v -0.937500 0.500000 0.312500
v -1.000000 0.562500 0.312500
v -0.937500 0.562500 0.312500
v -1.000000 0.625000 0.312500
v -0.937500 0.625000 0.312500
v -1.000000 0.687500 0.312500
v -0.937500 0.687500 0.312500
v -1.000000 0.750000 0.312500
v -0.937500 0.750000 0.312500
v -1.000000 0.812500 0.312500
v -0.937500 0.812500 0.312500
v -1.000000 0.875000 0.312500
v -0.937500 0.875000 0.312500
v -1.000000 0.937500 0.312500
v -0.937500 0.937500 0.312500
v -1.000000 1.000000 0.312500
v -0.937500 1.000000 0.312500
v -1.000000 1.062500 0.312500
v -0.937500 1.062500 0.312500
v -1.000000 1.125000 0.312500
v -0.937500 1.125000 0.312500
v -1.000000 1.187500 0.312500
v -0.937500 1.187500 0.312500
v -1.000000 1.250000 0.312500
v -0.937500 1.250000 0.312500
v -1.000000 1.312500 0.312500
v -0.937500 1.312500 0.312500
v -1.000000 1.375000 0.312500
v -0.937500 1.375000 0.312500
v -1.000000 1.437500 0.312500
v -0.937500 1.437500 0.312500
v -1.000000 1.500000 0.312500
v -0.937500 1.500000 0.312500
v -1.000000 1.562500 0.312500
v -0.937500 1.562500 0.312500
v -1.000000 1.625000 0.312500
v -0.937500 1.625000 0.312500
v -1.000000 1.687500 0.312500
v -0.937500 1.687500 0.312500
v -1.000000 1.750000 0.312500
v -0.937500 1.750000 0.312500
v -1.000000 1.812500 0.312500
v -0.937500 1.812500 0.312500
v -1.000000 1.875000 0.312500
v -0.937500 1.875000 0.312500
v -1.000000 1.937500 0.312500
v -0.937500 1.937500 0.312500
v -1.000000 2.000000 0.312500
v -0.937500 2.000000 0.312500
v -1.000000 0.000000 0.375000
v -1.000000 0.062500 0.375000
v -0.937500 0.000000 0.375000
v -0.937500 0.062500 0.375000
v -1.000000 0.000000 0.437500
v -1.000000 0.062500 0.437500
v -0.937500 0.000000 0.437500
v -0.937500 0.062500 0.437500
v -1.000000 0.000000 0.500000
v -1.000000 0.062500 0.500000
v -0.937500 0.000000 0.500000
v -0.937500 0.062500 0.500000
v -0.875000 0.062500 -0.500000
v -0.875000 0.000000 -0.500000
v -0.875000 0.000000 -0.437500
v -0.875000 0.062500 -0.437500
v -0.875000 0.000000 -0.375000
v -0.875000 0.062500 -0.375000
v -0.875000 0.000000 -0.312500
v -0.875000 0.062500 -0.312500
v -0.875000 0.000000 -0.250000
v -0.875000 0.125000 -0.312500
v -0.875000 0.187500 -0.312500
v -0.875000 0.250000 -0.312500
v -0.875000 0.312500 -0.312500
v -0.875000 0.375000 -0.312500
v -0.875000 0.375000 -0.250000
v -0.875000 0.562500 -0.312500
v -0.875000 0.500000 -0.312500
v -0.875000 0.500000 -0.250000
v -0.875000 0.625000 -0.312500
v -0.875000 0.687500 -0.312500
v -0.875000 0.750000 -0.312500
v -0.875000 0.812500 -0.312500
v -0.875000 0.875000 -0.312500
v -0.875000 0.937500 -0.312500
v -0.875000 1.000000 -0.312500
v -0.875000 1.062500 -0.312500
v -0.875000 1.062500 -0.250000
v -0.875000 1.000000 -0.250000
v -0.875000 1.125000 -0.312500
v -0.875000 1.125000 -0.250000
v -0.875000 1.187500 -0.312500
v -0.875000 1.250000 -0.312500
v -0.875000 1.312500 -0.312500
v -0.875000 1.375000 -0.312500
v -0.875000 1.437500 -0.312500
v -0.875000 1.500000 -0.312500
v -0.875000 1.562500 -0.312500
v -0.875000 1.625000 -0.312500
v -0.875000 1.687500 -0.312500
v -0.875000 1.750000 -0.312500
v -0.875000 1.812500 -0.312500
v -0.875000 1.875000 -0.312500
v -0.875000 1.937500 -0.312500
v -0.875000 2.000000 -0.312500
v -0.875000 2.000000 -0.250000
v -0.875000 0.000000 -0.187500
v -0.875000 0.375000 -0.187500
v -0.875000 0.500000 -0.187500
v -0.875000 1.062500 -0.187500
v -0.875000 1.000000 -0.187500
v -0.875000 1.125000 -0.187500
v -0.875000 2.000000 -0.187500
v -0.875000 0.000000 -0.125000
v -0.875000 0.437500 -0.187500
v -0.875000 2.000000 -0.125000
v -0.875000 0.000000 -0.062500
v -0.875000 2.000000 -0.062500
v -0.875000 0.000000 0.000000
v -0.875000 2.000000 0.000000
v -0.875000 0.000000 0.062500
v -0.875000 2.000000 0.062500
v -0.875000 0.000000 0.125000
v -0.875000 2.000000 0.125000
v -0.875000 0.000000 0.187500
v -0.875000 2.000000 0.187500
v -0.875000 0.000000 0.250000
v -0.875000 2.000000 0.250000
v -0.875000 0.000000 0.312500
v -0.875000 0.062500 0.312500
v -0.875000 0.125000 0.312500
v -0.875000 0.187500 0.312500
v -0.875000 0.250000 0.312500
v -0.875000 0.312500 0.312500
v -0.875000 0.375000 0.312500
v -0.875000 0.437500 0.312500
v -0.875000 0.500000 0.312500
v -0.875000 0.562500 0.312500
v -0.875000 0.625000 0.312500
v -0.875000 0.687500 0.312500
v -0.875000 0.750000 0.312500
v -0.875000 0.812500 0.312500
v -0.875000 0.875000 0.312500
v -0.875000 0.937500 0.312500
v -0.875000 1.000000 0.312500
v -0.875000 1.062500 0.312500
v -0.875000 1.125000 0.312500
v -0.875000 1.187500 0.312500
v -0.875000 1.250000 0.312500
v -0.875000 1.312500 0.312500
v -0.875000 1.375000 0.312500
v -0.875000 1.437500 0.312500
v -0.875000 1.500000 0.312500
v -0.875000 1.562500 0.312500
v -0.875000 1.625000 0.312500
v -0.875000 1.687500 0.312500
v -0.875000 1.750000 0.312500
v -0.875000 1.812500 0.312500
v -0.875000 1.875000 0.312500
v -0.875000 1.937500 0.312500
v -0.875000 2.000000 0.312500
v -0.875000 0.000000 0.375000
v -0.875000 0.062500 0.375000
v -0.875000 0.000000 0.437500
v -0.875000 0.062500 0.437500
v -0.875000 0.000000 0.500000
v -0.875000 0.062500 0.500000
v -0.812500 0.062500 -0.500000
v -0.812500 0.000000 -0.500000
v -0.812500 0.000000 -0.437500
v -0.812500 0.062500 -0.437500
v -0.812500 0.000000 -0.375000
v -0.812500 0.062500 -0.375000
v -0.812500 0.000000 -0.312500
v -0.812500 0.062500 -0.312500
v -0.812500 0.000000 -0.250000
v -0.812500 0.125000 -0.312500
v -0.812500 0.187500 -0.312500
v -0.812500 0.250000 -0.312500
v -0.812500 0.312500 -0.312500
v -0.812500 0.375000 -0.312500
v -0.812500 0.375000 -0.250000
v -0.812500 0.562500 -0.312500
v -0.812500 0.500000 -0.312500
v -0.812500 0.500000 -0.250000
v -0.812500 0.625000 -0.312500
v -0.812500 0.687500 -0.312500
v -0.812500 0.750000 -0.312500
v -0.812500 0.812500 -0.312500
v -0.812500 0.875000 -0.312500
v -0.812500 0.937500 -0.312500
v -0.812500 1.000000 -0.312500
v -0.812500 1.000000 -0.250000
v -0.812500 1.187500 -0.312500
v -0.812500 1.125000 -0.312500
v -0.812500 1.125000 -0.250000
v -0.812500 1.250000 -0.312500
v -0.812500 1.312500 -0.312500
v -0.812500 1.375000 -0.312500
v -0.812500 1.437500 -0.312500
v -0.812500 1.500000 -0.312500
v -0.812500 1.562500 -0.312500
v -0.812500 1.625000 -0.312500
v -0.812500 1.687500 -0.312500
v -0.812500 1.750000 -0.312500
v -0.812500 1.812500 -0.312500
v -0.812500 1.875000 -0.312500
v -0.812500 1.937500 -0.312500
v -0.812500 2.000000 -0.312500
v -0.812500 2.000000 -0.250000
v -0.812500 0.000000 -0.187500
v -0.812500 0.375000 -0.187500
v -0.812500 0.500000 -0.187500
v -0.812500 1.000000 -0.187500
v -0.812500 1.125000 -0.187500
v -0.812500 2.000000 -0.187500
v -0.812500 0.000000 -0.125000
v -0.812500 0.437500 -0.187500
v -0.812500 1.062500 -0.187500
v -0.812500 2.000000 -0.125000
v -0.812500 0.000000 -0.062500
v -0.812500 2.000000 -0.062500
v -0.812500 0.000000 0.000000
v -0.812500 2.000000 0.000000
v -0.812500 0.000000 0.062500
v -0.812500 2.000000 0.062500
v -0.812500 0.000000 0.125000
v -0.812500 2.000000 0.125000
v -0.812500 0.000000 0.187500
v -0.812500 2.000000 0.187500
v -0.812500 0.000000 0.250000
v -0.812500 2.000000 0.250000
v -0.812500 0.000000 0.312500
v -0.812500 0.062500 0.312500
v -0.812500 0.125000 0.312500
v -0.812500 0.187500 0.312500
v -0.812500 0.250000 0.312500
v -0.812500 0.312500 0.312500
v -0.812500 0.375000 0.312500
v -0.812500 0.437500 0.312500
v -0.812500 0.500000 0.312500
v -0.812500 0.562500 0.312500
v -0.812500 0.625000 0.312500
v -0.812500 0.687500 0.312500
v -0.812500 0.750000 0.312500
v -0.812500 0.812500 0.312500
v -0.812500 0.875000 0.312500
v -0.812500 0.937500 0.312500
v -0.812500 1.000000 0.312500
v -0.812500 1.062500 0.312500
v -0.812500 1.125000 0.312500
v -0.812500 1.187500 0.312500
v -0.812500 1.250000 0.312500
v -0.812500 1.312500 0.312500
v -0.812500 1.375000 0.312500
v -0.812500 1.437500 0.312500
v -0.812500 1.500000 0.312500
v -0.812500 1.562500 0.312500
v -0.812500 1.625000 0.312500
v -0.812500 1.687500 0.312500
v -0.812500 1.750000 0.312500
v -0.812500 1.812500 0.312500
v -0.812500 1.875000 0.312500
v -0.812500 1.937500 0.312500
v -0.812500 2.000000 0.312500
v -0.812500 0.000000 0.375000
v -0.812500 0.062500 0.375000
v -0.812500 0.000000 0.437500
v -0.812500 0.062500 0.437500
v -0.812500 0.000000 0.500000
v -0.812500 0.062500 0.500000
v -0.750000 0.062500 -0.500000
v -0.750000 0.000000 -0.500000
v -0.750000 0.000000 -0.437500
v -0.750000 0.062500 -0.437500
v -0.750000 0.000000 -0.375000
v -0.750000 0.062500 -0.375000
v -0.750000 0.000000 -0.312500
v -0.750000 0.062500 -0.312500
v -0.750000 0.000000 -0.250000
v -0.750000 0.125000 -0.312500
v -0.750000 0.187500 -0.312500
v -0.750000 0.250000 -0.312500
v -0.750000 0.312500 -0.312500
v -0.750000 0.375000 -0.312500
v -0.812500 0.437500 -0.250000
v -0.812500 0.437500 -0.312500
v -0.750000 0.437500 -0.312500
v -0.750000 0.500000 -0.312500
v -0.750000 0.562500 -0.312500
v -0.750000 0.625000 -0.312500
v -0.750000 0.687500 -0.312500
v -0.750000 0.750000 -0.312500
v -0.750000 0.812500 -0.312500
v -0.750000 0.875000 -0.312500
v -0.750000 0.937500 -0.312500
v -0.750000 1.000000 -0.312500
v -0.750000 1.000000 -0.250000
v -0.750000 1.187500 -0.312500
v -0.750000 1.125000 -0.312500
v -0.750000 1.125000 -0.250000
v -0.750000 1.250000 -0.312500
v -0.750000 1.312500 -0.312500
v -0.750000 1.375000 -0.312500
v -0.750000 1.437500 -0.312500
v -0.750000 1.500000 -0.312500
v -0.750000 1.562500 -0.312500
v -0.750000 1.625000 -0.312500
v -0.750000 1.687500 -0.312500
v -0.750000 1.750000 -0.312500
v -0.750000 1.812500 -0.312500
v -0.750000 1.875000 -0.312500
v -0.750000 1.937500 -0.312500
v -0.750000 2.000000 -0.312500
v -0.750000 2.000000 -0.250000
v -0.750000 0.000000 -0.187500
v -0.750000 1.000000 -0.187500
v -0.750000 1.125000 -0.187500
v -0.750000 2.000000 -0.187500
v -0.750000 0.000000 -0.125000
v -0.750000 1.062500 -0.187500
v -0.750000 2.000000 -0.125000
v -0.750000 0.000000 -0.062500
v -0.750000 2.000000 -0.062500
v -0.750000 0.000000 0.000000
v -0.750000 2.000000 0.000000
v -0.750000 0.000000 0.062500
v -0.750000 2.000000 0.062500
v -0.750000 0.000000 0.125000
v -0.750000 2.000000 0.125000
v -0.750000 0.000000 0.187500
v -0.750000 2.000000 0.187500
v -0.750000 0.000000 0.250000
v -0.750000 2.000000 0.250000
v -0.750000 0.000000 0.312500
v -0.750000 0.062500 0.312500
v -0.750000 0.125000 0.312500
v -0.750000 0.187500 0.312500
v -0.750000 0.250000 0.312500
v -0.750000 0.312500 0.312500
v -0.750000 0.375000 0.312500
v -0.750000 0.437500 0.312500
v -0.750000 0.500000 0.312500
v -0.750000 0.562500 0.312500
v -0.750000 0.625000 0.312500
v -0.750000 0.687500 0.312500
v -0.750000 0.750000 0.312500
v -0.750000 0.812500 0.312500
v -0.750000 0.875000 0.312500
v -0.750000 0.937500 0.312500
v -0.750000 1.000000 0.312500
v -0.750000 1.062500 0.312500
v -0.750000 1.125000 0.312500
v -0.750000 1.187500 0.312500
v -0.750000 1.250000 0.312500
v -0.750000 1.312500 0.312500
v -0.750000 1.375000 0.312500
v -0.750000 1.437500 0.312500
v -0.750000 1.500000 0.312500
v -0.750000 1.562500 0.312500
v -0.750000 1.625000 0.312500
v -0.750000 1.687500 0.312500
v -0.750000 1.750000 0.312500
v -0.750000 1.812500 0.312500
v -0.750000 1.875000 0.312500
v -0.750000 1.937500 0.312500
v -0.750000 2.000000 0.312500
v -0.750000 0.000000 0.375000
v -0.750000 0.062500 0.375000
v -0.750000 0.000000 0.437500
v -0.750000 0.062500 0.437500
v -0.750000 0.000000 0.500000
v -0.750000 0.062500 0.500000
v -0.687500 0.062500 -0.500000
v -0.687500 0.000000 -0.500000
v -0.687500 0.000000 -0.437500
v -0.687500 0.062500 -0.437500
v -0.687500 0.000000 -0.375000
v -0.687500 0.062500 -0.375000
v -0.687500 0.000000 -0.312500
v -0.687500 0.062500 -0.312500
v -0.687500 0.000000 -0.250000
v -0.687500 0.125000 -0.312500
v -0.687500 0.125000 -0.250000
v -0.687500 0.062500 -0.250000
v -0.687500 0.187500 -0.312500
v -0.687500 0.187500 -0.250000
v -0.687500 0.250000 -0.312500
v -0.687500 0.250000 -0.250000
v -0.687500 0.312500 -0.312500
v -0.687500 0.312500 -0.250000
v -0.687500 0.375000 -0.312500
v -0.687500 0.375000 -0.250000
v -0.687500 0.437500 -0.312500
v -0.687500 0.437500 -0.250000
v -0.687500 0.500000 -0.312500
v -0.687500 0.500000 -0.250000
v -0.687500 0.562500 -0.312500
v -0.687500 0.562500 -0.250000
v -0.687500 0.625000 -0.312500
v -0.687500 0.625000 -0.250000
v -0.687500 0.687500 -0.312500
v -0.687500 0.687500 -0.250000
v -0.687500 0.750000 -0.312500
v -0.687500 0.750000 -0.250000
v -0.687500 0.812500 -0.312500
v -0.687500 0.812500 -0.250000
v -0.687500 0.875000 -0.312500
v -0.687500 0.875000 -0.250000
v -0.687500 0.937500 -0.312500
v -0.687500 0.937500 -0.250000
v -0.687500 1.000000 -0.312500
v -0.687500 1.000000 -0.250000
v -0.750000 1.062500 -0.250000
v -0.750000 1.062500 -0.312500
v -0.687500 1.062500 -0.312500
v -0.687500 1.062500 -0.250000
v -0.687500 1.125000 -0.312500
v -0.687500 1.125000 -0.250000
v -0.687500 1.187500 -0.312500
v -0.687500 1.187500 -0.250000
v -0.687500 1.250000 -0.312500
v -0.687500 1.250000 -0.250000
v -0.687500 1.312500 -0.312500
v -0.687500 1.312500 -0.250000
v -0.687500 1.375000 -0.312500
v -0.687500 1.375000 -0.250000
v -0.687500 1.437500 -0.312500
v -0.687500 1.500000 -0.312500
v -0.687500 1.562500 -0.312500
v -0.687500 1.625000 -0.312500
v -0.687500 1.687500 -0.312500
v -0.687500 1.750000 -0.312500
v -0.687500 1.812500 -0.312500
v -0.687500 1.875000 -0.312500
v -0.687500 1.937500 -0.312500
v -0.687500 2.000000 -0.312500
v -0.687500 2.000000 -0.250000
v -0.687500 0.000000 -0.187500
v -0.687500 0.125000 -0.187500
v -0.687500 0.062500 -0.187500
v -0.687500 0.187500 -0.187500
v -0.687500 0.250000 -0.187500
v -0.687500 0.312500 -0.187500
v -0.687500 0.375000 -0.187500
v -0.687500 0.437500 -0.187500
v -0.687500 0.500000 -0.187500
v -0.687500 0.562500 -0.187500
v -0.687500 0.625000 -0.187500
v -0.687500 0.687500 -0.187500
v -0.687500 0.750000 -0.187500
v -0.687500 0.812500 -0.187500
v -0.687500 0.875000 -0.187500
v -0.687500 0.937500 -0.187500
v -0.687500 1.000000 -0.187500
v -0.687500 1.062500 -0.187500
v -0.687500 1.125000 -0.187500
v -0.687500 1.187500 -0.187500
v -0.687500 1.250000 -0.187500
v -0.687500 1.312500 -0.187500
v -0.687500 1.375000 -0.187500
v -0.687500 2.000000 -0.187500
v -0.687500 0.000000 -0.125000
v -0.687500 0.125000 -0.125000
v -0.687500 0.062500 -0.125000
v -0.687500 0.187500 -0.125000
v -0.687500 0.250000 -0.125000
v -0.687500 0.312500 -0.125000
v -0.687500 0.375000 -0.125000
v -0.687500 0.437500 -0.125000
v -0.687500 0.500000 -0.125000
v -0.687500 0.562500 -0.125000
v -0.687500 0.625000 -0.125000
v -0.687500 0.687500 -0.125000
v -0.687500 0.750000 -0.125000
v -0.687500 0.812500 -0.125000
v -0.687500 0.875000 -0.125000
v -0.687500 0.937500 -0.125000
v -0.687500 1.000000 -0.125000
v -0.687500 1.062500 -0.125000
v -0.687500 1.125000 -0.125000
v -0.687500 1.187500 -0.125000
v -0.687500 1.250000 -0.125000
v -0.687500 1.312500 -0.125000
v -0.687500 1.375000 -0.125000
v -0.687500 2.000000 -0.125000
v -0.687500 0.000000 -0.062500
v -0.687500 0.125000 -0.062500
v -0.687500 0.062500 -0.062500
v -0.687500 0.187500 -0.062500
v -0.687500 0.250000 -0.062500
v -0.687500 0.312500 -0.062500
v -0.687500 0.375000 -0.062500
v -0.687500 0.437500 -0.062500
v -0.687500 0.500000 -0.062500
v -0.687500 0.562500 -0.062500
v -0.687500 0.625000 -0.062500
v -0.687500 0.687500 -0.062500
v -0.687500 0.750000 -0.062500
v -0.687500 0.812500 -0.062500
v -0.687500 0.875000 -0.062500
v -0.687500 0.937500 -0.062500
v -0.687500 1.000000 -0.062500
v -0.687500 1.062500 -0.062500
v -0.687500 1.125000 -0.062500
v -0.687500 1.187500 -0.062500
v -0.687500 1.250000 -0.062500
v -0.687500 1.312500 -0.062500
v -0.687500 1.375000 -0.062500
v -0.687500 2.000000 -0.062500
v -0.687500 0.000000 0.000000
v -0.687500 0.125000 0.000000
v -0.687500 0.062500 0.000000
v -0.687500 0.187500 0.000000
v -0.687500 0.250000 0.000000
v -0.687500 0.312500 0.000000
v -0.687500 0.375000 0.000000
v -0.687500 0.437500 0.000000
v -0.687500 0.500000 0.000000
v -0.687500 0.562500 0.000000
v -0.687500 0.625000 0.000000
v -0.687500 0.687500 0.000000
v -0.687500 0.750000 0.000000
v -0.687500 0.812500 0.000000
v -0.687500 0.875000 0.000000
v -0.687500 0.937500 0.000000
v -0.687500 1.000000 0.000000
v -0.687500 1.062500 0.000000
v -0.687500 1.125000 0.000000
v -0.687500 1.187500 0.000000
v -0.687500 1.250000 0.000000
v -0.687500 1.312500 0.000000
v -0.687500 1.375000 0.000000
v -0.687500 2.000000 0.000000
v -0.687500 0.000000 0.062500
v -0.687500 0.125000 0.062500
v -0.687500 0.062500 0.062500
v -0.687500 0.187500 0.062500
v -0.687500 0.250000 0.062500
v -0.687500 0.312500 0.062500
v -0.687500 0.375000 0.062500
v -0.687500 0.437500 0.062500
v -0.687500 0.500000 0.062500
v -0.687500 0.562500 0.062500
v -0.687500 0.625000 0.062500
v -0.687500 0.687500 0.062500
v -0.687500 0.750000 0.062500
v -0.687500 0.812500 0.062500
v -0.687500 0.875000 0.062500
v -0.687500 0.937500 0.062500
v -0.687500 1.000000 0.062500
v -0.687500 1.062500 0.062500
v -0.687500 1.125000 0.062500
v -0.687500 1.187500 0.062500
v -0.687500 1.250000 0.062500
v -0.687500 1.312500 0.062500
v -0.687500 1.375000 0.062500
v -0.687500 2.000000 0.062500
v -0.687500 0.000000 0.125000
v -0.687500 0.125000 0.125000
v -0.687500 0.062500 0.125000
v -0.687500 0.187500 0.125000
v -0.687500 0.250000 0.125000
v -0.687500 0.312500 0.125000
v -0.687500 0.375000 0.125000
v -0.687500 0.437500 0.125000
v -0.687500 0.500000 0.125000
v -0.687500 0.562500 0.125000
v -0.687500 0.625000 0.125000
v -0.687500 0.687500 0.125000
v -0.687500 0.750000 0.125000
v -0.687500 0.812500 0.125000
v -0.687500 0.875000 0.125000
v -0.687500 0.937500 0.125000
v -0.687500 1.000000 0.125000
v -0.687500 1.062500 0.125000
v -0.687500 1.125000 0.125000
v -0.687500 1.187500 0.125000
v -0.687500 1.250000 0.125000
v -0.687500 1.312500 0.125000
v -0.687500 1.375000 0.125000
v -0.687500 2.000000 0.125000
v -0.687500 0.000000 0.187500
v -0.687500 0.125000 0.187500
v -0.687500 0.062500 0.187500
v -0.687500 0.187500 0.187500
v -0.687500 0.250000 0.187500
v -0.687500 0.312500 0.187500
v -0.687500 0.375000 0.187500
v -0.687500 0.437500 0.187500
v -0.687500 0.500000 0.187500
v -0.687500 0.562500 0.187500
v -0.687500 0.625000 0.187500
v -0.687500 0.687500 0.187500
v -0.687500 0.750000 0.187500
v -0.687500 0.812500 0.187500
v -0.687500 0.875000 0.187500
v -0.687500 0.937500 0.187500
v -0.687500 1.000000 0.187500
v -0.687500 1.062500 0.187500
v -0.687500 1.125000 0.187500
v -0.687500 1.187500 0.187500
v -0.687500 1.250000 0.187500
v -0.687500 1.312500 0.187500
v -0.687500 1.375000 0.187500
v -0.687500 2.000000 0.187500
v -0.687500 0.000000 0.250000
v -0.687500 0.125000 0.250000
v -0.687500 0.062500 0.250000
v -0.687500 0.187500 0.250000
v -0.687500 0.250000 0.250000
v -0.687500 0.312500 0.250000
v -0.687500 0.375000 0.250000
v -0.687500 0.437500 0.250000
v -0.687500 0.500000 0.250000
v -0.687500 0.562500 0.250000
v -0.687500 0.625000 0.250000
v -0.687500 0.687500 0.250000
v -0.687500 0.750000 0.250000
v -0.687500 0.812500 0.250000
v -0.687500 0.875000 0.250000
v -0.687500 0.937500 0.250000
v -0.687500 1.000000 0.250000
v -0.687500 1.062500 0.250000
v -0.687500 1.125000 0.250000
v -0.687500 1.187500 0.250000
v -0.687500 1.250000 0.250000
v -0.687500 1.312500 0.250000
v -0.687500 1.375000 0.250000
v -0.687500 2.000000 0.250000
v -0.687500 0.000000 0.312500
v -0.687500 0.125000 0.312500
v -0.687500 0.062500 0.312500
v -0.687500 0.187500 0.312500
v -0.687500 0.250000 0.312500
v -0.687500 0.312500 0.312500
v -0.687500 0.375000 0.312500
v -0.687500 0.437500 0.312500
v -0.687500 0.500000 0.312500
v -0.687500 0.562500 0.312500
v -0.687500 0.625000 0.312500
v -0.687500 0.687500 0.312500
v -0.687500 0.750000 0.312500
v -0.687500 0.812500 0.312500
v -0.687500 0.875000 0.312500
v -0.687500 0.937500 0.312500
v -0.687500 1.000000 0.312500
v -0.687500 1.062500 0.312500
v -0.687500 1.125000 0.312500
v -0.687500 1.187500 0.312500
v -0.687500 1.250000 0.312500
v -0.687500 1.312500 0.312500
v -0.687500 1.375000 0.312500
v -0.687500 1.437500 0.312500
v -0.687500 1.500000 0.312500
v -0.687500 1.562500 0.312500
v -0.687500 1.625000 0.312500
v -0.687500 1.687500 0.312500
v -0.687500 1.750000 0.312500
v -0.687500 1.812500 0.312500
v -0.687500 1.875000 0.312500
v -0.687500 1.937500 0.312500
v -0.687500 2.000000 0.312500
v -0.687500 0.000000 0.375000
v -0.687500 0.062500 0.375000
v -0.687500 0.000000 0.437500
v -0.687500 0.062500 0.437500
v -0.687500 0.000000 0.500000
v -0.687500 0.062500 0.500000
v -0.625000 0.062500 -0.500000
v -0.625000 0.000000 -0.500000
v -0.625000 0.000000 -0.437500
v -0.625000 0.062500 -0.437500
v -0.625000 0.000000 -0.375000
v -0.625000 0.062500 -0.375000
v -0.625000 0.000000 -0.312500
v -0.625000 0.062500 -0.312500
v -0.625000 0.000000 -0.250000
v -0.625000 0.062500 -0.250000
v -0.625000 1.437500 -0.312500
v -0.625000 1.437500 -0.250000
v -0.625000 1.375000 -0.250000
v -0.625000 1.375000 -0.312500
v -0.625000 1.500000 -0.312500
v -0.625000 1.500000 -0.250000
v -0.625000 1.562500 -0.312500
v -0.625000 1.625000 -0.312500
v -0.625000 1.687500 -0.312500
v -0.625000 1.750000 -0.312500
v -0.625000 1.812500 -0.312500
v -0.625000 1.875000 -0.312500
v -0.625000 1.937500 -0.312500
v -0.625000 2.000000 -0.312500
v -0.625000 2.000000 -0.250000
v -0.625000 0.000000 -0.187500
v -0.625000 0.062500 -0.187500
v -0.625000 1.437500 -0.187500
v -0.625000 1.375000 -0.187500
v -0.625000 1.500000 -0.187500
v -0.625000 2.000000 -0.187500
v -0.625000 0.000000 -0.125000
v -0.625000 0.062500 -0.125000
v -0.625000 1.437500 -0.125000
v -0.625000 1.375000 -0.125000
v -0.625000 1.500000 -0.125000
v -0.625000 2.000000 -0.125000
v -0.625000 0.000000 -0.062500
v -0.625000 0.062500 -0.062500
v -0.625000 1.437500 -0.062500
v -0.625000 1.375000 -0.062500
v -0.625000 1.500000 -0.062500
v -0.625000 2.000000 -0.062500
v -0.625000 0.000000 0.000000
v -0.625000 0.062500 0.000000
v -0.625000 1.437500 0.000000
v -0.625000 1.375000 0.000000
v -0.625000 1.500000 0.000000
v -0.625000 2.000000 0.000000
v -0.625000 0.000000 0.062500
v -0.625000 0.062500 0.062500
v -0.625000 1.437500 0.062500
v -0.625000 1.375000 0.062500
v -0.625000 1.500000 0.062500
v -0.625000 2.000000 0.062500
v -0.625000 0.000000 0.125000
v -0.625000 0.062500 0.125000
v -0.625000 1.437500 0.125000
v -0.625000 1.375000 0.125000
v -0.625000 1.500000 0.125000
v -0.625000 2.000000 0.125000
v -0.625000 0.000000 0.187500
v -0.625000 0.062500 0.187500
v -0.625000 1.437500 0.187500
v -0.625000 1.375000 0.187500
v -0.625000 1.500000 0.187500
v -0.625000 2.000000 0.187500
v -0.625000 0.000000 0.250000
v -0.625000 0.062500 0.250000
v -0.625000 1.437500 0.250000
v -0.625000 1.375000 0.250000
v -0.625000 1.500000 0.250000
v -0.625000 2.000000 0.250000
v -0.625000 0.000000 0.312500
v -0.625000 0.062500 0.312500
v -0.625000 1.437500 0.312500
v -0.625000 1.375000 0.312500
v -0.625000 1.500000 0.312500
v -0.625000 1.562500 0.312500
v -0.625000 1.625000 0.312500
v -0.625000 1.687500 0.312500
v -0.625000 1.750000 0.312500
v -0.625000 1.812500 0.312500
v -0.625000 1.875000 0.312500
v -0.625000 1.937500 0.312500
v -0.625000 2.000000 0.312500
v -0.625000 0.000000 0.375000
v -0.625000 0.062500 0.375000
v -0.625000 0.000000 0.437500
v -0.625000 0.062500 0.437500
v -0.625000 0.000000 0.500000
v -0.625000 0.062500 0.500000
v -0.562500 0.062500 -0.500000
v -0.562500 0.000000 -0.500000
v -0.562500 0.000000 -0.437500
v -0.562500 0.062500 -0.437500
v -0.562500 0.000000 -0.375000
v -0.562500 0.062500 -0.375000
v -0.562500 0.000000 -0.312500
v -0.562500 0.062500 -0.312500
v -0.562500 0.000000 -0.250000
v -0.562500 0.062500 -0.250000
v -0.562500 1.562500 -0.312500
v -0.562500 1.562500 -0.250000
v -0.562500 1.500000 -0.250000
v -0.562500 1.500000 -0.312500
v -0.562500 1.625000 -0.312500
v -0.562500 1.625000 -0.250000
v -0.562500 1.687500 -0.312500
v -0.562500 1.750000 -0.312500
v -0.562500 1.812500 -0.312500
v -0.562500 1.875000 -0.312500
v -0.562500 1.937500 -0.312500
v -0.562500 2.000000 -0.312500
v -0.562500 2.000000 -0.250000
v -0.562500 0.000000 -0.187500
v -0.562500 0.062500 -0.187500
v -0.562500 1.562500 -0.187500
v -0.562500 1.500000 -0.187500
v -0.562500 1.625000 -0.187500
v -0.562500 2.000000 -0.187500
v -0.562500 0.000000 -0.125000
v -0.562500 0.062500 -0.125000
v -0.562500 1.562500 -0.125000
v -0.562500 1.500000 -0.125000
v -0.562500 1.625000 -0.125000
v -0.562500 2.000000 -0.125000
v -0.562500 0.000000 -0.062500
v -0.562500 0.062500 -0.062500
v -0.562500 1.562500 -0.062500
v -0.562500 1.500000 -0.062500
v -0.562500 1.625000 -0.062500
v -0.562500 2.000000 -0.062500
v -0.562500 0.000000 0.000000
v -0.562500 0.062500 0.000000
v -0.562500 1.562500 0.000000
v -0.562500 1.500000 0.000000
v -0.562500 1.625000 0.000000
v -0.562500 2.000000 0.000000
v -0.562500 0.000000 0.062500
v -0.562500 0.062500 0.062500
v -0.562500 1.562500 0.062500
v -0.562500 1.500000 0.062500
v -0.562500 1.625000 0.062500
v -0.562500 2.000000 0.062500
v -0.562500 0.000000 0.125000
v -0.562500 0.062500 0.125000
v -0.562500 1.562500 0.125000
v -0.562500 1.500000 0.125000
v -0.562500 1.625000 0.125000
v -0.562500 2.000000 0.125000
v -0.562500 0.000000 0.187500
v -0.562500 0.062500 0.187500
v -0.562500 1.562500 0.187500
v -0.562500 1.500000 0.187500
v -0.562500 1.625000 0.187500
v -0.562500 2.000000 0.187500
v -0.562500 0.000000 0.250000
v -0.562500 0.062500 0.250000
v -0.562500 1.562500 0.250000
v -0.562500 1.500000 0.250000
v -0.562500 1.625000 0.250000
v -0.562500 2.000000 0.250000
v -0.562500 0.000000 0.312500
v -0.562500 0.062500 0.312500
v -0.562500 1.562500 0.312500
v -0.562500 1.500000 0.312500
v -0.562500 1.625000 0.312500
v -0.562500 1.687500 0.312500
v -0.562500 1.750000 0.312500
v -0.562500 1.812500 0.312500
v -0.562500 1.875000 0.312500
v -0.562500 1.937500 0.312500
v -0.562500 2.000000 0.312500
v -0.562500 0.000000 0.375000
v -0.562500 0.062500 0.375000
v -0.562500 0.000000 0.437500
v -0.562500 0.062500 0.437500
v -0.562500 0.000000 0.500000
v -0.562500 0.062500 0.500000
v -0.500000 0.062500 -0.500000
v -0.500000 0.000000 -0.500000
v -0.500000 0.000000 -0.437500
v -0.500000 0.062500 -0.437500
v -0.500000 0.000000 -0.375000
v -0.500000 0.062500 -0.375000
v -0.500000 0.000000 -0.312500
v -0.500000 0.062500 -0.312500
v -0.500000 0.000000 -0.250000
v -0.500000 0.062500 -0.250000
v -0.500000 1.687500 -0.312500
v -0.500000 1.687500 -0.250000
v -0.500000 1.625000 -0.250000
v -0.500000 1.625000 -0.312500
v -0.500000 1.750000 -0.312500
v -0.500000 1.750000 -0.250000
v -0.500000 1.812500 -0.312500
v -0.500000 1.875000 -0.312500
v -0.500000 1.937500 -0.312500
v -0.500000 2.000000 -0.312500
v -0.500000 2.000000 -0.250000
v -0.500000 0.000000 -0.187500
v -0.500000 0.062500 -0.187500
v -0.500000 1.687500 -0.187500
v -0.500000 1.625000 -0.187500
v -0.500000 1.750000 -0.187500
v -0.500000 2.000000 -0.187500
v -0.500000 0.000000 -0.125000
v -0.500000 0.062500 -0.125000
v -0.500000 1.687500 -0.125000
v -0.500000 1.625000 -0.125000
v -0.500000 1.750000 -0.125000
v -0.500000 2.000000 -0.125000
v -0.500000 0.000000 -0.062500
v -0.500000 0.062500 -0.062500
v -0.500000 1.687500 -0.062500
v -0.500000 1.625000 -0.062500
v -0.500000 1.750000 -0.062500
v -0.500000 2.000000 -0.062500
v -0.500000 0.000000 0.000000
v -0.500000 0.062500 0.000000
v -0.500000 1.687500 0.000000
v -0.500000 1.625000 0.000000
v -0.500000 1.750000 0.000000
v -0.500000 2.000000 0.000000
v -0.500000 0.000000 0.062500
v -0.500000 0.062500 0.062500
v -0.500000 1.687500 0.062500
v -0.500000 1.625000 0.062500
v -0.500000 1.750000 0.062500
v -0.500000 2.000000 0.062500
v -0.500000 0.000000 0.125000
v -0.500000 0.062500 0.125000
v -0.500000 1.687500 0.125000
v -0.500000 1.625000 0.125000
v -0.500000 1.750000 0.125000
v -0.500000 2.000000 0.125000
v -0.500000 0.000000 0.187500
v -0.500000 0.062500 0.187500
v -0.500000 1.687500 0.187500
v -0.500000 1.625000 0.187500
v -0.500000 1.750000 0.187500
v -0.500000 2.000000 0.187500
v -0.500000 0.000000 0.250000
v -0.500000 0.062500 0.250000
v -0.500000 1.687500 0.250000
v -0.500000 1.625000 0.250000
v -0.500000 1.750000 0.250000
v -0.500000 2.000000 0.250000
v -0.500000 0.000000 0.312500
v -0.500000 0.062500 0.312500
v -0.500000 1.687500 0.312500
v -0.500000 1.625000 0.312500
v -0.500000 1.750000 0.312500
v -0.500000 1.812500 0.312500
v -0.500000 1.875000 0.312500
v -0.500000 1.937500 0.312500
v -0.500000 2.000000 0.312500
v -0.500000 0.000000 0.375000
v -0.500000 0.062500 0.375000
v -0.500000 0.000000 0.437500
v -0.500000 0.062500 0.437500
v -0.500000 0.000000 0.500000
v -0.500000 0.062500 0.500000
v -0.437500 0.062500 -0.500000
v -0.437500 0.000000 -0.500000
v -0.437500 0.000000 -0.437500
v -0.437500 0.062500 -0.437500
v -0.437500 0.000000 -0.375000
v -0.437500 0.062500 -0.375000
v -0.437500 0.000000 -0.312500
v -0.437500 0.062500 -0.312500
v -0.437500 0.000000 -0.250000
v -0.437500 0.062500 -0.250000
v -0.437500 1.812500 -0.312500
v -0.437500 1.812500 -0.250000
v -0.437500 1.750000 -0.250000
v -0.437500 1.750000 -0.312500
v -0.437500 1.875000 -0.312500
v -0.437500 1.937500 -0.312500
v -0.437500 1.937500 -0.250000
v -0.437500 1.875000 -0.250000
v -0.437500 2.000000 -0.312500
v -0.437500 2.000000 -0.250000
v -0.437500 0.000000 -0.187500
v -0.437500 0.062500 -0.187500
v -0.437500 1.812500 -0.187500
v -0.437500 1.750000 -0.187500
v -0.437500 1.937500 -0.187500
v -0.437500 1.875000 -0.187500
v -0.437500 2.000000 -0.187500
v -0.437500 0.000000 -0.125000
v -0.437500 0.062500 -0.125000
v -0.437500 1.812500 -0.125000
v -0.437500 1.750000 -0.125000
v -0.437500 2.000000 -0.125000
v -0.437500 0.000000 -0.062500
v -0.437500 0.062500 -0.062500
v -0.437500 1.812500 -0.062500
v -0.437500 1.750000 -0.062500
v -0.437500 2.000000 -0.062500
v -0.437500 0.000000 0.000000
v -0.437500 0.062500 0.000000
v -0.437500 1.812500 0.000000
v -0.437500 1.750000 0.000000
v -0.437500 2.000000 0.000000
v -0.437500 0.000000 0.062500
v -0.437500 0.062500 0.062500
v -0.437500 1.812500 0.062500
v -0.437500 1.750000 0.062500
v -0.437500 2.000000 0.062500
v -0.437500 0.000000 0.125000
v -0.437500 0.062500 0.125000
v -0.437500 1.812500 0.125000
v -0.437500 1.750000 0.125000
v -0.437500 2.000000 0.125000
v -0.437500 0.000000 0.187500
v -0.437500 0.062500 0.187500
v -0.437500 1.812500 0.187500
v -0.437500 1.750000 0.187500
v -0.437500 2.000000 0.187500
v -0.437500 0.000000 0.250000
v -0.437500 0.062500 0.250000
v -0.437500 1.812500 0.250000
v -0.437500 1.750000 0.250000
v -0.437500 2.000000 0.250000
v -0.437500 0.000000 0.312500
v -0.437500 0.062500 0.312500
v -0.437500 1.812500 0.312500
v -0.437500 1.750000 0.312500
v -0.437500 1.875000 0.312500
v -0.437500 1.937500 0.312500
v -0.437500 2.000000 0.312500
v -0.437500 0.000000 0.375000
v -0.437500 0.062500 0.375000
v -0.437500 0.000000 0.437500
v -0.437500 0.062500 0.437500
v -0.437500 0.000000 0.500000
v -0.437500 0.062500 0.500000
v -0.375000 0.062500 -0.500000
v -0.375000 0.000000 -0.500000
v -0.375000 0.000000 -0.437500
v -0.375000 0.062500 -0.437500
v -0.375000 0.000000 -0.375000
v -0.375000 0.062500 -0.375000
v -0.375000 0.000000 -0.312500
v -0.375000 0.062500 -0.312500
v -0.375000 0.000000 -0.250000
v -0.375000 0.062500 -0.250000
v -0.375000 1.875000 -0.312500
v -0.375000 1.812500 -0.312500
v -0.375000 1.812500 -0.250000
v -0.375000 1.875000 -0.250000
v -0.375000 0.000000 -0.187500
v -0.375000 0.062500 -0.187500
v -0.375000 1.812500 -0.187500
v -0.375000 1.875000 -0.187500
v -0.375000 0.000000 -0.125000
v -0.375000 0.062500 -0.125000
v -0.375000 1.812500 -0.125000
v -0.375000 1.937500 -0.187500
v -0.375000 2.000000 -0.187500
v -0.375000 2.000000 -0.125000
v -0.375000 0.000000 -0.062500
v -0.375000 0.062500 -0.062500
v -0.375000 1.812500 -0.062500
v -0.375000 2.000000 -0.062500
v -0.375000 0.000000 0.000000
v -0.375000 0.062500 0.000000
v -0.375000 1.812500 0.000000
v -0.375000 2.000000 0.000000
v -0.375000 0.000000 0.062500
v -0.375000 0.062500 0.062500
v -0.375000 1.812500 0.062500
v -0.375000 2.000000 0.062500
v -0.375000 0.000000 0.125000
v -0.375000 0.062500 0.125000
v -0.375000 1.812500 0.125000
v -0.375000 2.000000 0.125000
v -0.375000 0.000000 0.187500
v -0.375000 0.062500 0.187500
v -0.375000 1.812500 0.187500
v -0.375000 2.000000 0.187500
v -0.375000 0.000000 0.250000
v -0.375000 0.062500 0.250000
v -0.375000 1.812500 0.250000
v -0.375000 2.000000 0.250000
v -0.375000 0.000000 0.312500
v -0.375000 0.062500 0.312500
v -0.375000 1.812500 0.312500
v -0.375000 1.875000 0.312500
v -0.375000 1.937500 0.312500
v -0.375000 2.000000 0.312500
v -0.375000 0.000000 0.375000
v -0.375000 0.062500 0.375000
v -0.375000 0.000000 0.437500
v -0.375000 0.062500 0.437500
v -0.375000 0.000000 0.500000
v -0.375000 0.062500 0.500000
v -0.312500 0.062500 -0.500000
v -0.312500 0.000000 -0.500000
v -0.312500 0.000000 -0.437500
v -0.312500 0.062500 -0.437500
v -0.312500 0.000000 -0.375000
v -0.312500 0.062500 -0.375000
v -0.312500 0.000000 -0.312500
v -0.312500 0.062500 -0.312500
v -0.312500 0.000000 -0.250000
v -0.312500 0.062500 -0.250000
v -0.312500 1.875000 -0.312500
v -0.312500 1.812500 -0.312500
v -0.312500 1.812500 -0.250000
v -0.312500 1.875000 -0.250000
v -0.312500 0.000000 -0.187500
v -0.312500 0.062500 -0.187500
v -0.312500 1.812500 -0.187500
v -0.312500 1.875000 -0.187500
v -0.312500 0.000000 -0.125000
v -0.312500 0.062500 -0.125000
v -0.312500 1.812500 -0.125000
v -0.312500 1.937500 -0.187500
v -0.312500 2.000000 -0.187500
v -0.312500 2.000000 -0.125000
v -0.312500 0.000000 -0.062500
v -0.312500 0.062500 -0.062500
v -0.312500 1.812500 -0.062500
v -0.312500 2.000000 -0.062500
v -0.312500 0.000000 0.000000
v -0.312500 0.062500 0.000000
v -0.312500 1.812500 0.000000
v -0.312500 2.000000 0.000000
v -0.312500 0.000000 0.062500
v -0.312500 0.062500 0.062500
v -0.312500 1.812500 0.062500
v -0.312500 2.000000 0.062500
v -0.312500 0.000000 0.125000
v -0.312500 0.062500 0.125000
v -0.312500 1.812500 0.125000
v -0.312500 2.000000 0.125000
v -0.312500 0.000000 0.187500
v -0.312500 0.062500 0.187500
v -0.312500 1.812500 0.187500
v -0.312500 2.000000 0.187500
v -0.312500 0.000000 0.250000
v -0.312500 0.062500 0.250000
v -0.312500 1.812500 0.250000
v -0.312500 2.000000 0.250000
v -0.312500 0.000000 0.312500
v -0.312500 0.062500 0.312500
v -0.312500 1.812500 0.312500
v -0.312500 1.875000 0.312500
v -0.312500 1.937500 0.312500
v -0.312500 2.000000 0.312500
v -0.312500 0.000000 0.375000
v -0.312500 0.062500 0.375000
v -0.312500 0.000000 0.437500
v -0.312500 0.062500 0.437500
v -0.312500 0.000000 0.500000
v -0.312500 0.062500 0.500000
v -0.250000 0.062500 -0.500000
v -0.250000 0.000000 -0.500000
v -0.250000 0.000000 -0.437500
v -0.250000 0.062500 -0.437500
v -0.250000 0.000000 -0.375000
v -0.250000 0.062500 -0.375000
v -0.250000 0.000000 -0.312500
v -0.250000 0.062500 -0.312500
v -0.250000 0.000000 -0.250000
v -0.250000 0.062500 -0.250000
v -0.250000 1.875000 -0.312500
v -0.250000 1.812500 -0.312500
v -0.250000 1.812500 -0.250000
v -0.312500 1.937500 -0.250000
v -0.312500 1.937500 -0.312500
v -0.250000 1.937500 -0.312500
v -0.312500 2.000000 -0.250000
v -0.312500 2.000000 -0.312500
v -0.250000 2.000000 -0.312500
v -0.250000 2.000000 -0.250000
v -0.250000 0.000000 -0.187500
v -0.250000 0.062500 -0.187500
v -0.250000 1.812500 -0.187500
v -0.250000 2.000000 -0.187500
v -0.250000 0.000000 -0.125000
v -0.250000 0.062500 -0.125000
v -0.250000 1.812500 -0.125000
v -0.250000 2.000000 -0.125000
v -0.250000 0.000000 -0.062500
v -0.250000 0.062500 -0.062500
v -0.250000 1.812500 -0.062500
v -0.250000 2.000000 -0.062500
v -0.250000 0.000000 0.000000
v -0.250000 0.062500 0.000000
v -0.250000 1.812500 0.000000
v -0.250000 2.000000 0.000000
v -0.250000 0.000000 0.062500
v -0.250000 0.062500 0.062500
v -0.250000 1.812500 0.062500
v -0.250000 2.000000 0.062500
v -0.250000 0.000000 0.125000
v -0.250000 0.062500 0.125000
v -0.250000 1.812500 0.125000
v -0.250000 2.000000 0.125000
v -0.250000 0.000000 0.187500
v -0.250000 0.062500 0.187500
v -0.250000 1.812500 0.187500
v -0.250000 2.000000 0.187500
v -0.250000 0.000000 0.250000
v -0.250000 0.062500 0.250000
v -0.250000 1.812500 0.250000
v -0.250000 2.000000 0.250000
v -0.250000 0.000000 0.312500
v -0.250000 0.062500 0.312500
v -0.250000 1.812500 0.312500
v -0.250000 1.875000 0.312500
v -0.250000 1.937500 0.312500
v -0.250000 2.000000 0.312500
v -0.250000 0.000000 0.375000
v -0.250000 0.062500 0.375000
v -0.250000 0.000000 0.437500
v -0.250000 0.062500 0.437500
v -0.250000 0.000000 0.500000
v -0.250000 0.062500 0.500000
v -0.187500 0.062500 -0.500000
v -0.187500 0.000000 -0.500000
v -0.187500 0.000000 -0.437500
v -0.187500 0.062500 -0.437500
v -0.187500 0.000000 -0.375000
v -0.187500 0.062500 -0.375000
v -0.187500 0.000000 -0.312500
v -0.187500 0.062500 -0.312500
v -0.187500 0.000000 -0.250000
v -0.187500 0.062500 -0.250000
v -0.187500 1.875000 -0.312500
v -0.187500 1.812500 -0.312500
v -0.187500 1.812500 -0.250000
v -0.187500 1.937500 -0.312500
v -0.187500 2.000000 -0.312500
v -0.187500 2.000000 -0.250000
v -0.187500 0.000000 -0.187500
v -0.187500 0.062500 -0.187500
v -0.187500 1.812500 -0.187500
v -0.187500 2.000000 -0.187500
v -0.187500 0.000000 -0.125000
v -0.187500 0.062500 -0.125000
v -0.187500 1.812500 -0.125000
v -0.187500 2.000000 -0.125000
v -0.187500 0.000000 -0.062500
v -0.187500 0.062500 -0.062500
v -0.187500 1.812500 -0.062500
v -0.187500 2.000000 -0.062500
v -0.187500 0.000000 0.000000
v -0.187500 0.062500 0.000000
v -0.187500 1.812500 0.000000
v -0.187500 2.000000 0.000000
v -0.187500 0.000000 0.062500
v -0.187500 0.062500 0.062500
v -0.187500 1.812500 0.062500
v -0.187500 2.000000 0.062500
v -0.187500 0.000000 0.125000
v -0.187500 0.062500 0.125000
v -0.187500 1.812500 0.125000
v -0.187500 2.000000 0.125000
v -0.187500 0.000000 0.187500
v -0.187500 0.062500 0.187500
v -0.187500 1.812500 0.187500
v -0.187500 2.000000 0.187500
v -0.187500 0.000000 0.250000
v -0.187500 0.062500 0.250000
v -0.187500 1.812500 0.250000
v -0.187500 2.000000 0.250000
v -0.187500 0.000000 0.312500
v -0.187500 0.062500 0.312500
v -0.187500 1.812500 0.312500
v -0.187500 1.875000 0.312500
v -0.187500 1.937500 0.312500
v -0.187500 2.000000 0.312500
v -0.187500 0.000000 0.375000
v -0.187500 0.062500 0.375000
v -0.187500 0.000000 0.437500
v -0.187500 0.062500 0.437500
v -0.187500 0.000000 0.500000
v -0.187500 0.062500 0.500000
v -0.125000 0.062500 -0.500000
v -0.125000 0.000000 -0.500000
v -0.125000 0.000000 -0.437500
v -0.125000 0.062500 -0.437500
v -0.125000 0.000000 -0.375000
v -0.125000 0.062500 -0.375000
v -0.125000 0.000000 -0.312500
v -0.125000 0.062500 -0.312500
v -0.125000 0.000000 -0.250000
v -0.125000 0.062500 -0.250000
v -0.125000 1.875000 -0.312500
v -0.125000 1.812500 -0.312500
v -0.125000 1.812500 -0.250000
v -0.125000 1.937500 -0.312500
v -0.125000 2.000000 -0.312500
v -0.125000 2.000000 -0.250000
v -0.125000 0.000000 -0.187500
v -0.125000 0.062500 -0.187500
v -0.125000 1.812500 -0.187500
v -0.125000 2.000000 -0.187500
v -0.125000 0.000000 -0.125000
v -0.125000 0.062500 -0.125000
v -0.125000 1.812500 -0.125000
v -0.125000 2.000000 -0.125000
v -0.125000 0.000000 -0.062500
v -0.125000 0.062500 -0.062500
v -0.125000 1.812500 -0.062500
v -0.125000 2.000000 -0.062500
v -0.125000 0.000000 0.000000
v -0.125000 0.062500 0.000000
v -0.125000 1.812500 0.000000
v -0.125000 2.000000 0.000000
v -0.125000 0.000000 0.062500
v -0.125000 0.062500 0.062500
v -0.125000 1.812500 0.062500
v -0.125000 2.000000 0.062500
v -0.125000 0.000000 0.125000
v -0.125000 0.062500 0.125000
v -0.125000 1.812500 0.125000
v -0.125000 2.000000 0.125000
v -0.125000 0.000000 0.187500
v -0.125000 0.062500 0.187500
v -0.125000 1.812500 0.187500
v -0.125000 2.000000 0.187500
v -0.125000 0.000000 0.250000
v -0.125000 0.062500 0.250000
v -0.125000 1.812500 0.250000
v -0.125000 2.000000 0.250000
v -0.125000 0.000000 0.312500
v -0.125000 0.062500 0.312500
v -0.125000 1.812500 0.312500
v -0.125000 1.875000 0.312500
v -0.125000 1.937500 0.312500
v -0.125000 2.000000 0.312500
v -0.125000 0.000000 0.375000
v -0.125000 0.062500 0.375000
v -0.125000 0.000000 0.437500
v -0.125000 0.062500 0.437500
v -0.125000 0.000000 0.500000
v -0.125000 0.062500 0.500000
v -0.062500 0.062500 -0.500000
v -0.062500 0.000000 -0.500000
v -0.062500 0.000000 -0.437500
v -0.062500 0.062500 -0.437500
v -0.062500 0.000000 -0.375000
v -0.062500 0.062500 -0.375000
v -0.062500 0.000000 -0.312500
v -0.062500 0.062500 -0.312500
v -0.062500 0.000000 -0.250000
v -0.062500 0.062500 -0.250000
v -0.062500 1.875000 -0.312500
v -0.062500 1.812500 -0.312500
v -0.062500 1.812500 -0.250000
v -0.062500 1.937500 -0.312500
v -0.062500 2.000000 -0.312500
v -0.062500 2.000000 -0.250000
v -0.062500 0.000000 -0.187500
v -0.062500 0.062500 -0.187500
v -0.062500 1.812500 -0.187500
v -0.062500 2.000000 -0.187500
v -0.062500 0.000000 -0.125000
v -0.062500 0.062500 -0.125000
v -0.062500 1.812500 -0.125000
v -0.062500 2.000000 -0.125000
v -0.062500 0.000000 -0.062500
v -0.062500 0.062500 -0.062500
v -0.062500 1.812500 -0.062500
v -0.062500 2.000000 -0.062500
v -0.062500 0.000000 0.000000
v -0.062500 0.062500 0.000000
v -0.062500 1.812500 0.000000
v -0.062500 2.000000 0.000000
v -0.062500 0.000000 0.062500
v -0.062500 0.062500 0.062500
v -0.062500 1.812500 0.062500
v -0.062500 2.000000 0.062500
v -0.062500 0.000000 0.125000
v -0.062500 0.062500 0.125000
v -0.062500 1.812500 0.125000
v -0.062500 2.000000 0.125000
v -0.062500 0.000000 0.187500
v -0.062500 0.062500 0.187500
v -0.062500 1.812500 0.187500
v -0.062500 2.000000 0.187500
v -0.062500 0.000000 0.250000
v -0.062500 0.062500 0.250000
v -0.062500 1.812500 0.250000
v -0.062500 2.000000 0.250000
v -0.062500 0.000000 0.312500
v -0.062500 0.062500 0.312500
v -0.062500 1.812500 0.312500
v -0.062500 1.875000 0.312500
v -0.062500 1.937500 0.312500
v -0.062500 2.000000 0.312500
v -0.062500 0.000000 0.375000
v -0.062500 0.062500 0.375000
v -0.062500 0.000000 0.437500
v -0.062500 0.062500 0.437500
v -0.062500 0.000000 0.500000
v -0.062500 0.062500 0.500000
v 0.000000 0.062500 -0.500000
v 0.000000 0.000000 -0.500000
v 0.000000 0.000000 -0.437500
v 0.000000 0.062500 -0.437500
v 0.000000 0.000000 -0.375000
v 0.000000 0.062500 -0.375000
v 0.000000 0.000000 -0.312500
v 0.000000 0.062500 -0.312500
v 0.000000 0.000000 -0.250000
v 0.000000 0.062500 -0.250000
v 0.000000 1.875000 -0.312500
v 0.000000 1.812500 -0.312500
v 0.000000 1.812500 -0.250000
v 0.000000 1.937500 -0.312500
v 0.000000 2.000000 -0.312500
v 0.000000 2.000000 -0.250000
v 0.000000 0.000000 -0.187500
v 0.000000 0.062500 -0.187500
v 0.000000 1.812500 -0.187500
v 0.000000 2.000000 -0.187500
v 0.000000 0.000000 -0.125000
v 0.000000 0.062500 -0.125000
v 0.000000 1.812500 -0.125000
v 0.000000 2.000000 -0.125000
v 0.000000 0.000000 -0.062500
v 0.000000 0.062500 -0.062500
v 0.000000 1.812500 -0.062500
v 0.000000 2.000000 -0.062500
v 0.000000 0.000000 0.000000
v 0.000000 0.062500 0.000000
v 0.000000 1.812500 0.000000
v 0.000000 2.000000 0.000000
v 0.000000 0.000000 0.062500
v 0.000000 0.062500 0.062500
v 0.000000 1.812500 0.062500
v 0.000000 2.000000 0.062500
v 0.000000 0.000000 0.125000
v 0.000000 0.062500 0.125000
v 0.000000 1.812500 0.125000
v 0.000000 2.000000 0.125000
v 0.000000 0.000000 0.187500
v 0.000000 0.062500 0.187500
v 0.000000 1.812500 0.187500
v 0.000000 2.000000 0.187500
v 0.000000 0.000000 0.250000
v 0.000000 0.062500 0.250000
v 0.000000 1.812500 0.250000
v 0.000000 2.000000 0.250000
v 0.000000 0.000000 0.312500
v 0.000000 0.062500 0.312500
v 0.000000 1.812500 0.312500
v 0.000000 1.875000 0.312500
v 0.000000 1.937500 0.312500
v 0.000000 2.000000 0.312500
v 0.000000 0.000000 0.375000
v 0.000000 0.062500 0.375000
v 0.000000 0.000000 0.437500
v 0.000000 0.062500 0.437500
v 0.000000 0.000000 0.500000
v 0.000000 0.062500 0.500000
v 0.062500 0.062500 -0.500000
v 0.062500 0.000000 -0.500000
v 0.062500 0.000000 -0.437500
v 0.062500 0.062500 -0.437500
v 0.062500 0.000000 -0.375000
v 0.062500 0.062500 -0.375000
v 0.062500 0.000000 -0.312500
v 0.062500 0.062500 -0.312500
v 0.062500 0.000000 -0.250000
v 0.062500 0.062500 -0.250000
v 0.062500 1.875000 -0.312500
v 0.062500 1.812500 -0.312500
v 0.062500 1.812500 -0.250000
v 0.062500 1.937500 -0.312500
v 0.062500 2.000000 -0.312500
v 0.062500 2.000000 -0.250000
v 0.062500 0.000000 -0.187500
v 0.062500 0.062500 -0.187500
v 0.062500 1.812500 -0.187500
v 0.062500 2.000000 -0.187500
v 0.062500 0.000000 -0.125000
v 0.062500 0.062500 -0.125000
v 0.062500 1.812500 -0.125000
v 0.062500 2.000000 -0.125000
v 0.062500 0.000000 -0.062500
v 0.062500 0.062500 -0.062500
v 0.062500 1.812500 -0.062500
v 0.062500 2.000000 -0.062500
v 0.062500 0.000000 0.000000
v 0.062500 0.062500 0.000000
v 0.062500 1.812500 0.000000
v 0.062500 2.000000 0.000000
v 0.062500 0.000000 0.062500
v 0.062500 0.062500 0.062500
v 0.062500 1.812500 0.062500
v 0.062500 2.000000 0.062500
v 0.062500 0.000000 0.125000
v 0.062500 0.062500 0.125000
v 0.062500 1.812500 0.125000
v 0.062500 2.000000 0.125000
v 0.062500 0.000000 0.187500
v 0.062500 0.062500 0.187500
v 0.062500 1.812500 0.187500
v 0.062500 2.000000 0.187500
v 0.062500 0.000000 0.250000
v 0.062500 0.062500 0.250000
v 0.062500 1.812500 0.250000
v 0.062500 2.000000 0.250000
v 0.062500 0.000000 0.312500
v 0.062500 0.062500 0.312500
v 0.062500 1.812500 0.312500
v 0.062500 1.875000 0.312500
v 0.062500 1.937500 0.312500
v 0.062500 2.000000 0.312500
v 0.062500 0.000000 0.375000
v 0.062500 0.062500 0.375000
v 0.062500 0.000000 0.437500
v 0.062500 0.062500 0.437500
v 0.062500 0.000000 0.500000
v 0.062500 0.062500 0.500000
v 0.125000 0.062500 -0.500000
v 0.125000 0.000000 -0.500000
v 0.125000 0.000000 -0.437500
v 0.125000 0.062500 -0.437500
v 0.125000 0.000000 -0.375000
v 0.125000 0.062500 -0.375000
v 0.125000 0.000000 -0.312500
v 0.125000 0.062500 -0.312500
v 0.125000 0.000000 -0.250000
v 0.125000 0.062500 -0.250000
v 0.125000 1.875000 -0.312500
v 0.125000 1.812500 -0.312500
v 0.125000 1.812500 -0.250000
v 0.125000 1.937500 -0.312500
v 0.125000 2.000000 -0.312500
v 0.125000 2.000000 -0.250000
v 0.125000 0.000000 -0.187500
v 0.125000 0.062500 -0.187500
v 0.125000 1.812500 -0.187500
v 0.125000 2.000000 -0.187500
v 0.125000 0.000000 -0.125000
v 0.125000 0.062500 -0.125000
v 0.125000 1.812500 -0.125000
v 0.125000 2.000000 -0.125000
v 0.125000 0.000000 -0.062500
v 0.125000 0.062500 -0.062500
v 0.125000 1.812500 -0.062500
v 0.125000 2.000000 -0.062500
v 0.125000 0.000000 0.000000
v 0.125000 0.062500 0.000000
v 0.125000 1.812500 0.000000
v 0.125000 2.000000 0.000000
v 0.125000 0.000000 0.062500
v 0.125000 0.062500 0.062500
v 0.125000 1.812500 0.062500
v 0.125000 2.000000 0.062500
v 0.125000 0.000000 0.125000
v 0.125000 0.062500 0.125000
v 0.125000 1.812500 0.125000
v 0.125000 2.000000 0.125000
v 0.125000 0.000000 0.187500
v 0.125000 0.062500 0.187500
v 0.125000 1.812500 0.187500
v 0.125000 2.000000 0.187500
v 0.125000 0.000000 0.250000
v 0.125000 0.062500 0.250000
v 0.125000 1.812500 0.250000
v 0.125000 2.000000 0.250000
v 0.125000 0.000000 0.312500
v 0.125000 0.062500 0.312500
v 0.125000 1.812500 0.312500
v 0.125000 1.875000 0.312500
v 0.125000 1.937500 0.312500
v 0.125000 2.000000 0.312500
v 0.125000 0.000000 0.375000
v 0.125000 0.062500 0.375000
v 0.125000 0.000000 0.437500
v 0.125000 0.062500 0.437500
v 0.125000 0.000000 0.500000
v 0.125000 0.062500 0.500000
v 0.187500 0.062500 -0.500000
v 0.187500 0.000000 -0.500000
v 0.187500 0.000000 -0.437500
v 0.187500 0.062500 -0.437500
v 0.187500 0.000000 -0.375000
v 0.187500 0.062500 -0.375000
v 0.187500 0.000000 -0.312500
v 0.187500 0.062500 -0.312500
v 0.187500 0.000000 -0.250000
v 0.187500 0.062500 -0.250000
v 0.187500 1.875000 -0.312500
v 0.187500 1.812500 -0.312500
v 0.187500 1.812500 -0.250000
v 0.187500 1.937500 -0.312500
v 0.187500 1.937500 -0.250000
v 0.187500 1.875000 -0.250000
v 0.187500 2.000000 -0.312500
v 0.187500 2.000000 -0.250000
v 0.187500 0.000000 -0.187500
v 0.187500 0.062500 -0.187500
v 0.187500 1.812500 -0.187500
v 0.187500 1.937500 -0.187500
v 0.187500 1.875000 -0.187500
v 0.187500 2.000000 -0.187500
v 0.187500 0.000000 -0.125000
v 0.187500 0.062500 -0.125000
v 0.187500 1.812500 -0.125000
v 0.187500 2.000000 -0.125000
v 0.187500 0.000000 -0.062500
v 0.187500 0.062500 -0.062500
v 0.187500 1.812500 -0.062500
v 0.187500 2.000000 -0.062500
v 0.187500 0.000000 0.000000
v 0.187500 0.062500 0.000000
v 0.187500 1.812500 0.000000
v 0.187500 2.000000 0.000000
v 0.187500 0.000000 0.062500
v 0.187500 0.062500 0.062500
v 0.187500 1.812500 0.062500
v 0.187500 2.000000 0.062500
v 0.187500 0.000000 0.125000
v 0.187500 0.062500 0.125000
v 0.187500 1.812500 0.125000
v 0.187500 2.000000 0.125000
v 0.187500 0.000000 0.187500
v 0.187500 0.062500 0.187500
v 0.187500 1.812500 0.187500
v 0.187500 2.000000 0.187500
v 0.187500 0.000000 0.250000
v 0.187500 0.062500 0.250000
v 0.187500 1.812500 0.250000
v 0.187500 2.000000 0.250000
v 0.187500 0.000000 0.312500
v 0.187500 0.062500 0.312500
v 0.187500 1.812500 0.312500
v 0.187500 1.875000 0.312500
v 0.187500 1.937500 0.312500
v 0.187500 2.000000 0.312500
v 0.187500 0.000000 0.375000
v 0.187500 0.062500 0.375000
v 0.187500 0.000000 0.437500
v 0.187500 0.062500 0.437500
v 0.187500 0.000000 0.500000
v 0.187500 0.062500 0.500000
v 0.250000 0.062500 -0.500000
v 0.250000 0.000000 -0.500000
v 0.250000 0.000000 -0.437500
v 0.250000 0.062500 -0.437500
v 0.250000 0.000000 -0.375000
v 0.250000 0.062500 -0.375000
v 0.250000 0.000000 -0.312500
v 0.250000 0.062500 -0.312500
v 0.250000 0.000000 -0.250000
v 0.250000 0.062500 -0.250000
v 0.250000 1.875000 -0.312500
v 0.250000 1.812500 -0.312500
v 0.250000 1.812500 -0.250000
v 0.250000 1.875000 -0.250000
v 0.250000 0.000000 -0.187500
v 0.250000 0.062500 -0.187500
v 0.250000 1.812500 -0.187500
v 0.250000 1.875000 -0.187500
v 0.250000 0.000000 -0.125000
v 0.250000 0.062500 -0.125000
v 0.250000 1.812500 -0.125000
v 0.250000 1.937500 -0.187500
v 0.250000 2.000000 -0.187500
v 0.250000 2.000000 -0.125000
v 0.250000 0.000000 -0.062500
v 0.250000 0.062500 -0.062500
v 0.250000 1.812500 -0.062500
v 0.250000 2.000000 -0.062500
v 0.250000 0.000000 0.000000
v 0.250000 0.062500 0.000000
v 0.250000 1.812500 0.000000
v 0.250000 2.000000 0.000000
v 0.250000 0.000000 0.062500
v 0.250000 0.062500 0.062500
v 0.250000 1.812500 0.062500
v 0.250000 2.000000 0.062500
v 0.250000 0.000000 0.125000
v 0.250000 0.062500 0.125000
v 0.250000 1.812500 0.125000
v 0.250000 2.000000 0.125000
v 0.250000 0.000000 0.187500
v 0.250000 0.062500 0.187500
v 0.250000 1.812500 0.187500
v 0.250000 2.000000 0.187500
v 0.250000 0.000000 0.250000
v 0.250000 0.062500 0.250000
v 0.250000 1.812500 0.250000
v 0.250000 2.000000 0.250000
v 0.250000 0.000000 0.312500
v 0.250000 0.062500 0.312500
v 0.250000 1.812500 0.312500
v 0.250000 1.875000 0.312500
v 0.250000 1.937500 0.312500
v 0.250000 2.000000 0.312500
v 0.250000 0.000000 0.375000
v 0.250000 0.062500 0.375000
v 0.250000 0.000000 0.437500
v 0.250000 0.062500 0.437500
v 0.250000 0.000000 0.500000
v 0.250000 0.062500 0.500000
v 0.312500 0.062500 -0.500000
v 0.312500 0.000000 -0.500000
v 0.312500 0.000000 -0.437500
v 0.312500 0.062500 -0.437500
v 0.312500 0.000000 -0.375000
v 0.312500 0.062500 -0.375000
v 0.312500 0.000000 -0.312500
v 0.312500 0.062500 -0.312500
v 0.312500 0.000000 -0.250000
v 0.312500 0.062500 -0.250000
v 0.312500 1.875000 -0.312500
v 0.312500 1.812500 -0.312500
v 0.312500 1.812500 -0.250000
v 0.312500 1.875000 -0.250000
v 0.312500 0.000000 -0.187500
v 0.312500 0.062500 -0.187500
v 0.312500 1.812500 -0.187500
v 0.312500 1.875000 -0.187500
v 0.312500 0.000000 -0.125000
v 0.312500 0.062500 -0.125000
v 0.312500 1.812500 -0.125000
v 0.312500 1.937500 -0.187500
v 0.312500 2.000000 -0.187500
v 0.312500 2.000000 -0.125000
v 0.312500 0.000000 -0.062500
v 0.312500 0.062500 -0.062500
v 0.312500 1.812500 -0.062500
v 0.312500 2.000000 -0.062500
v 0.312500 0.000000 0.000000
v 0.312500 0.062500 0.000000
v 0.312500 1.812500 0.000000
v 0.312500 2.000000 0.000000
v 0.312500 0.000000 0.062500
v 0.312500 0.062500 0.062500
v 0.312500 1.812500 0.062500
v 0.312500 2.000000 0.062500
v 0.312500 0.000000 0.125000
v 0.312500 0.062500 0.125000
v 0.312500 1.812500 0.125000
v 0.312500 2.000000 0.125000
v 0.312500 0.000000 0.187500
v 0.312500 0.062500 0.187500
v 0.312500 1.812500 0.187500
v 0.312500 2.000000 0.187500
v 0.312500 0.000000 0.250000
v 0.312500 0.062500 0.250000
v 0.312500 1.812500 0.250000
v 0.312500 2.000000 0.250000
v 0.312500 0.000000 0.312500
v 0.312500 0.062500 0.312500
v 0.312500 1.812500 0.312500
v 0.312500 1.875000 0.312500
v 0.312500 1.937500 0.312500
v 0.312500 2.000000 0.312500
v 0.312500 0.000000 0.375000
v 0.312500 0.062500 0.375000
v 0.312500 0.000000 0.437500
v 0.312500 0.062500 0.437500
v 0.312500 0.000000 0.500000
v 0.312500 0.062500 0.500000
v 0.375000 0.062500 -0.500000
v 0.375000 0.000000 -0.500000
v 0.375000 0.000000 -0.437500
v 0.375000 0.062500 -0.437500
v 0.375000 0.000000 -0.375000
v 0.375000 0.062500 -0.375000
v 0.375000 0.000000 -0.312500
v 0.375000 0.062500 -0.312500
v 0.375000 0.000000 -0.250000
v 0.375000 0.062500 -0.250000
v 0.375000 1.875000 -0.312500
v 0.375000 1.812500 -0.312500
v 0.375000 1.812500 -0.250000
v 0.312500 1.937500 -0.250000
v 0.312500 1.937500 -0.312500
v 0.375000 1.937500 -0.312500
v 0.312500 2.000000 -0.250000
v 0.312500 2.000000 -0.312500
v 0.375000 2.000000 -0.312500
v 0.375000 2.000000 -0.250000
v 0.375000 0.000000 -0.187500
v 0.375000 0.062500 -0.187500
v 0.375000 1.812500 -0.187500
v 0.375000 2.000000 -0.187500
v 0.375000 0.000000 -0.125000
v 0.375000 0.062500 -0.125000
v 0.375000 1.812500 -0.125000
v 0.375000 2.000000 -0.125000
v 0.375000 0.000000 -0.062500
v 0.375000 0.062500 -0.062500
v 0.375000 1.812500 -0.062500
v 0.375000 2.000000 -0.062500
v 0.375000 0.000000 0.000000
v 0.375000 0.062500 0.000000
v 0.375000 1.812500 0.000000
v 0.375000 2.000000 0.000000
v 0.375000 0.000000 0.062500
v 0.375000 0.062500 0.062500
v 0.375000 1.812500 0.062500
v 0.375000 2.000000 0.062500
v 0.375000 0.000000 0.125000
v 0.375000 0.062500 0.125000
v 0.375000 1.812500 0.125000
v 0.375000 2.000000 0.125000
v 0.375000 0.000000 0.187500
v 0.375000 0.062500 0.187500
v 0.375000 1.812500 0.187500
v 0.375000 2.000000 0.187500
v 0.375000 0.000000 0.250000
v 0.375000 0.062500 0.250000
v 0.375000 1.812500 0.250000
v 0.375000 2.000000 0.250000
v 0.375000 0.000000 0.312500
v 0.375000 0.062500 0.312500
v 0.375000 1.812500 0.312500
v 0.375000 1.875000 0.312500
v 0.375000 1.937500 0.312500
v 0.375000 2.000000 0.312500
v 0.375000 0.000000 0.375000
v 0.375000 0.062500 0.375000
v 0.375000 0.000000 0.437500
v 0.375000 0.062500 0.437500
v 0.375000 0.000000 0.500000
v 0.375000 0.062500 0.500000
v 0.437500 0.062500 -0.500000
v 0.437500 0.000000 -0.500000
v 0.437500 0.000000 -0.437500
v 0.437500 0.062500 -0.437500
v 0.437500 0.000000 -0.375000
v 0.437500 0.062500 -0.375000
v 0.437500 0.000000 -0.312500
v 0.437500 0.062500 -0.312500
v 0.437500 0.000000 -0.250000
v 0.437500 0.062500 -0.250000
v 0.437500 1.875000 -0.312500
v 0.437500 1.812500 -0.312500
v 0.437500 1.812500 -0.250000
v 0.437500 1.937500 -0.312500
v 0.437500 2.000000 -0.312500
v 0.437500 2.000000 -0.250000
v 0.437500 0.000000 -0.187500
v 0.437500 0.062500 -0.187500
v 0.437500 1.812500 -0.187500
v 0.437500 2.000000 -0.187500
v 0.437500 0.000000 -0.125000
v 0.437500 0.062500 -0.125000
v 0.437500 1.812500 -0.125000
v 0.437500 2.000000 -0.125000
v 0.437500 0.000000 -0.062500
v 0.437500 0.062500 -0.062500
v 0.437500 1.812500 -0.062500
v 0.437500 2.000000 -0.062500
v 0.437500 0.000000 0.000000
v 0.437500 0.062500 0.000000
v 0.437500 1.812500 0.000000
v 0.437500 2.000000 0.000000
v 0.437500 0.000000 0.062500
v 0.437500 0.062500 0.062500
v 0.437500 1.812500 0.062500
v 0.437500 2.000000 0.062500
v 0.437500 0.000000 0.125000
v 0.437500 0.062500 0.125000
v 0.437500 1.812500 0.125000
v 0.437500 2.000000 0.125000
v 0.437500 0.000000 0.187500
v 0.437500 0.062500 0.187500
v 0.437500 1.812500 0.187500
v 0.437500 2.000000 0.187500
v 0.437500 0.000000 0.250000
v 0.437500 0.062500 0.250000
v 0.437500 1.812500 0.250000
v 0.437500 2.000000 0.250000
v 0.437500 0.000000 0.312500
v 0.437500 0.062500 0.312500
v 0.437500 1.812500 0.312500
v 0.437500 1.875000 0.312500
v 0.437500 1.937500 0.312500
v 0.437500 2.000000 0.312500
v 0.437500 0.000000 0.375000
v 0.437500 0.062500 0.375000
v 0.437500 0.000000 0.437500
v 0.437500 0.062500 0.437500
v 0.437500 0.000000 0.500000
v 0.437500 0.062500 0.500000
v 0.500000 0.062500 -0.500000
v 0.500000 0.000000 -0.500000
v 0.500000 0.000000 -0.437500
v 0.500000 0.062500 -0.437500
v 0.500000 0.000000 -0.375000
v 0.500000 0.062500 -0.375000
v 0.500000 0.000000 -0.312500
v 0.500000 0.062500 -0.312500
v 0.500000 0.000000 -0.250000
v 0.500000 0.062500 -0.250000
v 0.437500 1.750000 -0.250000
v 0.437500 1.750000 -0.312500
v 0.500000 1.812500 -0.312500
v 0.500000 1.750000 -0.312500
v 0.500000 1.750000 -0.250000
v 0.500000 1.875000 -0.312500
v 0.500000 1.937500 -0.312500
v 0.500000 2.000000 -0.312500
v 0.500000 2.000000 -0.250000
v 0.500000 0.000000 -0.187500
v 0.500000 0.062500 -0.187500
v 0.437500 1.750000 -0.187500
v 0.500000 1.750000 -0.187500
v 0.500000 2.000000 -0.187500
v 0.500000 0.000000 -0.125000
v 0.500000 0.062500 -0.125000
v 0.437500 1.750000 -0.125000
v 0.500000 1.750000 -0.125000
v 0.500000 2.000000 -0.125000
v 0.500000 0.000000 -0.062500
v 0.500000 0.062500 -0.062500
v 0.437500 1.750000 -0.062500
v 0.500000 1.750000 -0.062500
v 0.500000 2.000000 -0.062500
v 0.500000 0.000000 0.000000
v 0.500000 0.062500 0.000000
v 0.437500 1.750000 0.000000
v 0.500000 1.750000 0.000000
v 0.500000 2.000000 0.000000
v 0.500000 0.000000 0.062500
v 0.500000 0.062500 0.062500
v 0.437500 1.750000 0.062500
v 0.500000 1.750000 0.062500
v 0.500000 2.000000 0.062500
v 0.500000 0.000000 0.125000
v 0.500000 0.062500 0.125000
v 0.437500 1.750000 0.125000
v 0.500000 1.750000 0.125000
v 0.500000 2.000000 0.125000
v 0.500000 0.000000 0.187500
v 0.500000 0.062500 0.187500
v 0.437500 1.750000 0.187500
v 0.500000 1.750000 0.187500
v 0.500000 2.000000 0.187500
v 0.500000 0.000000 0.250000
v 0.500000 0.062500 0.250000
v 0.437500 1.750000 0.250000
v 0.500000 1.750000 0.250000
v 0.500000 2.000000 0.250000
v 0.500000 0.000000 0.312500
v 0.500000 0.062500 0.312500
v 0.437500 1.750000 0.312500
v 0.500000 1.750000 0.312500
v 0.500000 1.812500 0.312500
v 0.500000 1.875000 0.312500
v 0.500000 1.937500 0.312500
v 0.500000 2.000000 0.312500
v 0.500000 0.000000 0.375000
v 0.500000 0.062500 0.375000
v 0.500000 0.000000 0.437500
v 0.500000 0.062500 0.437500
v 0.500000 0.000000 0.500000
v 0.500000 0.062500 0.500000
v 0.562500 0.062500 -0.500000
v 0.562500 0.000000 -0.500000
v 0.562500 0.000000 -0.437500
v 0.562500 0.062500 -0.437500
v 0.562500 0.000000 -0.375000
v 0.562500 0.062500 -0.375000
v 0.562500 0.000000 -0.312500
v 0.562500 0.062500 -0.312500
v 0.562500 0.000000 -0.250000
v 0.562500 0.062500 -0.250000
v 0.500000 1.625000 -0.250000
v 0.500000 1.687500 -0.250000
v 0.500000 1.687500 -0.312500
v 0.500000 1.625000 -0.312500
v 0.562500 1.687500 -0.312500
v 0.562500 1.625000 -0.312500
v 0.562500 1.625000 -0.250000
v 0.562500 1.750000 -0.312500
v 0.562500 1.812500 -0.312500
v 0.562500 1.875000 -0.312500
v 0.562500 1.937500 -0.312500
v 0.562500 2.000000 -0.312500
v 0.562500 2.000000 -0.250000
v 0.562500 0.000000 -0.187500
v 0.562500 0.062500 -0.187500
v 0.500000 1.625000 -0.187500
v 0.500000 1.687500 -0.187500
v 0.562500 1.625000 -0.187500
v 0.562500 2.000000 -0.187500
v 0.562500 0.000000 -0.125000
v 0.562500 0.062500 -0.125000
v 0.500000 1.625000 -0.125000
v 0.500000 1.687500 -0.125000
v 0.562500 1.625000 -0.125000
v 0.562500 2.000000 -0.125000
v 0.562500 0.000000 -0.062500
v 0.562500 0.062500 -0.062500
v 0.500000 1.625000 -0.062500
v 0.500000 1.687500 -0.062500
v 0.562500 1.625000 -0.062500
v 0.562500 2.000000 -0.062500
v 0.562500 0.000000 0.000000
v 0.562500 0.062500 0.000000
v 0.500000 1.625000 0.000000
v 0.500000 1.687500 0.000000
v 0.562500 1.625000 0.000000
v 0.562500 2.000000 0.000000
v 0.562500 0.000000 0.062500
v 0.562500 0.062500 0.062500
v 0.500000 1.625000 0.062500
v 0.500000 1.687500 0.062500
v 0.562500 1.625000 0.062500
v 0.562500 2.000000 0.062500
v 0.562500 0.000000 0.125000
v 0.562500 0.062500 0.125000
v 0.500000 1.625000 0.125000
v 0.500000 1.687500 0.125000
v 0.562500 1.625000 0.125000
v 0.562500 2.000000 0.125000
v 0.562500 0.000000 0.187500
v 0.562500 0.062500 0.187500
v 0.500000 1.625000 0.187500
v 0.500000 1.687500 0.187500
v 0.562500 1.625000 0.187500
v 0.562500 2.000000 0.187500
v 0.562500 0.000000 0.250000
v 0.562500 0.062500 0.250000
v 0.500000 1.625000 0.250000
v 0.500000 1.687500 0.250000
v 0.562500 1.625000 0.250000
v 0.562500 2.000000 0.250000
v 0.562500 0.000000 0.312500
v 0.562500 0.062500 0.312500
v 0.500000 1.625000 0.312500
v 0.500000 1.687500 0.312500
v 0.562500 1.625000 0.312500
v 0.562500 1.687500 0.312500
v 0.562500 1.750000 0.312500
v 0.562500 1.812500 0.312500
v 0.562500 1.875000 0.312500
v 0.562500 1.937500 0.312500
v 0.562500 2.000000 0.312500
v 0.562500 0.000000 0.375000
v 0.562500 0.062500 0.375000
v 0.562500 0.000000 0.437500
v 0.562500 0.062500 0.437500
v 0.562500 0.000000 0.500000
v 0.562500 0.062500 0.500000
v 0.625000 0.062500 -0.500000
v 0.625000 0.000000 -0.500000
v 0.625000 0.000000 -0.437500
v 0.625000 0.062500 -0.437500
v 0.625000 0.000000 -0.375000
v 0.625000 0.062500 -0.375000
v 0.625000 0.000000 -0.312500
v 0.625000 0.062500 -0.312500
v 0.625000 0.000000 -0.250000
v 0.625000 0.062500 -0.250000
v 0.562500 1.500000 -0.250000
v 0.562500 1.562500 -0.250000
v 0.562500 1.562500 -0.312500
v 0.562500 1.500000 -0.312500
v 0.625000 1.562500 -0.312500
v 0.625000 1.500000 -0.312500
v 0.625000 1.500000 -0.250000
v 0.625000 1.625000 -0.312500
v 0.625000 1.625000 -0.250000
v 0.625000 1.562500 -0.250000
v 0.625000 1.687500 -0.312500
v 0.625000 1.687500 -0.250000
v 0.625000 1.750000 -0.312500
v 0.625000 1.812500 -0.312500
v 0.625000 1.875000 -0.312500
v 0.625000 1.937500 -0.312500
v 0.625000 2.000000 -0.312500
v 0.625000 2.000000 -0.250000
v 0.625000 0.000000 -0.187500
v 0.625000 0.062500 -0.187500
v 0.562500 1.500000 -0.187500
v 0.562500 1.562500 -0.187500
v 0.625000 1.500000 -0.187500
v 0.625000 1.625000 -0.187500
v 0.625000 1.562500 -0.187500
v 0.625000 1.687500 -0.187500
v 0.625000 2.000000 -0.187500
v 0.625000 0.000000 -0.125000
v 0.625000 0.062500 -0.125000
v 0.562500 1.500000 -0.125000
v 0.562500 1.562500 -0.125000
v 0.625000 1.500000 -0.125000
v 0.625000 2.000000 -0.125000
v 0.625000 0.000000 -0.062500
v 0.625000 0.062500 -0.062500
v 0.562500 1.500000 -0.062500
v 0.562500 1.562500 -0.062500
v 0.625000 1.500000 -0.062500
v 0.625000 2.000000 -0.062500
v 0.625000 0.000000 0.000000
v 0.625000 0.062500 0.000000
v 0.562500 1.500000 0.000000
v 0.562500 1.562500 0.000000
v 0.625000 1.500000 0.000000
v 0.625000 2.000000 0.000000
v 0.625000 0.000000 0.062500
v 0.625000 0.062500 0.062500
v 0.562500 1.500000 0.062500
v 0.562500 1.562500 0.062500
v 0.625000 1.500000 0.062500
v 0.625000 2.000000 0.062500
v 0.625000 0.000000 0.125000
v 0.625000 0.062500 0.125000
v 0.562500 1.500000 0.125000
v 0.562500 1.562500 0.125000
v 0.625000 1.500000 0.125000
v 0.625000 2.000000 0.125000
v 0.625000 0.000000 0.187500
v 0.625000 0.062500 0.187500
v 0.562500 1.500000 0.187500
v 0.562500 1.562500 0.187500
v 0.625000 1.500000 0.187500
v 0.625000 2.000000 0.187500
v 0.625000 0.000000 0.250000
v 0.625000 0.062500 0.250000
v 0.562500 1.500000 0.250000
v 0.562500 1.562500 0.250000
v 0.625000 1.500000 0.250000
v 0.625000 2.000000 0.250000
v 0.625000 0.000000 0.312500
v 0.625000 0.062500 0.312500
v 0.562500 1.500000 0.312500
v 0.562500 1.562500 0.312500
v 0.625000 1.500000 0.312500
v 0.625000 1.562500 0.312500
v 0.625000 1.625000 0.312500
v 0.625000 1.687500 0.312500
v 0.625000 1.750000 0.312500
v 0.625000 1.812500 0.312500
v 0.625000 1.875000 0.312500
v 0.625000 1.937500 0.312500
v 0.625000 2.000000 0.312500
v 0.625000 0.000000 0.375000
v 0.625000 0.062500 0.375000
v 0.625000 0.000000 0.437500
v 0.625000 0.062500 0.437500
v 0.625000 0.000000 0.500000
v 0.625000 0.062500 0.500000
v 0.687500 0.062500 -0.500000
v 0.687500 0.000000 -0.500000
v 0.687500 0.000000 -0.437500
v 0.687500 0.062500 -0.437500
v 0.687500 0.000000 -0.375000
v 0.687500 0.062500 -0.375000
v 0.687500 0.000000 -0.312500
v 0.687500 0.062500 -0.312500
v 0.687500 0.000000 -0.250000
v 0.687500 0.062500 -0.250000
v 0.625000 1.375000 -0.250000
v 0.625000 1.437500 -0.250000
v 0.625000 1.437500 -0.312500
v 0.625000 1.375000 -0.312500
v 0.687500 1.437500 -0.312500
v 0.687500 1.375000 -0.312500
v 0.687500 1.375000 -0.250000
v 0.687500 1.500000 -0.312500
v 0.687500 1.562500 -0.312500
v 0.687500 1.562500 -0.250000
v 0.687500 1.750000 -0.312500
v 0.687500 1.687500 -0.312500
v 0.687500 1.687500 -0.250000
v 0.687500 1.812500 -0.312500
v 0.687500 1.875000 -0.312500
v 0.687500 1.937500 -0.312500
v 0.687500 2.000000 -0.312500
v 0.687500 2.000000 -0.250000
v 0.687500 0.000000 -0.187500
v 0.687500 0.062500 -0.187500
v 0.625000 1.375000 -0.187500
v 0.625000 1.437500 -0.187500
v 0.687500 1.375000 -0.187500
v 0.687500 1.562500 -0.187500
v 0.687500 1.687500 -0.187500
v 0.687500 2.000000 -0.187500
v 0.687500 0.000000 -0.125000
v 0.687500 0.062500 -0.125000
v 0.625000 1.375000 -0.125000
v 0.625000 1.437500 -0.125000
v 0.687500 1.375000 -0.125000
v 0.687500 1.625000 -0.187500
v 0.687500 2.000000 -0.125000
v 0.687500 0.000000 -0.062500
v 0.687500 0.062500 -0.062500
v 0.625000 1.375000 -0.062500
v 0.625000 1.437500 -0.062500
v 0.687500 1.375000 -0.062500
v 0.687500 2.000000 -0.062500
v 0.687500 0.000000 0.000000
v 0.687500 0.062500 0.000000
v 0.625000 1.375000 0.000000
v 0.625000 1.437500 0.000000
v 0.687500 1.375000 0.000000
v 0.687500 2.000000 0.000000
v 0.687500 0.000000 0.062500
v 0.687500 0.062500 0.062500
v 0.625000 1.375000 0.062500
v 0.625000 1.437500 0.062500
v 0.687500 1.375000 0.062500
v 0.687500 2.000000 0.062500
v 0.687500 0.000000 0.125000
v 0.687500 0.062500 0.125000
v 0.625000 1.375000 0.125000
v 0.625000 1.437500 0.125000
v 0.687500 1.375000 0.125000
v 0.687500 2.000000 0.125000
v 0.687500 0.000000 0.187500
v 0.687500 0.062500 0.187500
v 0.625000 1.375000 0.187500
v 0.625000 1.437500 0.187500
v 0.687500 1.375000 0.187500
v 0.687500 2.000000 0.187500
v 0.687500 0.000000 0.250000
v 0.687500 0.062500 0.250000
v 0.625000 1.375000 0.250000
v 0.625000 1.437500 0.250000
v 0.687500 1.375000 0.250000
v 0.687500 2.000000 0.250000
v 0.687500 0.000000 0.312500
v 0.687500 0.062500 0.312500
v 0.625000 1.375000 0.312500
v 0.625000 1.437500 0.312500
v 0.687500 1.375000 0.312500
v 0.687500 1.437500 0.312500
v 0.687500 1.500000 0.312500
v 0.687500 1.562500 0.312500
v 0.687500 1.625000 0.312500
v 0.687500 1.687500 0.312500
v 0.687500 1.750000 0.312500
v 0.687500 1.812500 0.312500
v 0.687500 1.875000 0.312500
v 0.687500 1.937500 0.312500
v 0.687500 2.000000 0.312500
v 0.687500 0.000000 0.375000
v 0.687500 0.062500 0.375000
v 0.687500 0.000000 0.437500
v 0.687500 0.062500 0.437500
v 0.687500 0.000000 0.500000
v 0.687500 0.062500 0.500000
v 0.750000 0.062500 -0.500000
v 0.750000 0.000000 -0.500000
v 0.750000 0.000000 -0.437500
v 0.750000 0.062500 -0.437500
v 0.750000 0.000000 -0.375000
v 0.750000 0.062500 -0.375000
v 0.750000 0.000000 -0.312500
v 0.750000 0.062500 -0.312500
v 0.750000 0.000000 -0.250000
v 0.687500 0.125000 -0.250000
v 0.687500 0.125000 -0.312500
v 0.750000 0.125000 -0.312500
v 0.687500 0.187500 -0.250000
v 0.687500 0.187500 -0.312500
v 0.750000 0.187500 -0.312500
v 0.687500 0.250000 -0.250000
v 0.687500 0.250000 -0.312500
v 0.750000 0.250000 -0.312500
v 0.687500 0.312500 -0.250000
v 0.687500 0.312500 -0.312500
v 0.750000 0.312500 -0.312500
v 0.687500 0.375000 -0.250000
v 0.687500 0.375000 -0.312500
v 0.750000 0.375000 -0.312500
v 0.687500 0.437500 -0.250000
v 0.687500 0.437500 -0.312500
v 0.750000 0.437500 -0.312500
v 0.687500 0.500000 -0.250000
v 0.687500 0.500000 -0.312500
v 0.750000 0.500000 -0.312500
v 0.687500 0.562500 -0.250000
v 0.687500 0.562500 -0.312500
v 0.750000 0.562500 -0.312500
v 0.687500 0.625000 -0.250000
v 0.687500 0.625000 -0.312500
v 0.750000 0.625000 -0.312500
v 0.687500 0.687500 -0.250000
v 0.687500 0.687500 -0.312500
v 0.750000 0.687500 -0.312500
v 0.687500 0.750000 -0.250000
v 0.687500 0.750000 -0.312500
v 0.750000 0.750000 -0.312500
v 0.687500 0.812500 -0.250000
v 0.687500 0.812500 -0.312500
v 0.750000 0.812500 -0.312500
v 0.750000 0.812500 -0.250000
v 0.750000 0.750000 -0.250000
v 0.687500 0.875000 -0.250000
v 0.687500 0.875000 -0.312500
v 0.750000 0.875000 -0.312500
v 0.750000 0.875000 -0.250000
v 0.687500 0.937500 -0.250000
v 0.687500 0.937500 -0.312500
v 0.750000 0.937500 -0.312500
v 0.687500 1.000000 -0.250000
v 0.687500 1.000000 -0.312500
v 0.750000 1.000000 -0.312500
v 0.687500 1.062500 -0.250000
v 0.687500 1.062500 -0.312500
v 0.750000 1.062500 -0.312500
v 0.687500 1.125000 -0.250000
v 0.687500 1.125000 -0.312500
v 0.750000 1.125000 -0.312500
v 0.687500 1.187500 -0.250000
v 0.687500 1.187500 -0.312500
v 0.750000 1.187500 -0.312500
v 0.687500 1.250000 -0.250000
v 0.687500 1.250000 -0.312500
v 0.750000 1.250000 -0.312500
v 0.687500 1.312500 -0.250000
v 0.687500 1.312500 -0.312500
v 0.750000 1.312500 -0.312500
v 0.750000 1.375000 -0.312500
v 0.750000 1.437500 -0.312500
v 0.750000 1.500000 -0.312500
v 0.750000 1.562500 -0.312500
v 0.750000 1.562500 -0.250000
v 0.750000 1.750000 -0.312500
v 0.750000 1.687500 -0.312500
v 0.750000 1.687500 -0.250000
v 0.750000 1.812500 -0.312500
v 0.750000 1.875000 -0.312500
v 0.750000 1.937500 -0.312500
v 0.750000 2.000000 -0.312500
v 0.750000 2.000000 -0.250000
v 0.750000 0.000000 -0.187500
v 0.687500 0.125000 -0.187500
v 0.687500 0.187500 -0.187500
v 0.687500 0.250000 -0.187500
v 0.687500 0.312500 -0.187500
v 0.687500 0.375000 -0.187500
v 0.687500 0.437500 -0.187500
v 0.687500 0.500000 -0.187500
v 0.687500 0.562500 -0.187500
v 0.687500 0.625000 -0.187500
v 0.687500 0.687500 -0.187500
v 0.687500 0.750000 -0.187500
v 0.687500 0.812500 -0.187500
v 0.750000 0.812500 -0.187500
v 0.750000 0.750000 -0.187500
v 0.687500 0.875000 -0.187500
v 0.750000 0.875000 -0.187500
v 0.687500 0.937500 -0.187500
v 0.687500 1.000000 -0.187500
v 0.687500 1.062500 -0.187500
v 0.687500 1.125000 -0.187500
v 0.687500 1.187500 -0.187500
v 0.687500 1.250000 -0.187500
v 0.687500 1.312500 -0.187500
v 0.750000 1.562500 -0.187500
v 0.750000 1.687500 -0.187500
v 0.750000 2.000000 -0.187500
v 0.750000 0.000000 -0.125000
v 0.687500 0.125000 -0.125000
v 0.687500 0.187500 -0.125000
v 0.687500 0.250000 -0.125000
v 0.687500 0.312500 -0.125000
v 0.687500 0.375000 -0.125000
v 0.687500 0.437500 -0.125000
v 0.687500 0.500000 -0.125000
v 0.687500 0.562500 -0.125000
v 0.687500 0.625000 -0.125000
v 0.687500 0.687500 -0.125000
v 0.687500 0.750000 -0.125000
v 0.687500 0.812500 -0.125000
v 0.687500 0.875000 -0.125000
v 0.687500 0.937500 -0.125000
v 0.687500 1.000000 -0.125000
v 0.687500 1.062500 -0.125000
v 0.687500 1.125000 -0.125000
v 0.687500 1.187500 -0.125000
v 0.687500 1.250000 -0.125000
v 0.687500 1.312500 -0.125000
v 0.750000 1.625000 -0.187500
v 0.750000 2.000000 -0.125000
v 0.750000 0.000000 -0.062500
v 0.687500 0.125000 -0.062500
v 0.687500 0.187500 -0.062500
v 0.687500 0.250000 -0.062500
v 0.687500 0.312500 -0.062500
v 0.687500 0.375000 -0.062500
v 0.687500 0.437500 -0.062500
v 0.687500 0.500000 -0.062500
v 0.687500 0.562500 -0.062500
v 0.687500 0.625000 -0.062500
v 0.687500 0.687500 -0.062500
v 0.687500 0.750000 -0.062500
v 0.687500 0.812500 -0.062500
v 0.687500 0.875000 -0.062500
v 0.687500 0.937500 -0.062500
v 0.687500 1.000000 -0.062500
v 0.687500 1.062500 -0.062500
v 0.687500 1.125000 -0.062500
v 0.687500 1.187500 -0.062500
v 0.687500 1.250000 -0.062500
v 0.687500 1.312500 -0.062500
v 0.750000 2.000000 -0.062500
v 0.750000 0.000000 0.000000
v 0.687500 0.125000 0.000000
v 0.687500 0.187500 0.000000
v 0.687500 0.250000 0.000000
v 0.687500 0.312500 0.000000
v 0.687500 0.375000 0.000000
v 0.687500 0.437500 0.000000
v 0.687500 0.500000 0.000000
v 0.687500 0.562500 0.000000
v 0.687500 0.625000 0.000000
v 0.687500 0.687500 0.000000
v 0.687500 0.750000 0.000000
v 0.687500 0.812500 0.000000
v 0.687500 0.875000 0.000000
v 0.687500 0.937500 0.000000
v 0.687500 1.000000 0.000000
v 0.687500 1.062500 0.000000
v 0.687500 1.125000 0.000000
v 0.687500 1.187500 0.000000
v 0.687500 1.250000 0.000000
v 0.687500 1.312500 0.000000
v 0.750000 2.000000 0.000000
v 0.750000 0.000000 0.062500
v 0.687500 0.125000 0.062500
v 0.687500 0.187500 0.062500
v 0.687500 0.250000 0.062500
v 0.687500 0.312500 0.062500
v 0.687500 0.375000 0.062500
v 0.687500 0.437500 0.062500
v 0.687500 0.500000 0.062500
v 0.687500 0.562500 0.062500
v 0.687500 0.625000 0.062500
v 0.687500 0.687500 0.062500
v 0.687500 0.750000 0.062500
v 0.687500 0.812500 0.062500
v 0.687500 0.875000 0.062500
v 0.687500 0.937500 0.062500
v 0.687500 1.000000 0.062500
v 0.687500 1.062500 0.062500
v 0.687500 1.125000 0.062500
v 0.687500 1.187500 0.062500
v 0.687500 1.250000 0.062500
v 0.687500 1.312500 0.062500
v 0.750000 2.000000 0.062500
v 0.750000 0.000000 0.125000
v 0.687500 0.125000 0.125000
v 0.687500 0.187500 0.125000
v 0.687500 0.250000 0.125000
v 0.687500 0.312500 0.125000
v 0.687500 0.375000 0.125000
v 0.687500 0.437500 0.125000
v 0.687500 0.500000 0.125000
v 0.687500 0.562500 0.125000
v 0.687500 0.625000 0.125000
v 0.687500 0.687500 0.125000
v 0.687500 0.750000 0.125000
v 0.687500 0.812500 0.125000
v 0.687500 0.875000 0.125000
v 0.687500 0.937500 0.125000
v 0.687500 1.000000 0.125000
v 0.687500 1.062500 0.125000
v 0.687500 1.125000 0.125000
v 0.687500 1.187500 0.125000
v 0.687500 1.250000 0.125000
v 0.687500 1.312500 0.125000
v 0.750000 2.000000 0.125000
v 0.750000 0.000000 0.187500
v 0.687500 0.125000 0.187500
v 0.687500 0.187500 0.187500
v 0.687500 0.250000 0.187500
v 0.687500 0.312500 0.187500
v 0.687500 0.375000 0.187500
v 0.687500 0.437500 0.187500
v 0.687500 0.500000 0.187500
v 0.687500 0.562500 0.187500
v 0.687500 0.625000 0.187500
v 0.687500 0.687500 0.187500
v 0.687500 0.750000 0.187500
v 0.687500 0.812500 0.187500
v 0.687500 0.875000 0.187500
v 0.687500 0.937500 0.187500
v 0.687500 1.000000 0.187500
v 0.687500 1.062500 0.187500
v 0.687500 1.125000 0.187500
v 0.687500 1.187500 0.187500
v 0.687500 1.250000 0.187500
v 0.687500 1.312500 0.187500
v 0.750000 2.000000 0.187500
v 0.750000 0.000000 0.250000
v 0.687500 0.125000 0.250000
v 0.687500 0.187500 0.250000
v 0.687500 0.250000 0.250000
v 0.687500 0.312500 0.250000
v 0.687500 0.375000 0.250000
v 0.687500 0.437500 0.250000
v 0.687500 0.500000 0.250000
v 0.687500 0.562500 0.250000
v 0.687500 0.625000 0.250000
v 0.687500 0.687500 0.250000
v 0.687500 0.750000 0.250000
v 0.687500 0.812500 0.250000
v 0.687500 0.875000 0.250000
v 0.687500 0.937500 0.250000
v 0.687500 1.000000 0.250000
v 0.687500 1.062500 0.250000
v 0.687500 1.125000 0.250000
v 0.687500 1.187500 0.250000
v 0.687500 1.250000 0.250000
v 0.687500 1.312500 0.250000
v 0.750000 2.000000 0.250000
v 0.750000 0.000000 0.312500
v 0.687500 0.125000 0.312500
v 0.750000 0.062500 0.312500
v 0.750000 0.125000 0.312500
v 0.687500 0.187500 0.312500
v 0.750000 0.187500 0.312500
v 0.687500 0.250000 0.312500
v 0.750000 0.250000 0.312500
v 0.687500 0.312500 0.312500
v 0.750000 0.312500 0.312500
v 0.687500 0.375000 0.312500
v 0.750000 0.375000 0.312500
v 0.687500 0.437500 0.312500
v 0.750000 0.437500 0.312500
v 0.687500 0.500000 0.312500
v 0.750000 0.500000 0.312500
v 0.687500 0.562500 0.312500
v 0.750000 0.562500 0.312500
v 0.687500 0.625000 0.312500
v 0.750000 0.625000 0.312500
v 0.687500 0.687500 0.312500
v 0.750000 0.687500 0.312500
v 0.687500 0.750000 0.312500
v 0.750000 0.750000 0.312500
v 0.687500 0.812500 0.312500
v 0.750000 0.812500 0.312500
v 0.687500 0.875000 0.312500
v 0.750000 0.875000 0.312500
v 0.687500 0.937500 0.312500
v 0.750000 0.937500 0.312500
v 0.687500 1.000000 0.312500
v 0.750000 1.000000 0.312500
v 0.687500 1.062500 0.312500
v 0.750000 1.062500 0.312500
v 0.687500 1.125000 0.312500
v 0.750000 1.125000 0.312500
v 0.687500 1.187500 0.312500
v 0.750000 1.187500 0.312500
v 0.687500 1.250000 0.312500
v 0.750000 1.250000 0.312500
v 0.687500 1.312500 0.312500
v 0.750000 1.312500 0.312500
v 0.750000 1.375000 0.312500
v 0.750000 1.437500 0.312500
v 0.750000 1.500000 0.312500
v 0.750000 1.562500 0.312500
v 0.750000 1.625000 0.312500
v 0.750000 1.687500 0.312500
v 0.750000 1.750000 0.312500
v 0.750000 1.812500 0.312500
v 0.750000 1.875000 0.312500
v 0.750000 1.937500 0.312500
v 0.750000 2.000000 0.312500
v 0.750000 0.000000 0.375000
v 0.750000 0.062500 0.375000
v 0.750000 0.000000 0.437500
v 0.750000 0.062500 0.437500
v 0.750000 0.000000 0.500000
v 0.750000 0.062500 0.500000
v 0.812500 0.062500 -0.500000
v 0.812500 0.000000 -0.500000
v 0.812500 0.000000 -0.437500
v 0.812500 0.062500 -0.437500
v 0.812500 0.000000 -0.375000
v 0.812500 0.062500 -0.375000
v 0.812500 0.000000 -0.312500
v 0.812500 0.062500 -0.312500
v 0.812500 0.000000 -0.250000
v 0.812500 0.125000 -0.312500
v 0.812500 0.187500 -0.312500
v 0.812500 0.250000 -0.312500
v 0.812500 0.312500 -0.312500
v 0.812500 0.375000 -0.312500
v 0.812500 0.437500 -0.312500
v 0.812500 0.500000 -0.312500
v 0.812500 0.562500 -0.312500
v 0.812500 0.625000 -0.312500
v 0.812500 0.687500 -0.312500
v 0.812500 0.750000 -0.312500
v 0.812500 0.750000 -0.250000
v 0.812500 0.937500 -0.312500
v 0.812500 0.875000 -0.312500
v 0.812500 0.875000 -0.250000
v 0.812500 1.000000 -0.312500
v 0.812500 1.062500 -0.312500
v 0.812500 1.125000 -0.312500
v 0.812500 1.187500 -0.312500
v 0.812500 1.250000 -0.312500
v 0.812500 1.312500 -0.312500
v 0.812500 1.375000 -0.312500
v 0.812500 1.437500 -0.312500
v 0.812500 1.500000 -0.312500
v 0.812500 1.562500 -0.312500
v 0.750000 1.625000 -0.250000
v 0.750000 1.625000 -0.312500
v 0.812500 1.625000 -0.312500
v 0.812500 1.687500 -0.312500
v 0.812500 1.750000 -0.312500
v 0.812500 1.812500 -0.312500
v 0.812500 1.875000 -0.312500
v 0.812500 1.937500 -0.312500
v 0.812500 2.000000 -0.312500
v 0.812500 2.000000 -0.250000
v 0.812500 0.000000 -0.187500
v 0.812500 0.750000 -0.187500
v 0.812500 0.875000 -0.187500
v 0.812500 2.000000 -0.187500
v 0.812500 0.000000 -0.125000
v 0.812500 0.812500 -0.187500
v 0.812500 2.000000 -0.125000
v 0.812500 0.000000 -0.062500
v 0.812500 2.000000 -0.062500
v 0.812500 0.000000 0.000000
v 0.812500 2.000000 0.000000
v 0.812500 0.000000 0.062500
v 0.812500 2.000000 0.062500
v 0.812500 0.000000 0.125000
v 0.812500 2.000000 0.125000
v 0.812500 0.000000 0.187500
v 0.812500 2.000000 0.187500
v 0.812500 0.000000 0.250000
v 0.812500 2.000000 0.250000
v 0.812500 0.000000 0.312500
v 0.812500 0.062500 0.312500
v 0.812500 0.125000 0.312500
v 0.812500 0.187500 0.312500
v 0.812500 0.250000 0.312500
v 0.812500 0.312500 0.312500
v 0.812500 0.375000 0.312500
v 0.812500 0.437500 0.312500
v 0.812500 0.500000 0.312500
v 0.812500 0.562500 0.312500
v 0.812500 0.625000 0.312500
v 0.812500 0.687500 0.312500
v 0.812500 0.750000 0.312500
v 0.812500 0.812500 0.312500
v 0.812500 0.875000 0.312500
v 0.812500 0.937500 0.312500
v 0.812500 1.000000 0.312500
v 0.812500 1.062500 0.312500
v 0.812500 1.125000 0.312500
v 0.812500 1.187500 0.312500
v 0.812500 1.250000 0.312500
v 0.812500 1.312500 0.312500
v 0.812500 1.375000 0.312500
v 0.812500 1.437500 0.312500
v 0.812500 1.500000 0.312500
v 0.812500 1.562500 0.312500
v 0.812500 1.625000 0.312500
v 0.812500 1.687500 0.312500
v 0.812500 1.750000 0.312500
v 0.812500 1.812500 0.312500
v 0.812500 1.875000 0.312500
v 0.812500 1.937500 0.312500
v 0.812500 2.000000 0.312500
v 0.812500 0.000000 0.375000
v 0.812500 0.062500 0.375000
v 0.812500 0.000000 0.437500
v 0.812500 0.062500 0.437500
v 0.812500 0.000000 0.500000
v 0.812500 0.062500 0.500000
v 0.875000 0.062500 -0.500000
v 0.875000 0.000000 -0.500000
v 0.875000 0.000000 -0.437500
v 0.875000 0.062500 -0.437500
v 0.875000 0.000000 -0.375000
v 0.875000 0.062500 -0.375000
v 0.875000 0.000000 -0.312500
v 0.875000 0.062500 -0.312500
v 0.875000 0.000000 -0.250000
v 0.875000 0.125000 -0.312500
v 0.875000 0.187500 -0.312500
v 0.875000 0.250000 -0.312500
v 0.875000 0.312500 -0.312500
v 0.875000 0.375000 -0.312500
v 0.875000 0.437500 -0.312500
v 0.875000 0.500000 -0.312500
v 0.875000 0.562500 -0.312500
v 0.875000 0.625000 -0.312500
v 0.875000 0.687500 -0.312500
v 0.875000 0.750000 -0.312500
v 0.875000 0.750000 -0.250000
v 0.875000 0.937500 -0.312500
v 0.875000 0.875000 -0.312500
v 0.875000 0.875000 -0.250000
v 0.875000 1.000000 -0.312500
v 0.875000 1.062500 -0.312500
v 0.875000 1.125000 -0.312500
v 0.875000 1.187500 -0.312500
v 0.875000 1.250000 -0.312500
v 0.875000 1.312500 -0.312500
v 0.875000 1.375000 -0.312500
v 0.875000 1.437500 -0.312500
v 0.875000 1.500000 -0.312500
v 0.875000 1.562500 -0.312500
v 0.875000 1.625000 -0.312500
v 0.875000 1.687500 -0.312500
v 0.875000 1.750000 -0.312500
v 0.875000 1.812500 -0.312500
v 0.875000 1.875000 -0.312500
v 0.875000 1.937500 -0.312500
v 0.875000 2.000000 -0.312500
v 0.875000 2.000000 -0.250000
v 0.875000 0.000000 -0.187500
v 0.875000 0.750000 -0.187500
v 0.875000 0.875000 -0.187500
v 0.875000 2.000000 -0.187500
v 0.875000 0.000000 -0.125000
v 0.875000 0.812500 -0.187500
v 0.875000 2.000000 -0.125000
v 0.875000 0.000000 -0.062500
v 0.875000 2.000000 -0.062500
v 0.875000 0.000000 0.000000
v 0.875000 2.000000 0.000000
v 0.875000 0.000000 0.062500
v 0.875000 2.000000 0.062500
v 0.875000 0.000000 0.125000
v 0.875000 2.000000 0.125000
v 0.875000 0.000000 0.187500
v 0.875000 2.000000 0.187500
v 0.875000 0.000000 0.250000
v 0.875000 2.000000 0.250000
v 0.875000 0.000000 0.312500
v 0.875000 0.062500 0.312500
v 0.875000 0.125000 0.312500
v 0.875000 0.187500 0.312500
v 0.875000 0.250000 0.312500
v 0.875000 0.312500 0.312500
v 0.875000 0.375000 0.312500
v 0.875000 0.437500 0.312500
v 0.875000 0.500000 0.312500
v 0.875000 0.562500 0.312500
v 0.875000 0.625000 0.312500
v 0.875000 0.687500 0.312500
v 0.875000 0.750000 0.312500
v 0.875000 0.812500 0.312500
v 0.875000 0.875000 0.312500
v 0.875000 0.937500 0.312500
v 0.875000 1.000000 0.312500
v 0.875000 1.062500 0.312500
v 0.875000 1.125000 0.312500
v 0.875000 1.187500 0.312500
v 0.875000 1.250000 0.312500
v 0.875000 1.312500 0.312500
v 0.875000 1.375000 0.312500
v 0.875000 1.437500 0.312500
v 0.875000 1.500000 0.312500
v 0.875000 1.562500 0.312500
v 0.875000 1.625000 0.312500
v 0.875000 1.687500 0.312500
v 0.875000 1.750000 0.312500
v 0.875000 1.812500 0.312500
v 0.875000 1.875000 0.312500
v 0.875000 1.937500 0.312500
v 0.875000 2.000000 0.312500
v 0.875000 0.000000 0.375000
v 0.875000 0.062500 0.375000
v 0.875000 0.000000 0.437500
v 0.875000 0.062500 0.437500
v 0.875000 0.000000 0.500000
v 0.875000 0.062500 0.500000
v 0.937500 0.062500 -0.500000
v 0.937500 0.000000 -0.500000
v 0.937500 0.000000 -0.437500
v 0.937500 0.062500 -0.437500
v 0.937500 0.000000 -0.375000
v 0.937500 0.062500 -0.375000
v 0.937500 0.000000 -0.312500
v 0.937500 0.062500 -0.312500
v 0.937500 0.000000 -0.250000
v 0.937500 0.125000 -0.312500
v 0.937500 0.187500 -0.312500
v 0.937500 0.250000 -0.312500
v 0.937500 0.312500 -0.312500
v 0.937500 0.375000 -0.312500
v 0.937500 0.437500 -0.312500
v 0.937500 0.500000 -0.312500
v 0.937500 0.562500 -0.312500
v 0.937500 0.625000 -0.312500
v 0.937500 0.687500 -0.312500
v 0.937500 0.750000 -0.312500
v 0.875000 0.812500 -0.250000
v 0.875000 0.812500 -0.312500
v 0.937500 0.812500 -0.312500
v 0.937500 0.875000 -0.312500
v 0.937500 0.937500 -0.312500
v 0.937500 1.000000 -0.312500
v 0.937500 1.062500 -0.312500
v 0.937500 1.125000 -0.312500
v 0.937500 1.187500 -0.312500
v 0.937500 1.250000 -0.312500
v 0.937500 1.312500 -0.312500
v 0.937500 1.375000 -0.312500
v 0.937500 1.437500 -0.312500
v 0.937500 1.500000 -0.312500
v 0.937500 1.562500 -0.312500
v 0.937500 1.625000 -0.312500
v 0.937500 1.687500 -0.312500
v 0.937500 1.750000 -0.312500
v 0.937500 1.812500 -0.312500
v 0.937500 1.875000 -0.312500
v 0.937500 1.937500 -0.312500
v 0.937500 2.000000 -0.312500
v 0.937500 2.000000 -0.250000
v 0.937500 0.000000 -0.187500
v 0.937500 2.000000 -0.187500
v 0.937500 0.000000 -0.125000
v 0.937500 2.000000 -0.125000
v 0.937500 0.000000 -0.062500
v 0.937500 2.000000 -0.062500
v 0.937500 0.000000 0.000000
v 0.937500 2.000000 0.000000
v 0.937500 0.000000 0.062500
v 0.937500 2.000000 0.062500
v 0.937500 0.000000 0.125000
v 0.937500 2.000000 0.125000
v 0.937500 0.000000 0.187500
v 0.937500 2.000000 0.187500
v 0.937500 0.000000 0.250000
v 0.937500 2.000000 0.250000
v 0.937500 0.000000 0.312500
v 0.937500 0.062500 0.312500
v 0.937500 0.125000 0.312500
v 0.937500 0.187500 0.312500
v 0.937500 0.250000 0.312500
v 0.937500 0.312500 0.312500
v 0.937500 0.375000 0.312500
v 0.937500 0.437500 0.312500
v 0.937500 0.500000 0.312500
v 0.937500 0.562500 0.312500
v 0.937500 0.625000 0.312500
v 0.937500 0.687500 0.312500
v 0.937500 0.750000 0.312500
v 0.937500 0.812500 0.312500
v 0.937500 0.875000 0.312500
v 0.937500 0.937500 0.312500
v 0.937500 1.000000 0.312500
v 0.937500 1.062500 0.312500
v 0.937500 1.125000 0.312500
v 0.937500 1.187500 0.312500
v 0.937500 1.250000 0.312500
v 0.937500 1.312500 0.312500
v 0.937500 1.375000 0.312500
v 0.937500 1.437500 0.312500
v 0.937500 1.500000 0.312500
v 0.937500 1.562500 0.312500
v 0.937500 1.625000 0.312500
v 0.937500 1.687500 0.312500
v 0.937500 1.750000 0.312500
v 0.937500 1.812500 0.312500
v 0.937500 1.875000 0.312500
v 0.937500 1.937500 0.312500
v 0.937500 2.000000 0.312500
v 0.937500 0.000000 0.375000
v 0.937500 0.062500 0.375000
v 0.937500 0.000000 0.437500
v 0.937500 0.062500 0.437500
v 0.937500 0.000000 0.500000
v 0.937500 0.062500 0.500000
v 1.000000 0.062500 -0.500000
v 1.000000 0.062500 -0.437500
v 1.000000 0.000000 -0.437500
v 1.000000 0.000000 -0.500000
v 1.000000 0.062500 -0.375000
v 1.000000 0.000000 -0.375000
v 1.000000 0.062500 -0.312500
v 1.000000 0.000000 -0.312500
v 1.000000 0.062500 -0.250000
v 1.000000 0.000000 -0.250000
v 1.000000 0.125000 -0.312500
v 1.000000 0.125000 -0.250000
v 1.000000 0.187500 -0.312500
v 1.000000 0.187500 -0.250000
v 1.000000 0.250000 -0.312500
v 1.000000 0.250000 -0.250000
v 1.000000 0.312500 -0.312500
v 1.000000 0.312500 -0.250000
v 1.000000 0.375000 -0.312500
v 1.000000 0.375000 -0.250000
v 1.000000 0.437500 -0.312500
v 1.000000 0.437500 -0.250000
v 1.000000 0.500000 -0.312500
v 1.000000 0.500000 -0.250000
v 1.000000 0.562500 -0.312500
v 1.000000 0.562500 -0.250000
v 1.000000 0.625000 -0.312500
v 1.000000 0.625000 -0.250000
v 1.000000 0.687500 -0.312500
v 1.000000 0.687500 -0.250000
v 1.000000 0.750000 -0.312500
v 1.000000 0.750000 -0.250000
v 1.000000 0.812500 -0.312500
v 1.000000 0.812500 -0.250000
v 1.000000 0.875000 -0.312500
v 1.000000 0.875000 -0.250000
v 1.000000 0.937500 -0.312500
v 1.000000 0.937500 -0.250000
v 1.000000 1.000000 -0.312500
v 1.000000 1.000000 -0.250000
v 1.000000 1.062500 -0.312500
v 1.000000 1.062500 -0.250000
v 1.000000 1.125000 -0.312500
v 1.000000 1.125000 -0.250000
v 1.000000 1.187500 -0.312500
v 1.000000 1.187500 -0.250000
v 1.000000 1.250000 -0.312500
v 1.000000 1.250000 -0.250000
v 1.000000 1.312500 -0.312500
v 1.000000 1.312500 -0.250000
v 1.000000 1.375000 -0.312500
v 1.000000 1.375000 -0.250000
v 1.000000 1.437500 -0.312500
v 1.000000 1.437500 -0.250000
v 1.000000 1.500000 -0.312500
v 1.000000 1.500000 -0.250000
v 1.000000 1.562500 -0.312500
v 1.000000 1.562500 -0.250000
v 1.000000 1.625000 -0.312500
v 1.000000 1.625000 -0.250000
v 1.000000 1.687500 -0.312500
v 1.000000 1.687500 -0.250000
v 1.000000 1.750000 -0.312500
v 1.000000 1.750000 -0.250000
v 1.000000 1.812500 -0.312500
v 1.000000 1.812500 -0.250000
v 1.000000 1.875000 -0.312500
v 1.000000 1.875000 -0.250000
v 1.000000 1.937500 -0.312500
v 1.000000 1.937500 -0.250000
v 1.000000 2.000000 -0.312500
v 1.000000 2.000000 -0.250000
v 1.000000 0.062500 -0.187500
v 1.000000 0.000000 -0.187500
v 1.000000 0.125000 -0.187500
v 1.000000 0.187500 -0.187500
v 1.000000 0.250000 -0.187500
v 1.000000 0.312500 -0.187500
v 1.000000 0.375000 -0.187500
v 1.000000 0.437500 -0.187500
v 1.000000 0.500000 -0.187500
v 1.000000 0.562500 -0.187500
v 1.000000 0.625000 -0.187500
v 1.000000 0.687500 -0.187500
v 1.000000 0.750000 -0.187500
v 1.000000 0.812500 -0.187500
v 1.000000 0.875000 -0.187500
v 1.000000 0.937500 -0.187500
v 1.000000 1.000000 -0.187500
v 1.000000 1.062500 -0.187500
v 1.000000 1.125000 -0.187500
v 1.000000 1.187500 -0.187500
v 1.000000 1.250000 -0.187500
v 1.000000 1.312500 -0.187500
v 1.000000 1.375000 -0.187500
v 1.000000 1.437500 -0.187500
v 1.000000 1.500000 -0.187500
v 1.000000 1.562500 -0.187500
v 1.000000 1.625000 -0.187500
v 1.000000 1.687500 -0.187500
v 1.000000 1.750000 -0.187500
v 1.000000 1.812500 -0.187500
v 1.000000 1.875000 -0.187500
v 1.000000 1.937500 -0.187500
v 1.000000 2.000000 -0.187500
v 1.000000 0.062500 -0.125000
v 1.000000 0.000000 -0.125000
v 1.000000 0.125000 -0.125000
v 1.000000 0.187500 -0.125000
v 1.000000 0.250000 -0.125000
v 1.000000 0.312500 -0.125000
v 1.000000 0.375000 -0.125000
v 1.000000 0.437500 -0.125000
v 1.000000 0.500000 -0.125000
v 1.000000 0.562500 -0.125000
v 1.000000 0.625000 -0.125000
v 1.000000 0.687500 -0.125000
v 1.000000 0.750000 -0.125000
v 1.000000 0.812500 -0.125000
v 1.000000 0.875000 -0.125000
v 1.000000 0.937500 -0.125000
v 1.000000 1.000000 -0.125000
v 1.000000 1.062500 -0.125000
v 1.000000 1.125000 -0.125000
v 1.000000 1.187500 -0.125000
v 1.000000 1.250000 -0.125000
v 1.000000 1.312500 -0.125000
v 1.000000 1.375000 -0.125000
v 1.000000 1.437500 -0.125000
v 1.000000 1.500000 -0.125000
v 1.000000 1.562500 -0.125000
v 1.000000 1.625000 -0.125000
v 1.000000 1.687500 -0.125000
v 1.000000 1.750000 -0.125000
v 1.000000 1.812500 -0.125000
v 1.000000 1.875000 -0.125000
v 1.000000 1.937500 -0.125000
v 1.000000 2.000000 -0.125000
v 1.000000 0.062500 -0.062500
v 1.000000 0.000000 -0.062500
v 1.000000 0.125000 -0.062500
v 1.000000 0.187500 -0.062500
v 1.000000 0.250000 -0.062500
v 1.000000 0.312500 -0.062500
v 1.000000 0.375000 -0.062500
v 1.000000 0.437500 -0.062500
v 1.000000 0.500000 -0.062500
v 1.000000 0.562500 -0.062500
v 1.000000 0.625000 -0.062500
v 1.000000 0.687500 -0.062500
v 1.000000 0.750000 -0.062500
v 1.000000 0.812500 -0.062500
v 1.000000 0.875000 -0.062500
v 1.000000 0.937500 -0.062500
v 1.000000 1.000000 -0.062500
v 1.000000 1.062500 -0.062500
v 1.000000 1.125000 -0.062500
v 1.000000 1.187500 -0.062500
v 1.000000 1.250000 -0.062500
v 1.000000 1.312500 -0.062500
v 1.000000 1.375000 -0.062500
v 1.000000 1.437500 -0.062500
v 1.000000 1.500000 -0.062500
v 1.000000 1.562500 -0.062500
v 1.000000 1.625000 -0.062500
v 1.000000 1.687500 -0.062500
v 1.000000 1.750000 -0.062500
v 1.000000 1.812500 -0.062500
v 1.000000 1.875000 -0.062500
v 1.000000 1.937500 -0.062500
v 1.000000 2.000000 -0.062500
v 1.000000 0.062500 0.000000
v 1.000000 0.000000 0.000000
v 1.000000 0.125000 0.000000
v 1.000000 0.187500 0.000000
v 1.000000 0.250000 0.000000
v 1.000000 0.312500 0.000000
v 1.000000 0.375000 0.000000
v 1.000000 0.437500 0.000000
v 1.000000 0.500000 0.000000
v 1.000000 0.562500 0.000000
v 1.000000 0.625000 0.000000
v 1.000000 0.687500 0.000000
v 1.000000 0.750000 0.000000
v 1.000000 0.812500 0.000000
v 1.000000 0.875000 0.000000
v 1.000000 0.937500 0.000000
v 1.000000 1.000000 0.000000
v 1.000000 1.062500 0.000000
v 1.000000 1.125000 0.000000
v 1.000000 1.187500 0.000000
v 1.000000 1.250000 0.000000
v 1.000000 1.312500 0.000000
v 1.000000 1.375000 0.000000
v 1.000000 1.437500 0.000000
v 1.000000 1.500000 0.000000
v 1.000000 1.562500 0.000000
v 1.000000 1.625000 0.000000
v 1.000000 1.687500 0.000000
v 1.000000 1.750000 0.000000
v 1.000000 1.812500 0.000000
v 1.000000 1.875000 0.000000
v 1.000000 1.937500 0.000000
v 1.000000 2.000000 0.000000
v 1.000000 0.062500 0.062500
v 1.000000 0.000000 0.062500
v 1.000000 0.125000 0.062500
v 1.000000 0.187500 0.062500
v 1.000000 0.250000 0.062500
v 1.000000 0.312500 0.062500
v 1.000000 0.375000 0.062500
v 1.000000 0.437500 0.062500
v 1.000000 0.500000 0.062500
v 1.000000 0.562500 0.062500
v 1.000000 0.625000 0.062500
v 1.000000 0.687500 0.062500
v 1.000000 0.750000 0.062500
v 1.000000 0.812500 0.062500
v 1.000000 0.875000 0.062500
v 1.000000 0.937500 0.062500
v 1.000000 1.000000 0.062500
v 1.000000 1.062500 0.062500
v 1.000000 1.125000 0.062500
v 1.000000 1.187500 0.062500
v 1.000000 1.250000 0.062500
v 1.000000 1.312500 0.062500
v 1.000000 1.375000 0.062500
v 1.000000 1.437500 0.062500
v 1.000000 1.500000 0.062500
v 1.000000 1.562500 0.062500
v 1.000000 1.625000 0.062500
v 1.000000 1.687500 0.062500
v 1.000000 1.750000 0.062500
v 1.000000 1.812500 0.062500
v 1.000000 1.875000 0.062500
v 1.000000 1.937500 0.062500
v 1.000000 2.000000 0.062500
v 1.000000 0.062500 0.125000
v 1.000000 0.000000 0.125000
v 1.000000 0.125000 0.125000
v 1.000000 0.187500 0.125000
v 1.000000 0.250000 0.125000
v 1.000000 0.312500 0.125000
v 1.000000 0.375000 0.125000
v 1.000000 0.437500 0.125000
v 1.000000 0.500000 0.125000
v 1.000000 0.562500 0.125000
v 1.000000 0.625000 0.125000
v 1.000000 0.687500 0.125000
v 1.000000 0.750000 0.125000
v 1.000000 0.812500 0.125000
v 1.000000 0.875000 0.125000
v 1.000000 0.937500 0.125000
v 1.000000 1.000000 0.125000
v 1.000000 1.062500 0.125000
v 1.000000 1.125000 0.125000
v 1.000000 1.187500 0.125000
v 1.000000 1.250000 0.125000
v 1.000000 1.312500 0.125000
v 1.000000 1.375000 0.125000
v 1.000000 1.437500 0.125000
v 1.000000 1.500000 0.125000
v 1.000000 1.562500 0.125000
v 1.000000 1.625000 0.125000
v 1.000000 1.687500 0.125000
v 1.000000 1.750000 0.125000
v 1.000000 1.812500 0.125000
v 1.000000 1.875000 0.125000
v 1.000000 1.937500 0.125000
v 1.000000 2.000000 0.125000
v 1.000000 0.062500 0.187500
v 1.000000 0.000000 0.187500
v 1.000000 0.125000 0.187500
v 1.000000 0.187500 0.187500
v 1.000000 0.250000 0.187500
v 1.000000 0.312500 0.187500
v 1.000000 0.375000 0.187500
v 1.000000 0.437500 0.187500
v 1.000000 0.500000 0.187500
v 1.000000 0.562500 0.187500
v 1.000000 0.625000 0.187500
v 1.000000 0.687500 0.187500
v 1.000000 0.750000 0.187500
v 1.000000 0.812500 0.187500
v 1.000000 0.875000 0.187500
v 1.000000 0.937500 0.187500
v 1.000000 1.000000 0.187500
v 1.000000 1.062500 0.187500
v 1.000000 1.125000 0.187500
v 1.000000 1.187500 0.187500
v 1.000000 1.250000 0.187500
v 1.000000 1.312500 0.187500
v 1.000000 1.375000 0.187500
v 1.000000 1.437500 0.187500
v 1.000000 1.500000 0.187500
v 1.000000 1.562500 0.187500
v 1.000000 1.625000 0.187500
v 1.000000 1.687500 0.187500
v 1.000000 1.750000 0.187500
v 1.000000 1.812500 0.187500
v 1.000000 1.875000 0.187500
v 1.000000 1.937500 0.187500
v 1.000000 2.000000 0.187500
v 1.000000 0.062500 0.250000
v 1.000000 0.000000 0.250000
v 1.000000 0.125000 0.250000
v 1.000000 0.187500 0.250000
v 1.000000 0.250000 0.250000
v 1.000000 0.312500 0.250000
v 1.000000 0.375000 0.250000
v 1.000000 0.437500 0.250000
v 1.000000 0.500000 0.250000
v 1.000000 0.562500 0.250000
v 1.000000 0.625000 0.250000
v 1.000000 0.687500 0.250000
v 1.000000 0.750000 0.250000
v 1.000000 0.812500 0.250000
v 1.000000 0.875000 0.250000
v 1.000000 0.937500 0.250000
v 1.000000 1.000000 0.250000
v 1.000000 1.062500 0.250000
v 1.000000 1.125000 0.250000
v 1.000000 1.187500 0.250000
v 1.000000 1.250000 0.250000
v 1.000000 1.312500 0.250000
v 1.000000 1.375000 0.250000
v 1.000000 1.437500 0.250000
v 1.000000 1.500000 0.250000
v 1.000000 1.562500 0.250000
v 1.000000 1.625000 0.250000
v 1.000000 1.687500 0.250000
v 1.000000 1.750000 0.250000
v 1.000000 1.812500 0.250000
v 1.000000 1.875000 0.250000
v 1.000000 1.937500 0.250000
v 1.000000 2.000000 0.250000
v 1.000000 0.062500 0.312500
v 1.000000 0.000000 0.312500
v 1.000000 0.125000 0.312500
v 1.000000 0.187500 0.312500
v 1.000000 0.250000 0.312500
v 1.000000 0.312500 0.312500
v 1.000000 0.375000 0.312500
v 1.000000 0.437500 0.312500
v 1.000000 0.500000 0.312500
v 1.000000 0.562500 0.312500
v 1.000000 0.625000 0.312500
v 1.000000 0.687500 0.312500
v 1.000000 0.750000 0.312500
v 1.000000 0.812500 0.312500
v 1.000000 0.875000 0.312500
v 1.000000 0.937500 0.312500
v 1.000000 1.000000 0.312500
v 1.000000 1.062500 0.312500
v 1.000000 1.125000 0.312500
v 1.000000 1.187500 0.312500
v 1.000000 1.250000 0.312500
v 1.000000 1.312500 0.312500
v 1.000000 1.375000 0.312500
v 1.000000 1.437500 0.312500
v 1.000000 1.500000 0.312500
v 1.000000 1.562500 0.312500
v 1.000000 1.625000 0.312500
v 1.000000 1.687500 0.312500
v 1.000000 1.750000 0.312500
v 1.000000 1.812500 0.312500
v 1.000000 1.875000 0.312500
v 1.000000 1.937500 0.312500
v 1.000000 2.000000 0.312500
v 1.000000 0.062500 0.375000
v 1.000000 0.000000 0.375000
v 1.000000 0.062500 0.437500
v 1.000000 0.000000 0.437500
v 1.000000 0.062500 0.500000
v 1.000000 0.000000 0.500000
vt 0.03125000 0.96875000
vt 0.09375000 0.96875000
vt 0.15625000 0.96875000
vt 0.21875000 0.96875000
vt 0.28125000 0.96875000
vt 0.34375000 0.96875000
vt 0.40625000 0.96875000
vt 0.46875000 0.96875000
vt 0.53125000 0.96875000
vt 0.59375000 0.96875000
vt 0.65625000 0.96875000
vt 0.71875000 0.96875000
vt 0.78125000 0.96875000
vt 0.84375000 0.96875000
vt 0.90625000 0.96875000
vt 0.96875000 0.96875000
vt 0.03125000 0.90625000
vt 0.09375000 0.90625000
vt 0.15625000 0.90625000
vt 0.21875000 0.90625000
vt 0.28125000 0.90625000
vt 0.34375000 0.90625000
vt 0.40625000 0.90625000
vt 0.46875000 0.90625000
vt 0.53125000 0.90625000
vt 0.59375000 0.90625000
vt 0.65625000 0.90625000
vt 0.71875000 0.90625000
vt 0.78125000 0.90625000
vt 0.84375000 0.90625000
vt 0.90625000 0.90625000
vt 0.96875000 0.90625000
vt 0.03125000 0.84375000
vt 0.09375000 0.84375000
vt 0.15625000 0.84375000
vt 0.21875000 0.84375000
vt 0.28125000 0.84375000
vt 0.34375000 0.84375000
vt 0.40625000 0.84375000
vt 0.46875000 0.84375000
vt 0.53125000 0.84375000
vt 0.59375000 0.84375000
vt 0.65625000 0.84375000
vt 0.71875000 0.84375000
vt 0.78125000 0.84375000
vt 0.84375000 0.84375000
vt 0.90625000 0.84375000
vt 0.96875000 0.84375000
vt 0.03125000 0.78125000
vt 0.09375000 0.78125000
vt 0.15625000 0.78125000
vt 0.21875000 0.78125000
vt 0.28125000 0.78125000
vt 0.34375000 0.78125000
vt 0.40625000 0.78125000
vt 0.46875000 0.78125000
vt 0.53125000 0.78125000
vt 0.59375000 0.78125000
vt 0.65625000 0.78125000
vt 0.71875000 0.78125000
vt 0.78125000 0.78125000
vt 0.84375000 0.78125000
vt 0.90625000 0.78125000
vt 0.96875000 0.78125000
vt 0.03125000 0.71875000
vt 0.09375000 0.71875000
vt 0.15625000 0.71875000
vt 0.21875000 0.71875000
vt 0.28125000 0.71875000
vt 0.34375000 0.71875000
vt 0.40625000 0.71875000
vt 0.46875000 0.71875000
vt 0.53125000 0.71875000
vt 0.59375000 0.71875000
vt 0.65625000 0.71875000
vt 0.71875000 0.71875000
vt 0.78125000 0.71875000
vt 0.84375000 0.71875000
vt 0.90625000 0.71875000
vt 0.96875000 0.71875000
vt 0.03125000 0.65625000
vt 0.09375000 0.65625000
vt 0.15625000 0.65625000
vt 0.21875000 0.65625000
vt 0.28125000 0.65625000
vt 0.34375000 0.65625000
vt 0.40625000 0.65625000
vt 0.46875000 0.65625000
vt 0.53125000 0.65625000
vt 0.59375000 0.65625000
vt 0.65625000 0.65625000
vt 0.71875000 0.65625000
vt 0.78125000 0.65625000
vt 0.84375000 0.65625000
vt 0.90625000 0.65625000
vt 0.96875000 0.65625000
vt 0.03125000 0.59375000
vt 0.09375000 0.59375000
vt 0.15625000 0.59375000
vt 0.21875000 0.59375000
vt 0.28125000 0.59375000
vt 0.34375000 0.59375000
vt 0.40625000 0.59375000
vt 0.46875000 0.59375000
vt 0.53125000 0.59375000
vt 0.59375000 0.59375000
vt 0.65625000 0.59375000
vt 0.71875000 0.59375000
vt 0.78125000 0.59375000
vt 0.84375000 0.59375000
vt 0.90625000 0.59375000
vt 0.96875000 0.59375000
vt 0.03125000 0.53125000
vt 0.09375000 0.53125000
vt 0.15625000 0.53125000
vt 0.21875000 0.53125000
vt 0.28125000 0.53125000
vt 0.34375000 0.53125000
vt 0.40625000 0.53125000
vt 0.46875000 0.53125000
vt 0.53125000 0.53125000
vt 0.59375000 0.53125000
vt 0.65625000 0.53125000
vt 0.71875000 0.53125000
vt 0.78125000 0.53125000
vt 0.84375000 0.53125000
vt 0.90625000 0.53125000
vt 0.96875000 0.53125000
vt 0.03125000 0.46875000
vt 0.09375000 0.46875000
vt 0.15625000 0.46875000
vt 0.21875000 0.46875000
vt 0.28125000 0.46875000
vt 0.34375000 0.46875000
vt 0.40625000 0.46875000
vt 0.46875000 0.46875000
vt 0.53125000 0.46875000
vt 0.59375000 0.46875000
vt 0.65625000 0.46875000
vt 0.71875000 0.46875000
vt 0.78125000 0.46875000
vt 0.84375000 0.46875000
vt 0.90625000 0.46875000
vt 0.96875000 0.46875000
vt 0.03125000 0.40625000
vt 0.09375000 0.40625000
vt 0.15625000 0.40625000
vt 0.21875000 0.40625000
vt 0.28125000 0.40625000
vt 0.34375000 0.40625000
vt 0.40625000 0.40625000
vt 0.46875000 0.40625000
vt 0.53125000 0.40625000
vt 0.59375000 0.40625000
vt 0.65625000 0.40625000
vt 0.71875000 0.40625000
vt 0.78125000 0.40625000
vt 0.84375000 0.40625000
vt 0.90625000 0.40625000
vt 0.96875000 0.40625000
vt 0.03125000 0.34375000
vt 0.09375000 0.34375000
vt 0.15625000 0.34375000
vt 0.21875000 0.34375000
vt 0.28125000 0.34375000
vt 0.34375000 0.34375000
vt 0.40625000 0.34375000
vt 0.46875000 0.34375000
vt 0.53125000 0.34375000
vt 0.59375000 0.34375000
vt 0.65625000 0.34375000
vt 0.71875000 0.34375000
vt 0.78125000 0.34375000
vt 0.84375000 0.34375000
vt 0.90625000 0.34375000
vt 0.96875000 0.34375000
vt 0.03125000 0.28125000
vt 0.09375000 0.28125000
vt 0.15625000 0.28125000
vt 0.21875000 0.28125000
vt 0.28125000 0.28125000
vt 0.34375000 0.28125000
vt 0.40625000 0.28125000
vt 0.46875000 0.28125000
vt 0.53125000 0.28125000
vt 0.59375000 0.28125000
vt 0.65625000 0.28125000
vt 0.71875000 0.28125000
vt 0.78125000 0.28125000
vt 0.84375000 0.28125000
vt 0.90625000 0.28125000
vt 0.96875000 0.28125000
vt 0.03125000 0.21875000
vt 0.09375000 0.21875000
vt 0.15625000 0.21875000
vt 0.21875000 0.21875000
vt 0.28125000 0.21875000
vt 0.34375000 0.21875000
vt 0.40625000 0.21875000
vt 0.46875000 0.21875000
vt 0.53125000 0.21875000
vt 0.59375000 0.21875000
vt 0.65625000 0.21875000
vt 0.71875000 0.21875000
vt 0.78125000 0.21875000
vt 0.84375000 0.21875000
vt 0.90625000 0.21875000
vt 0.96875000 0.21875000
vt 0.03125000 0.15625000
vt 0.09375000 0.15625000
vt 0.15625000 0.15625000
vt 0.21875000 0.15625000
vt 0.28125000 0.15625000
vt 0.34375000 0.15625000
vt 0.40625000 0.15625000
vt 0.46875000 0.15625000
vt 0.53125000 0.15625000
vt 0.59375000 0.15625000
vt 0.65625000 0.15625000
vt 0.71875000 0.15625000
vt 0.78125000 0.15625000
vt 0.84375000 0.15625000
vt 0.90625000 0.15625000
vt 0.96875000 0.15625000
vt 0.03125000 0.09375000
vt 0.09375000 0.09375000
vt 0.15625000 0.09375000
vt 0.21875000 0.09375000
vt 0.28125000 0.09375000
vt 0.34375000 0.09375000
vt 0.40625000 0.09375000
vt 0.46875000 0.09375000
vt 0.53125000 0.09375000
vt 0.59375000 0.09375000
vt 0.65625000 0.09375000
vt 0.71875000 0.09375000
vt 0.78125000 0.09375000
vt 0.84375000 0.09375000
vt 0.90625000 0.09375000
vt 0.96875000 0.09375000
vt 0.03125000 0.03125000
vt 0.09375000 0.03125000
vt 0.15625000 0.03125000
vt 0.21875000 0.03125000
vt 0.28125000 0.03125000
vt 0.34375000 0.03125000
vt 0.40625000 0.03125000
vt 0.46875000 0.03125000
vt 0.53125000 0.03125000
vt 0.59375000 0.03125000
vt 0.65625000 0.03125000
vt 0.71875000 0.03125000
vt 0.78125000 0.03125000
vt 0.84375000 0.03125000
vt 0.90625000 0.03125000
vt 0.96875000 0.03125000
vn -1 0 0
vn 1 0 0
vn 0 0 -1
vn 0 0 1
vn 0 -1 0
vn 0 1 0
g palette
usemtl palette
f 1/11/1 2/11/1 3/11/1 4/11/1
f 3/11/3 5/11/3 6/11/3 4/11/3
f 6/11/5 7/11/5 1/11/5 4/11/5
f 2/11/6 8/11/6 5/11/6 3/11/6
f 9/11/1 10/11/1 2/11/1 1/11/1
f 7/11/5 11/11/5 9/11/5 1/11/5
f 10/11/6 12/11/6 8/11/6 2/11/6
f 13/11/1 14/11/1 10/11/1 9/11/1
f 11/11/5 15/11/5 13/11/5 9/11/5
f 14/11/6 16/11/6 12/11/6 10/11/6
f 17/11/1 18/11/1 14/11/1 13/11/1
f 15/11/5 19/11/5 17/11/5 13/11/5
f 18/4/1 20/4/1 21/4/1 14/4/1
f 21/4/3 22/4/3 16/4/3 14/4/3
f 20/4/1 23/4/1 24/4/1 21/4/1
f 24/4/3 25/4/3 22/4/3 21/4/3
f 23/4/1 26/4/1 27/4/1 24/4/1
f 27/4/3 28/4/3 25/4/3 24/4/3
f 26/4/1 29/4/1 30/4/1 27/4/1
f 30/4/3 31/4/3 28/4/3 27/4/3
f 29/4/1 32/4/1 33/4/1 30/4/1
f 33/4/3 34/4/3 31/4/3 30/4/3
f 32/4/1 35/4/1 36/4/1 33/4/1
f 37/4/2 38/4/2 39/4/2 34/4/2
f 36/4/3 37/4/3 34/4/3 33/4/3
f 35/4/1 40/4/1 41/4/1 36/4/1
f 42/4/2 43/4/2 38/4/2 37/4/2
f 41/4/3 42/4/3 37/4/3 36/4/3
f 40/4/1 44/4/1 45/4/1 41/4/1
f 45/4/3 46/4/3 42/4/3 41/4/3
f 44/4/1 47/4/1 48/4/1 45/4/1
f 48/4/3 49/4/3 46/4/3 45/4/3
f 47/4/1 50/4/1 51/4/1 48/4/1
f 51/4/3 52/4/3 49/4/3 48/4/3
f 50/4/1 53/4/1 54/4/1 51/4/1
f 54/4/3 55/4/3 52/4/3 51/4/3
f 53/4/1 56/4/1 57/4/1 54/4/1
f 57/4/3 58/4/3 55/4/3 54/4/3
f 56/4/1 59/4/1 60/4/1 57/4/1
f 60/4/3 61/4/3 58/4/3 57/4/3
f 59/4/1 62/4/1 63/4/1 60/4/1
f 63/4/3 64/4/3 61/4/3 60/4/3
f 62/4/1 65/4/1 66/4/1 63/4/1
f 66/4/3 67/4/3 64/4/3 63/4/3
f 65/4/1 68/4/1 69/4/1 66/4/1
f 69/4/3 70/4/3 67/4/3 66/4/3
f 68/4/1 71/4/1 72/4/1 69/4/1
f 72/4/3 73/4/3 70/4/3 69/4/3
f 71/4/1 74/4/1 75/4/1 72/4/1
f 75/4/3 76/4/3 73/4/3 72/4/3
f 74/4/1 77/4/1 78/4/1 75/4/1
f 78/4/3 79/4/3 76/4/3 75/4/3
f 77/4/1 80/4/1 81/4/1 78/4/1
f 81/4/3 82/4/3 79/4/3 78/4/3
f 80/4/1 83/4/1 84/4/1 81/4/1
f 84/4/3 85/4/3 82/4/3 81/4/3
f 83/4/1 86/4/1 87/4/1 84/4/1
f 87/4/3 88/4/3 85/4/3 84/4/3
f 86/4/1 89/4/1 90/4/1 87/4/1
f 90/4/3 91/4/3 88/4/3 87/4/3
f 89/4/1 92/4/1 93/4/1 90/4/1
f 93/4/3 94/4/3 91/4/3 90/4/3
f 92/4/1 95/4/1 96/4/1 93/4/1
f 96/4/3 97/4/3 94/4/3 93/4/3
f 95/4/1 98/4/1 99/4/1 96/4/1
f 99/4/3 100/4/3 97/4/3 96/4/3
f 98/4/1 101/4/1 102/4/1 99/4/1
f 102/4/3 103/4/3 100/4/3 99/4/3
f 101/4/1 104/4/1 105/4/1 102/4/1
f 105/4/3 106/4/3 103/4/3 102/4/3
f 104/5/1 107/5/1 108/5/1 105/5/1
f 108/5/3 109/5/3 106/5/3 105/5/3
f 107/5/1 110/5/1 111/5/1 108/5/1
f 111/5/3 112/5/3 109/5/3 108/5/3
f 110/5/1 113/5/1 114/5/1 111/5/1
f 114/5/3 115/5/3 112/5/3 111/5/3
f 113/5/6 116/5/6 115/5/6 114/5/6
f 117/11/1 118/11/1 18/11/1 17/11/1
f 19/11/5 119/11/5 117/11/5 17/11/5
f 118/4/1 120/4/1 20/4/1 18/4/1
f 120/4/1 121/4/1 23/4/1 20/4/1
f 121/4/1 122/4/1 26/4/1 23/4/1
f 122/4/1 123/4/1 29/4/1 26/4/1
f 123/4/1 124/4/1 32/4/1 29/4/1
f 124/4/1 125/4/1 35/4/1 32/4/1
f 38/4/2 126/4/2 127/4/2 39/4/2
f 125/4/1 128/4/1 40/4/1 35/4/1
f 43/4/2 129/4/2 126/4/2 38/4/2
f 128/4/1 130/4/1 44/4/1 40/4/1
f 130/4/1 131/4/1 47/4/1 44/4/1
f 131/4/1 132/4/1 50/4/1 47/4/1
f 132/4/1 133/4/1 53/4/1 50/4/1
f 133/4/1 134/4/1 56/4/1 53/4/1
f 134/4/1 135/4/1 59/4/1 56/4/1
f 135/4/1 136/4/1 62/4/1 59/4/1
f 136/4/1 137/4/1 65/4/1 62/4/1
f 137/4/1 138/4/1 68/4/1 65/4/1
f 138/4/1 139/4/1 71/4/1 68/4/1
f 139/4/1 140/4/1 74/4/1 71/4/1
f 140/4/1 141/4/1 77/4/1 74/4/1
f 141/4/1 142/4/1 80/4/1 77/4/1
f 142/4/1 143/4/1 83/4/1 80/4/1
f 143/4/1 144/4/1 86/4/1 83/4/1
f 144/4/1 145/4/1 89/4/1 86/4/1
f 145/4/1 146/4/1 92/4/1 89/4/1
f 146/4/1 147/4/1 95/4/1 92/4/1
f 147/4/1 148/4/1 98/4/1 95/4/1
f 148/4/1 149/4/1 101/4/1 98/4/1
f 149/4/1 150/4/1 104/4/1 101/4/1
f 150/5/1 151/5/1 107/5/1 104/5/1
f 151/5/1 152/5/1 110/5/1 107/5/1
f 152/5/1 153/5/1 113/5/1 110/5/1
f 153/5/6 154/5/6 116/5/6 113/5/6
f 155/11/1 156/11/1 118/11/1 117/11/1
f 119/11/5 157/11/5 155/11/5 117/11/5
f 156/4/1 158/4/1 120/4/1 118/4/1
f 158/4/1 159/4/1 121/4/1 120/4/1
f 159/4/1 160/4/1 122/4/1 121/4/1
f 160/4/1 161/4/1 123/4/1 122/4/1
f 161/4/1 162/4/1 124/4/1 123/4/1
f 162/4/1 163/4/1 125/4/1 124/4/1
f 163/4/1 164/4/1 128/4/1 125/4/1
f 164/4/1 165/4/1 130/4/1 128/4/1
f 165/4/1 166/4/1 131/4/1 130/4/1
f 166/4/1 167/4/1 132/4/1 131/4/1
f 167/4/1 168/4/1 133/4/1 132/4/1
f 168/4/1 169/4/1 134/4/1 133/4/1
f 169/4/1 170/4/1 135/4/1 134/4/1
f 170/4/1 171/4/1 136/4/1 135/4/1
f 171/4/1 172/4/1 137/4/1 136/4/1
f 172/4/1 173/4/1 138/4/1 137/4/1
f 173/4/1 174/4/1 139/4/1 138/4/1
f 174/4/1 175/4/1 140/4/1 139/4/1
f 175/4/1 176/4/1 141/4/1 140/4/1
f 176/4/1 177/4/1 142/4/1 141/4/1
f 177/4/1 178/4/1 143/4/1 142/4/1
f 178/4/1 179/4/1 144/4/1 143/4/1
f 179/4/1 180/4/1 145/4/1 144/4/1
f 180/4/1 181/4/1 146/4/1 145/4/1
f 181/4/1 182/4/1 147/4/1 146/4/1
f 182/4/1 183/4/1 148/4/1 147/4/1
f 183/4/1 184/4/1 149/4/1 148/4/1
f 184/4/1 185/4/1 150/4/1 149/4/1
f 185/5/1 186/5/1 151/5/1 150/5/1
f 186/5/1 187/5/1 152/5/1 151/5/1
f 187/5/1 188/5/1 153/5/1 152/5/1
f 188/5/6 189/5/6 154/5/6 153/5/6
f 190/11/1 191/11/1 156/11/1 155/11/1
f 157/11/5 192/11/5 190/11/5 155/11/5
f 191/4/1 193/4/1 158/4/1 156/4/1
f 193/4/1 194/4/1 159/4/1 158/4/1
f 194/11/1 195/11/1 160/11/1 159/11/1
f 195/4/1 196/4/1 161/4/1 160/4/1
f 196/4/1 197/4/1 162/4/1 161/4/1
f 197/4/1 198/4/1 163/4/1 162/4/1
f 198/4/1 199/4/1 164/4/1 163/4/1
f 199/4/1 200/4/1 165/4/1 164/4/1
f 200/4/1 201/4/1 166/4/1 165/4/1
f 201/4/1 202/4/1 167/4/1 166/4/1
f 202/4/1 203/4/1 168/4/1 167/4/1
f 203/4/1 204/4/1 169/4/1 168/4/1
f 204/4/1 205/4/1 170/4/1 169/4/1
f 205/4/1 206/4/1 171/4/1 170/4/1
f 206/4/1 207/4/1 172/4/1 171/4/1
f 207/4/1 208/4/1 173/4/1 172/4/1
f 208/4/1 209/4/1 174/4/1 173/4/1
f 209/4/1 210/4/1 175/4/1 174/4/1
f 210/4/1 211/4/1 176/4/1 175/4/1
f 211/4/1 212/4/1 177/4/1 176/4/1
f 212/4/1 213/4/1 178/4/1 177/4/1
f 213/4/1 214/4/1 179/4/1 178/4/1
f 214/4/1 215/4/1 180/4/1 179/4/1
f 215/4/1 216/4/1 181/4/1 180/4/1
f 216/4/1 217/4/1 182/4/1 181/4/1
f 217/4/1 218/4/1 183/4/1 182/4/1
f 218/4/1 219/4/1 184/4/1 183/4/1
f 219/4/1 220/4/1 185/4/1 184/4/1
f 220/5/1 221/5/1 186/5/1 185/5/1
f 221/5/1 222/5/1 187/5/1 186/5/1
f 222/5/1 223/5/1 188/5/1 187/5/1
f 223/5/6 224/5/6 189/5/6 188/5/6
f 225/11/1 226/11/1 191/11/1 190/11/1
f 192/11/5 227/11/5 225/11/5 190/11/5
f 226/4/1 228/4/1 193/4/1 191/4/1
f 228/4/1 229/4/1 194/4/1 193/4/1
f 229/4/1 230/4/1 195/4/1 194/4/1
f 230/4/1 231/4/1 196/4/1 195/4/1
f 231/4/1 232/4/1 197/4/1 196/4/1
f 232/4/1 233/4/1 198/4/1 197/4/1
f 233/4/1 234/4/1 199/4/1 198/4/1
f 234/4/1 235/4/1 200/4/1 199/4/1
f 235/4/1 236/4/1 201/4/1 200/4/1
f 236/4/1 237/4/1 202/4/1 201/4/1
f 237/4/1 238/4/1 203/4/1 202/4/1
f 238/4/1 239/4/1 204/4/1 203/4/1
f 239/4/1 240/4/1 205/4/1 204/4/1
f 240/4/1 241/4/1 206/4/1 205/4/1
f 241/4/1 242/4/1 207/4/1 206/4/1
f 242/4/1 243/4/1 208/4/1 207/4/1
f 243/4/1 244/4/1 209/4/1 208/4/1
f 244/4/1 245/4/1 210/4/1 209/4/1
f 245/4/1 246/4/1 211/4/1 210/4/1
f 246/4/1 247/4/1 212/4/1 211/4/1
f 247/4/1 248/4/1 213/4/1 212/4/1
f 248/4/1 249/4/1 214/4/1 213/4/1
f 249/4/1 250/4/1 215/4/1 214/4/1
f 250/4/1 251/4/1 216/4/1 215/4/1
f 251/4/1 252/4/1 217/4/1 216/4/1
f 252/4/1 253/4/1 218/4/1 217/4/1
f 253/4/1 254/4/1 219/4/1 218/4/1
f 254/4/1 255/4/1 220/4/1 219/4/1
f 255/5/1 256/5/1 221/5/1 220/5/1
f 256/5/1 257/5/1 222/5/1 221/5/1
f 257/5/1 258/5/1 223/5/1 222/5/1
f 258/5/6 259/5/6 224/5/6 223/5/6
f 260/11/1 261/11/1 226/11/1 225/11/1
f 227/11/5 262/11/5 260/11/5 225/11/5
f 261/4/1 263/4/1 228/4/1 226/4/1
f 263/4/1 264/4/1 229/4/1 228/4/1
f 264/4/1 265/4/1 230/4/1 229/4/1
f 265/4/1 266/4/1 231/4/1 230/4/1
f 266/4/1 267/4/1 232/4/1 231/4/1
f 267/4/1 268/4/1 233/4/1 232/4/1
f 268/4/1 269/4/1 234/4/1 233/4/1
f 269/4/1 270/4/1 235/4/1 234/4/1
f 270/4/1 271/4/1 236/4/1 235/4/1
f 271/4/1 272/4/1 237/4/1 236/4/1
f 272/4/1 273/4/1 238/4/1 237/4/1
f 273/4/1 274/4/1 239/4/1 238/4/1
f 274/4/1 275/4/1 240/4/1 239/4/1
f 275/4/1 276/4/1 241/4/1 240/4/1
f 276/4/1 277/4/1 242/4/1 241/4/1
f 277/4/1 278/4/1 243/4/1 242/4/1
f 278/4/1 279/4/1 244/4/1 243/4/1
f 279/4/1 280/4/1 245/4/1 244/4/1
f 280/4/1 281/4/1 246/4/1 245/4/1
f 281/4/1 282/4/1 247/4/1 246/4/1
f 282/4/1 283/4/1 248/4/1 247/4/1
f 283/4/1 284/4/1 249/4/1 248/4/1
f 284/4/1 285/4/1 250/4/1 249/4/1
f 285/4/1 286/4/1 251/4/1 250/4/1
f 286/4/1 287/4/1 252/4/1 251/4/1
f 287/4/1 288/4/1 253/4/1 252/4/1
f 288/4/1 289/4/1 254/4/1 253/4/1
f 289/4/1 290/4/1 255/4/1 254/4/1
f 290/5/1 291/5/1 256/5/1 255/5/1
f 291/5/1 292/5/1 257/5/1 256/5/1
f 292/5/1 293/5/1 258/5/1 257/5/1
f 293/5/6 294/5/6 259/5/6 258/5/6
f 295/11/1 296/11/1 261/11/1 260/11/1
f 262/11/5 297/11/5 295/11/5 260/11/5
f 296/4/1 298/4/1 263/4/1 261/4/1
f 298/4/1 299/4/1 264/4/1 263/4/1
f 299/4/1 300/4/1 265/4/1 264/4/1
f 300/4/1 301/4/1 266/4/1 265/4/1
f 301/4/1 302/4/1 267/4/1 266/4/1
f 302/4/1 303/4/1 268/4/1 267/4/1
f 303/4/1 304/4/1 269/4/1 268/4/1
f 304/4/1 305/4/1 270/4/1 269/4/1
f 305/4/1 306/4/1 271/4/1 270/4/1
f 306/4/1 307/4/1 272/4/1 271/4/1
f 307/4/1 308/4/1 273/4/1 272/4/1
f 308/4/1 309/4/1 274/4/1 273/4/1
f 309/4/1 310/4/1 275/4/1 274/4/1
f 310/4/1 311/4/1 276/4/1 275/4/1
f 311/4/1 312/4/1 277/4/1 276/4/1
f 312/4/1 313/4/1 278/4/1 277/4/1
f 313/4/1 314/4/1 279/4/1 278/4/1
f 314/4/1 315/4/1 280/4/1 279/4/1
f 315/4/1 316/4/1 281/4/1 280/4/1
f 316/4/1 317/4/1 282/4/1 281/4/1
f 317/4/1 318/4/1 283/4/1 282/4/1
f 318/4/1 319/4/1 284/4/1 283/4/1
f 319/4/1 320/4/1 285/4/1 284/4/1
f 320/4/1 321/4/1 286/4/1 285/4/1
f 321/4/1 322/4/1 287/4/1 286/4/1
f 322/4/1 323/4/1 288/4/1 287/4/1
f 323/4/1 324/4/1 289/4/1 288/4/1
f 324/4/1 325/4/1 290/4/1 289/4/1
f 325/5/1 326/5/1 291/5/1 290/5/1
f 326/5/1 327/5/1 292/5/1 291/5/1
f 327/5/1 328/5/1 293/5/1 292/5/1
f 328/5/6 329/5/6 294/5/6 293/5/6
f 330/11/1 331/11/1 296/11/1 295/11/1
f 297/11/5 332/11/5 330/11/5 295/11/5
f 331/4/1 333/4/1 298/4/1 296/4/1
f 333/4/1 334/4/1 299/4/1 298/4/1
f 334/4/1 335/4/1 300/4/1 299/4/1
f 335/4/1 336/4/1 301/4/1 300/4/1
f 336/4/1 337/4/1 302/4/1 301/4/1
f 337/4/1 338/4/1 303/4/1 302/4/1
f 338/4/1 339/4/1 304/4/1 303/4/1
f 339/4/1 340/4/1 305/4/1 304/4/1
f 340/4/1 341/4/1 306/4/1 305/4/1
f 341/4/1 342/4/1 307/4/1 306/4/1
f 342/4/1 343/4/1 308/4/1 307/4/1
f 343/4/1 344/4/1 309/4/1 308/4/1
f 344/4/1 345/4/1 310/4/1 309/4/1
f 345/4/1 346/4/1 311/4/1 310/4/1
f 346/4/1 347/4/1 312/4/1 311/4/1
f 347/4/1 348/4/1 313/4/1 312/4/1
f 348/4/1 349/4/1 314/4/1 313/4/1
f 349/4/1 350/4/1 315/4/1 314/4/1
f 350/4/1 351/4/1 316/4/1 315/4/1
f 351/4/1 352/4/1 317/4/1 316/4/1
f 352/4/1 353/4/1 318/4/1 317/4/1
f 353/4/1 354/4/1 319/4/1 318/4/1
f 354/4/1 355/4/1 320/4/1 319/4/1
f 355/4/1 356/4/1 321/4/1 320/4/1
f 356/4/1 357/4/1 322/4/1 321/4/1
f 357/4/1 358/4/1 323/4/1 322/4/1
f 358/4/1 359/4/1 324/4/1 323/4/1
f 359/4/1 360/4/1 325/4/1 324/4/1
f 360/5/1 361/5/1 326/5/1 325/5/1
f 361/5/1 362/5/1 327/5/1 326/5/1
f 362/5/1 363/5/1 328/5/1 327/5/1
f 363/5/6 364/5/6 329/5/6 328/5/6
f 365/11/1 366/11/1 331/11/1 330/11/1
f 332/11/5 367/11/5 365/11/5 330/11/5
f 366/4/1 368/4/1 333/4/1 331/4/1
f 368/4/1 369/4/1 334/4/1 333/4/1
f 369/4/1 370/4/1 335/4/1 334/4/1
f 370/4/1 371/4/1 336/4/1 335/4/1
f 371/4/1 372/4/1 337/4/1 336/4/1
f 372/4/1 373/4/1 338/4/1 337/4/1
f 373/4/1 374/4/1 339/4/1 338/4/1
f 374/4/1 375/4/1 340/4/1 339/4/1
f 375/4/1 376/4/1 341/4/1 340/4/1
f 376/4/1 377/4/1 342/4/1 341/4/1
f 377/4/1 378/4/1 343/4/1 342/4/1
f 378/4/1 379/4/1 344/4/1 343/4/1
f 379/4/1 380/4/1 345/4/1 344/4/1
f 380/4/1 381/4/1 346/4/1 345/4/1
f 381/4/1 382/4/1 347/4/1 346/4/1
f 382/4/1 383/4/1 348/4/1 347/4/1
f 383/4/1 384/4/1 349/4/1 348/4/1
f 384/4/1 385/4/1 350/4/1 349/4/1
f 385/4/1 386/4/1 351/4/1 350/4/1
f 386/4/1 387/4/1 352/4/1 351/4/1
f 387/4/1 388/4/1 353/4/1 352/4/1
f 388/4/1 389/4/1 354/4/1 353/4/1
f 389/4/1 390/4/1 355/4/1 354/4/1
f 390/4/1 391/4/1 356/4/1 355/4/1
f 391/4/1 392/4/1 357/4/1 356/4/1
f 392/4/1 393/4/1 358/4/1 357/4/1
f 393/4/1 394/4/1 359/4/1 358/4/1
f 394/4/1 395/4/1 360/4/1 359/4/1
f 395/5/1 396/5/1 361/5/1 360/5/1
f 396/5/1 397/5/1 362/5/1 361/5/1
f 397/5/1 398/5/1 363/5/1 362/5/1
f 398/5/6 399/5/6 364/5/6 363/5/6
f 400/11/1 401/11/1 366/11/1 365/11/1
f 367/11/5 402/11/5 400/11/5 365/11/5
f 401/4/1 403/4/1 368/4/1 366/4/1
f 404/4/4 405/4/4 403/4/4 401/4/4
f 403/4/1 406/4/1 369/4/1 368/4/1
f 405/4/4 407/4/4 406/4/4 403/4/4
f 406/4/1 408/4/1 370/4/1 369/4/1
f 407/4/4 409/4/4 408/4/4 406/4/4
f 408/4/1 410/4/1 371/4/1 370/4/1
f 409/4/4 411/4/4 410/4/4 408/4/4
f 410/4/1 412/4/1 372/4/1 371/4/1
f 411/4/4 413/4/4 412/4/4 410/4/4
f 412/4/1 414/4/1 373/4/1 372/4/1
f 413/4/4 415/4/4 414/4/4 412/4/4
f 414/4/1 416/4/1 374/4/1 373/4/1
f 415/4/4 417/4/4 416/4/4 414/4/4
f 416/4/1 418/4/1 375/4/1 374/4/1
f 417/4/4 419/4/4 418/4/4 416/4/4
f 418/4/1 420/4/1 376/4/1 375/4/1
f 419/4/4 421/4/4 420/4/4 418/4/4
f 420/4/1 422/4/1 377/4/1 376/4/1
f 421/4/4 423/4/4 422/4/4 420/4/4
f 422/4/1 424/4/1 378/4/1 377/4/1
f 423/4/4 425/4/4 424/4/4 422/4/4
f 424/4/1 426/4/1 379/4/1 378/4/1
f 425/4/4 427/4/4 426/4/4 424/4/4
f 426/4/1 428/4/1 380/4/1 379/4/1
f 427/4/4 429/4/4 428/4/4 426/4/4
f 428/4/1 430/4/1 381/4/1 380/4/1
f 429/4/4 431/4/4 430/4/4 428/4/4
f 430/4/1 432/4/1 382/4/1 381/4/1
f 431/4/4 433/4/4 432/4/4 430/4/4
f 432/4/1 434/4/1 383/4/1 382/4/1
f 433/4/4 435/4/4 434/4/4 432/4/4
f 434/4/1 436/4/1 384/4/1 383/4/1
f 435/4/4 437/4/4 436/4/4 434/4/4
f 436/4/1 438/4/1 385/4/1 384/4/1
f 437/4/4 439/4/4 438/4/4 436/4/4
f 438/4/1 440/4/1 386/4/1 385/4/1
f 439/4/4 441/4/4 440/4/4 438/4/4
f 440/4/1 442/4/1 387/4/1 386/4/1
f 441/4/4 443/4/4 442/4/4 440/4/4
f 442/4/1 444/4/1 388/4/1 387/4/1
f 443/4/4 445/4/4 444/4/4 442/4/4
f 444/4/1 446/4/1 389/4/1 388/4/1
f 445/4/4 447/4/4 446/4/4 444/4/4
f 446/4/1 448/4/1 390/4/1 389/4/1
f 447/4/4 449/4/4 448/4/4 446/4/4
f 448/4/1 450/4/1 391/4/1 390/4/1
f 449/4/4 451/4/4 450/4/4 448/4/4
f 450/4/1 452/4/1 392/4/1 391/4/1
f 451/4/4 453/4/4 452/4/4 450/4/4
f 452/4/1 454/4/1 393/4/1 392/4/1
f 453/4/4 455/4/4 454/4/4 452/4/4
f 454/4/1 456/4/1 394/4/1 393/4/1
f 455/4/4 457/4/4 456/4/4 454/4/4
f 456/4/1 458/4/1 395/4/1 394/4/1
f 457/4/4 459/4/4 458/4/4 456/4/4
f 458/5/1 460/5/1 396/5/1 395/5/1
f 459/5/4 461/5/4 460/5/4 458/5/4
f 460/5/1 462/5/1 397/5/1 396/5/1
f 461/5/4 463/5/4 462/5/4 460/5/4
f 462/5/1 464/5/1 398/5/1 397/5/1
f 463/5/4 465/5/4 464/5/4 462/5/4
f 464/5/6 465/5/6 399/5/6 398/5/6
f 466/11/1 467/11/1 401/11/1 400/11/1
f 402/11/5 468/11/5 466/11/5 400/11/5
f 467/11/6 469/11/6 404/11/6 401/11/6
f 470/11/1 471/11/1 467/11/1 466/11/1
f 468/11/5 472/11/5 470/11/5 466/11/5
f 471/11/6 473/11/6 469/11/6 467/11/6
f 474/11/1 475/11/1 471/11/1 470/11/1
f 476/11/4 477/11/4 475/11/4 474/11/4
f 472/11/5 476/11/5 474/11/5 470/11/5
f 475/11/6 477/11/6 473/11/6 471/11/6
f 5/11/3 478/11/3 479/11/3 6/11/3
f 479/11/5 480/11/5 7/11/5 6/11/5
f 8/11/6 481/11/6 478/11/6 5/11/6
f 480/11/5 482/11/5 11/11/5 7/11/5
f 12/11/6 483/11/6 481/11/6 8/11/6
f 482/11/5 484/11/5 15/11/5 11/11/5
f 16/11/6 485/11/6 483/11/6 12/11/6
f 484/11/5 486/11/5 19/11/5 15/11/5
f 22/4/3 487/4/3 485/4/3 16/4/3
f 25/4/3 488/4/3 487/4/3 22/4/3
f 28/4/3 489/4/3 488/4/3 25/4/3
f 31/4/3 490/4/3 489/4/3 28/4/3
f 34/4/3 491/4/3 490/4/3 31/4/3
f 39/4/6 492/4/6 491/4/6 34/4/6
f 46/4/3 493/4/3 494/4/3 42/4/3
f 494/4/5 495/4/5 43/4/5 42/4/5
f 49/4/3 496/4/3 493/4/3 46/4/3
f 52/4/3 497/4/3 496/4/3 49/4/3
f 55/4/3 498/4/3 497/4/3 52/4/3
f 58/4/3 499/4/3 498/4/3 55/4/3
f 61/4/3 500/4/3 499/4/3 58/4/3
f 64/4/3 501/4/3 500/4/3 61/4/3
f 67/4/3 502/4/3 501/4/3 64/4/3
f 503/4/2 504/4/2 505/4/2 502/4/2
f 70/4/3 503/4/3 502/4/3 67/4/3
f 506/4/2 507/4/2 504/4/2 503/4/2
f 73/4/3 506/4/3 503/4/3 70/4/3
f 76/4/3 508/4/3 506/4/3 73/4/3
f 79/4/3 509/4/3 508/4/3 76/4/3
f 82/4/3 510/4/3 509/4/3 79/4/3
f 85/4/3 511/4/3 510/4/3 82/4/3
f 88/4/3 512/4/3 511/4/3 85/4/3
f 91/4/3 513/4/3 512/4/3 88/4/3
f 94/4/3 514/4/3 513/4/3 91/4/3
f 97/4/3 515/4/3 514/4/3 94/4/3
f 100/4/3 516/4/3 515/4/3 97/4/3
f 103/4/3 517/4/3 516/4/3 100/4/3
f 106/4/3 518/4/3 517/4/3 103/4/3
f 109/5/3 519/5/3 518/5/3 106/5/3
f 112/5/3 520/5/3 519/5/3 109/5/3
f 115/5/3 521/5/3 520/5/3 112/5/3
f 116/5/6 522/5/6 521/5/6 115/5/6
f 486/11/5 523/11/5 119/11/5 19/11/5
f 127/4/6 524/4/6 492/4/6 39/4/6
f 495/4/5 525/4/5 129/4/5 43/4/5
f 504/4/2 526/4/2 527/4/2 505/4/2
f 507/4/2 528/4/2 526/4/2 504/4/2
f 154/5/6 529/5/6 522/5/6 116/5/6
f 523/11/5 530/11/5 157/11/5 119/11/5
f 126/4/3 531/4/3 524/4/3 127/4/3
f 129/4/3 525/4/3 531/4/3 126/4/3
f 189/5/6 532/5/6 529/5/6 154/5/6
f 530/11/5 533/11/5 192/11/5 157/11/5
f 224/5/6 534/5/6 532/5/6 189/5/6
f 533/11/5 535/11/5 227/11/5 192/11/5
f 259/5/6 536/5/6 534/5/6 224/5/6
f 535/11/5 537/11/5 262/11/5 227/11/5
f 294/5/6 538/5/6 536/5/6 259/5/6
f 537/11/5 539/11/5 297/11/5 262/11/5
f 329/5/6 540/5/6 538/5/6 294/5/6
f 539/11/5 541/11/5 332/11/5 297/11/5
f 364/5/6 542/5/6 540/5/6 329/5/6
f 541/11/5 543/11/5 367/11/5 332/11/5
f 399/5/6 544/5/6 542/5/6 364/5/6
f 543/11/5 545/11/5 402/11/5 367/11/5
f 546/4/4 547/4/4 405/4/4 404/4/4
f 547/4/4 548/4/4 407/4/4 405/4/4
f 548/4/4 549/4/4 409/4/4 407/4/4
f 549/4/4 550/4/4 411/4/4 409/4/4
f 550/4/4 551/4/4 413/4/4 411/4/4
f 551/4/4 552/4/4 415/4/4 413/4/4
f 552/4/4 553/4/4 417/4/4 415/4/4
f 553/4/4 554/4/4 419/4/4 417/4/4
f 554/4/4 555/4/4 421/4/4 419/4/4
f 555/4/4 556/4/4 423/4/4 421/4/4
f 556/4/4 557/4/4 425/4/4 423/4/4
f 557/4/4 558/4/4 427/4/4 425/4/4
f 558/4/4 559/4/4 429/4/4 427/4/4
f 559/4/4 560/4/4 431/4/4 429/4/4
f 560/4/4 561/4/4 433/4/4 431/4/4
f 561/4/4 562/4/4 435/4/4 433/4/4
f 562/4/4 563/4/4 437/4/4 435/4/4
f 563/4/4 564/4/4 439/4/4 437/4/4
f 564/4/4 565/4/4 441/4/4 439/4/4
f 565/4/4 566/4/4 443/4/4 441/4/4
f 566/4/4 567/4/4 445/4/4 443/4/4
f 567/4/4 568/4/4 447/4/4 445/4/4
f 568/4/4 569/4/4 449/4/4 447/4/4
f 569/4/4 570/4/4 451/4/4 449/4/4
f 570/4/4 571/4/4 453/4/4 451/4/4
f 571/4/4 572/4/4 455/4/4 453/4/4
f 572/4/4 573/4/4 457/4/4 455/4/4
f 573/4/4 574/4/4 459/4/4 457/4/4
f 574/5/4 575/5/4 461/5/4 459/5/4
f 575/5/4 576/5/4 463/5/4 461/5/4
f 576/5/4 577/5/4 465/5/4 463/5/4
f 465/5/6 577/5/6 544/5/6 399/5/6
f 545/11/5 578/11/5 468/11/5 402/11/5
f 469/11/6 579/11/6 546/11/6 404/11/6
f 578/11/5 580/11/5 472/11/5 468/11/5
f 473/11/6 581/11/6 579/11/6 469/11/6
f 582/11/4 583/11/4 477/11/4 476/11/4
f 580/11/5 582/11/5 476/11/5 472/11/5
f 477/11/6 583/11/6 581/11/6 473/11/6
f 478/11/3 584/11/3 585/11/3 479/11/3
f 585/11/5 586/11/5 480/11/5 479/11/5
f 481/11/6 587/11/6 584/11/6 478/11/6
f 586/11/5 588/11/5 482/11/5 480/11/5
f 483/11/6 589/11/6 587/11/6 481/11/6
f 588/11/5 590/11/5 484/11/5 482/11/5
f 485/11/6 591/11/6 589/11/6 483/11/6
f 590/11/5 592/11/5 486/11/5 484/11/5
f 487/4/3 593/4/3 591/4/3 485/4/3
f 488/4/3 594/4/3 593/4/3 487/4/3
f 489/4/3 595/4/3 594/4/3 488/4/3
f 490/4/3 596/4/3 595/4/3 489/4/3
f 491/4/3 597/4/3 596/4/3 490/4/3
f 492/4/6 598/4/6 597/4/6 491/4/6
f 493/4/3 599/4/3 600/4/3 494/4/3
f 600/4/5 601/4/5 495/4/5 494/4/5
f 496/4/3 602/4/3 599/4/3 493/4/3
f 497/4/3 603/4/3 602/4/3 496/4/3
f 498/4/3 604/4/3 603/4/3 497/4/3
f 499/4/3 605/4/3 604/4/3 498/4/3
f 500/4/3 606/4/3 605/4/3 499/4/3
f 501/4/3 607/4/3 606/4/3 500/4/3
f 502/4/3 608/4/3 607/4/3 501/4/3
f 505/4/6 609/4/6 608/4/6 502/4/6
f 508/4/3 610/4/3 611/4/3 506/4/3
f 611/4/5 612/4/5 507/4/5 506/4/5
f 509/4/3 613/4/3 610/4/3 508/4/3
f 510/4/3 614/4/3 613/4/3 509/4/3
f 511/4/3 615/4/3 614/4/3 510/4/3
f 512/4/3 616/4/3 615/4/3 511/4/3
f 513/4/3 617/4/3 616/4/3 512/4/3
f 514/4/3 618/4/3 617/4/3 513/4/3
f 515/4/3 619/4/3 618/4/3 514/4/3
f 516/4/3 620/4/3 619/4/3 515/4/3
f 517/4/3 621/4/3 620/4/3 516/4/3
f 518/4/3 622/4/3 621/4/3 517/4/3
f 519/5/3 623/5/3 622/5/3 518/5/3
f 520/5/3 624/5/3 623/5/3 519/5/3
f 521/5/3 625/5/3 624/5/3 520/5/3
f 522/5/6 626/5/6 625/5/6 521/5/6
f 592/11/5 627/11/5 523/11/5 486/11/5
f 524/4/6 628/4/6 598/4/6 492/4/6
f 601/4/5 629/4/5 525/4/5 495/4/5
f 527/4/6 630/4/6 609/4/6 505/4/6
f 612/4/5 631/4/5 528/4/5 507/4/5
f 529/5/6 632/5/6 626/5/6 522/5/6
f 627/11/5 633/11/5 530/11/5 523/11/5
f 531/4/3 634/4/3 628/4/3 524/4/3
f 525/4/3 629/4/3 634/4/3 531/4/3
f 526/4/3 635/4/3 630/4/3 527/4/3
f 528/4/3 631/4/3 635/4/3 526/4/3
f 532/5/6 636/5/6 632/5/6 529/5/6
f 633/11/5 637/11/5 533/11/5 530/11/5
f 534/5/6 638/5/6 636/5/6 532/5/6
f 637/11/5 639/11/5 535/11/5 533/11/5
f 536/5/6 640/5/6 638/5/6 534/5/6
f 639/11/5 641/11/5 537/11/5 535/11/5
f 538/5/6 642/5/6 640/5/6 536/5/6
f 641/11/5 643/11/5 539/11/5 537/11/5
f 540/5/6 644/5/6 642/5/6 538/5/6
f 643/11/5 645/11/5 541/11/5 539/11/5
f 542/5/6 646/5/6 644/5/6 540/5/6
f 645/11/5 647/11/5 543/11/5 541/11/5
f 544/5/6 648/5/6 646/5/6 542/5/6
f 647/11/5 649/11/5 545/11/5 543/11/5
f 650/4/4 651/4/4 547/4/4 546/4/4
f 651/4/4 652/4/4 548/4/4 547/4/4
f 652/4/4 653/4/4 549/4/4 548/4/4
f 653/4/4 654/4/4 550/4/4 549/4/4
f 654/4/4 655/4/4 551/4/4 550/4/4
f 655/4/4 656/4/4 552/4/4 551/4/4
f 656/4/4 657/4/4 553/4/4 552/4/4
f 657/4/4 658/4/4 554/4/4 553/4/4
f 658/4/4 659/4/4 555/4/4 554/4/4
f 659/4/4 660/4/4 556/4/4 555/4/4
f 660/4/4 661/4/4 557/4/4 556/4/4
f 661/4/4 662/4/4 558/4/4 557/4/4
f 662/4/4 663/4/4 559/4/4 558/4/4
f 663/4/4 664/4/4 560/4/4 559/4/4
f 664/4/4 665/4/4 561/4/4 560/4/4
f 665/4/4 666/4/4 562/4/4 561/4/4
f 666/4/4 667/4/4 563/4/4 562/4/4
f 667/4/4 668/4/4 564/4/4 563/4/4
f 668/4/4 669/4/4 565/4/4 564/4/4
f 669/4/4 670/4/4 566/4/4 565/4/4
f 670/4/4 671/4/4 567/4/4 566/4/4
f 671/4/4 672/4/4 568/4/4 567/4/4
f 672/4/4 673/4/4 569/4/4 568/4/4
f 673/4/4 674/4/4 570/4/4 569/4/4
f 674/4/4 675/4/4 571/4/4 570/4/4
f 675/4/4 676/4/4 572/4/4 571/4/4
f 676/4/4 677/4/4 573/4/4 572/4/4
f 677/4/4 678/4/4 574/4/4 573/4/4
f 678/5/4 679/5/4 575/5/4 574/5/4
f 679/5/4 680/5/4 576/5/4 575/5/4
f 680/5/4 681/5/4 577/5/4 576/5/4
f 577/5/6 681/5/6 648/5/6 544/5/6
f 649/11/5 682/11/5 578/11/5 545/11/5
f 579/11/6 683/11/6 650/11/6 546/11/6
f 682/11/5 684/11/5 580/11/5 578/11/5
f 581/11/6 685/11/6 683/11/6 579/11/6
f 686/11/4 687/11/4 583/11/4 582/11/4
f 684/11/5 686/11/5 582/11/5 580/11/5
f 583/11/6 687/11/6 685/11/6 581/11/6
f 584/11/3 688/11/3 689/11/3 585/11/3
f 689/11/5 690/11/5 586/11/5 585/11/5
f 587/11/6 691/11/6 688/11/6 584/11/6
f 690/11/5 692/11/5 588/11/5 586/11/5
f 589/11/6 693/11/6 691/11/6 587/11/6
f 692/11/5 694/11/5 590/11/5 588/11/5
f 591/11/6 695/11/6 693/11/6 589/11/6
f 694/11/5 696/11/5 592/11/5 590/11/5
f 593/4/3 697/4/3 695/4/3 591/4/3
f 594/4/3 698/4/3 697/4/3 593/4/3
f 595/4/3 699/4/3 698/4/3 594/4/3
f 596/4/3 700/4/3 699/4/3 595/4/3
f 597/4/3 701/4/3 700/4/3 596/4/3
f 598/4/1 702/4/1 703/4/1 597/4/1
f 703/4/3 704/4/3 701/4/3 597/4/3
f 702/4/1 601/4/1 600/4/1 703/4/1
f 600/4/3 705/4/3 704/4/3 703/4/3
f 599/4/3 706/4/3 705/4/3 600/4/3
f 602/4/3 707/4/3 706/4/3 599/4/3
f 603/4/3 708/4/3 707/4/3 602/4/3
f 604/4/3 709/4/3 708/4/3 603/4/3
f 605/4/3 710/4/3 709/4/3 604/4/3
f 606/4/3 711/4/3 710/4/3 605/4/3
f 607/4/3 712/4/3 711/4/3 606/4/3
f 608/4/3 713/4/3 712/4/3 607/4/3
f 609/4/6 714/4/6 713/4/6 608/4/6
f 610/4/3 715/4/3 716/4/3 611/4/3
f 716/4/5 717/4/5 612/4/5 611/4/5
f 613/4/3 718/4/3 715/4/3 610/4/3
f 614/4/3 719/4/3 718/4/3 613/4/3
f 615/4/3 720/4/3 719/4/3 614/4/3
f 616/4/3 721/4/3 720/4/3 615/4/3
f 617/4/3 722/4/3 721/4/3 616/4/3
f 618/4/3 723/4/3 722/4/3 617/4/3
f 619/4/3 724/4/3 723/4/3 618/4/3
f 620/4/3 725/4/3 724/4/3 619/4/3
f 621/4/3 726/4/3 725/4/3 620/4/3
f 622/4/3 727/4/3 726/4/3 621/4/3
f 623/5/3 728/5/3 727/5/3 622/5/3
f 624/5/3 729/5/3 728/5/3 623/5/3
f 625/5/3 730/5/3 729/5/3 624/5/3
f 626/5/6 731/5/6 730/5/6 625/5/6
f 696/11/5 732/11/5 627/11/5 592/11/5
f 628/4/1 634/4/1 702/4/1 598/4/1
f 634/4/1 629/4/1 601/4/1 702/4/1
f 630/4/6 733/4/6 714/4/6 609/4/6
f 717/4/5 734/4/5 631/4/5 612/4/5
f 632/5/6 735/5/6 731/5/6 626/5/6
f 732/11/5 736/11/5 633/11/5 627/11/5
f 635/4/3 737/4/3 733/4/3 630/4/3
f 631/4/3 734/4/3 737/4/3 635/4/3
f 636/5/6 738/5/6 735/5/6 632/5/6
f 736/11/5 739/11/5 637/11/5 633/11/5
f 638/5/6 740/5/6 738/5/6 636/5/6
f 739/11/5 741/11/5 639/11/5 637/11/5
f 640/5/6 742/5/6 740/5/6 638/5/6
f 741/11/5 743/11/5 641/11/5 639/11/5
f 642/5/6 744/5/6 742/5/6 640/5/6
f 743/11/5 745/11/5 643/11/5 641/11/5
f 644/5/6 746/5/6 744/5/6 642/5/6
f 745/11/5 747/11/5 645/11/5 643/11/5
f 646/5/6 748/5/6 746/5/6 644/5/6
f 747/11/5 749/11/5 647/11/5 645/11/5
f 648/5/6 750/5/6 748/5/6 646/5/6
f 749/11/5 751/11/5 649/11/5 647/11/5
f 752/4/4 753/4/4 651/4/4 650/4/4
f 753/4/4 754/4/4 652/4/4 651/4/4
f 754/4/4 755/4/4 653/4/4 652/4/4
f 755/4/4 756/4/4 654/4/4 653/4/4
f 756/4/4 757/4/4 655/4/4 654/4/4
f 757/4/4 758/4/4 656/4/4 655/4/4
f 758/4/4 759/4/4 657/4/4 656/4/4
f 759/4/4 760/4/4 658/4/4 657/4/4
f 760/4/4 761/4/4 659/4/4 658/4/4
f 761/4/4 762/4/4 660/4/4 659/4/4
f 762/4/4 763/4/4 661/4/4 660/4/4
f 763/4/4 764/4/4 662/4/4 661/4/4
f 764/4/4 765/4/4 663/4/4 662/4/4
f 765/4/4 766/4/4 664/4/4 663/4/4
f 766/4/4 767/4/4 665/4/4 664/4/4
f 767/4/4 768/4/4 666/4/4 665/4/4
f 768/4/4 769/4/4 667/4/4 666/4/4
f 769/4/4 770/4/4 668/4/4 667/4/4
f 770/4/4 771/4/4 669/4/4 668/4/4
f 771/4/4 772/4/4 670/4/4 669/4/4
f 772/4/4 773/4/4 671/4/4 670/4/4
f 773/4/4 774/4/4 672/4/4 671/4/4
f 774/4/4 775/4/4 673/4/4 672/4/4
f 775/4/4 776/4/4 674/4/4 673/4/4
f 776/4/4 777/4/4 675/4/4 674/4/4
f 777/4/4 778/4/4 676/4/4 675/4/4
f 778/4/4 779/4/4 677/4/4 676/4/4
f 779/4/4 780/4/4 678/4/4 677/4/4
f 780/5/4 781/5/4 679/5/4 678/5/4
f 781/5/4 782/5/4 680/5/4 679/5/4
f 782/5/4 783/5/4 681/5/4 680/5/4
f 681/5/6 783/5/6 750/5/6 648/5/6
f 751/11/5 784/11/5 682/11/5 649/11/5
f 683/11/6 785/11/6 752/11/6 650/11/6
f 784/11/5 786/11/5 684/11/5 682/11/5
f 685/11/6 787/11/6 785/11/6 683/11/6
f 788/11/4 789/11/4 687/11/4 686/11/4
f 786/11/5 788/11/5 686/11/5 684/11/5
f 687/11/6 789/11/6 787/11/6 685/11/6
f 688/11/3 790/11/3 791/11/3 689/11/3
f 791/11/5 792/11/5 690/11/5 689/11/5
f 691/11/6 793/11/6 790/11/6 688/11/6
f 792/11/5 794/11/5 692/11/5 690/11/5
f 693/11/6 795/11/6 793/11/6 691/11/6
f 794/11/5 796/11/5 694/11/5 692/11/5
f 695/11/6 797/11/6 795/11/6 693/11/6
f 796/11/5 798/11/5 696/11/5 694/11/5
f 799/4/2 800/4/2 801/4/2 797/4/2
f 697/4/3 799/4/3 797/4/3 695/4/3
f 802/4/2 803/4/2 800/4/2 799/4/2
f 698/4/3 802/4/3 799/4/3 697/4/3
f 804/4/2 805/4/2 803/4/2 802/4/2
f 699/4/3 804/4/3 802/4/3 698/4/3
f 806/4/2 807/4/2 805/4/2 804/4/2
f 700/4/3 806/4/3 804/4/3 699/4/3
f 808/4/2 809/4/2 807/4/2 806/4/2
f 701/4/3 808/4/3 806/4/3 700/4/3
f 810/4/2 811/4/2 809/4/2 808/4/2
f 704/4/3 810/4/3 808/4/3 701/4/3
f 812/4/2 813/4/2 811/4/2 810/4/2
f 705/4/3 812/4/3 810/4/3 704/4/3
f 814/4/2 815/4/2 813/4/2 812/4/2
f 706/4/3 814/4/3 812/4/3 705/4/3
f 816/4/2 817/4/2 815/4/2 814/4/2
f 707/4/3 816/4/3 814/4/3 706/4/3
f 818/4/2 819/4/2 817/4/2 816/4/2
f 708/4/3 818/4/3 816/4/3 707/4/3
f 820/4/2 821/4/2 819/4/2 818/4/2
f 709/4/3 820/4/3 818/4/3 708/4/3
f 822/4/2 823/4/2 821/4/2 820/4/2
f 710/4/3 822/4/3 820/4/3 709/4/3
f 824/4/2 825/4/2 823/4/2 822/4/2
f 711/4/3 824/4/3 822/4/3 710/4/3
f 826/4/2 827/4/2 825/4/2 824/4/2
f 712/4/3 826/4/3 824/4/3 711/4/3
f 828/4/2 829/4/2 827/4/2 826/4/2
f 713/4/3 828/4/3 826/4/3 712/4/3
f 714/4/1 830/4/1 831/4/1 713/4/1
f 832/4/2 833/4/2 829/4/2 828/4/2
f 831/4/3 832/4/3 828/4/3 713/4/3
f 830/4/1 717/4/1 716/4/1 831/4/1
f 834/4/2 835/4/2 833/4/2 832/4/2
f 716/4/3 834/4/3 832/4/3 831/4/3
f 836/4/2 837/4/2 835/4/2 834/4/2
f 715/4/3 836/4/3 834/4/3 716/4/3
f 838/4/2 839/4/2 837/4/2 836/4/2
f 718/4/3 838/4/3 836/4/3 715/4/3
f 840/4/2 841/4/2 839/4/2 838/4/2
f 719/4/3 840/4/3 838/4/3 718/4/3
f 842/4/2 843/4/2 841/4/2 840/4/2
f 720/4/3 842/4/3 840/4/3 719/4/3
f 721/4/3 844/4/3 842/4/3 720/4/3
f 722/4/3 845/4/3 844/4/3 721/4/3
f 723/4/3 846/4/3 845/4/3 722/4/3
f 724/4/3 847/4/3 846/4/3 723/4/3
f 725/4/3 848/4/3 847/4/3 724/4/3
f 726/4/3 849/4/3 848/4/3 725/4/3
f 727/4/3 850/4/3 849/4/3 726/4/3
f 728/5/3 851/5/3 850/5/3 727/5/3
f 729/5/3 852/5/3 851/5/3 728/5/3
f 730/5/3 853/5/3 852/5/3 729/5/3
f 731/5/6 854/5/6 853/5/6 730/5/6
f 798/11/5 855/11/5 732/11/5 696/11/5
f 800/4/2 856/4/2 857/4/2 801/4/2
f 803/4/2 858/4/2 856/4/2 800/4/2
f 805/4/2 859/4/2 858/4/2 803/4/2
f 807/4/2 860/4/2 859/4/2 805/4/2
f 809/4/2 861/4/2 860/4/2 807/4/2
f 811/4/2 862/4/2 861/4/2 809/4/2
f 813/4/2 863/4/2 862/4/2 811/4/2
f 815/4/2 864/4/2 863/4/2 813/4/2
f 817/4/2 865/4/2 864/4/2 815/4/2
f 819/4/2 866/4/2 865/4/2 817/4/2
f 821/4/2 867/4/2 866/4/2 819/4/2
f 823/4/2 868/4/2 867/4/2 821/4/2
f 825/4/2 869/4/2 868/4/2 823/4/2
f 827/4/2 870/4/2 869/4/2 825/4/2
f 829/4/2 871/4/2 870/4/2 827/4/2
f 733/4/1 737/4/1 830/4/1 714/4/1
f 833/4/2 872/4/2 871/4/2 829/4/2
f 737/4/1 734/4/1 717/4/1 830/4/1
f 835/4/2 873/4/2 872/4/2 833/4/2
f 837/4/2 874/4/2 873/4/2 835/4/2
f 839/4/2 875/4/2 874/4/2 837/4/2
f 841/4/2 876/4/2 875/4/2 839/4/2
f 843/4/2 877/4/2 876/4/2 841/4/2
f 735/5/6 878/5/6 854/5/6 731/5/6
f 855/11/5 879/11/5 736/11/5 732/11/5
f 856/4/2 880/4/2 881/4/2 857/4/2
f 858/4/2 882/4/2 880/4/2 856/4/2
f 859/4/2 883/4/2 882/4/2 858/4/2
f 860/11/2 884/11/2 883/11/2 859/11/2
f 861/4/2 885/4/2 884/4/2 860/4/2
f 862/4/2 886/4/2 885/4/2 861/4/2
f 863/4/2 887/4/2 886/4/2 862/4/2
f 864/4/2 888/4/2 887/4/2 863/4/2
f 865/4/2 889/4/2 888/4/2 864/4/2
f 866/4/2 890/4/2 889/4/2 865/4/2
f 867/4/2 891/4/2 890/4/2 866/4/2
f 868/4/2 892/4/2 891/4/2 867/4/2
f 869/4/2 893/4/2 892/4/2 868/4/2
f 870/4/2 894/4/2 893/4/2 869/4/2
f 871/4/2 895/4/2 894/4/2 870/4/2
f 872/4/2 896/4/2 895/4/2 871/4/2
f 873/4/2 897/4/2 896/4/2 872/4/2
f 874/4/2 898/4/2 897/4/2 873/4/2
f 875/4/2 899/4/2 898/4/2 874/4/2
f 876/4/2 900/4/2 899/4/2 875/4/2
f 877/4/2 901/4/2 900/4/2 876/4/2
f 738/5/6 902/5/6 878/5/6 735/5/6
f 879/11/5 903/11/5 739/11/5 736/11/5
f 880/4/2 904/4/2 905/4/2 881/4/2
f 882/4/2 906/4/2 904/4/2 880/4/2
f 883/4/2 907/4/2 906/4/2 882/4/2
f 884/4/2 908/4/2 907/4/2 883/4/2
f 885/4/2 909/4/2 908/4/2 884/4/2
f 886/4/2 910/4/2 909/4/2 885/4/2
f 887/4/2 911/4/2 910/4/2 886/4/2
f 888/4/2 912/4/2 911/4/2 887/4/2
f 889/4/2 913/4/2 912/4/2 888/4/2
f 890/4/2 914/4/2 913/4/2 889/4/2
f 891/4/2 915/4/2 914/4/2 890/4/2
f 892/4/2 916/4/2 915/4/2 891/4/2
f 893/4/2 917/4/2 916/4/2 892/4/2
f 894/4/2 918/4/2 917/4/2 893/4/2
f 895/4/2 919/4/2 918/4/2 894/4/2
f 896/4/2 920/4/2 919/4/2 895/4/2
f 897/4/2 921/4/2 920/4/2 896/4/2
f 898/4/2 922/4/2 921/4/2 897/4/2
f 899/4/2 923/4/2 922/4/2 898/4/2
f 900/4/2 924/4/2 923/4/2 899/4/2
f 901/4/2 925/4/2 924/4/2 900/4/2
f 740/5/6 926/5/6 902/5/6 738/5/6
f 903/11/5 927/11/5 741/11/5 739/11/5
f 904/4/2 928/4/2 929/4/2 905/4/2
f 906/4/2 930/4/2 928/4/2 904/4/2
f 907/4/2 931/4/2 930/4/2 906/4/2
f 908/4/2 932/4/2 931/4/2 907/4/2
f 909/4/2 933/4/2 932/4/2 908/4/2
f 910/4/2 934/4/2 933/4/2 909/4/2
f 911/4/2 935/4/2 934/4/2 910/4/2
f 912/4/2 936/4/2 935/4/2 911/4/2
f 913/4/2 937/4/2 936/4/2 912/4/2
f 914/4/2 938/4/2 937/4/2 913/4/2
f 915/4/2 939/4/2 938/4/2 914/4/2
f 916/4/2 940/4/2 939/4/2 915/4/2
f 917/4/2 941/4/2 940/4/2 916/4/2
f 918/4/2 942/4/2 941/4/2 917/4/2
f 919/4/2 943/4/2 942/4/2 918/4/2
f 920/4/2 944/4/2 943/4/2 919/4/2
f 921/4/2 945/4/2 944/4/2 920/4/2
f 922/4/2 946/4/2 945/4/2 921/4/2
f 923/4/2 947/4/2 946/4/2 922/4/2
f 924/4/2 948/4/2 947/4/2 923/4/2
f 925/4/2 949/4/2 948/4/2 924/4/2
f 742/5/6 950/5/6 926/5/6 740/5/6
f 927/11/5 951/11/5 743/11/5 741/11/5
f 928/4/2 952/4/2 953/4/2 929/4/2
f 930/4/2 954/4/2 952/4/2 928/4/2
f 931/4/2 955/4/2 954/4/2 930/4/2
f 932/4/2 956/4/2 955/4/2 931/4/2
f 933/4/2 957/4/2 956/4/2 932/4/2
f 934/4/2 958/4/2 957/4/2 933/4/2
f 935/4/2 959/4/2 958/4/2 934/4/2
f 936/4/2 960/4/2 959/4/2 935/4/2
f 937/4/2 961/4/2 960/4/2 936/4/2
f 938/4/2 962/4/2 961/4/2 937/4/2
f 939/4/2 963/4/2 962/4/2 938/4/2
f 940/4/2 964/4/2 963/4/2 939/4/2
f 941/4/2 965/4/2 964/4/2 940/4/2
f 942/4/2 966/4/2 965/4/2 941/4/2
f 943/4/2 967/4/2 966/4/2 942/4/2
f 944/4/2 968/4/2 967/4/2 943/4/2
f 945/4/2 969/4/2 968/4/2 944/4/2
f 946/4/2 970/4/2 969/4/2 945/4/2
f 947/4/2 971/4/2 970/4/2 946/4/2
f 948/4/2 972/4/2 971/4/2 947/4/2
f 949/4/2 973/4/2 972/4/2 948/4/2
f 744/5/6 974/5/6 950/5/6 742/5/6
f 951/11/5 975/11/5 745/11/5 743/11/5
f 952/4/2 976/4/2 977/4/2 953/4/2
f 954/4/2 978/4/2 976/4/2 952/4/2
f 955/4/2 979/4/2 978/4/2 954/4/2
f 956/4/2 980/4/2 979/4/2 955/4/2
f 957/4/2 981/4/2 980/4/2 956/4/2
f 958/4/2 982/4/2 981/4/2 957/4/2
f 959/4/2 983/4/2 982/4/2 958/4/2
f 960/4/2 984/4/2 983/4/2 959/4/2
f 961/4/2 985/4/2 984/4/2 960/4/2
f 962/4/2 986/4/2 985/4/2 961/4/2
f 963/4/2 987/4/2 986/4/2 962/4/2
f 964/4/2 988/4/2 987/4/2 963/4/2
f 965/4/2 989/4/2 988/4/2 964/4/2
f 966/4/2 990/4/2 989/4/2 965/4/2
f 967/4/2 991/4/2 990/4/2 966/4/2
f 968/4/2 992/4/2 991/4/2 967/4/2
f 969/4/2 993/4/2 992/4/2 968/4/2
f 970/4/2 994/4/2 993/4/2 969/4/2
f 971/4/2 995/4/2 994/4/2 970/4/2
f 972/4/2 996/4/2 995/4/2 971/4/2
f 973/4/2 997/4/2 996/4/2 972/4/2
f 746/5/6 998/5/6 974/5/6 744/5/6
f 975/11/5 999/11/5 747/11/5 745/11/5
f 976/4/2 1000/4/2 1001/4/2 977/4/2
f 978/4/2 1002/4/2 1000/4/2 976/4/2
f 979/4/2 1003/4/2 1002/4/2 978/4/2
f 980/4/2 1004/4/2 1003/4/2 979/4/2
f 981/4/2 1005/4/2 1004/4/2 980/4/2
f 982/4/2 1006/4/2 1005/4/2 981/4/2
f 983/4/2 1007/4/2 1006/4/2 982/4/2
f 984/4/2 1008/4/2 1007/4/2 983/4/2
f 985/4/2 1009/4/2 1008/4/2 984/4/2
f 986/4/2 1010/4/2 1009/4/2 985/4/2
f 987/4/2 1011/4/2 1010/4/2 986/4/2
f 988/4/2 1012/4/2 1011/4/2 987/4/2
f 989/4/2 1013/4/2 1012/4/2 988/4/2
f 990/4/2 1014/4/2 1013/4/2 989/4/2
f 991/5/2 1015/5/2 1014/5/2 990/5/2
f 992/4/2 1016/4/2 1015/4/2 991/4/2
f 993/4/2 1017/4/2 1016/4/2 992/4/2
f 994/4/2 1018/4/2 1017/4/2 993/4/2
f 995/4/2 1019/4/2 1018/4/2 994/4/2
f 996/4/2 1020/4/2 1019/4/2 995/4/2
f 997/4/2 1021/4/2 1020/4/2 996/4/2
f 748/5/6 1022/5/6 998/5/6 746/5/6
f 999/11/5 1023/11/5 749/11/5 747/11/5
f 1000/4/2 1024/4/2 1025/4/2 1001/4/2
f 1002/4/2 1026/4/2 1024/4/2 1000/4/2
f 1003/4/2 1027/4/2 1026/4/2 1002/4/2
f 1004/4/2 1028/4/2 1027/4/2 1003/4/2
f 1005/4/2 1029/4/2 1028/4/2 1004/4/2
f 1006/4/2 1030/4/2 1029/4/2 1005/4/2
f 1007/4/2 1031/4/2 1030/4/2 1006/4/2
f 1008/4/2 1032/4/2 1031/4/2 1007/4/2
f 1009/4/2 1033/4/2 1032/4/2 1008/4/2
f 1010/4/2 1034/4/2 1033/4/2 1009/4/2
f 1011/4/2 1035/4/2 1034/4/2 1010/4/2
f 1012/4/2 1036/4/2 1035/4/2 1011/4/2
f 1013/4/2 1037/4/2 1036/4/2 1012/4/2
f 1014/4/2 1038/4/2 1037/4/2 1013/4/2
f 1015/4/2 1039/4/2 1038/4/2 1014/4/2
f 1016/4/2 1040/4/2 1039/4/2 1015/4/2
f 1017/4/2 1041/4/2 1040/4/2 1016/4/2
f 1018/4/2 1042/4/2 1041/4/2 1017/4/2
f 1019/4/2 1043/4/2 1042/4/2 1018/4/2
f 1020/4/2 1044/4/2 1043/4/2 1019/4/2
f 1021/4/2 1045/4/2 1044/4/2 1020/4/2
f 750/5/6 1046/5/6 1022/5/6 748/5/6
f 1023/11/5 1047/11/5 751/11/5 749/11/5
f 1024/4/2 1048/4/2 1049/4/2 1025/4/2
f 1049/4/4 1048/4/4 753/4/4 752/4/4
f 1026/4/2 1050/4/2 1048/4/2 1024/4/2
f 1048/4/4 1050/4/4 754/4/4 753/4/4
f 1027/4/2 1051/4/2 1050/4/2 1026/4/2
f 1050/4/4 1051/4/4 755/4/4 754/4/4
f 1028/4/2 1052/4/2 1051/4/2 1027/4/2
f 1051/4/4 1052/4/4 756/4/4 755/4/4
f 1029/4/2 1053/4/2 1052/4/2 1028/4/2
f 1052/4/4 1053/4/4 757/4/4 756/4/4
f 1030/4/2 1054/4/2 1053/4/2 1029/4/2
f 1053/4/4 1054/4/4 758/4/4 757/4/4
f 1031/4/2 1055/4/2 1054/4/2 1030/4/2
f 1054/4/4 1055/4/4 759/4/4 758/4/4
f 1032/4/2 1056/4/2 1055/4/2 1031/4/2
f 1055/4/4 1056/4/4 760/4/4 759/4/4
f 1033/4/2 1057/4/2 1056/4/2 1032/4/2
f 1056/4/4 1057/4/4 761/4/4 760/4/4
f 1034/4/2 1058/4/2 1057/4/2 1033/4/2
f 1057/4/4 1058/4/4 762/4/4 761/4/4
f 1035/4/2 1059/4/2 1058/4/2 1034/4/2
f 1058/4/4 1059/4/4 763/4/4 762/4/4
f 1036/4/2 1060/4/2 1059/4/2 1035/4/2
f 1059/4/4 1060/4/4 764/4/4 763/4/4
f 1037/4/2 1061/4/2 1060/4/2 1036/4/2
f 1060/4/4 1061/4/4 765/4/4 764/4/4
f 1038/4/2 1062/4/2 1061/4/2 1037/4/2
f 1061/4/4 1062/4/4 766/4/4 765/4/4
f 1039/4/2 1063/4/2 1062/4/2 1038/4/2
f 1062/4/4 1063/4/4 767/4/4 766/4/4
f 1040/4/2 1064/4/2 1063/4/2 1039/4/2
f 1063/4/4 1064/4/4 768/4/4 767/4/4
f 1041/4/2 1065/4/2 1064/4/2 1040/4/2
f 1064/4/4 1065/4/4 769/4/4 768/4/4
f 1042/4/2 1066/4/2 1065/4/2 1041/4/2
f 1065/4/4 1066/4/4 770/4/4 769/4/4
f 1043/4/2 1067/4/2 1066/4/2 1042/4/2
f 1066/4/4 1067/4/4 771/4/4 770/4/4
f 1044/4/2 1068/4/2 1067/4/2 1043/4/2
f 1067/4/4 1068/4/4 772/4/4 771/4/4
f 1045/4/2 1069/4/2 1068/4/2 1044/4/2
f 1068/4/4 1069/4/4 773/4/4 772/4/4
f 1069/4/4 1070/4/4 774/4/4 773/4/4
f 1070/4/4 1071/4/4 775/4/4 774/4/4
f 1071/4/4 1072/4/4 776/4/4 775/4/4
f 1072/4/4 1073/4/4 777/4/4 776/4/4
f 1073/4/4 1074/4/4 778/4/4 777/4/4
f 1074/4/4 1075/4/4 779/4/4 778/4/4
f 1075/4/4 1076/4/4 780/4/4 779/4/4
f 1076/5/4 1077/5/4 781/5/4 780/5/4
f 1077/5/4 1078/5/4 782/5/4 781/5/4
f 1078/5/4 1079/5/4 783/5/4 782/5/4
f 783/5/6 1079/5/6 1046/5/6 750/5/6
f 1047/11/5 1080/11/5 784/11/5 751/11/5
f 785/11/6 1081/11/6 1049/11/6 752/11/6
f 1080/11/5 1082/11/5 786/11/5 784/11/5
f 787/11/6 1083/11/6 1081/11/6 785/11/6
f 1084/11/4 1085/11/4 789/11/4 788/11/4
f 1082/11/5 1084/11/5 788/11/5 786/11/5
f 789/11/6 1085/11/6 1083/11/6 787/11/6
f 790/11/3 1086/11/3 1087/11/3 791/11/3
f 1087/11/5 1088/11/5 792/11/5 791/11/5
f 793/11/6 1089/11/6 1086/11/6 790/11/6
f 1088/11/5 1090/11/5 794/11/5 792/11/5
f 795/11/6 1091/11/6 1089/11/6 793/11/6
f 1090/11/5 1092/11/5 796/11/5 794/11/5
f 797/11/6 1093/11/6 1091/11/6 795/11/6
f 1092/11/5 1094/11/5 798/11/5 796/11/5
f 801/11/6 1095/11/6 1093/11/6 797/11/6
f 1096/4/2 1097/4/2 1098/4/2 1099/4/2
f 844/4/3 1096/4/3 1099/4/3 842/4/3
f 1099/4/5 1098/4/5 843/4/5 842/4/5
f 1100/4/2 1101/4/2 1097/4/2 1096/4/2
f 845/4/3 1100/4/3 1096/4/3 844/4/3
f 846/4/3 1102/4/3 1100/4/3 845/4/3
f 847/4/3 1103/4/3 1102/4/3 846/4/3
f 848/4/3 1104/4/3 1103/4/3 847/4/3
f 849/4/3 1105/4/3 1104/4/3 848/4/3
f 850/4/3 1106/4/3 1105/4/3 849/4/3
f 851/5/3 1107/5/3 1106/5/3 850/5/3
f 852/5/3 1108/5/3 1107/5/3 851/5/3
f 853/5/3 1109/5/3 1108/5/3 852/5/3
f 854/5/6 1110/5/6 1109/5/6 853/5/6
f 1094/11/5 1111/11/5 855/11/5 798/11/5
f 857/11/6 1112/11/6 1095/11/6 801/11/6
f 1097/4/2 1113/4/2 1114/4/2 1098/4/2
f 1098/4/5 1114/4/5 877/4/5 843/4/5
f 1101/4/2 1115/4/2 1113/4/2 1097/4/2
f 878/5/6 1116/5/6 1110/5/6 854/5/6
f 1111/11/5 1117/11/5 879/11/5 855/11/5
f 881/11/6 1118/11/6 1112/11/6 857/11/6
f 1113/4/2 1119/4/2 1120/4/2 1114/4/2
f 1114/4/5 1120/4/5 901/4/5 877/4/5
f 1115/4/2 1121/4/2 1119/4/2 1113/4/2
f 902/5/6 1122/5/6 1116/5/6 878/5/6
f 1117/11/5 1123/11/5 903/11/5 879/11/5
f 905/11/6 1124/11/6 1118/11/6 881/11/6
f 1119/4/2 1125/4/2 1126/4/2 1120/4/2
f 1120/4/5 1126/4/5 925/4/5 901/4/5
f 1121/4/2 1127/4/2 1125/4/2 1119/4/2
f 926/5/6 1128/5/6 1122/5/6 902/5/6
f 1123/11/5 1129/11/5 927/11/5 903/11/5
f 929/11/6 1130/11/6 1124/11/6 905/11/6
f 1125/4/2 1131/4/2 1132/4/2 1126/4/2
f 1126/4/5 1132/4/5 949/4/5 925/4/5
f 1127/4/2 1133/4/2 1131/4/2 1125/4/2
f 950/5/6 1134/5/6 1128/5/6 926/5/6
f 1129/11/5 1135/11/5 951/11/5 927/11/5
f 953/11/6 1136/11/6 1130/11/6 929/11/6
f 1131/4/2 1137/4/2 1138/4/2 1132/4/2
f 1132/4/5 1138/4/5 973/4/5 949/4/5
f 1133/4/2 1139/4/2 1137/4/2 1131/4/2
f 974/5/6 1140/5/6 1134/5/6 950/5/6
f 1135/11/5 1141/11/5 975/11/5 951/11/5
f 977/11/6 1142/11/6 1136/11/6 953/11/6
f 1137/4/2 1143/4/2 1144/4/2 1138/4/2
f 1138/4/5 1144/4/5 997/4/5 973/4/5
f 1139/4/2 1145/4/2 1143/4/2 1137/4/2
f 998/5/6 1146/5/6 1140/5/6 974/5/6
f 1141/11/5 1147/11/5 999/11/5 975/11/5
f 1001/11/6 1148/11/6 1142/11/6 977/11/6
f 1143/4/2 1149/4/2 1150/4/2 1144/4/2
f 1144/4/5 1150/4/5 1021/4/5 997/4/5
f 1145/4/2 1151/4/2 1149/4/2 1143/4/2
f 1022/5/6 1152/5/6 1146/5/6 998/5/6
f 1147/11/5 1153/11/5 1023/11/5 999/11/5
f 1025/11/6 1154/11/6 1148/11/6 1001/11/6
f 1149/4/2 1155/4/2 1156/4/2 1150/4/2
f 1150/4/5 1156/4/5 1045/4/5 1021/4/5
f 1151/4/2 1157/4/2 1155/4/2 1149/4/2
f 1046/5/6 1158/5/6 1152/5/6 1022/5/6
f 1153/11/5 1159/11/5 1047/11/5 1023/11/5
f 1049/11/6 1160/11/6 1154/11/6 1025/11/6
f 1155/4/2 1161/4/2 1162/4/2 1156/4/2
f 1162/4/4 1161/4/4 1070/4/4 1069/4/4
f 1156/4/5 1162/4/5 1069/4/5 1045/4/5
f 1157/4/2 1163/4/2 1161/4/2 1155/4/2
f 1161/4/4 1163/4/4 1071/4/4 1070/4/4
f 1163/4/4 1164/4/4 1072/4/4 1071/4/4
f 1164/4/4 1165/4/4 1073/4/4 1072/4/4
f 1165/4/4 1166/4/4 1074/4/4 1073/4/4
f 1166/4/4 1167/4/4 1075/4/4 1074/4/4
f 1167/4/4 1168/4/4 1076/4/4 1075/4/4
f 1168/5/4 1169/5/4 1077/5/4 1076/5/4
f 1169/5/4 1170/5/4 1078/5/4 1077/5/4
f 1170/5/4 1171/5/4 1079/5/4 1078/5/4
f 1079/5/6 1171/5/6 1158/5/6 1046/5/6
f 1159/11/5 1172/11/5 1080/11/5 1047/11/5
f 1081/11/6 1173/11/6 1160/11/6 1049/11/6
f 1172/11/5 1174/11/5 1082/11/5 1080/11/5
f 1083/11/6 1175/11/6 1173/11/6 1081/11/6
f 1176/11/4 1177/11/4 1085/11/4 1084/11/4
f 1174/11/5 1176/11/5 1084/11/5 1082/11/5
f 1085/11/6 1177/11/6 1175/11/6 1083/11/6
f 1086/11/3 1178/11/3 1179/11/3 1087/11/3
f 1179/11/5 1180/11/5 1088/11/5 1087/11/5
f 1089/11/6 1181/11/6 1178/11/6 1086/11/6
f 1180/11/5 1182/11/5 1090/11/5 1088/11/5
f 1091/11/6 1183/11/6 1181/11/6 1089/11/6
f 1182/11/5 1184/11/5 1092/11/5 1090/11/5
f 1093/11/6 1185/11/6 1183/11/6 1091/11/6
f 1184/11/5 1186/11/5 1094/11/5 1092/11/5
f 1095/11/6 1187/11/6 1185/11/6 1093/11/6
f 1188/4/2 1189/4/2 1190/4/2 1191/4/2
f 1102/4/3 1188/4/3 1191/4/3 1100/4/3
f 1191/4/5 1190/4/5 1101/4/5 1100/4/5
f 1192/4/2 1193/4/2 1189/4/2 1188/4/2
f 1103/4/3 1192/4/3 1188/4/3 1102/4/3
f 1104/4/3 1194/4/3 1192/4/3 1103/4/3
f 1105/4/3 1195/4/3 1194/4/3 1104/4/3
f 1106/4/3 1196/4/3 1195/4/3 1105/4/3
f 1107/5/3 1197/5/3 1196/5/3 1106/5/3
f 1108/5/3 1198/5/3 1197/5/3 1107/5/3
f 1109/5/3 1199/5/3 1198/5/3 1108/5/3
f 1110/5/6 1200/5/6 1199/5/6 1109/5/6
f 1186/11/5 1201/11/5 1111/11/5 1094/11/5
f 1112/11/6 1202/11/6 1187/11/6 1095/11/6
f 1189/4/2 1203/4/2 1204/4/2 1190/4/2
f 1190/4/5 1204/4/5 1115/4/5 1101/4/5
f 1193/4/2 1205/4/2 1203/4/2 1189/4/2
f 1116/5/6 1206/5/6 1200/5/6 1110/5/6
f 1201/11/5 1207/11/5 1117/11/5 1111/11/5
f 1118/11/6 1208/11/6 1202/11/6 1112/11/6
f 1203/4/2 1209/4/2 1210/4/2 1204/4/2
f 1204/4/5 1210/4/5 1121/4/5 1115/4/5
f 1205/4/2 1211/4/2 1209/4/2 1203/4/2
f 1122/5/6 1212/5/6 1206/5/6 1116/5/6
f 1207/11/5 1213/11/5 1123/11/5 1117/11/5
f 1124/11/6 1214/11/6 1208/11/6 1118/11/6
f 1209/4/2 1215/4/2 1216/4/2 1210/4/2
f 1210/4/5 1216/4/5 1127/4/5 1121/4/5
f 1211/4/2 1217/4/2 1215/4/2 1209/4/2
f 1128/5/6 1218/5/6 1212/5/6 1122/5/6
f 1213/11/5 1219/11/5 1129/11/5 1123/11/5
f 1130/11/6 1220/11/6 1214/11/6 1124/11/6
f 1215/4/2 1221/4/2 1222/4/2 1216/4/2
f 1216/4/5 1222/4/5 1133/4/5 1127/4/5
f 1217/4/2 1223/4/2 1221/4/2 1215/4/2
f 1134/5/6 1224/5/6 1218/5/6 1128/5/6
f 1219/11/5 1225/11/5 1135/11/5 1129/11/5
f 1136/11/6 1226/11/6 1220/11/6 1130/11/6
f 1221/4/2 1227/4/2 1228/4/2 1222/4/2
f 1222/4/5 1228/4/5 1139/4/5 1133/4/5
f 1223/4/2 1229/4/2 1227/4/2 1221/4/2
f 1140/5/6 1230/5/6 1224/5/6 1134/5/6
f 1225/11/5 1231/11/5 1141/11/5 1135/11/5
f 1142/11/6 1232/11/6 1226/11/6 1136/11/6
f 1227/4/2 1233/4/2 1234/4/2 1228/4/2
f 1228/4/5 1234/4/5 1145/4/5 1139/4/5
f 1229/4/2 1235/4/2 1233/4/2 1227/4/2
f 1146/5/6 1236/5/6 1230/5/6 1140/5/6
f 1231/11/5 1237/11/5 1147/11/5 1141/11/5
f 1148/11/6 1238/11/6 1232/11/6 1142/11/6
f 1233/4/2 1239/4/2 1240/4/2 1234/4/2
f 1234/4/5 1240/4/5 1151/4/5 1145/4/5
f 1235/4/2 1241/4/2 1239/4/2 1233/4/2
f 1152/5/6 1242/5/6 1236/5/6 1146/5/6
f 1237/11/5 1243/11/5 1153/11/5 1147/11/5
f 1154/11/6 1244/11/6 1238/11/6 1148/11/6
f 1239/4/2 1245/4/2 1246/4/2 1240/4/2
f 1240/4/5 1246/4/5 1157/4/5 1151/4/5
f 1241/4/2 1247/4/2 1245/4/2 1239/4/2
f 1158/5/6 1248/5/6 1242/5/6 1152/5/6
f 1243/11/5 1249/11/5 1159/11/5 1153/11/5
f 1160/11/6 1250/11/6 1244/11/6 1154/11/6
f 1245/4/2 1251/4/2 1252/4/2 1246/4/2
f 1252/4/4 1251/4/4 1164/4/4 1163/4/4
f 1246/4/5 1252/4/5 1163/4/5 1157/4/5
f 1247/4/2 1253/4/2 1251/4/2 1245/4/2
f 1251/4/4 1253/4/4 1165/4/4 1164/4/4
f 1253/4/4 1254/4/4 1166/4/4 1165/4/4
f 1254/4/4 1255/4/4 1167/4/4 1166/4/4
f 1255/4/4 1256/4/4 1168/4/4 1167/4/4
f 1256/5/4 1257/5/4 1169/5/4 1168/5/4
f 1257/5/4 1258/5/4 1170/5/4 1169/5/4
f 1258/5/4 1259/5/4 1171/5/4 1170/5/4
f 1171/5/6 1259/5/6 1248/5/6 1158/5/6
f 1249/11/5 1260/11/5 1172/11/5 1159/11/5
f 1173/11/6 1261/11/6 1250/11/6 1160/11/6
f 1260/11/5 1262/11/5 1174/11/5 1172/11/5
f 1175/11/6 1263/11/6 1261/11/6 1173/11/6
f 1264/11/4 1265/11/4 1177/11/4 1176/11/4
f 1262/11/5 1264/11/5 1176/11/5 1174/11/5
f 1177/11/6 1265/11/6 1263/11/6 1175/11/6
f 1178/11/3 1266/11/3 1267/11/3 1179/11/3
f 1267/11/5 1268/11/5 1180/11/5 1179/11/5
f 1181/11/6 1269/11/6 1266/11/6 1178/11/6
f 1268/11/5 1270/11/5 1182/11/5 1180/11/5
f 1183/11/6 1271/11/6 1269/11/6 1181/11/6
f 1270/11/5 1272/11/5 1184/11/5 1182/11/5
f 1185/11/6 1273/11/6 1271/11/6 1183/11/6
f 1272/11/5 1274/11/5 1186/11/5 1184/11/5
f 1187/11/6 1275/11/6 1273/11/6 1185/11/6
f 1276/4/2 1277/4/2 1278/4/2 1279/4/2
f 1194/4/3 1276/4/3 1279/4/3 1192/4/3
f 1279/4/5 1278/4/5 1193/4/5 1192/4/5
f 1280/4/2 1281/4/2 1277/4/2 1276/4/2
f 1195/4/3 1280/4/3 1276/4/3 1194/4/3
f 1196/4/3 1282/4/3 1280/4/3 1195/4/3
f 1197/5/3 1283/5/3 1282/5/3 1196/5/3
f 1198/5/3 1284/5/3 1283/5/3 1197/5/3
f 1199/5/3 1285/5/3 1284/5/3 1198/5/3
f 1200/5/6 1286/5/6 1285/5/6 1199/5/6
f 1274/11/5 1287/11/5 1201/11/5 1186/11/5
f 1202/11/6 1288/11/6 1275/11/6 1187/11/6
f 1277/4/2 1289/4/2 1290/4/2 1278/4/2
f 1278/4/5 1290/4/5 1205/4/5 1193/4/5
f 1281/4/2 1291/4/2 1289/4/2 1277/4/2
f 1206/5/6 1292/5/6 1286/5/6 1200/5/6
f 1287/11/5 1293/11/5 1207/11/5 1201/11/5
f 1208/11/6 1294/11/6 1288/11/6 1202/11/6
f 1289/4/2 1295/4/2 1296/4/2 1290/4/2
f 1290/4/5 1296/4/5 1211/4/5 1205/4/5
f 1291/4/2 1297/4/2 1295/4/2 1289/4/2
f 1212/5/6 1298/5/6 1292/5/6 1206/5/6
f 1293/11/5 1299/11/5 1213/11/5 1207/11/5
f 1214/11/6 1300/11/6 1294/11/6 1208/11/6
f 1295/4/2 1301/4/2 1302/4/2 1296/4/2
f 1296/4/5 1302/4/5 1217/4/5 1211/4/5
f 1297/4/2 1303/4/2 1301/4/2 1295/4/2
f 1218/5/6 1304/5/6 1298/5/6 1212/5/6
f 1299/11/5 1305/11/5 1219/11/5 1213/11/5
f 1220/11/6 1306/11/6 1300/11/6 1214/11/6
f 1301/4/2 1307/4/2 1308/4/2 1302/4/2
f 1302/4/5 1308/4/5 1223/4/5 1217/4/5
f 1303/4/2 1309/4/2 1307/4/2 1301/4/2
f 1224/5/6 1310/5/6 1304/5/6 1218/5/6
f 1305/11/5 1311/11/5 1225/11/5 1219/11/5
f 1226/11/6 1312/11/6 1306/11/6 1220/11/6
f 1307/4/2 1313/4/2 1314/4/2 1308/4/2
f 1308/4/5 1314/4/5 1229/4/5 1223/4/5
f 1309/4/2 1315/4/2 1313/4/2 1307/4/2
f 1230/5/6 1316/5/6 1310/5/6 1224/5/6
f 1311/11/5 1317/11/5 1231/11/5 1225/11/5
f 1232/11/6 1318/11/6 1312/11/6 1226/11/6
f 1313/4/2 1319/4/2 1320/4/2 1314/4/2
f 1314/4/5 1320/4/5 1235/4/5 1229/4/5
f 1315/4/2 1321/4/2 1319/4/2 1313/4/2
f 1236/5/6 1322/5/6 1316/5/6 1230/5/6
f 1317/11/5 1323/11/5 1237/11/5 1231/11/5
f 1238/11/6 1324/11/6 1318/11/6 1232/11/6
f 1319/4/2 1325/4/2 1326/4/2 1320/4/2
f 1320/4/5 1326/4/5 1241/4/5 1235/4/5
f 1321/4/2 1327/4/2 1325/4/2 1319/4/2
f 1242/5/6 1328/5/6 1322/5/6 1236/5/6
f 1323/11/5 1329/11/5 1243/11/5 1237/11/5
f 1244/11/6 1330/11/6 1324/11/6 1238/11/6
f 1325/4/2 1331/4/2 1332/4/2 1326/4/2
f 1326/4/5 1332/4/5 1247/4/5 1241/4/5
f 1327/4/2 1333/4/2 1331/4/2 1325/4/2
f 1248/5/6 1334/5/6 1328/5/6 1242/5/6
f 1329/11/5 1335/11/5 1249/11/5 1243/11/5
f 1250/11/6 1336/11/6 1330/11/6 1244/11/6
f 1331/4/2 1337/4/2 1338/4/2 1332/4/2
f 1338/4/4 1337/4/4 1254/4/4 1253/4/4
f 1332/4/5 1338/4/5 1253/4/5 1247/4/5
f 1333/4/2 1339/4/2 1337/4/2 1331/4/2
f 1337/4/4 1339/4/4 1255/4/4 1254/4/4
f 1339/4/4 1340/4/4 1256/4/4 1255/4/4
f 1340/5/4 1341/5/4 1257/5/4 1256/5/4
f 1341/5/4 1342/5/4 1258/5/4 1257/5/4
f 1342/5/4 1343/5/4 1259/5/4 1258/5/4
f 1259/5/6 1343/5/6 1334/5/6 1248/5/6
f 1335/11/5 1344/11/5 1260/11/5 1249/11/5
f 1261/11/6 1345/11/6 1336/11/6 1250/11/6
f 1344/11/5 1346/11/5 1262/11/5 1260/11/5
f 1263/11/6 1347/11/6 1345/11/6 1261/11/6
f 1348/11/4 1349/11/4 1265/11/4 1264/11/4
f 1346/11/5 1348/11/5 1264/11/5 1262/11/5
f 1265/11/6 1349/11/6 1347/11/6 1263/11/6
f 1266/11/3 1350/11/3 1351/11/3 1267/11/3
f 1351/11/5 1352/11/5 1268/11/5 1267/11/5
f 1269/11/6 1353/11/6 1350/11/6 1266/11/6
f 1352/11/5 1354/11/5 1270/11/5 1268/11/5
f 1271/11/6 1355/11/6 1353/11/6 1269/11/6
f 1354/11/5 1356/11/5 1272/11/5 1270/11/5
f 1273/11/6 1357/11/6 1355/11/6 1271/11/6
f 1356/11/5 1358/11/5 1274/11/5 1272/11/5
f 1275/11/6 1359/11/6 1357/11/6 1273/11/6
f 1360/4/2 1361/4/2 1362/4/2 1363/4/2
f 1282/4/3 1360/4/3 1363/4/3 1280/4/3
f 1363/4/5 1362/4/5 1281/4/5 1280/4/5
f 1283/5/3 1364/5/3 1360/5/3 1282/5/3
f 1365/5/2 1366/5/2 1367/5/2 1364/5/2
f 1284/5/3 1365/5/3 1364/5/3 1283/5/3
f 1368/5/2 1369/5/2 1366/5/2 1365/5/2
f 1285/5/3 1368/5/3 1365/5/3 1284/5/3
f 1286/5/6 1369/5/6 1368/5/6 1285/5/6
f 1358/11/5 1370/11/5 1287/11/5 1274/11/5
f 1288/11/6 1371/11/6 1359/11/6 1275/11/6
f 1361/4/2 1372/4/2 1373/4/2 1362/4/2
f 1362/4/5 1373/4/5 1291/4/5 1281/4/5
f 1366/5/2 1374/5/2 1375/5/2 1367/5/2
f 1369/5/2 1376/5/2 1374/5/2 1366/5/2
f 1292/5/6 1376/5/6 1369/5/6 1286/5/6
f 1370/11/5 1377/11/5 1293/11/5 1287/11/5
f 1294/11/6 1378/11/6 1371/11/6 1288/11/6
f 1372/4/2 1379/4/2 1380/4/2 1373/4/2
f 1373/4/5 1380/4/5 1297/4/5 1291/4/5
f 1298/5/6 1381/5/6 1376/5/6 1292/5/6
f 1377/11/5 1382/11/5 1299/11/5 1293/11/5
f 1300/11/6 1383/11/6 1378/11/6 1294/11/6
f 1379/4/2 1384/4/2 1385/4/2 1380/4/2
f 1380/4/5 1385/4/5 1303/4/5 1297/4/5
f 1304/5/6 1386/5/6 1381/5/6 1298/5/6
f 1382/11/5 1387/11/5 1305/11/5 1299/11/5
f 1306/11/6 1388/11/6 1383/11/6 1300/11/6
f 1384/4/2 1389/4/2 1390/4/2 1385/4/2
f 1385/4/5 1390/4/5 1309/4/5 1303/4/5
f 1310/5/6 1391/5/6 1386/5/6 1304/5/6
f 1387/11/5 1392/11/5 1311/11/5 1305/11/5
f 1312/11/6 1393/11/6 1388/11/6 1306/11/6
f 1389/4/2 1394/4/2 1395/4/2 1390/4/2
f 1390/4/5 1395/4/5 1315/4/5 1309/4/5
f 1316/5/6 1396/5/6 1391/5/6 1310/5/6
f 1392/11/5 1397/11/5 1317/11/5 1311/11/5
f 1318/11/6 1398/11/6 1393/11/6 1312/11/6
f 1394/4/2 1399/4/2 1400/4/2 1395/4/2
f 1395/4/5 1400/4/5 1321/4/5 1315/4/5
f 1322/5/6 1401/5/6 1396/5/6 1316/5/6
f 1397/11/5 1402/11/5 1323/11/5 1317/11/5
f 1324/11/6 1403/11/6 1398/11/6 1318/11/6
f 1399/4/2 1404/4/2 1405/4/2 1400/4/2
f 1400/4/5 1405/4/5 1327/4/5 1321/4/5
f 1328/5/6 1406/5/6 1401/5/6 1322/5/6
f 1402/11/5 1407/11/5 1329/11/5 1323/11/5
f 1330/11/6 1408/11/6 1403/11/6 1324/11/6
f 1404/4/2 1409/4/2 1410/4/2 1405/4/2
f 1405/4/5 1410/4/5 1333/4/5 1327/4/5
f 1334/5/6 1411/5/6 1406/5/6 1328/5/6
f 1407/11/5 1412/11/5 1335/11/5 1329/11/5
f 1336/11/6 1413/11/6 1408/11/6 1330/11/6
f 1409/4/2 1414/4/2 1415/4/2 1410/4/2
f 1415/4/4 1414/4/4 1340/4/4 1339/4/4
f 1410/4/5 1415/4/5 1339/4/5 1333/4/5
f 1414/5/4 1416/5/4 1341/5/4 1340/5/4
f 1416/5/4 1417/5/4 1342/5/4 1341/5/4
f 1417/5/4 1418/5/4 1343/5/4 1342/5/4
f 1343/5/6 1418/5/6 1411/5/6 1334/5/6
f 1412/11/5 1419/11/5 1344/11/5 1335/11/5
f 1345/11/6 1420/11/6 1413/11/6 1336/11/6
f 1419/11/5 1421/11/5 1346/11/5 1344/11/5
f 1347/11/6 1422/11/6 1420/11/6 1345/11/6
f 1423/11/4 1424/11/4 1349/11/4 1348/11/4
f 1421/11/5 1423/11/5 1348/11/5 1346/11/5
f 1349/11/6 1424/11/6 1422/11/6 1347/11/6
f 1350/11/3 1425/11/3 1426/11/3 1351/11/3
f 1426/11/5 1427/11/5 1352/11/5 1351/11/5
f 1353/11/6 1428/11/6 1425/11/6 1350/11/6
f 1427/11/5 1429/11/5 1354/11/5 1352/11/5
f 1355/11/6 1430/11/6 1428/11/6 1353/11/6
f 1429/11/5 1431/11/5 1356/11/5 1354/11/5
f 1357/11/6 1432/11/6 1430/11/6 1355/11/6
f 1431/11/5 1433/11/5 1358/11/5 1356/11/5
f 1359/11/6 1434/11/6 1432/11/6 1357/11/6
f 1364/5/3 1435/5/3 1436/5/3 1360/5/3
f 1436/5/5 1437/5/5 1361/5/5 1360/5/5
f 1367/5/6 1438/5/6 1435/5/6 1364/5/6
f 1433/11/5 1439/11/5 1370/11/5 1358/11/5
f 1371/11/6 1440/11/6 1434/11/6 1359/11/6
f 1437/5/5 1441/5/5 1372/5/5 1361/5/5
f 1375/5/6 1442/5/6 1438/5/6 1367/5/6
f 1439/11/5 1443/11/5 1377/11/5 1370/11/5
f 1378/11/6 1444/11/6 1440/11/6 1371/11/6
f 1441/5/5 1445/5/5 1379/5/5 1372/5/5
f 1374/5/3 1446/5/3 1442/5/3 1375/5/3
f 1376/5/3 1447/5/3 1446/5/3 1374/5/3
f 1381/5/6 1448/5/6 1447/5/6 1376/5/6
f 1443/11/5 1449/11/5 1382/11/5 1377/11/5
f 1383/11/6 1450/11/6 1444/11/6 1378/11/6
f 1445/5/5 1451/5/5 1384/5/5 1379/5/5
f 1386/5/6 1452/5/6 1448/5/6 1381/5/6
f 1449/11/5 1453/11/5 1387/11/5 1382/11/5
f 1388/11/6 1454/11/6 1450/11/6 1383/11/6
f 1451/5/5 1455/5/5 1389/5/5 1384/5/5
f 1391/5/6 1456/5/6 1452/5/6 1386/5/6
f 1453/11/5 1457/11/5 1392/11/5 1387/11/5
f 1393/11/6 1458/11/6 1454/11/6 1388/11/6
f 1455/5/5 1459/5/5 1394/5/5 1389/5/5
f 1396/5/6 1460/5/6 1456/5/6 1391/5/6
f 1457/11/5 1461/11/5 1397/11/5 1392/11/5
f 1398/11/6 1462/11/6 1458/11/6 1393/11/6
f 1459/5/5 1463/5/5 1399/5/5 1394/5/5
f 1401/5/6 1464/5/6 1460/5/6 1396/5/6
f 1461/11/5 1465/11/5 1402/11/5 1397/11/5
f 1403/11/6 1466/11/6 1462/11/6 1398/11/6
f 1463/5/5 1467/5/5 1404/5/5 1399/5/5
f 1406/5/6 1468/5/6 1464/5/6 1401/5/6
f 1465/11/5 1469/11/5 1407/11/5 1402/11/5
f 1408/11/6 1470/11/6 1466/11/6 1403/11/6
f 1467/5/5 1471/5/5 1409/5/5 1404/5/5
f 1411/5/6 1472/5/6 1468/5/6 1406/5/6
f 1469/11/5 1473/11/5 1412/11/5 1407/11/5
f 1413/11/6 1474/11/6 1470/11/6 1408/11/6
f 1475/5/4 1476/5/4 1416/5/4 1414/5/4
f 1471/5/5 1475/5/5 1414/5/5 1409/5/5
f 1476/5/4 1477/5/4 1417/5/4 1416/5/4
f 1477/5/4 1478/5/4 1418/5/4 1417/5/4
f 1418/5/6 1478/5/6 1472/5/6 1411/5/6
f 1473/11/5 1479/11/5 1419/11/5 1412/11/5
f 1420/11/6 1480/11/6 1474/11/6 1413/11/6
f 1479/11/5 1481/11/5 1421/11/5 1419/11/5
f 1422/11/6 1482/11/6 1480/11/6 1420/11/6
f 1483/11/4 1484/11/4 1424/11/4 1423/11/4
f 1481/11/5 1483/11/5 1423/11/5 1421/11/5
f 1424/11/6 1484/11/6 1482/11/6 1422/11/6
f 1425/11/3 1485/11/3 1486/11/3 1426/11/3
f 1486/11/5 1487/11/5 1427/11/5 1426/11/5
f 1428/11/6 1488/11/6 1485/11/6 1425/11/6
f 1487/11/5 1489/11/5 1429/11/5 1427/11/5
f 1430/11/6 1490/11/6 1488/11/6 1428/11/6
f 1489/11/5 1491/11/5 1431/11/5 1429/11/5
f 1432/11/6 1492/11/6 1490/11/6 1430/11/6
f 1491/11/5 1493/11/5 1433/11/5 1431/11/5
f 1434/11/6 1494/11/6 1492/11/6 1432/11/6
f 1435/5/3 1495/5/3 1496/5/3 1436/5/3
f 1496/5/5 1497/5/5 1437/5/5 1436/5/5
f 1438/5/6 1498/5/6 1495/5/6 1435/5/6
f 1493/11/5 1499/11/5 1439/11/5 1433/11/5
f 1440/11/6 1500/11/6 1494/11/6 1434/11/6
f 1497/5/5 1501/5/5 1441/5/5 1437/5/5
f 1442/5/6 1502/5/6 1498/5/6 1438/5/6
f 1499/11/5 1503/11/5 1443/11/5 1439/11/5
f 1444/11/6 1504/11/6 1500/11/6 1440/11/6
f 1501/5/5 1505/5/5 1445/5/5 1441/5/5
f 1446/5/3 1506/5/3 1502/5/3 1442/5/3
f 1447/5/3 1507/5/3 1506/5/3 1446/5/3
f 1448/5/6 1508/5/6 1507/5/6 1447/5/6
f 1503/11/5 1509/11/5 1449/11/5 1443/11/5
f 1450/11/6 1510/11/6 1504/11/6 1444/11/6
f 1505/5/5 1511/5/5 1451/5/5 1445/5/5
f 1452/5/6 1512/5/6 1508/5/6 1448/5/6
f 1509/11/5 1513/11/5 1453/11/5 1449/11/5
f 1454/11/6 1514/11/6 1510/11/6 1450/11/6
f 1511/5/5 1515/5/5 1455/5/5 1451/5/5
f 1456/5/6 1516/5/6 1512/5/6 1452/5/6
f 1513/11/5 1517/11/5 1457/11/5 1453/11/5
f 1458/11/6 1518/11/6 1514/11/6 1454/11/6
f 1515/5/5 1519/5/5 1459/5/5 1455/5/5
f 1460/5/6 1520/5/6 1516/5/6 1456/5/6
f 1517/11/5 1521/11/5 1461/11/5 1457/11/5
f 1462/11/6 1522/11/6 1518/11/6 1458/11/6
f 1519/5/5 1523/5/5 1463/5/5 1459/5/5
f 1464/5/6 1524/5/6 1520/5/6 1460/5/6
f 1521/11/5 1525/11/5 1465/11/5 1461/11/5
f 1466/11/6 1526/11/6 1522/11/6 1462/11/6
f 1523/5/5 1527/5/5 1467/5/5 1463/5/5
f 1468/5/6 1528/5/6 1524/5/6 1464/5/6
f 1525/11/5 1529/11/5 1469/11/5 1465/11/5
f 1470/11/6 1530/11/6 1526/11/6 1466/11/6
f 1527/5/5 1531/5/5 1471/5/5 1467/5/5
f 1472/5/6 1532/5/6 1528/5/6 1468/5/6
f 1529/11/5 1533/11/5 1473/11/5 1469/11/5
f 1474/11/6 1534/11/6 1530/11/6 1470/11/6
f 1535/5/4 1536/5/4 1476/5/4 1475/5/4
f 1531/5/5 1535/5/5 1475/5/5 1471/5/5
f 1536/5/4 1537/5/4 1477/5/4 1476/5/4
f 1537/5/4 1538/5/4 1478/5/4 1477/5/4
f 1478/5/6 1538/5/6 1532/5/6 1472/5/6
f 1533/11/5 1539/11/5 1479/11/5 1473/11/5
f 1480/11/6 1540/11/6 1534/11/6 1474/11/6
f 1539/11/5 1541/11/5 1481/11/5 1479/11/5
f 1482/11/6 1542/11/6 1540/11/6 1480/11/6
f 1543/11/4 1544/11/4 1484/11/4 1483/11/4
f 1541/11/5 1543/11/5 1483/11/5 1481/11/5
f 1484/11/6 1544/11/6 1542/11/6 1482/11/6
f 1485/11/3 1545/11/3 1546/11/3 1486/11/3
f 1546/11/5 1547/11/5 1487/11/5 1486/11/5
f 1488/11/6 1548/11/6 1545/11/6 1485/11/6
f 1547/11/5 1549/11/5 1489/11/5 1487/11/5
f 1490/11/6 1550/11/6 1548/11/6 1488/11/6
f 1549/11/5 1551/11/5 1491/11/5 1489/11/5
f 1492/11/6 1552/11/6 1550/11/6 1490/11/6
f 1551/11/5 1553/11/5 1493/11/5 1491/11/5
f 1494/11/6 1554/11/6 1552/11/6 1492/11/6
f 1495/5/3 1555/5/3 1556/5/3 1496/5/3
f 1556/5/5 1557/5/5 1497/5/5 1496/5/5
f 1498/5/1 1558/5/1 1559/5/1 1495/5/1
f 1559/5/3 1560/5/3 1555/5/3 1495/5/3
f 1558/5/1 1561/5/1 1562/5/1 1559/5/1
f 1562/5/3 1563/5/3 1560/5/3 1559/5/3
f 1561/5/6 1564/5/6 1563/5/6 1562/5/6
f 1553/11/5 1565/11/5 1499/11/5 1493/11/5
f 1500/11/6 1566/11/6 1554/11/6 1494/11/6
f 1557/5/5 1567/5/5 1501/5/5 1497/5/5
f 1502/5/1 1506/5/1 1558/5/1 1498/5/1
f 1506/5/1 1507/5/1 1561/5/1 1558/5/1
f 1507/5/6 1568/5/6 1564/5/6 1561/5/6
f 1565/11/5 1569/11/5 1503/11/5 1499/11/5
f 1504/11/6 1570/11/6 1566/11/6 1500/11/6
f 1567/5/5 1571/5/5 1505/5/5 1501/5/5
f 1508/5/6 1572/5/6 1568/5/6 1507/5/6
f 1569/11/5 1573/11/5 1509/11/5 1503/11/5
f 1510/11/6 1574/11/6 1570/11/6 1504/11/6
f 1571/5/5 1575/5/5 1511/5/5 1505/5/5
f 1512/5/6 1576/5/6 1572/5/6 1508/5/6
f 1573/11/5 1577/11/5 1513/11/5 1509/11/5
f 1514/11/6 1578/11/6 1574/11/6 1510/11/6
f 1575/5/5 1579/5/5 1515/5/5 1511/5/5
f 1516/5/6 1580/5/6 1576/5/6 1512/5/6
f 1577/11/5 1581/11/5 1517/11/5 1513/11/5
f 1518/11/6 1582/11/6 1578/11/6 1514/11/6
f 1579/5/5 1583/5/5 1519/5/5 1515/5/5
f 1520/5/6 1584/5/6 1580/5/6 1516/5/6
f 1581/11/5 1585/11/5 1521/11/5 1517/11/5
f 1522/11/6 1586/11/6 1582/11/6 1518/11/6
f 1583/5/5 1587/5/5 1523/5/5 1519/5/5
f 1524/5/6 1588/5/6 1584/5/6 1520/5/6
f 1585/11/5 1589/11/5 1525/11/5 1521/11/5
f 1526/11/6 1590/11/6 1586/11/6 1522/11/6
f 1587/5/5 1591/5/5 1527/5/5 1523/5/5
f 1528/5/6 1592/5/6 1588/5/6 1524/5/6
f 1589/11/5 1593/11/5 1529/11/5 1525/11/5
f 1530/11/6 1594/11/6 1590/11/6 1526/11/6
f 1591/5/5 1595/5/5 1531/5/5 1527/5/5
f 1532/5/6 1596/5/6 1592/5/6 1528/5/6
f 1593/11/5 1597/11/5 1533/11/5 1529/11/5
f 1534/11/6 1598/11/6 1594/11/6 1530/11/6
f 1599/5/4 1600/5/4 1536/5/4 1535/5/4
f 1595/5/5 1599/5/5 1535/5/5 1531/5/5
f 1600/5/4 1601/5/4 1537/5/4 1536/5/4
f 1601/5/4 1602/5/4 1538/5/4 1537/5/4
f 1538/5/6 1602/5/6 1596/5/6 1532/5/6
f 1597/11/5 1603/11/5 1539/11/5 1533/11/5
f 1540/11/6 1604/11/6 1598/11/6 1534/11/6
f 1603/11/5 1605/11/5 1541/11/5 1539/11/5
f 1542/11/6 1606/11/6 1604/11/6 1540/11/6
f 1607/11/4 1608/11/4 1544/11/4 1543/11/4
f 1605/11/5 1607/11/5 1543/11/5 1541/11/5
f 1544/11/6 1608/11/6 1606/11/6 1542/11/6
f 1545/11/3 1609/11/3 1610/11/3 1546/11/3
f 1610/11/5 1611/11/5 1547/11/5 1546/11/5
f 1548/11/6 1612/11/6 1609/11/6 1545/11/6
f 1611/11/5 1613/11/5 1549/11/5 1547/11/5
f 1550/11/6 1614/11/6 1612/11/6 1548/11/6
f 1613/11/5 1615/11/5 1551/11/5 1549/11/5
f 1552/11/6 1616/11/6 1614/11/6 1550/11/6
f 1615/11/5 1617/11/5 1553/11/5 1551/11/5
f 1554/11/6 1618/11/6 1616/11/6 1552/11/6
f 1555/5/3 1619/5/3 1620/5/3 1556/5/3
f 1620/5/5 1621/5/5 1557/5/5 1556/5/5
f 1560/5/3 1622/5/3 1619/5/3 1555/5/3
f 1563/5/3 1623/5/3 1622/5/3 1560/5/3
f 1564/5/6 1624/5/6 1623/5/6 1563/5/6
f 1617/11/5 1625/11/5 1565/11/5 1553/11/5
f 1566/11/6 1626/11/6 1618/11/6 1554/11/6
f 1621/5/5 1627/5/5 1567/5/5 1557/5/5
f 1568/5/6 1628/5/6 1624/5/6 1564/5/6
f 1625/11/5 1629/11/5 1569/11/5 1565/11/5
f 1570/11/6 1630/11/6 1626/11/6 1566/11/6
f 1627/5/5 1631/5/5 1571/5/5 1567/5/5
f 1572/5/6 1632/5/6 1628/5/6 1568/5/6
f 1629/11/5 1633/11/5 1573/11/5 1569/11/5
f 1574/11/6 1634/11/6 1630/11/6 1570/11/6
f 1631/5/5 1635/5/5 1575/5/5 1571/5/5
f 1576/5/6 1636/5/6 1632/5/6 1572/5/6
f 1633/11/5 1637/11/5 1577/11/5 1573/11/5
f 1578/11/6 1638/11/6 1634/11/6 1574/11/6
f 1635/5/5 1639/5/5 1579/5/5 1575/5/5
f 1580/5/6 1640/5/6 1636/5/6 1576/5/6
f 1637/11/5 1641/11/5 1581/11/5 1577/11/5
f 1582/11/6 1642/11/6 1638/11/6 1578/11/6
f 1639/5/5 1643/5/5 1583/5/5 1579/5/5
f 1584/5/6 1644/5/6 1640/5/6 1580/5/6
f 1641/11/5 1645/11/5 1585/11/5 1581/11/5
f 1586/11/6 1646/11/6 1642/11/6 1582/11/6
f 1643/5/5 1647/5/5 1587/5/5 1583/5/5
f 1588/5/6 1648/5/6 1644/5/6 1584/5/6
f 1645/11/5 1649/11/5 1589/11/5 1585/11/5
f 1590/11/6 1650/11/6 1646/11/6 1586/11/6
f 1647/5/5 1651/5/5 1591/5/5 1587/5/5
f 1592/5/6 1652/5/6 1648/5/6 1588/5/6
f 1649/11/5 1653/11/5 1593/11/5 1589/11/5
f 1594/11/6 1654/11/6 1650/11/6 1590/11/6
f 1651/5/5 1655/5/5 1595/5/5 1591/5/5
f 1596/5/6 1656/5/6 1652/5/6 1592/5/6
f 1653/11/5 1657/11/5 1597/11/5 1593/11/5
f 1598/11/6 1658/11/6 1654/11/6 1594/11/6
f 1659/5/4 1660/5/4 1600/5/4 1599/5/4
f 1655/5/5 1659/5/5 1599/5/5 1595/5/5
f 1660/5/4 1661/5/4 1601/5/4 1600/5/4
f 1661/5/4 1662/5/4 1602/5/4 1601/5/4
f 1602/5/6 1662/5/6 1656/5/6 1596/5/6
f 1657/11/5 1663/11/5 1603/11/5 1597/11/5
f 1604/11/6 1664/11/6 1658/11/6 1598/11/6
f 1663/11/5 1665/11/5 1605/11/5 1603/11/5
f 1606/11/6 1666/11/6 1664/11/6 1604/11/6
f 1667/11/4 1668/11/4 1608/11/4 1607/11/4
f 1665/11/5 1667/11/5 1607/11/5 1605/11/5
f 1608/11/6 1668/11/6 1666/11/6 1606/11/6
f 1609/11/3 1669/11/3 1670/11/3 1610/11/3
f 1670/11/5 1671/11/5 1611/11/5 1610/11/5
f 1612/11/6 1672/11/6 1669/11/6 1609/11/6
f 1671/11/5 1673/11/5 1613/11/5 1611/11/5
f 1614/11/6 1674/11/6 1672/11/6 1612/11/6
f 1673/11/5 1675/11/5 1615/11/5 1613/11/5
f 1616/11/6 1676/11/6 1674/11/6 1614/11/6
f 1675/11/5 1677/11/5 1617/11/5 1615/11/5
f 1618/11/6 1678/11/6 1676/11/6 1616/11/6
f 1619/5/3 1679/5/3 1680/5/3 1620/5/3
f 1680/5/5 1681/5/5 1621/5/5 1620/5/5
f 1622/5/3 1682/5/3 1679/5/3 1619/5/3
f 1623/5/3 1683/5/3 1682/5/3 1622/5/3
f 1624/5/6 1684/5/6 1683/5/6 1623/5/6
f 1677/11/5 1685/11/5 1625/11/5 1617/11/5
f 1626/11/6 1686/11/6 1678/11/6 1618/11/6
f 1681/5/5 1687/5/5 1627/5/5 1621/5/5
f 1628/5/6 1688/5/6 1684/5/6 1624/5/6
f 1685/11/5 1689/11/5 1629/11/5 1625/11/5
f 1630/11/6 1690/11/6 1686/11/6 1626/11/6
f 1687/5/5 1691/5/5 1631/5/5 1627/5/5
f 1632/5/6 1692/5/6 1688/5/6 1628/5/6
f 1689/11/5 1693/11/5 1633/11/5 1629/11/5
f 1634/11/6 1694/11/6 1690/11/6 1630/11/6
f 1691/5/5 1695/5/5 1635/5/5 1631/5/5
f 1636/5/6 1696/5/6 1692/5/6 1632/5/6
f 1693/11/5 1697/11/5 1637/11/5 1633/11/5
f 1638/11/6 1698/11/6 1694/11/6 1634/11/6
f 1695/5/5 1699/5/5 1639/5/5 1635/5/5
f 1640/5/6 1700/5/6 1696/5/6 1636/5/6
f 1697/11/5 1701/11/5 1641/11/5 1637/11/5
f 1642/11/6 1702/11/6 1698/11/6 1638/11/6
f 1699/5/5 1703/5/5 1643/5/5 1639/5/5
f 1644/5/6 1704/5/6 1700/5/6 1640/5/6
f 1701/11/5 1705/11/5 1645/11/5 1641/11/5
f 1646/11/6 1706/11/6 1702/11/6 1642/11/6
f 1703/5/5 1707/5/5 1647/5/5 1643/5/5
f 1648/5/6 1708/5/6 1704/5/6 1644/5/6
f 1705/11/5 1709/11/5 1649/11/5 1645/11/5
f 1650/11/6 1710/11/6 1706/11/6 1646/11/6
f 1707/5/5 1711/5/5 1651/5/5 1647/5/5
f 1652/5/6 1712/5/6 1708/5/6 1648/5/6
f 1709/11/5 1713/11/5 1653/11/5 1649/11/5
f 1654/11/6 1714/11/6 1710/11/6 1650/11/6
f 1711/5/5 1715/5/5 1655/5/5 1651/5/5
f 1656/5/6 1716/5/6 1712/5/6 1652/5/6
f 1713/11/5 1717/11/5 1657/11/5 1653/11/5
f 1658/11/6 1718/11/6 1714/11/6 1654/11/6
f 1719/5/4 1720/5/4 1660/5/4 1659/5/4
f 1715/5/5 1719/5/5 1659/5/5 1655/5/5
f 1720/5/4 1721/5/4 1661/5/4 1660/5/4
f 1721/5/4 1722/5/4 1662/5/4 1661/5/4
f 1662/5/6 1722/5/6 1716/5/6 1656/5/6
f 1717/11/5 1723/11/5 1663/11/5 1657/11/5
f 1664/11/6 1724/11/6 1718/11/6 1658/11/6
f 1723/11/5 1725/11/5 1665/11/5 1663/11/5
f 1666/11/6 1726/11/6 1724/11/6 1664/11/6
f 1727/11/4 1728/11/4 1668/11/4 1667/11/4
f 1725/11/5 1727/11/5 1667/11/5 1665/11/5
f 1668/11/6 1728/11/6 1726/11/6 1666/11/6
f 1669/11/3 1729/11/3 1730/11/3 1670/11/3
f 1730/11/5 1731/11/5 1671/11/5 1670/11/5
f 1672/11/6 1732/11/6 1729/11/6 1669/11/6
f 1731/11/5 1733/11/5 1673/11/5 1671/11/5
f 1674/11/6 1734/11/6 1732/11/6 1672/11/6
f 1733/11/5 1735/11/5 1675/11/5 1673/11/5
f 1676/11/6 1736/11/6 1734/11/6 1674/11/6
f 1735/11/5 1737/11/5 1677/11/5 1675/11/5
f 1678/11/6 1738/11/6 1736/11/6 1676/11/6
f 1679/5/3 1739/5/3 1740/5/3 1680/5/3
f 1740/5/5 1741/5/5 1681/5/5 1680/5/5
f 1682/5/3 1742/5/3 1739/5/3 1679/5/3
f 1683/5/3 1743/5/3 1742/5/3 1682/5/3
f 1684/5/6 1744/5/6 1743/5/6 1683/5/6
f 1737/11/5 1745/11/5 1685/11/5 1677/11/5
f 1686/11/6 1746/11/6 1738/11/6 1678/11/6
f 1741/5/5 1747/5/5 1687/5/5 1681/5/5
f 1688/5/6 1748/5/6 1744/5/6 1684/5/6
f 1745/11/5 1749/11/5 1689/11/5 1685/11/5
f 1690/11/6 1750/11/6 1746/11/6 1686/11/6
f 1747/5/5 1751/5/5 1691/5/5 1687/5/5
f 1692/5/6 1752/5/6 1748/5/6 1688/5/6
f 1749/11/5 1753/11/5 1693/11/5 1689/11/5
f 1694/11/6 1754/11/6 1750/11/6 1690/11/6
f 1751/5/5 1755/5/5 1695/5/5 1691/5/5
f 1696/5/6 1756/5/6 1752/5/6 1692/5/6
f 1753/11/5 1757/11/5 1697/11/5 1693/11/5
f 1698/11/6 1758/11/6 1754/11/6 1694/11/6
f 1755/5/5 1759/5/5 1699/5/5 1695/5/5
f 1700/5/6 1760/5/6 1756/5/6 1696/5/6
f 1757/11/5 1761/11/5 1701/11/5 1697/11/5
f 1702/11/6 1762/11/6 1758/11/6 1698/11/6
f 1759/5/5 1763/5/5 1703/5/5 1699/5/5
f 1704/5/6 1764/5/6 1760/5/6 1700/5/6
f 1761/11/5 1765/11/5 1705/11/5 1701/11/5
f 1706/11/6 1766/11/6 1762/11/6 1702/11/6
f 1763/5/5 1767/5/5 1707/5/5 1703/5/5
f 1708/5/6 1768/5/6 1764/5/6 1704/5/6
f 1765/11/5 1769/11/5 1709/11/5 1705/11/5
f 1710/11/6 1770/11/6 1766/11/6 1706/11/6
f 1767/5/5 1771/5/5 1711/5/5 1707/5/5
f 1712/5/6 1772/5/6 1768/5/6 1708/5/6
f 1769/11/5 1773/11/5 1713/11/5 1709/11/5
f 1714/11/6 1774/11/6 1770/11/6 1710/11/6
f 1771/5/5 1775/5/5 1715/5/5 1711/5/5
f 1716/5/6 1776/5/6 1772/5/6 1712/5/6
f 1773/11/5 1777/11/5 1717/11/5 1713/11/5
f 1718/11/6 1778/11/6 1774/11/6 1714/11/6
f 1779/5/4 1780/5/4 1720/5/4 1719/5/4
f 1775/5/5 1779/5/5 1719/5/5 1715/5/5
f 1780/5/4 1781/5/4 1721/5/4 1720/5/4
f 1781/5/4 1782/5/4 1722/5/4 1721/5/4
f 1722/5/6 1782/5/6 1776/5/6 1716/5/6
f 1777/11/5 1783/11/5 1723/11/5 1717/11/5
f 1724/11/6 1784/11/6 1778/11/6 1718/11/6
f 1783/11/5 1785/11/5 1725/11/5 1723/11/5
f 1726/11/6 1786/11/6 1784/11/6 1724/11/6
f 1787/11/4 1788/11/4 1728/11/4 1727/11/4
f 1785/11/5 1787/11/5 1727/11/5 1725/11/5
f 1728/11/6 1788/11/6 1786/11/6 1726/11/6
f 1729/11/3 1789/11/3 1790/11/3 1730/11/3
f 1790/11/5 1791/11/5 1731/11/5 1730/11/5
f 1732/11/6 1792/11/6 1789/11/6 1729/11/6
f 1791/11/5 1793/11/5 1733/11/5 1731/11/5
f 1734/11/6 1794/11/6 1792/11/6 1732/11/6
f 1793/11/5 1795/11/5 1735/11/5 1733/11/5
f 1736/11/6 1796/11/6 1794/11/6 1734/11/6
f 1795/11/5 1797/11/5 1737/11/5 1735/11/5
f 1738/11/6 1798/11/6 1796/11/6 1736/11/6
f 1739/5/3 1799/5/3 1800/5/3 1740/5/3
f 1800/5/5 1801/5/5 1741/5/5 1740/5/5
f 1742/5/3 1802/5/3 1799/5/3 1739/5/3
f 1743/5/3 1803/5/3 1802/5/3 1742/5/3
f 1744/5/6 1804/5/6 1803/5/6 1743/5/6
f 1797/11/5 1805/11/5 1745/11/5 1737/11/5
f 1746/11/6 1806/11/6 1798/11/6 1738/11/6
f 1801/5/5 1807/5/5 1747/5/5 1741/5/5
f 1748/5/6 1808/5/6 1804/5/6 1744/5/6
f 1805/11/5 1809/11/5 1749/11/5 1745/11/5
f 1750/11/6 1810/11/6 1806/11/6 1746/11/6
f 1807/5/5 1811/5/5 1751/5/5 1747/5/5
f 1752/5/6 1812/5/6 1808/5/6 1748/5/6
f 1809/11/5 1813/11/5 1753/11/5 1749/11/5
f 1754/11/6 1814/11/6 1810/11/6 1750/11/6
f 1811/5/5 1815/5/5 1755/5/5 1751/5/5
f 1756/5/6 1816/5/6 1812/5/6 1752/5/6
f 1813/11/5 1817/11/5 1757/11/5 1753/11/5
f 1758/11/6 1818/11/6 1814/11/6 1754/11/6
f 1815/5/5 1819/5/5 1759/5/5 1755/5/5
f 1760/5/6 1820/5/6 1816/5/6 1756/5/6
f 1817/11/5 1821/11/5 1761/11/5 1757/11/5
f 1762/11/6 1822/11/6 1818/11/6 1758/11/6
f 1819/5/5 1823/5/5 1763/5/5 1759/5/5
f 1764/5/6 1824/5/6 1820/5/6 1760/5/6
f 1821/11/5 1825/11/5 1765/11/5 1761/11/5
f 1766/11/6 1826/11/6 1822/11/6 1762/11/6
f 1823/5/5 1827/5/5 1767/5/5 1763/5/5
f 1768/5/6 1828/5/6 1824/5/6 1764/5/6
f 1825/11/5 1829/11/5 1769/11/5 1765/11/5
f 1770/11/6 1830/11/6 1826/11/6 1766/11/6
f 1827/5/5 1831/5/5 1771/5/5 1767/5/5
f 1772/5/6 1832/5/6 1828/5/6 1768/5/6
f 1829/11/5 1833/11/5 1773/11/5 1769/11/5
f 1774/11/6 1834/11/6 1830/11/6 1770/11/6
f 1831/5/5 1835/5/5 1775/5/5 1771/5/5
f 1776/5/6 1836/5/6 1832/5/6 1772/5/6
f 1833/11/5 1837/11/5 1777/11/5 1773/11/5
f 1778/11/6 1838/11/6 1834/11/6 1774/11/6
f 1839/5/4 1840/5/4 1780/5/4 1779/5/4
f 1835/5/5 1839/5/5 1779/5/5 1775/5/5
f 1840/5/4 1841/5/4 1781/5/4 1780/5/4
f 1841/5/4 1842/5/4 1782/5/4 1781/5/4
f 1782/5/6 1842/5/6 1836/5/6 1776/5/6
f 1837/11/5 1843/11/5 1783/11/5 1777/11/5
f 1784/11/6 1844/11/6 1838/11/6 1778/11/6
f 1843/11/5 1845/11/5 1785/11/5 1783/11/5
f 1786/11/6 1846/11/6 1844/11/6 1784/11/6
f 1847/11/4 1848/11/4 1788/11/4 1787/11/4
f 1845/11/5 1847/11/5 1787/11/5 1785/11/5
f 1788/11/6 1848/11/6 1846/11/6 1786/11/6
f 1789/11/3 1849/11/3 1850/11/3 1790/11/3
f 1850/11/5 1851/11/5 1791/11/5 1790/11/5
f 1792/11/6 1852/11/6 1849/11/6 1789/11/6
f 1851/11/5 1853/11/5 1793/11/5 1791/11/5
f 1794/11/6 1854/11/6 1852/11/6 1792/11/6
f 1853/11/5 1855/11/5 1795/11/5 1793/11/5
f 1796/11/6 1856/11/6 1854/11/6 1794/11/6
f 1855/11/5 1857/11/5 1797/11/5 1795/11/5
f 1798/11/6 1858/11/6 1856/11/6 1796/11/6
f 1799/5/3 1859/5/3 1860/5/3 1800/5/3
f 1860/5/5 1861/5/5 1801/5/5 1800/5/5
f 1802/5/3 1862/5/3 1859/5/3 1799/5/3
f 1803/5/3 1863/5/3 1862/5/3 1802/5/3
f 1804/5/6 1864/5/6 1863/5/6 1803/5/6
f 1857/11/5 1865/11/5 1805/11/5 1797/11/5
f 1806/11/6 1866/11/6 1858/11/6 1798/11/6
f 1861/5/5 1867/5/5 1807/5/5 1801/5/5
f 1808/5/6 1868/5/6 1864/5/6 1804/5/6
f 1865/11/5 1869/11/5 1809/11/5 1805/11/5
f 1810/11/6 1870/11/6 1866/11/6 1806/11/6
f 1867/5/5 1871/5/5 1811/5/5 1807/5/5
f 1812/5/6 1872/5/6 1868/5/6 1808/5/6
f 1869/11/5 1873/11/5 1813/11/5 1809/11/5
f 1814/11/6 1874/11/6 1870/11/6 1810/11/6
f 1871/5/5 1875/5/5 1815/5/5 1811/5/5
f 1816/5/6 1876/5/6 1872/5/6 1812/5/6
f 1873/11/5 1877/11/5 1817/11/5 1813/11/5
f 1818/11/6 1878/11/6 1874/11/6 1814/11/6
f 1875/5/5 1879/5/5 1819/5/5 1815/5/5
f 1820/5/6 1880/5/6 1876/5/6 1816/5/6
f 1877/11/5 1881/11/5 1821/11/5 1817/11/5
f 1822/11/6 1882/11/6 1878/11/6 1818/11/6
f 1879/5/5 1883/5/5 1823/5/5 1819/5/5
f 1824/5/6 1884/5/6 1880/5/6 1820/5/6
f 1881/11/5 1885/11/5 1825/11/5 1821/11/5
f 1826/11/6 1886/11/6 1882/11/6 1822/11/6
f 1883/5/5 1887/5/5 1827/5/5 1823/5/5
f 1828/5/6 1888/5/6 1884/5/6 1824/5/6
f 1885/11/5 1889/11/5 1829/11/5 1825/11/5
f 1830/11/6 1890/11/6 1886/11/6 1826/11/6
f 1887/5/5 1891/5/5 1831/5/5 1827/5/5
f 1832/5/6 1892/5/6 1888/5/6 1828/5/6
f 1889/11/5 1893/11/5 1833/11/5 1829/11/5
f 1834/11/6 1894/11/6 1890/11/6 1830/11/6
f 1891/5/5 1895/5/5 1835/5/5 1831/5/5
f 1836/5/6 1896/5/6 1892/5/6 1832/5/6
f 1893/11/5 1897/11/5 1837/11/5 1833/11/5
f 1838/11/6 1898/11/6 1894/11/6 1834/11/6
f 1899/5/4 1900/5/4 1840/5/4 1839/5/4
f 1895/5/5 1899/5/5 1839/5/5 1835/5/5
f 1900/5/4 1901/5/4 1841/5/4 1840/5/4
f 1901/5/4 1902/5/4 1842/5/4 1841/5/4
f 1842/5/6 1902/5/6 1896/5/6 1836/5/6
f 1897/11/5 1903/11/5 1843/11/5 1837/11/5
f 1844/11/6 1904/11/6 1898/11/6 1838/11/6
f 1903/11/5 1905/11/5 1845/11/5 1843/11/5
f 1846/11/6 1906/11/6 1904/11/6 1844/11/6
f 1907/11/4 1908/11/4 1848/11/4 1847/11/4
f 1905/11/5 1907/11/5 1847/11/5 1845/11/5
f 1848/11/6 1908/11/6 1906/11/6 1846/11/6
f 1849/11/3 1909/11/3 1910/11/3 1850/11/3
f 1910/11/5 1911/11/5 1851/11/5 1850/11/5
f 1852/11/6 1912/11/6 1909/11/6 1849/11/6
f 1911/11/5 1913/11/5 1853/11/5 1851/11/5
f 1854/11/6 1914/11/6 1912/11/6 1852/11/6
f 1913/11/5 1915/11/5 1855/11/5 1853/11/5
f 1856/11/6 1916/11/6 1914/11/6 1854/11/6
f 1915/11/5 1917/11/5 1857/11/5 1855/11/5
f 1858/11/6 1918/11/6 1916/11/6 1856/11/6
f 1859/5/3 1919/5/3 1920/5/3 1860/5/3
f 1920/5/5 1921/5/5 1861/5/5 1860/5/5
f 1862/5/3 1922/5/3 1919/5/3 1859/5/3
f 1863/5/3 1923/5/3 1922/5/3 1862/5/3
f 1864/5/6 1924/5/6 1923/5/6 1863/5/6
f 1917/11/5 1925/11/5 1865/11/5 1857/11/5
f 1866/11/6 1926/11/6 1918/11/6 1858/11/6
f 1921/5/5 1927/5/5 1867/5/5 1861/5/5
f 1868/5/6 1928/5/6 1924/5/6 1864/5/6
f 1925/11/5 1929/11/5 1869/11/5 1865/11/5
f 1870/11/6 1930/11/6 1926/11/6 1866/11/6
f 1927/5/5 1931/5/5 1871/5/5 1867/5/5
f 1872/5/6 1932/5/6 1928/5/6 1868/5/6
f 1929/11/5 1933/11/5 1873/11/5 1869/11/5
f 1874/11/6 1934/11/6 1930/11/6 1870/11/6
f 1931/5/5 1935/5/5 1875/5/5 1871/5/5
f 1876/5/6 1936/5/6 1932/5/6 1872/5/6
f 1933/11/5 1937/11/5 1877/11/5 1873/11/5
f 1878/11/6 1938/11/6 1934/11/6 1874/11/6
f 1935/5/5 1939/5/5 1879/5/5 1875/5/5
f 1880/5/6 1940/5/6 1936/5/6 1876/5/6
f 1937/11/5 1941/11/5 1881/11/5 1877/11/5
f 1882/11/6 1942/11/6 1938/11/6 1878/11/6
f 1939/5/5 1943/5/5 1883/5/5 1879/5/5
f 1884/5/6 1944/5/6 1940/5/6 1880/5/6
f 1941/11/5 1945/11/5 1885/11/5 1881/11/5
f 1886/11/6 1946/11/6 1942/11/6 1882/11/6
f 1943/5/5 1947/5/5 1887/5/5 1883/5/5
f 1888/5/6 1948/5/6 1944/5/6 1884/5/6
f 1945/11/5 1949/11/5 1889/11/5 1885/11/5
f 1890/11/6 1950/11/6 1946/11/6 1886/11/6
f 1947/5/5 1951/5/5 1891/5/5 1887/5/5
f 1892/5/6 1952/5/6 1948/5/6 1888/5/6
f 1949/11/5 1953/11/5 1893/11/5 1889/11/5
f 1894/11/6 1954/11/6 1950/11/6 1890/11/6
f 1951/5/5 1955/5/5 1895/5/5 1891/5/5
f 1896/5/6 1956/5/6 1952/5/6 1892/5/6
f 1953/11/5 1957/11/5 1897/11/5 1893/11/5
f 1898/11/6 1958/11/6 1954/11/6 1894/11/6
f 1959/5/4 1960/5/4 1900/5/4 1899/5/4
f 1955/5/5 1959/5/5 1899/5/5 1895/5/5
f 1960/5/4 1961/5/4 1901/5/4 1900/5/4
f 1961/5/4 1962/5/4 1902/5/4 1901/5/4
f 1902/5/6 1962/5/6 1956/5/6 1896/5/6
f 1957/11/5 1963/11/5 1903/11/5 1897/11/5
f 1904/11/6 1964/11/6 1958/11/6 1898/11/6
f 1963/11/5 1965/11/5 1905/11/5 1903/11/5
f 1906/11/6 1966/11/6 1964/11/6 1904/11/6
f 1967/11/4 1968/11/4 1908/11/4 1907/11/4
f 1965/11/5 1967/11/5 1907/11/5 1905/11/5
f 1908/11/6 1968/11/6 1966/11/6 1906/11/6
f 1909/11/3 1969/11/3 1970/11/3 1910/11/3
f 1970/11/5 1971/11/5 1911/11/5 1910/11/5
f 1912/11/6 1972/11/6 1969/11/6 1909/11/6
f 1971/11/5 1973/11/5 1913/11/5 1911/11/5
f 1914/11/6 1974/11/6 1972/11/6 1912/11/6
f 1973/11/5 1975/11/5 1915/11/5 1913/11/5
f 1916/11/6 1976/11/6 1974/11/6 1914/11/6
f 1975/11/5 1977/11/5 1917/11/5 1915/11/5
f 1918/11/6 1978/11/6 1976/11/6 1916/11/6
f 1919/5/3 1979/5/3 1980/5/3 1920/5/3
f 1980/5/5 1981/5/5 1921/5/5 1920/5/5
f 1982/5/2 1983/5/2 1984/5/2 1979/5/2
f 1922/5/3 1982/5/3 1979/5/3 1919/5/3
f 1985/5/2 1986/5/2 1983/5/2 1982/5/2
f 1923/5/3 1985/5/3 1982/5/3 1922/5/3
f 1924/5/6 1986/5/6 1985/5/6 1923/5/6
f 1977/11/5 1987/11/5 1925/11/5 1917/11/5
f 1926/11/6 1988/11/6 1978/11/6 1918/11/6
f 1981/5/5 1989/5/5 1927/5/5 1921/5/5
f 1983/5/2 1990/5/2 1991/5/2 1984/5/2
f 1986/5/2 1992/5/2 1990/5/2 1983/5/2
f 1928/5/6 1992/5/6 1986/5/6 1924/5/6
f 1987/11/5 1993/11/5 1929/11/5 1925/11/5
f 1930/11/6 1994/11/6 1988/11/6 1926/11/6
f 1989/5/5 1995/5/5 1931/5/5 1927/5/5
f 1932/5/6 1996/5/6 1992/5/6 1928/5/6
f 1993/11/5 1997/11/5 1933/11/5 1929/11/5
f 1934/11/6 1998/11/6 1994/11/6 1930/11/6
f 1995/5/5 1999/5/5 1935/5/5 1931/5/5
f 1936/5/6 2000/5/6 1996/5/6 1932/5/6
f 1997/11/5 2001/11/5 1937/11/5 1933/11/5
f 1938/11/6 2002/11/6 1998/11/6 1934/11/6
f 1999/5/5 2003/5/5 1939/5/5 1935/5/5
f 1940/5/6 2004/5/6 2000/5/6 1936/5/6
f 2001/11/5 2005/11/5 1941/11/5 1937/11/5
f 1942/11/6 2006/11/6 2002/11/6 1938/11/6
f 2003/5/5 2007/5/5 1943/5/5 1939/5/5
f 1944/5/6 2008/5/6 2004/5/6 1940/5/6
f 2005/11/5 2009/11/5 1945/11/5 1941/11/5
f 1946/11/6 2010/11/6 2006/11/6 1942/11/6
f 2007/5/5 2011/5/5 1947/5/5 1943/5/5
f 1948/5/6 2012/5/6 2008/5/6 1944/5/6
f 2009/11/5 2013/11/5 1949/11/5 1945/11/5
f 1950/11/6 2014/11/6 2010/11/6 1946/11/6
f 2011/5/5 2015/5/5 1951/5/5 1947/5/5
f 1952/5/6 2016/5/6 2012/5/6 1948/5/6
f 2013/11/5 2017/11/5 1953/11/5 1949/11/5
f 1954/11/6 2018/11/6 2014/11/6 1950/11/6
f 2015/5/5 2019/5/5 1955/5/5 1951/5/5
f 1956/5/6 2020/5/6 2016/5/6 1952/5/6
f 2017/11/5 2021/11/5 1957/11/5 1953/11/5
f 1958/11/6 2022/11/6 2018/11/6 1954/11/6
f 2023/5/4 2024/5/4 1960/5/4 1959/5/4
f 2019/5/5 2023/5/5 1959/5/5 1955/5/5
f 2024/5/4 2025/5/4 1961/5/4 1960/5/4
f 2025/5/4 2026/5/4 1962/5/4 1961/5/4
f 1962/5/6 2026/5/6 2020/5/6 1956/5/6
f 2021/11/5 2027/11/5 1963/11/5 1957/11/5
f 1964/11/6 2028/11/6 2022/11/6 1958/11/6
f 2027/11/5 2029/11/5 1965/11/5 1963/11/5
f 1966/11/6 2030/11/6 2028/11/6 1964/11/6
f 2031/11/4 2032/11/4 1968/11/4 1967/11/4
f 2029/11/5 2031/11/5 1967/11/5 1965/11/5
f 1968/11/6 2032/11/6 2030/11/6 1966/11/6
f 1969/11/3 2033/11/3 2034/11/3 1970/11/3
f 2034/11/5 2035/11/5 1971/11/5 1970/11/5
f 1972/11/6 2036/11/6 2033/11/6 1969/11/6
f 2035/11/5 2037/11/5 1973/11/5 1971/11/5
f 1974/11/6 2038/11/6 2036/11/6 1972/11/6
f 2037/11/5 2039/11/5 1975/11/5 1973/11/5
f 1976/11/6 2040/11/6 2038/11/6 1974/11/6
f 2039/11/5 2041/11/5 1977/11/5 1975/11/5
f 1978/11/6 2042/11/6 2040/11/6 1976/11/6
f 1979/5/3 2043/5/3 2044/5/3 1980/5/3
f 2044/5/5 2045/5/5 1981/5/5 1980/5/5
f 1984/5/6 2046/5/6 2043/5/6 1979/5/6
f 2041/11/5 2047/11/5 1987/11/5 1977/11/5
f 1988/11/6 2048/11/6 2042/11/6 1978/11/6
f 2045/5/5 2049/5/5 1989/5/5 1981/5/5
f 1991/5/6 2050/5/6 2046/5/6 1984/5/6
f 2047/11/5 2051/11/5 1993/11/5 1987/11/5
f 1994/11/6 2052/11/6 2048/11/6 1988/11/6
f 2049/5/5 2053/5/5 1995/5/5 1989/5/5
f 1990/5/3 2054/5/3 2050/5/3 1991/5/3
f 1992/5/3 2055/5/3 2054/5/3 1990/5/3
f 1996/5/6 2056/5/6 2055/5/6 1992/5/6
f 2051/11/5 2057/11/5 1997/11/5 1993/11/5
f 1998/11/6 2058/11/6 2052/11/6 1994/11/6
f 2053/5/5 2059/5/5 1999/5/5 1995/5/5
f 2000/5/6 2060/5/6 2056/5/6 1996/5/6
f 2057/11/5 2061/11/5 2001/11/5 1997/11/5
f 2002/11/6 2062/11/6 2058/11/6 1998/11/6
f 2059/5/5 2063/5/5 2003/5/5 1999/5/5
f 2004/5/6 2064/5/6 2060/5/6 2000/5/6
f 2061/11/5 2065/11/5 2005/11/5 2001/11/5
f 2006/11/6 2066/11/6 2062/11/6 2002/11/6
f 2063/5/5 2067/5/5 2007/5/5 2003/5/5
f 2008/5/6 2068/5/6 2064/5/6 2004/5/6
f 2065/11/5 2069/11/5 2009/11/5 2005/11/5
f 2010/11/6 2070/11/6 2066/11/6 2006/11/6
f 2067/5/5 2071/5/5 2011/5/5 2007/5/5
f 2012/5/6 2072/5/6 2068/5/6 2008/5/6
f 2069/11/5 2073/11/5 2013/11/5 2009/11/5
f 2014/11/6 2074/11/6 2070/11/6 2010/11/6
f 2071/5/5 2075/5/5 2015/5/5 2011/5/5
f 2016/5/6 2076/5/6 2072/5/6 2012/5/6
f 2073/11/5 2077/11/5 2017/11/5 2013/11/5
f 2018/11/6 2078/11/6 2074/11/6 2014/11/6
f 2075/5/5 2079/5/5 2019/5/5 2015/5/5
f 2020/5/6 2080/5/6 2076/5/6 2016/5/6
f 2077/11/5 2081/11/5 2021/11/5 2017/11/5
f 2022/11/6 2082/11/6 2078/11/6 2018/11/6
f 2083/5/4 2084/5/4 2024/5/4 2023/5/4
f 2079/5/5 2083/5/5 2023/5/5 2019/5/5
f 2084/5/4 2085/5/4 2025/5/4 2024/5/4
f 2085/5/4 2086/5/4 2026/5/4 2025/5/4
f 2026/5/6 2086/5/6 2080/5/6 2020/5/6
f 2081/11/5 2087/11/5 2027/11/5 2021/11/5
f 2028/11/6 2088/11/6 2082/11/6 2022/11/6
f 2087/11/5 2089/11/5 2029/11/5 2027/11/5
f 2030/11/6 2090/11/6 2088/11/6 2028/11/6
f 2091/11/4 2092/11/4 2032/11/4 2031/11/4
f 2089/11/5 2091/11/5 2031/11/5 2029/11/5
f 2032/11/6 2092/11/6 2090/11/6 2030/11/6
f 2033/11/3 2093/11/3 2094/11/3 2034/11/3
f 2094/11/5 2095/11/5 2035/11/5 2034/11/5
f 2036/11/6 2096/11/6 2093/11/6 2033/11/6
f 2095/11/5 2097/11/5 2037/11/5 2035/11/5
f 2038/11/6 2098/11/6 2096/11/6 2036/11/6
f 2097/11/5 2099/11/5 2039/11/5 2037/11/5
f 2040/11/6 2100/11/6 2098/11/6 2038/11/6
f 2099/11/5 2101/11/5 2041/11/5 2039/11/5
f 2042/11/6 2102/11/6 2100/11/6 2040/11/6
f 2043/5/3 2103/5/3 2104/5/3 2044/5/3
f 2104/5/5 2105/5/5 2045/5/5 2044/5/5
f 2046/5/6 2106/5/6 2103/5/6 2043/5/6
f 2101/11/5 2107/11/5 2047/11/5 2041/11/5
f 2048/11/6 2108/11/6 2102/11/6 2042/11/6
f 2105/5/5 2109/5/5 2049/5/5 2045/5/5
f 2050/5/6 2110/5/6 2106/5/6 2046/5/6
f 2107/11/5 2111/11/5 2051/11/5 2047/11/5
f 2052/11/6 2112/11/6 2108/11/6 2048/11/6
f 2109/5/5 2113/5/5 2053/5/5 2049/5/5
f 2054/5/3 2114/5/3 2110/5/3 2050/5/3
f 2055/5/3 2115/5/3 2114/5/3 2054/5/3
f 2056/5/6 2116/5/6 2115/5/6 2055/5/6
f 2111/11/5 2117/11/5 2057/11/5 2051/11/5
f 2058/11/6 2118/11/6 2112/11/6 2052/11/6
f 2113/5/5 2119/5/5 2059/5/5 2053/5/5
f 2060/5/6 2120/5/6 2116/5/6 2056/5/6
f 2117/11/5 2121/11/5 2061/11/5 2057/11/5
f 2062/11/6 2122/11/6 2118/11/6 2058/11/6
f 2119/5/5 2123/5/5 2063/5/5 2059/5/5
f 2064/5/6 2124/5/6 2120/5/6 2060/5/6
f 2121/11/5 2125/11/5 2065/11/5 2061/11/5
f 2066/11/6 2126/11/6 2122/11/6 2062/11/6
f 2123/5/5 2127/5/5 2067/5/5 2063/5/5
f 2068/5/6 2128/5/6 2124/5/6 2064/5/6
f 2125/11/5 2129/11/5 2069/11/5 2065/11/5
f 2070/11/6 2130/11/6 2126/11/6 2066/11/6
f 2127/5/5 2131/5/5 2071/5/5 2067/5/5
f 2072/5/6 2132/5/6 2128/5/6 2068/5/6
f 2129/11/5 2133/11/5 2073/11/5 2069/11/5
f 2074/11/6 2134/11/6 2130/11/6 2070/11/6
f 2131/5/5 2135/5/5 2075/5/5 2071/5/5
f 2076/5/6 2136/5/6 2132/5/6 2072/5/6
f 2133/11/5 2137/11/5 2077/11/5 2073/11/5
f 2078/11/6 2138/11/6 2134/11/6 2074/11/6
f 2135/5/5 2139/5/5 2079/5/5 2075/5/5
f 2080/5/6 2140/5/6 2136/5/6 2076/5/6
f 2137/11/5 2141/11/5 2081/11/5 2077/11/5
f 2082/11/6 2142/11/6 2138/11/6 2078/11/6
f 2143/5/4 2144/5/4 2084/5/4 2083/5/4
f 2139/5/5 2143/5/5 2083/5/5 2079/5/5
f 2144/5/4 2145/5/4 2085/5/4 2084/5/4
f 2145/5/4 2146/5/4 2086/5/4 2085/5/4
f 2086/5/6 2146/5/6 2140/5/6 2080/5/6
f 2141/11/5 2147/11/5 2087/11/5 2081/11/5
f 2088/11/6 2148/11/6 2142/11/6 2082/11/6
f 2147/11/5 2149/11/5 2089/11/5 2087/11/5
f 2090/11/6 2150/11/6 2148/11/6 2088/11/6
f 2151/11/4 2152/11/4 2092/11/4 2091/11/4
f 2149/11/5 2151/11/5 2091/11/5 2089/11/5
f 2092/11/6 2152/11/6 2150/11/6 2090/11/6
f 2093/11/3 2153/11/3 2154/11/3 2094/11/3
f 2154/11/5 2155/11/5 2095/11/5 2094/11/5
f 2096/11/6 2156/11/6 2153/11/6 2093/11/6
f 2155/11/5 2157/11/5 2097/11/5 2095/11/5
f 2098/11/6 2158/11/6 2156/11/6 2096/11/6
f 2157/11/5 2159/11/5 2099/11/5 2097/11/5
f 2100/11/6 2160/11/6 2158/11/6 2098/11/6
f 2159/11/5 2161/11/5 2101/11/5 2099/11/5
f 2102/11/6 2162/11/6 2160/11/6 2100/11/6
f 2103/5/3 2163/5/3 2164/5/3 2104/5/3
f 2164/5/5 2165/5/5 2105/5/5 2104/5/5
f 2106/5/1 2166/5/1 2167/5/1 2103/5/1
f 2167/5/3 2168/5/3 2163/5/3 2103/5/3
f 2166/5/1 2169/5/1 2170/5/1 2167/5/1
f 2170/5/3 2171/5/3 2168/5/3 2167/5/3
f 2169/5/6 2172/5/6 2171/5/6 2170/5/6
f 2161/11/5 2173/11/5 2107/11/5 2101/11/5
f 2108/11/6 2174/11/6 2162/11/6 2102/11/6
f 2165/5/5 2175/5/5 2109/5/5 2105/5/5
f 2110/5/1 2114/5/1 2166/5/1 2106/5/1
f 2114/5/1 2115/5/1 2169/5/1 2166/5/1
f 2115/5/6 2176/5/6 2172/5/6 2169/5/6
f 2173/11/5 2177/11/5 2111/11/5 2107/11/5
f 2112/11/6 2178/11/6 2174/11/6 2108/11/6
f 2175/5/5 2179/5/5 2113/5/5 2109/5/5
f 2116/5/6 2180/5/6 2176/5/6 2115/5/6
f 2177/11/5 2181/11/5 2117/11/5 2111/11/5
f 2118/11/6 2182/11/6 2178/11/6 2112/11/6
f 2179/5/5 2183/5/5 2119/5/5 2113/5/5
f 2120/5/6 2184/5/6 2180/5/6 2116/5/6
f 2181/11/5 2185/11/5 2121/11/5 2117/11/5
f 2122/11/6 2186/11/6 2182/11/6 2118/11/6
f 2183/5/5 2187/5/5 2123/5/5 2119/5/5
f 2124/5/6 2188/5/6 2184/5/6 2120/5/6
f 2185/11/5 2189/11/5 2125/11/5 2121/11/5
f 2126/11/6 2190/11/6 2186/11/6 2122/11/6
f 2187/5/5 2191/5/5 2127/5/5 2123/5/5
f 2128/5/6 2192/5/6 2188/5/6 2124/5/6
f 2189/11/5 2193/11/5 2129/11/5 2125/11/5
f 2130/11/6 2194/11/6 2190/11/6 2126/11/6
f 2191/5/5 2195/5/5 2131/5/5 2127/5/5
f 2132/5/6 2196/5/6 2192/5/6 2128/5/6
f 2193/11/5 2197/11/5 2133/11/5 2129/11/5
f 2134/11/6 2198/11/6 2194/11/6 2130/11/6
f 2195/5/5 2199/5/5 2135/5/5 2131/5/5
f 2136/5/6 2200/5/6 2196/5/6 2132/5/6
f 2197/11/5 2201/11/5 2137/11/5 2133/11/5
f 2138/11/6 2202/11/6 2198/11/6 2134/11/6
f 2199/5/5 2203/5/5 2139/5/5 2135/5/5
f 2140/5/6 2204/5/6 2200/5/6 2136/5/6
f 2201/11/5 2205/11/5 2141/11/5 2137/11/5
f 2142/11/6 2206/11/6 2202/11/6 2138/11/6
f 2207/5/4 2208/5/4 2144/5/4 2143/5/4
f 2203/5/5 2207/5/5 2143/5/5 2139/5/5
f 2208/5/4 2209/5/4 2145/5/4 2144/5/4
f 2209/5/4 2210/5/4 2146/5/4 2145/5/4
f 2146/5/6 2210/5/6 2204/5/6 2140/5/6
f 2205/11/5 2211/11/5 2147/11/5 2141/11/5
f 2148/11/6 2212/11/6 2206/11/6 2142/11/6
f 2211/11/5 2213/11/5 2149/11/5 2147/11/5
f 2150/11/6 2214/11/6 2212/11/6 2148/11/6
f 2215/11/4 2216/11/4 2152/11/4 2151/11/4
f 2213/11/5 2215/11/5 2151/11/5 2149/11/5
f 2152/11/6 2216/11/6 2214/11/6 2150/11/6
f 2153/11/3 2217/11/3 2218/11/3 2154/11/3
f 2218/11/5 2219/11/5 2155/11/5 2154/11/5
f 2156/11/6 2220/11/6 2217/11/6 2153/11/6
f 2219/11/5 2221/11/5 2157/11/5 2155/11/5
f 2158/11/6 2222/11/6 2220/11/6 2156/11/6
f 2221/11/5 2223/11/5 2159/11/5 2157/11/5
f 2160/11/6 2224/11/6 2222/11/6 2158/11/6
f 2223/11/5 2225/11/5 2161/11/5 2159/11/5
f 2162/11/6 2226/11/6 2224/11/6 2160/11/6
f 2163/5/3 2227/5/3 2228/5/3 2164/5/3
f 2228/5/5 2229/5/5 2165/5/5 2164/5/5
f 2168/5/3 2230/5/3 2227/5/3 2163/5/3
f 2171/5/3 2231/5/3 2230/5/3 2168/5/3
f 2172/5/6 2232/5/6 2231/5/6 2171/5/6
f 2225/11/5 2233/11/5 2173/11/5 2161/11/5
f 2174/11/6 2234/11/6 2226/11/6 2162/11/6
f 2229/5/5 2235/5/5 2175/5/5 2165/5/5
f 2176/5/6 2236/5/6 2232/5/6 2172/5/6
f 2233/11/5 2237/11/5 2177/11/5 2173/11/5
f 2178/11/6 2238/11/6 2234/11/6 2174/11/6
f 2235/5/5 2239/5/5 2179/5/5 2175/5/5
f 2180/5/6 2240/5/6 2236/5/6 2176/5/6
f 2237/11/5 2241/11/5 2181/11/5 2177/11/5
f 2182/11/6 2242/11/6 2238/11/6 2178/11/6
f 2239/5/5 2243/5/5 2183/5/5 2179/5/5
f 2184/5/6 2244/5/6 2240/5/6 2180/5/6
f 2241/11/5 2245/11/5 2185/11/5 2181/11/5
f 2186/11/6 2246/11/6 2242/11/6 2182/11/6
f 2243/5/5 2247/5/5 2187/5/5 2183/5/5
f 2188/5/6 2248/5/6 2244/5/6 2184/5/6
f 2245/11/5 2249/11/5 2189/11/5 2185/11/5
f 2190/11/6 2250/11/6 2246/11/6 2186/11/6
f 2247/5/5 2251/5/5 2191/5/5 2187/5/5
f 2192/5/6 2252/5/6 2248/5/6 2188/5/6
f 2249/11/5 2253/11/5 2193/11/5 2189/11/5
f 2194/11/6 2254/11/6 2250/11/6 2190/11/6
f 2251/5/5 2255/5/5 2195/5/5 2191/5/5
f 2196/5/6 2256/5/6 2252/5/6 2192/5/6
f 2253/11/5 2257/11/5 2197/11/5 2193/11/5
f 2198/11/6 2258/11/6 2254/11/6 2194/11/6
f 2255/5/5 2259/5/5 2199/5/5 2195/5/5
f 2200/5/6 2260/5/6 2256/5/6 2196/5/6
f 2257/11/5 2261/11/5 2201/11/5 2197/11/5
f 2202/11/6 2262/11/6 2258/11/6 2198/11/6
f 2259/5/5 2263/5/5 2203/5/5 2199/5/5
f 2204/5/6 2264/5/6 2260/5/6 2200/5/6
f 2261/11/5 2265/11/5 2205/11/5 2201/11/5
f 2206/11/6 2266/11/6 2262/11/6 2202/11/6
f 2267/5/4 2268/5/4 2208/5/4 2207/5/4
f 2263/5/5 2267/5/5 2207/5/5 2203/5/5
f 2268/5/4 2269/5/4 2209/5/4 2208/5/4
f 2269/5/4 2270/5/4 2210/5/4 2209/5/4
f 2210/5/6 2270/5/6 2264/5/6 2204/5/6
f 2265/11/5 2271/11/5 2211/11/5 2205/11/5
f 2212/11/6 2272/11/6 2266/11/6 2206/11/6
f 2271/11/5 2273/11/5 2213/11/5 2211/11/5
f 2214/11/6 2274/11/6 2272/11/6 2212/11/6
f 2275/11/4 2276/11/4 2216/11/4 2215/11/4
f 2273/11/5 2275/11/5 2215/11/5 2213/11/5
f 2216/11/6 2276/11/6 2274/11/6 2214/11/6
f 2217/11/3 2277/11/3 2278/11/3 2218/11/3
f 2278/11/5 2279/11/5 2219/11/5 2218/11/5
f 2220/11/6 2280/11/6 2277/11/6 2217/11/6
f 2279/11/5 2281/11/5 2221/11/5 2219/11/5
f 2222/11/6 2282/11/6 2280/11/6 2220/11/6
f 2281/11/5 2283/11/5 2223/11/5 2221/11/5
f 2224/11/6 2284/11/6 2282/11/6 2222/11/6
f 2283/11/5 2285/11/5 2225/11/5 2223/11/5
f 2226/11/6 2286/11/6 2284/11/6 2224/11/6
f 2287/4/1 2229/4/1 2228/4/1 2288/4/1
f 2228/4/3 2289/4/3 2290/4/3 2288/4/3
f 2290/4/5 2291/4/5 2287/4/5 2288/4/5
f 2227/5/3 2292/5/3 2289/5/3 2228/5/3
f 2230/5/3 2293/5/3 2292/5/3 2227/5/3
f 2231/5/3 2294/5/3 2293/5/3 2230/5/3
f 2232/5/6 2295/5/6 2294/5/6 2231/5/6
f 2285/11/5 2296/11/5 2233/11/5 2225/11/5
f 2234/11/6 2297/11/6 2286/11/6 2226/11/6
f 2298/4/1 2235/4/1 2229/4/1 2287/4/1
f 2291/4/5 2299/4/5 2298/4/5 2287/4/5
f 2236/5/6 2300/5/6 2295/5/6 2232/5/6
f 2296/11/5 2301/11/5 2237/11/5 2233/11/5
f 2238/11/6 2302/11/6 2297/11/6 2234/11/6
f 2303/4/1 2239/4/1 2235/4/1 2298/4/1
f 2299/4/5 2304/4/5 2303/4/5 2298/4/5
f 2240/5/6 2305/5/6 2300/5/6 2236/5/6
f 2301/11/5 2306/11/5 2241/11/5 2237/11/5
f 2242/11/6 2307/11/6 2302/11/6 2238/11/6
f 2308/4/1 2243/4/1 2239/4/1 2303/4/1
f 2304/4/5 2309/4/5 2308/4/5 2303/4/5
f 2244/5/6 2310/5/6 2305/5/6 2240/5/6
f 2306/11/5 2311/11/5 2245/11/5 2241/11/5
f 2246/11/6 2312/11/6 2307/11/6 2242/11/6
f 2313/4/1 2247/4/1 2243/4/1 2308/4/1
f 2309/4/5 2314/4/5 2313/4/5 2308/4/5
f 2248/5/6 2315/5/6 2310/5/6 2244/5/6
f 2311/11/5 2316/11/5 2249/11/5 2245/11/5
f 2250/11/6 2317/11/6 2312/11/6 2246/11/6
f 2318/4/1 2251/4/1 2247/4/1 2313/4/1
f 2314/4/5 2319/4/5 2318/4/5 2313/4/5
f 2252/5/6 2320/5/6 2315/5/6 2248/5/6
f 2316/11/5 2321/11/5 2253/11/5 2249/11/5
f 2254/11/6 2322/11/6 2317/11/6 2250/11/6
f 2323/4/1 2255/4/1 2251/4/1 2318/4/1
f 2319/4/5 2324/4/5 2323/4/5 2318/4/5
f 2256/5/6 2325/5/6 2320/5/6 2252/5/6
f 2321/11/5 2326/11/5 2257/11/5 2253/11/5
f 2258/11/6 2327/11/6 2322/11/6 2254/11/6
f 2328/4/1 2259/4/1 2255/4/1 2323/4/1
f 2324/4/5 2329/4/5 2328/4/5 2323/4/5
f 2260/5/6 2330/5/6 2325/5/6 2256/5/6
f 2326/11/5 2331/11/5 2261/11/5 2257/11/5
f 2262/11/6 2332/11/6 2327/11/6 2258/11/6
f 2333/4/1 2263/4/1 2259/4/1 2328/4/1
f 2329/4/5 2334/4/5 2333/4/5 2328/4/5
f 2264/5/6 2335/5/6 2330/5/6 2260/5/6
f 2331/11/5 2336/11/5 2265/11/5 2261/11/5
f 2266/11/6 2337/11/6 2332/11/6 2262/11/6
f 2338/4/1 2267/4/1 2263/4/1 2333/4/1
f 2339/4/4 2340/4/4 2267/4/4 2338/4/4
f 2334/4/5 2339/4/5 2338/4/5 2333/4/5
f 2340/5/4 2341/5/4 2268/5/4 2267/5/4
f 2341/5/4 2342/5/4 2269/5/4 2268/5/4
f 2342/5/4 2343/5/4 2270/5/4 2269/5/4
f 2270/5/6 2343/5/6 2335/5/6 2264/5/6
f 2336/11/5 2344/11/5 2271/11/5 2265/11/5
f 2272/11/6 2345/11/6 2337/11/6 2266/11/6
f 2344/11/5 2346/11/5 2273/11/5 2271/11/5
f 2274/11/6 2347/11/6 2345/11/6 2272/11/6
f 2348/11/4 2349/11/4 2276/11/4 2275/11/4
f 2346/11/5 2348/11/5 2275/11/5 2273/11/5
f 2276/11/6 2349/11/6 2347/11/6 2274/11/6
f 2277/11/3 2350/11/3 2351/11/3 2278/11/3
f 2351/11/5 2352/11/5 2279/11/5 2278/11/5
f 2280/11/6 2353/11/6 2350/11/6 2277/11/6
f 2352/11/5 2354/11/5 2281/11/5 2279/11/5
f 2282/11/6 2355/11/6 2353/11/6 2280/11/6
f 2354/11/5 2356/11/5 2283/11/5 2281/11/5
f 2284/11/6 2357/11/6 2355/11/6 2282/11/6
f 2356/11/5 2358/11/5 2285/11/5 2283/11/5
f 2286/11/6 2359/11/6 2357/11/6 2284/11/6
f 2360/4/1 2361/4/1 2362/4/1 2363/4/1
f 2362/4/3 2364/4/3 2365/4/3 2363/4/3
f 2365/4/5 2366/4/5 2360/4/5 2363/4/5
f 2361/4/1 2291/4/1 2290/4/1 2362/4/1
f 2290/4/3 2367/4/3 2364/4/3 2362/4/3
f 2289/4/3 2368/4/3 2367/4/3 2290/4/3
f 2292/5/3 2369/5/3 2368/5/3 2289/5/3
f 2293/5/3 2370/5/3 2369/5/3 2292/5/3
f 2294/5/3 2371/5/3 2370/5/3 2293/5/3
f 2295/5/6 2372/5/6 2371/5/6 2294/5/6
f 2358/11/5 2373/11/5 2296/11/5 2285/11/5
f 2297/11/6 2374/11/6 2359/11/6 2286/11/6
f 2375/4/1 2376/4/1 2361/4/1 2360/4/1
f 2366/4/5 2377/4/5 2375/4/5 2360/4/5
f 2376/4/1 2299/4/1 2291/4/1 2361/4/1
f 2300/5/6 2378/5/6 2372/5/6 2295/5/6
f 2373/11/5 2379/11/5 2301/11/5 2296/11/5
f 2302/11/6 2380/11/6 2374/11/6 2297/11/6
f 2381/4/1 2382/4/1 2376/4/1 2375/4/1
f 2377/4/5 2383/4/5 2381/4/5 2375/4/5
f 2382/4/1 2304/4/1 2299/4/1 2376/4/1
f 2305/5/6 2384/5/6 2378/5/6 2300/5/6
f 2379/11/5 2385/11/5 2306/11/5 2301/11/5
f 2307/11/6 2386/11/6 2380/11/6 2302/11/6
f 2387/4/1 2388/4/1 2382/4/1 2381/4/1
f 2383/4/5 2389/4/5 2387/4/5 2381/4/5
f 2388/4/1 2309/4/1 2304/4/1 2382/4/1
f 2310/5/6 2390/5/6 2384/5/6 2305/5/6
f 2385/11/5 2391/11/5 2311/11/5 2306/11/5
f 2312/11/6 2392/11/6 2386/11/6 2307/11/6
f 2393/4/1 2394/4/1 2388/4/1 2387/4/1
f 2389/4/5 2395/4/5 2393/4/5 2387/4/5
f 2394/4/1 2314/4/1 2309/4/1 2388/4/1
f 2315/5/6 2396/5/6 2390/5/6 2310/5/6
f 2391/11/5 2397/11/5 2316/11/5 2311/11/5
f 2317/11/6 2398/11/6 2392/11/6 2312/11/6
f 2399/4/1 2400/4/1 2394/4/1 2393/4/1
f 2395/4/5 2401/4/5 2399/4/5 2393/4/5
f 2400/4/1 2319/4/1 2314/4/1 2394/4/1
f 2320/5/6 2402/5/6 2396/5/6 2315/5/6
f 2397/11/5 2403/11/5 2321/11/5 2316/11/5
f 2322/11/6 2404/11/6 2398/11/6 2317/11/6
f 2405/4/1 2406/4/1 2400/4/1 2399/4/1
f 2401/4/5 2407/4/5 2405/4/5 2399/4/5
f 2406/5/1 2324/5/1 2319/5/1 2400/5/1
f 2325/5/6 2408/5/6 2402/5/6 2320/5/6
f 2403/11/5 2409/11/5 2326/11/5 2321/11/5
f 2327/11/6 2410/11/6 2404/11/6 2322/11/6
f 2411/4/1 2412/4/1 2406/4/1 2405/4/1
f 2407/4/5 2413/4/5 2411/4/5 2405/4/5
f 2412/4/1 2329/4/1 2324/4/1 2406/4/1
f 2330/5/6 2414/5/6 2408/5/6 2325/5/6
f 2409/11/5 2415/11/5 2331/11/5 2326/11/5
f 2332/11/6 2416/11/6 2410/11/6 2327/11/6
f 2417/4/1 2418/4/1 2412/4/1 2411/4/1
f 2413/4/5 2419/4/5 2417/4/5 2411/4/5
f 2418/4/1 2334/4/1 2329/4/1 2412/4/1
f 2335/5/6 2420/5/6 2414/5/6 2330/5/6
f 2415/11/5 2421/11/5 2336/11/5 2331/11/5
f 2337/11/6 2422/11/6 2416/11/6 2332/11/6
f 2423/4/1 2424/4/1 2418/4/1 2417/4/1
f 2425/4/4 2426/4/4 2424/4/4 2423/4/4
f 2419/4/5 2425/4/5 2423/4/5 2417/4/5
f 2424/4/1 2339/4/1 2334/4/1 2418/4/1
f 2426/4/4 2427/4/4 2339/4/4 2424/4/4
f 2427/4/4 2428/4/4 2340/4/4 2339/4/4
f 2428/5/4 2429/5/4 2341/5/4 2340/5/4
f 2429/5/4 2430/5/4 2342/5/4 2341/5/4
f 2430/5/4 2431/5/4 2343/5/4 2342/5/4
f 2343/5/6 2431/5/6 2420/5/6 2335/5/6
f 2421/11/5 2432/11/5 2344/11/5 2336/11/5
f 2345/11/6 2433/11/6 2422/11/6 2337/11/6
f 2432/11/5 2434/11/5 2346/11/5 2344/11/5
f 2347/11/6 2435/11/6 2433/11/6 2345/11/6
f 2436/11/4 2437/11/4 2349/11/4 2348/11/4
f 2434/11/5 2436/11/5 2348/11/5 2346/11/5
f 2349/11/6 2437/11/6 2435/11/6 2347/11/6
f 2350/11/3 2438/11/3 2439/11/3 2351/11/3
f 2439/11/5 2440/11/5 2352/11/5 2351/11/5
f 2353/11/6 2441/11/6 2438/11/6 2350/11/6
f 2440/11/5 2442/11/5 2354/11/5 2352/11/5
f 2355/11/6 2443/11/6 2441/11/6 2353/11/6
f 2442/11/5 2444/11/5 2356/11/5 2354/11/5
f 2357/11/6 2445/11/6 2443/11/6 2355/11/6
f 2444/11/5 2446/11/5 2358/11/5 2356/11/5
f 2359/11/6 2447/11/6 2445/11/6 2357/11/6
f 2448/4/1 2449/4/1 2450/4/1 2451/4/1
f 2450/4/3 2452/4/3 2453/4/3 2451/4/3
f 2453/4/5 2454/4/5 2448/4/5 2451/4/5
f 2449/4/1 2366/4/1 2365/4/1 2450/4/1
f 2455/4/2 2456/4/2 2457/4/2 2452/4/2
f 2365/4/3 2455/4/3 2452/4/3 2450/4/3
f 2458/4/2 2459/4/2 2456/4/2 2455/4/2
f 2364/4/3 2458/4/3 2455/4/3 2365/4/3
f 2367/4/3 2460/4/3 2458/4/3 2364/4/3
f 2368/4/3 2461/4/3 2460/4/3 2367/4/3
f 2369/5/3 2462/5/3 2461/5/3 2368/5/3
f 2370/5/3 2463/5/3 2462/5/3 2369/5/3
f 2371/5/3 2464/5/3 2463/5/3 2370/5/3
f 2372/5/6 2465/5/6 2464/5/6 2371/5/6
f 2446/11/5 2466/11/5 2373/11/5 2358/11/5
f 2374/11/6 2467/11/6 2447/11/6 2359/11/6
f 2468/4/1 2469/4/1 2449/4/1 2448/4/1
f 2454/4/5 2470/4/5 2468/4/5 2448/4/5
f 2469/4/1 2377/4/1 2366/4/1 2449/4/1
f 2456/4/2 2471/4/2 2472/4/2 2457/4/2
f 2459/4/2 2473/4/2 2471/4/2 2456/4/2
f 2378/5/6 2474/5/6 2465/5/6 2372/5/6
f 2466/11/5 2475/11/5 2379/11/5 2373/11/5
f 2380/11/6 2476/11/6 2467/11/6 2374/11/6
f 2477/4/1 2478/4/1 2469/4/1 2468/4/1
f 2470/4/5 2479/4/5 2477/4/5 2468/4/5
f 2478/4/1 2383/4/1 2377/4/1 2469/4/1
f 2384/5/6 2480/5/6 2474/5/6 2378/5/6
f 2475/11/5 2481/11/5 2385/11/5 2379/11/5
f 2386/11/6 2482/11/6 2476/11/6 2380/11/6
f 2483/4/1 2484/4/1 2478/4/1 2477/4/1
f 2479/4/5 2485/4/5 2483/4/5 2477/4/5
f 2484/4/1 2389/4/1 2383/4/1 2478/4/1
f 2390/5/6 2486/5/6 2480/5/6 2384/5/6
f 2481/11/5 2487/11/5 2391/11/5 2385/11/5
f 2392/11/6 2488/11/6 2482/11/6 2386/11/6
f 2489/4/1 2490/4/1 2484/4/1 2483/4/1
f 2485/4/5 2491/4/5 2489/4/5 2483/4/5
f 2490/4/1 2395/4/1 2389/4/1 2484/4/1
f 2396/5/6 2492/5/6 2486/5/6 2390/5/6
f 2487/11/5 2493/11/5 2397/11/5 2391/11/5
f 2398/11/6 2494/11/6 2488/11/6 2392/11/6
f 2495/4/1 2496/4/1 2490/4/1 2489/4/1
f 2491/4/5 2497/4/5 2495/4/5 2489/4/5
f 2496/4/1 2401/4/1 2395/4/1 2490/4/1
f 2402/5/6 2498/5/6 2492/5/6 2396/5/6
f 2493/11/5 2499/11/5 2403/11/5 2397/11/5
f 2404/11/6 2500/11/6 2494/11/6 2398/11/6
f 2501/4/1 2502/4/1 2496/4/1 2495/4/1
f 2497/4/5 2503/4/5 2501/4/5 2495/4/5
f 2502/4/1 2407/4/1 2401/4/1 2496/4/1
f 2408/5/6 2504/5/6 2498/5/6 2402/5/6
f 2499/11/5 2505/11/5 2409/11/5 2403/11/5
f 2410/11/6 2506/11/6 2500/11/6 2404/11/6
f 2507/4/1 2508/4/1 2502/4/1 2501/4/1
f 2503/4/5 2509/4/5 2507/4/5 2501/4/5
f 2508/4/1 2413/4/1 2407/4/1 2502/4/1
f 2414/5/6 2510/5/6 2504/5/6 2408/5/6
f 2505/11/5 2511/11/5 2415/11/5 2409/11/5
f 2416/11/6 2512/11/6 2506/11/6 2410/11/6
f 2513/11/1 2514/11/1 2508/11/1 2507/11/1
f 2509/11/5 2515/11/5 2513/11/5 2507/11/5
f 2514/4/1 2419/4/1 2413/4/1 2508/4/1
f 2420/5/6 2516/5/6 2510/5/6 2414/5/6
f 2511/11/5 2517/11/5 2421/11/5 2415/11/5
f 2422/11/6 2518/11/6 2512/11/6 2416/11/6
f 2519/4/1 2520/4/1 2514/4/1 2513/4/1
f 2521/4/4 2522/4/4 2520/4/4 2519/4/4
f 2515/4/5 2521/4/5 2519/4/5 2513/4/5
f 2520/4/1 2425/4/1 2419/4/1 2514/4/1
f 2522/4/4 2523/4/4 2425/4/4 2520/4/4
f 2523/4/4 2524/4/4 2426/4/4 2425/4/4
f 2524/4/4 2525/4/4 2427/4/4 2426/4/4
f 2525/4/4 2526/4/4 2428/4/4 2427/4/4
f 2526/5/4 2527/5/4 2429/5/4 2428/5/4
f 2527/5/4 2528/5/4 2430/5/4 2429/5/4
f 2528/5/4 2529/5/4 2431/5/4 2430/5/4
f 2431/5/6 2529/5/6 2516/5/6 2420/5/6
f 2517/11/5 2530/11/5 2432/11/5 2421/11/5
f 2433/11/6 2531/11/6 2518/11/6 2422/11/6
f 2530/11/5 2532/11/5 2434/11/5 2432/11/5
f 2435/11/6 2533/11/6 2531/11/6 2433/11/6
f 2534/11/4 2535/11/4 2437/11/4 2436/11/4
f 2532/11/5 2534/11/5 2436/11/5 2434/11/5
f 2437/11/6 2535/11/6 2533/11/6 2435/11/6
f 2438/11/3 2536/11/3 2537/11/3 2439/11/3
f 2537/11/5 2538/11/5 2440/11/5 2439/11/5
f 2441/11/6 2539/11/6 2536/11/6 2438/11/6
f 2538/11/5 2540/11/5 2442/11/5 2440/11/5
f 2443/11/6 2541/11/6 2539/11/6 2441/11/6
f 2540/11/5 2542/11/5 2444/11/5 2442/11/5
f 2445/11/6 2543/11/6 2541/11/6 2443/11/6
f 2542/11/5 2544/11/5 2446/11/5 2444/11/5
f 2447/11/6 2545/11/6 2543/11/6 2445/11/6
f 2546/4/1 2547/4/1 2548/4/1 2549/4/1
f 2548/4/3 2550/4/3 2551/4/3 2549/4/3
f 2551/4/5 2552/4/5 2546/4/5 2549/4/5
f 2547/4/1 2454/4/1 2453/4/1 2548/4/1
f 2453/4/3 2553/4/3 2550/4/3 2548/4/3
f 2452/4/3 2554/4/3 2553/4/3 2453/4/3
f 2457/4/6 2555/4/6 2554/4/6 2452/4/6
f 2460/4/3 2556/4/3 2557/4/3 2458/4/3
f 2557/4/5 2558/4/5 2459/4/5 2458/4/5
f 2461/4/3 2559/4/3 2556/4/3 2460/4/3
f 2462/5/3 2560/5/3 2559/5/3 2461/5/3
f 2463/5/3 2561/5/3 2560/5/3 2462/5/3
f 2464/5/3 2562/5/3 2561/5/3 2463/5/3
f 2465/5/6 2563/5/6 2562/5/6 2464/5/6
f 2544/11/5 2564/11/5 2466/11/5 2446/11/5
f 2467/11/6 2565/11/6 2545/11/6 2447/11/6
f 2566/4/1 2567/4/1 2547/4/1 2546/4/1
f 2552/4/5 2568/4/5 2566/4/5 2546/4/5
f 2567/4/1 2470/4/1 2454/4/1 2547/4/1
f 2472/4/6 2569/4/6 2555/4/6 2457/4/6
f 2558/4/5 2570/4/5 2473/4/5 2459/4/5
f 2474/5/6 2571/5/6 2563/5/6 2465/5/6
f 2564/11/5 2572/11/5 2475/11/5 2466/11/5
f 2476/11/6 2573/11/6 2565/11/6 2467/11/6
f 2574/4/1 2575/4/1 2567/4/1 2566/4/1
f 2568/4/5 2576/4/5 2574/4/5 2566/4/5
f 2575/4/1 2479/4/1 2470/4/1 2567/4/1
f 2471/4/3 2577/4/3 2569/4/3 2472/4/3
f 2473/4/3 2570/4/3 2577/4/3 2471/4/3
f 2480/5/6 2578/5/6 2571/5/6 2474/5/6
f 2572/11/5 2579/11/5 2481/11/5 2475/11/5
f 2482/11/6 2580/11/6 2573/11/6 2476/11/6
f 2581/4/1 2582/4/1 2575/4/1 2574/4/1
f 2576/4/5 2583/4/5 2581/4/5 2574/4/5
f 2582/4/1 2485/4/1 2479/4/1 2575/4/1
f 2486/5/6 2584/5/6 2578/5/6 2480/5/6
f 2579/11/5 2585/11/5 2487/11/5 2481/11/5
f 2488/11/6 2586/11/6 2580/11/6 2482/11/6
f 2587/4/1 2588/4/1 2582/4/1 2581/4/1
f 2583/4/5 2589/4/5 2587/4/5 2581/4/5
f 2588/4/1 2491/4/1 2485/4/1 2582/4/1
f 2492/5/6 2590/5/6 2584/5/6 2486/5/6
f 2585/11/5 2591/11/5 2493/11/5 2487/11/5
f 2494/11/6 2592/11/6 2586/11/6 2488/11/6
f 2593/4/1 2594/4/1 2588/4/1 2587/4/1
f 2589/4/5 2595/4/5 2593/4/5 2587/4/5
f 2594/4/1 2497/4/1 2491/4/1 2588/4/1
f 2498/5/6 2596/5/6 2590/5/6 2492/5/6
f 2591/11/5 2597/11/5 2499/11/5 2493/11/5
f 2500/11/6 2598/11/6 2592/11/6 2494/11/6
f 2599/4/1 2600/4/1 2594/4/1 2593/4/1
f 2595/4/5 2601/4/5 2599/4/5 2593/4/5
f 2600/4/1 2503/4/1 2497/4/1 2594/4/1
f 2504/5/6 2602/5/6 2596/5/6 2498/5/6
f 2597/11/5 2603/11/5 2505/11/5 2499/11/5
f 2506/11/6 2604/11/6 2598/11/6 2500/11/6
f 2605/4/1 2606/4/1 2600/4/1 2599/4/1
f 2601/4/5 2607/4/5 2605/4/5 2599/4/5
f 2606/4/1 2509/4/1 2503/4/1 2600/4/1
f 2510/5/6 2608/5/6 2602/5/6 2504/5/6
f 2603/11/5 2609/11/5 2511/11/5 2505/11/5
f 2512/11/6 2610/11/6 2604/11/6 2506/11/6
f 2611/4/1 2612/4/1 2606/4/1 2605/4/1
f 2607/4/5 2613/4/5 2611/4/5 2605/4/5
f 2612/4/1 2515/4/1 2509/4/1 2606/4/1
f 2516/5/6 2614/5/6 2608/5/6 2510/5/6
f 2609/11/5 2615/11/5 2517/11/5 2511/11/5
f 2518/11/6 2616/11/6 2610/11/6 2512/11/6
f 2617/4/1 2618/4/1 2612/4/1 2611/4/1
f 2619/4/4 2620/4/4 2618/4/4 2617/4/4
f 2613/4/5 2619/4/5 2617/4/5 2611/4/5
f 2618/4/1 2521/4/1 2515/4/1 2612/4/1
f 2620/4/4 2621/4/4 2521/4/4 2618/4/4
f 2621/4/4 2622/4/4 2522/4/4 2521/4/4
f 2622/4/4 2623/4/4 2523/4/4 2522/4/4
f 2623/4/4 2624/4/4 2524/4/4 2523/4/4
f 2624/4/4 2625/4/4 2525/4/4 2524/4/4
f 2625/4/4 2626/4/4 2526/4/4 2525/4/4
f 2626/5/4 2627/5/4 2527/5/4 2526/5/4
f 2627/5/4 2628/5/4 2528/5/4 2527/5/4
f 2628/5/4 2629/5/4 2529/5/4 2528/5/4
f 2529/5/6 2629/5/6 2614/5/6 2516/5/6
f 2615/11/5 2630/11/5 2530/11/5 2517/11/5
f 2531/11/6 2631/11/6 2616/11/6 2518/11/6
f 2630/11/5 2632/11/5 2532/11/5 2530/11/5
f 2533/11/6 2633/11/6 2631/11/6 2531/11/6
f 2634/11/4 2635/11/4 2535/11/4 2534/11/4
f 2632/11/5 2634/11/5 2534/11/5 2532/11/5
f 2535/11/6 2635/11/6 2633/11/6 2533/11/6
f 2536/11/3 2636/11/3 2637/11/3 2537/11/3
f 2637/11/5 2638/11/5 2538/11/5 2537/11/5
f 2539/11/6 2639/11/6 2636/11/6 2536/11/6
f 2638/11/5 2640/11/5 2540/11/5 2538/11/5
f 2541/11/6 2641/11/6 2639/11/6 2539/11/6
f 2640/11/5 2642/11/5 2542/11/5 2540/11/5
f 2543/11/6 2643/11/6 2641/11/6 2541/11/6
f 2642/11/5 2644/11/5 2544/11/5 2542/11/5
f 2545/4/1 2645/4/1 2646/4/1 2543/4/1
f 2646/4/3 2647/4/3 2643/4/3 2543/4/3
f 2645/4/1 2648/4/1 2649/4/1 2646/4/1
f 2649/4/3 2650/4/3 2647/4/3 2646/4/3
f 2648/4/1 2651/4/1 2652/4/1 2649/4/1
f 2652/4/3 2653/4/3 2650/4/3 2649/4/3
f 2651/4/1 2654/4/1 2655/4/1 2652/4/1
f 2655/4/3 2656/4/3 2653/4/3 2652/4/3
f 2654/5/1 2657/5/1 2658/5/1 2655/5/1
f 2658/5/3 2659/5/3 2656/5/3 2655/5/3
f 2657/4/1 2660/4/1 2661/4/1 2658/4/1
f 2661/4/3 2662/4/3 2659/4/3 2658/4/3
f 2660/4/1 2663/4/1 2664/4/1 2661/4/1
f 2664/4/3 2665/4/3 2662/4/3 2661/4/3
f 2663/4/1 2666/4/1 2667/4/1 2664/4/1
f 2667/4/3 2668/4/3 2665/4/3 2664/4/3
f 2666/4/1 2669/4/1 2670/4/1 2667/4/1
f 2670/4/3 2671/4/3 2668/4/3 2667/4/3
f 2669/4/1 2672/4/1 2673/4/1 2670/4/1
f 2673/4/3 2674/4/3 2671/4/3 2670/4/3
f 2672/4/1 2675/4/1 2676/4/1 2673/4/1
f 2676/4/3 2677/4/3 2674/4/3 2673/4/3
f 2675/4/1 2678/4/1 2679/4/1 2676/4/1
f 2680/4/2 2681/4/2 2682/4/2 2677/4/2
f 2679/4/3 2680/4/3 2677/4/3 2676/4/3
f 2678/4/1 2683/4/1 2684/4/1 2679/4/1
f 2685/4/2 2686/4/2 2681/4/2 2680/4/2
f 2684/4/3 2685/4/3 2680/4/3 2679/4/3
f 2683/4/1 2687/4/1 2688/4/1 2684/4/1
f 2688/4/3 2689/4/3 2685/4/3 2684/4/3
f 2687/4/1 2690/4/1 2691/4/1 2688/4/1
f 2691/4/3 2692/4/3 2689/4/3 2688/4/3
f 2690/4/1 2693/4/1 2694/4/1 2691/4/1
f 2694/4/3 2695/4/3 2692/4/3 2691/4/3
f 2693/4/1 2696/4/1 2697/4/1 2694/4/1
f 2697/4/3 2698/4/3 2695/4/3 2694/4/3
f 2696/4/1 2699/4/1 2700/4/1 2697/4/1
f 2700/4/3 2701/4/3 2698/4/3 2697/4/3
f 2699/4/1 2702/4/1 2703/4/1 2700/4/1
f 2703/4/3 2704/4/3 2701/4/3 2700/4/3
f 2702/4/1 2705/4/1 2706/4/1 2703/4/1
f 2706/4/3 2707/4/3 2704/4/3 2703/4/3
f 2705/4/1 2552/4/1 2551/4/1 2706/4/1
f 2551/4/3 2708/4/3 2707/4/3 2706/4/3
f 2550/4/3 2709/4/3 2708/4/3 2551/4/3
f 2553/4/3 2710/4/3 2709/4/3 2550/4/3
f 2554/4/3 2711/4/3 2710/4/3 2553/4/3
f 2555/4/6 2712/4/6 2711/4/6 2554/4/6
f 2556/4/3 2713/4/3 2714/4/3 2557/4/3
f 2714/4/5 2715/4/5 2558/4/5 2557/4/5
f 2559/4/3 2716/4/3 2713/4/3 2556/4/3
f 2560/5/3 2717/5/3 2716/5/3 2559/5/3
f 2561/5/3 2718/5/3 2717/5/3 2560/5/3
f 2562/5/3 2719/5/3 2718/5/3 2561/5/3
f 2563/5/6 2720/5/6 2719/5/6 2562/5/6
f 2644/11/5 2721/11/5 2564/11/5 2544/11/5
f 2565/4/1 2722/4/1 2645/4/1 2545/4/1
f 2722/4/1 2723/4/1 2648/4/1 2645/4/1
f 2723/4/1 2724/4/1 2651/4/1 2648/4/1
f 2724/4/1 2725/4/1 2654/4/1 2651/4/1
f 2725/4/1 2726/4/1 2657/4/1 2654/4/1
f 2726/4/1 2727/4/1 2660/4/1 2657/4/1
f 2727/4/1 2728/4/1 2663/4/1 2660/4/1
f 2728/4/1 2729/4/1 2666/4/1 2663/4/1
f 2729/4/1 2730/4/1 2669/4/1 2666/4/1
f 2730/4/1 2731/4/1 2672/4/1 2669/4/1
f 2731/4/1 2732/4/1 2675/4/1 2672/4/1
f 2732/4/1 2733/4/1 2678/4/1 2675/4/1
f 2681/4/2 2734/4/2 2735/4/2 2682/4/2
f 2733/4/1 2736/4/1 2683/4/1 2678/4/1
f 2686/4/2 2737/4/2 2734/4/2 2681/4/2
f 2736/4/1 2738/4/1 2687/4/1 2683/4/1
f 2738/4/1 2739/4/1 2690/4/1 2687/4/1
f 2739/4/1 2740/4/1 2693/4/1 2690/4/1
f 2740/4/1 2741/4/1 2696/4/1 2693/4/1
f 2741/4/1 2742/4/1 2699/4/1 2696/4/1
f 2742/4/1 2743/4/1 2702/4/1 2699/4/1
f 2743/4/1 2744/4/1 2705/4/1 2702/4/1
f 2744/4/1 2568/4/1 2552/4/1 2705/4/1
f 2569/4/6 2745/4/6 2712/4/6 2555/4/6
f 2715/4/5 2746/4/5 2570/4/5 2558/4/5
f 2571/5/6 2747/5/6 2720/5/6 2563/5/6
f 2721/11/5 2748/11/5 2572/11/5 2564/11/5
f 2573/4/1 2749/4/1 2722/4/1 2565/4/1
f 2749/4/1 2750/4/1 2723/4/1 2722/4/1
f 2750/4/1 2751/4/1 2724/4/1 2723/4/1
f 2751/4/1 2752/4/1 2725/4/1 2724/4/1
f 2752/4/1 2753/4/1 2726/4/1 2725/4/1
f 2753/4/1 2754/4/1 2727/4/1 2726/4/1
f 2754/4/1 2755/4/1 2728/4/1 2727/4/1
f 2755/4/1 2756/4/1 2729/4/1 2728/4/1
f 2756/4/1 2757/4/1 2730/4/1 2729/4/1
f 2757/4/1 2758/4/1 2731/4/1 2730/4/1
f 2758/4/1 2759/4/1 2732/4/1 2731/4/1
f 2759/4/1 2760/4/1 2733/4/1 2732/4/1
f 2760/4/1 2761/4/1 2736/4/1 2733/4/1
f 2761/4/1 2762/4/1 2738/4/1 2736/4/1
f 2762/4/1 2763/4/1 2739/4/1 2738/4/1
f 2763/4/1 2764/4/1 2740/4/1 2739/4/1
f 2764/4/1 2765/4/1 2741/4/1 2740/4/1
f 2765/4/1 2766/4/1 2742/4/1 2741/4/1
f 2766/4/1 2767/4/1 2743/4/1 2742/4/1
f 2767/4/1 2768/4/1 2744/4/1 2743/4/1
f 2768/4/1 2576/4/1 2568/4/1 2744/4/1
f 2577/4/3 2769/4/3 2745/4/3 2569/4/3
f 2570/4/3 2746/4/3 2769/4/3 2577/4/3
f 2578/5/6 2770/5/6 2747/5/6 2571/5/6
f 2748/11/5 2771/11/5 2579/11/5 2572/11/5
f 2580/4/1 2772/4/1 2749/4/1 2573/4/1
f 2772/4/1 2773/4/1 2750/4/1 2749/4/1
f 2773/11/1 2774/11/1 2751/11/1 2750/11/1
f 2774/4/1 2775/4/1 2752/4/1 2751/4/1
f 2775/4/1 2776/4/1 2753/4/1 2752/4/1
f 2776/4/1 2777/4/1 2754/4/1 2753/4/1
f 2777/4/1 2778/4/1 2755/4/1 2754/4/1
f 2778/4/1 2779/4/1 2756/4/1 2755/4/1
f 2779/4/1 2780/4/1 2757/4/1 2756/4/1
f 2780/4/1 2781/4/1 2758/4/1 2757/4/1
f 2781/4/1 2782/4/1 2759/4/1 2758/4/1
f 2782/4/1 2783/4/1 2760/4/1 2759/4/1
f 2783/4/1 2784/4/1 2761/4/1 2760/4/1
f 2784/4/1 2785/4/1 2762/4/1 2761/4/1
f 2785/4/1 2786/4/1 2763/4/1 2762/4/1
f 2786/4/1 2787/4/1 2764/4/1 2763/4/1
f 2787/4/1 2788/4/1 2765/4/1 2764/4/1
f 2788/4/1 2789/4/1 2766/4/1 2765/4/1
f 2789/4/1 2790/4/1 2767/4/1 2766/4/1
f 2790/4/1 2791/4/1 2768/4/1 2767/4/1
f 2791/4/1 2583/4/1 2576/4/1 2768/4/1
f 2584/5/6 2792/5/6 2770/5/6 2578/5/6
f 2771/11/5 2793/11/5 2585/11/5 2579/11/5
f 2586/4/1 2794/4/1 2772/4/1 2580/4/1
f 2794/4/1 2795/4/1 2773/4/1 2772/4/1
f 2795/4/1 2796/4/1 2774/4/1 2773/4/1
f 2796/4/1 2797/4/1 2775/4/1 2774/4/1
f 2797/4/1 2798/4/1 2776/4/1 2775/4/1
f 2798/4/1 2799/4/1 2777/4/1 2776/4/1
f 2799/4/1 2800/4/1 2778/4/1 2777/4/1
f 2800/4/1 2801/4/1 2779/4/1 2778/4/1
f 2801/4/1 2802/4/1 2780/4/1 2779/4/1
f 2802/4/1 2803/4/1 2781/4/1 2780/4/1
f 2803/4/1 2804/4/1 2782/4/1 2781/4/1
f 2804/4/1 2805/4/1 2783/4/1 2782/4/1
f 2805/4/1 2806/4/1 2784/4/1 2783/4/1
f 2806/4/1 2807/4/1 2785/4/1 2784/4/1
f 2807/4/1 2808/4/1 2786/4/1 2785/4/1
f 2808/4/1 2809/4/1 2787/4/1 2786/4/1
f 2809/4/1 2810/4/1 2788/4/1 2787/4/1
f 2810/4/1 2811/4/1 2789/4/1 2788/4/1
f 2811/4/1 2812/4/1 2790/4/1 2789/4/1
f 2812/4/1 2813/4/1 2791/4/1 2790/4/1
f 2813/4/1 2589/4/1 2583/4/1 2791/4/1
f 2590/5/6 2814/5/6 2792/5/6 2584/5/6
f 2793/11/5 2815/11/5 2591/11/5 2585/11/5
f 2592/4/1 2816/4/1 2794/4/1 2586/4/1
f 2816/4/1 2817/4/1 2795/4/1 2794/4/1
f 2817/4/1 2818/4/1 2796/4/1 2795/4/1
f 2818/4/1 2819/4/1 2797/4/1 2796/4/1
f 2819/4/1 2820/4/1 2798/4/1 2797/4/1
f 2820/4/1 2821/4/1 2799/4/1 2798/4/1
f 2821/4/1 2822/4/1 2800/4/1 2799/4/1
f 2822/4/1 2823/4/1 2801/4/1 2800/4/1
f 2823/4/1 2824/4/1 2802/4/1 2801/4/1
f 2824/4/1 2825/4/1 2803/4/1 2802/4/1
f 2825/4/1 2826/4/1 2804/4/1 2803/4/1
f 2826/4/1 2827/4/1 2805/4/1 2804/4/1
f 2827/4/1 2828/4/1 2806/4/1 2805/4/1
f 2828/4/1 2829/4/1 2807/4/1 2806/4/1
f 2829/4/1 2830/4/1 2808/4/1 2807/4/1
f 2830/4/1 2831/4/1 2809/4/1 2808/4/1
f 2831/4/1 2832/4/1 2810/4/1 2809/4/1
f 2832/4/1 2833/4/1 2811/4/1 2810/4/1
f 2833/4/1 2834/4/1 2812/4/1 2811/4/1
f 2834/4/1 2835/4/1 2813/4/1 2812/4/1
f 2835/4/1 2595/4/1 2589/4/1 2813/4/1
f 2596/5/6 2836/5/6 2814/5/6 2590/5/6
f 2815/11/5 2837/11/5 2597/11/5 2591/11/5
f 2598/4/1 2838/4/1 2816/4/1 2592/4/1
f 2838/4/1 2839/4/1 2817/4/1 2816/4/1
f 2839/4/1 2840/4/1 2818/4/1 2817/4/1
f 2840/4/1 2841/4/1 2819/4/1 2818/4/1
f 2841/4/1 2842/4/1 2820/4/1 2819/4/1
f 2842/4/1 2843/4/1 2821/4/1 2820/4/1
f 2843/4/1 2844/4/1 2822/4/1 2821/4/1
f 2844/4/1 2845/4/1 2823/4/1 2822/4/1
f 2845/4/1 2846/4/1 2824/4/1 2823/4/1
f 2846/4/1 2847/4/1 2825/4/1 2824/4/1
f 2847/4/1 2848/4/1 2826/4/1 2825/4/1
f 2848/4/1 2849/4/1 2827/4/1 2826/4/1
f 2849/4/1 2850/4/1 2828/4/1 2827/4/1
f 2850/4/1 2851/4/1 2829/4/1 2828/4/1
f 2851/4/1 2852/4/1 2830/4/1 2829/4/1
f 2852/4/1 2853/4/1 2831/4/1 2830/4/1
f 2853/4/1 2854/4/1 2832/4/1 2831/4/1
f 2854/4/1 2855/4/1 2833/4/1 2832/4/1
f 2855/4/1 2856/4/1 2834/4/1 2833/4/1
f 2856/4/1 2857/4/1 2835/4/1 2834/4/1
f 2857/4/1 2601/4/1 2595/4/1 2835/4/1
f 2602/5/6 2858/5/6 2836/5/6 2596/5/6
f 2837/11/5 2859/11/5 2603/11/5 2597/11/5
f 2604/4/1 2860/4/1 2838/4/1 2598/4/1
f 2860/4/1 2861/4/1 2839/4/1 2838/4/1
f 2861/4/1 2862/4/1 2840/4/1 2839/4/1
f 2862/4/1 2863/4/1 2841/4/1 2840/4/1
f 2863/4/1 2864/4/1 2842/4/1 2841/4/1
f 2864/4/1 2865/4/1 2843/4/1 2842/4/1
f 2865/4/1 2866/4/1 2844/4/1 2843/4/1
f 2866/4/1 2867/4/1 2845/4/1 2844/4/1
f 2867/4/1 2868/4/1 2846/4/1 2845/4/1
f 2868/4/1 2869/4/1 2847/4/1 2846/4/1
f 2869/4/1 2870/4/1 2848/4/1 2847/4/1
f 2870/4/1 2871/4/1 2849/4/1 2848/4/1
f 2871/11/1 2872/11/1 2850/11/1 2849/11/1
f 2872/4/1 2873/4/1 2851/4/1 2850/4/1
f 2873/4/1 2874/4/1 2852/4/1 2851/4/1
f 2874/4/1 2875/4/1 2853/4/1 2852/4/1
f 2875/4/1 2876/4/1 2854/4/1 2853/4/1
f 2876/4/1 2877/4/1 2855/4/1 2854/4/1
f 2877/4/1 2878/4/1 2856/4/1 2855/4/1
f 2878/4/1 2879/4/1 2857/4/1 2856/4/1
f 2879/4/1 2607/4/1 2601/4/1 2857/4/1
f 2608/5/6 2880/5/6 2858/5/6 2602/5/6
f 2859/11/5 2881/11/5 2609/11/5 2603/11/5
f 2610/4/1 2882/4/1 2860/4/1 2604/4/1
f 2882/4/1 2883/4/1 2861/4/1 2860/4/1
f 2883/4/1 2884/4/1 2862/4/1 2861/4/1
f 2884/4/1 2885/4/1 2863/4/1 2862/4/1
f 2885/4/1 2886/4/1 2864/4/1 2863/4/1
f 2886/4/1 2887/4/1 2865/4/1 2864/4/1
f 2887/4/1 2888/4/1 2866/4/1 2865/4/1
f 2888/4/1 2889/4/1 2867/4/1 2866/4/1
f 2889/4/1 2890/4/1 2868/4/1 2867/4/1
f 2890/4/1 2891/4/1 2869/4/1 2868/4/1
f 2891/4/1 2892/4/1 2870/4/1 2869/4/1
f 2892/4/1 2893/4/1 2871/4/1 2870/4/1
f 2893/4/1 2894/4/1 2872/4/1 2871/4/1
f 2894/4/1 2895/4/1 2873/4/1 2872/4/1
f 2895/4/1 2896/4/1 2874/4/1 2873/4/1
f 2896/4/1 2897/4/1 2875/4/1 2874/4/1
f 2897/4/1 2898/4/1 2876/4/1 2875/4/1
f 2898/4/1 2899/4/1 2877/4/1 2876/4/1
f 2899/4/1 2900/4/1 2878/4/1 2877/4/1
f 2900/4/1 2901/4/1 2879/4/1 2878/4/1
f 2901/4/1 2613/4/1 2607/4/1 2879/4/1
f 2614/5/6 2902/5/6 2880/5/6 2608/5/6
f 2881/11/5 2903/11/5 2615/11/5 2609/11/5
f 2616/4/1 2904/4/1 2882/4/1 2610/4/1
f 2905/4/4 2906/4/4 2904/4/4 2616/4/4
f 2904/4/1 2907/4/1 2883/4/1 2882/4/1
f 2906/4/4 2908/4/4 2907/4/4 2904/4/4
f 2907/4/1 2909/4/1 2884/4/1 2883/4/1
f 2908/4/4 2910/4/4 2909/4/4 2907/4/4
f 2909/4/1 2911/4/1 2885/4/1 2884/4/1
f 2910/4/4 2912/4/4 2911/4/4 2909/4/4
f 2911/4/1 2913/4/1 2886/4/1 2885/4/1
f 2912/4/4 2914/4/4 2913/4/4 2911/4/4
f 2913/4/1 2915/4/1 2887/4/1 2886/4/1
f 2914/4/4 2916/4/4 2915/4/4 2913/4/4
f 2915/4/1 2917/4/1 2888/4/1 2887/4/1
f 2916/4/4 2918/4/4 2917/4/4 2915/4/4
f 2917/4/1 2919/4/1 2889/4/1 2888/4/1
f 2918/4/4 2920/4/4 2919/4/4 2917/4/4
f 2919/4/1 2921/4/1 2890/4/1 2889/4/1
f 2920/4/4 2922/4/4 2921/4/4 2919/4/4
f 2921/4/1 2923/4/1 2891/4/1 2890/4/1
f 2922/4/4 2924/4/4 2923/4/4 2921/4/4
f 2923/4/1 2925/4/1 2892/4/1 2891/4/1
f 2924/4/4 2926/4/4 2925/4/4 2923/4/4
f 2925/4/1 2927/4/1 2893/4/1 2892/4/1
f 2926/4/4 2928/4/4 2927/4/4 2925/4/4
f 2927/4/1 2929/4/1 2894/4/1 2893/4/1
f 2928/4/4 2930/4/4 2929/4/4 2927/4/4
f 2929/4/1 2931/4/1 2895/4/1 2894/4/1
f 2930/4/4 2932/4/4 2931/4/4 2929/4/4
f 2931/4/1 2933/4/1 2896/4/1 2895/4/1
f 2932/4/4 2934/4/4 2933/4/4 2931/4/4
f 2933/4/1 2935/4/1 2897/4/1 2896/4/1
f 2934/4/4 2936/4/4 2935/4/4 2933/4/4
f 2935/4/1 2937/4/1 2898/4/1 2897/4/1
f 2936/4/4 2938/4/4 2937/4/4 2935/4/4
f 2937/4/1 2939/4/1 2899/4/1 2898/4/1
f 2938/4/4 2940/4/4 2939/4/4 2937/4/4
f 2939/4/1 2941/4/1 2900/4/1 2899/4/1
f 2940/4/4 2942/4/4 2941/4/4 2939/4/4
f 2941/4/1 2943/4/1 2901/4/1 2900/4/1
f 2942/4/4 2944/4/4 2943/4/4 2941/4/4
f 2943/4/1 2619/4/1 2613/4/1 2901/4/1
f 2944/4/4 2945/4/4 2619/4/4 2943/4/4
f 2945/4/4 2946/4/4 2620/4/4 2619/4/4
f 2946/4/4 2947/4/4 2621/4/4 2620/4/4
f 2947/4/4 2948/4/4 2622/4/4 2621/4/4
f 2948/4/4 2949/4/4 2623/4/4 2622/4/4
f 2949/4/4 2950/4/4 2624/4/4 2623/4/4
f 2950/4/4 2951/4/4 2625/4/4 2624/4/4
f 2951/4/4 2952/4/4 2626/4/4 2625/4/4
f 2952/5/4 2953/5/4 2627/5/4 2626/5/4
f 2953/5/4 2954/5/4 2628/5/4 2627/5/4
f 2954/5/4 2955/5/4 2629/5/4 2628/5/4
f 2629/5/6 2955/5/6 2902/5/6 2614/5/6
f 2903/11/5 2956/11/5 2630/11/5 2615/11/5
f 2631/11/6 2957/11/6 2905/11/6 2616/11/6
f 2956/11/5 2958/11/5 2632/11/5 2630/11/5
f 2633/11/6 2959/11/6 2957/11/6 2631/11/6
f 2960/11/4 2961/11/4 2635/11/4 2634/11/4
f 2958/11/5 2960/11/5 2634/11/5 2632/11/5
f 2635/11/6 2961/11/6 2959/11/6 2633/11/6
f 2636/11/3 2962/11/3 2963/11/3 2637/11/3
f 2963/11/5 2964/11/5 2638/11/5 2637/11/5
f 2639/11/6 2965/11/6 2962/11/6 2636/11/6
f 2964/11/5 2966/11/5 2640/11/5 2638/11/5
f 2641/11/6 2967/11/6 2965/11/6 2639/11/6
f 2966/11/5 2968/11/5 2642/11/5 2640/11/5
f 2643/11/6 2969/11/6 2967/11/6 2641/11/6
f 2968/11/5 2970/11/5 2644/11/5 2642/11/5
f 2647/4/3 2971/4/3 2969/4/3 2643/4/3
f 2650/4/3 2972/4/3 2971/4/3 2647/4/3
f 2653/4/3 2973/4/3 2972/4/3 2650/4/3
f 2656/4/3 2974/4/3 2973/4/3 2653/4/3
f 2659/4/3 2975/4/3 2974/4/3 2656/4/3
f 2662/4/3 2976/4/3 2975/4/3 2659/4/3
f 2665/4/3 2977/4/3 2976/4/3 2662/4/3
f 2668/4/3 2978/4/3 2977/4/3 2665/4/3
f 2671/4/3 2979/4/3 2978/4/3 2668/4/3
f 2674/4/3 2980/4/3 2979/4/3 2671/4/3
f 2677/4/3 2981/4/3 2980/4/3 2674/4/3
f 2682/4/6 2982/4/6 2981/4/6 2677/4/6
f 2689/4/3 2983/4/3 2984/4/3 2685/4/3
f 2984/4/5 2985/4/5 2686/4/5 2685/4/5
f 2692/4/3 2986/4/3 2983/4/3 2689/4/3
f 2695/4/3 2987/4/3 2986/4/3 2692/4/3
f 2698/4/3 2988/4/3 2987/4/3 2695/4/3
f 2701/4/3 2989/4/3 2988/4/3 2698/4/3
f 2704/4/3 2990/4/3 2989/4/3 2701/4/3
f 2707/4/3 2991/4/3 2990/4/3 2704/4/3
f 2708/4/3 2992/4/3 2991/4/3 2707/4/3
f 2709/4/3 2993/4/3 2992/4/3 2708/4/3
f 2710/4/3 2994/4/3 2993/4/3 2709/4/3
f 2711/4/3 2995/4/3 2994/4/3 2710/4/3
f 2712/4/1 2996/4/1 2997/4/1 2711/4/1
f 2997/4/3 2998/4/3 2995/4/3 2711/4/3
f 2996/4/1 2715/4/1 2714/4/1 2997/4/1
f 2714/4/3 2999/4/3 2998/4/3 2997/4/3
f 2713/4/3 3000/4/3 2999/4/3 2714/4/3
f 2716/4/3 3001/4/3 3000/4/3 2713/4/3
f 2717/5/3 3002/5/3 3001/5/3 2716/5/3
f 2718/5/3 3003/5/3 3002/5/3 2717/5/3
f 2719/5/3 3004/5/3 3003/5/3 2718/5/3
f 2720/5/6 3005/5/6 3004/5/6 2719/5/6
f 2970/11/5 3006/11/5 2721/11/5 2644/11/5
f 2735/4/6 3007/4/6 2982/4/6 2682/4/6
f 2985/4/5 3008/4/5 2737/4/5 2686/4/5
f 2745/4/1 2769/4/1 2996/4/1 2712/4/1
f 2769/4/1 2746/4/1 2715/4/1 2996/4/1
f 2747/5/6 3009/5/6 3005/5/6 2720/5/6
f 3006/11/5 3010/11/5 2748/11/5 2721/11/5
f 2734/4/3 3011/4/3 3007/4/3 2735/4/3
f 2737/4/3 3008/4/3 3011/4/3 2734/4/3
f 2770/5/6 3012/5/6 3009/5/6 2747/5/6
f 3010/11/5 3013/11/5 2771/11/5 2748/11/5
f 2792/5/6 3014/5/6 3012/5/6 2770/5/6
f 3013/11/5 3015/11/5 2793/11/5 2771/11/5
f 2814/5/6 3016/5/6 3014/5/6 2792/5/6
f 3015/11/5 3017/11/5 2815/11/5 2793/11/5
f 2836/5/6 3018/5/6 3016/5/6 2814/5/6
f 3017/11/5 3019/11/5 2837/11/5 2815/11/5
f 2858/5/6 3020/5/6 3018/5/6 2836/5/6
f 3019/11/5 3021/11/5 2859/11/5 2837/11/5
f 2880/5/6 3022/5/6 3020/5/6 2858/5/6
f 3021/5/5 3023/5/5 2881/5/5 2859/5/5
f 2902/5/6 3024/5/6 3022/5/6 2880/5/6
f 3023/11/5 3025/11/5 2903/11/5 2881/11/5
f 3026/4/4 3027/4/4 2906/4/4 2905/4/4
f 3027/4/4 3028/4/4 2908/4/4 2906/4/4
f 3028/4/4 3029/4/4 2910/4/4 2908/4/4
f 3029/4/4 3030/4/4 2912/4/4 2910/4/4
f 3030/4/4 3031/4/4 2914/4/4 2912/4/4
f 3031/4/4 3032/4/4 2916/4/4 2914/4/4
f 3032/4/4 3033/4/4 2918/4/4 2916/4/4
f 3033/4/4 3034/4/4 2920/4/4 2918/4/4
f 3034/4/4 3035/4/4 2922/4/4 2920/4/4
f 3035/4/4 3036/4/4 2924/4/4 2922/4/4
f 3036/4/4 3037/4/4 2926/4/4 2924/4/4
f 3037/4/4 3038/4/4 2928/4/4 2926/4/4
f 3038/4/4 3039/4/4 2930/4/4 2928/4/4
f 3039/4/4 3040/4/4 2932/4/4 2930/4/4
f 3040/4/4 3041/4/4 2934/4/4 2932/4/4
f 3041/4/4 3042/4/4 2936/4/4 2934/4/4
f 3042/4/4 3043/4/4 2938/4/4 2936/4/4
f 3043/4/4 3044/4/4 2940/4/4 2938/4/4
f 3044/4/4 3045/4/4 2942/4/4 2940/4/4
f 3045/4/4 3046/4/4 2944/4/4 2942/4/4
f 3046/4/4 3047/4/4 2945/4/4 2944/4/4
f 3047/4/4 3048/4/4 2946/4/4 2945/4/4
f 3048/4/4 3049/4/4 2947/4/4 2946/4/4
f 3049/4/4 3050/4/4 2948/4/4 2947/4/4
f 3050/4/4 3051/4/4 2949/4/4 2948/4/4
f 3051/4/4 3052/4/4 2950/4/4 2949/4/4
f 3052/4/4 3053/4/4 2951/4/4 2950/4/4
f 3053/4/4 3054/4/4 2952/4/4 2951/4/4
f 3054/5/4 3055/5/4 2953/5/4 2952/5/4
f 3055/5/4 3056/5/4 2954/5/4 2953/5/4
f 3056/5/4 3057/5/4 2955/5/4 2954/5/4
f 2955/5/6 3057/5/6 3024/5/6 2902/5/6
f 3025/11/5 3058/11/5 2956/11/5 2903/11/5
f 2957/11/6 3059/11/6 3026/11/6 2905/11/6
f 3058/11/5 3060/11/5 2958/11/5 2956/11/5
f 2959/11/6 3061/11/6 3059/11/6 2957/11/6
f 3062/11/4 3063/11/4 2961/11/4 2960/11/4
f 3060/11/5 3062/11/5 2960/11/5 2958/11/5
f 2961/11/6 3063/11/6 3061/11/6 2959/11/6
f 2962/11/3 3064/11/3 3065/11/3 2963/11/3
f 3065/11/5 3066/11/5 2964/11/5 2963/11/5
f 2965/11/6 3067/11/6 3064/11/6 2962/11/6
f 3066/11/5 3068/11/5 2966/11/5 2964/11/5
f 2967/11/6 3069/11/6 3067/11/6 2965/11/6
f 3068/11/5 3070/11/5 2968/11/5 2966/11/5
f 2969/11/6 3071/11/6 3069/11/6 2967/11/6
f 3070/11/5 3072/11/5 2970/11/5 2968/11/5
f 2971/4/3 3073/4/3 3071/4/3 2969/4/3
f 2972/4/3 3074/4/3 3073/4/3 2971/4/3
f 2973/4/3 3075/4/3 3074/4/3 2972/4/3
f 2974/4/3 3076/4/3 3075/4/3 2973/4/3
f 2975/4/3 3077/4/3 3076/4/3 2974/4/3
f 2976/4/3 3078/4/3 3077/4/3 2975/4/3
f 2977/4/3 3079/4/3 3078/4/3 2976/4/3
f 2978/4/3 3080/4/3 3079/4/3 2977/4/3
f 2979/4/3 3081/4/3 3080/4/3 2978/4/3
f 2980/4/3 3082/4/3 3081/4/3 2979/4/3
f 2981/4/3 3083/4/3 3082/4/3 2980/4/3
f 2982/4/6 3084/4/6 3083/4/6 2981/4/6
f 2983/4/3 3085/4/3 3086/4/3 2984/4/3
f 3086/4/5 3087/4/5 2985/4/5 2984/4/5
f 2986/4/3 3088/4/3 3085/4/3 2983/4/3
f 2987/4/3 3089/4/3 3088/4/3 2986/4/3
f 2988/4/3 3090/4/3 3089/4/3 2987/4/3
f 2989/4/3 3091/4/3 3090/4/3 2988/4/3
f 2990/4/3 3092/4/3 3091/4/3 2989/4/3
f 2991/4/3 3093/4/3 3092/4/3 2990/4/3
f 2992/4/3 3094/4/3 3093/4/3 2991/4/3
f 2993/4/3 3095/4/3 3094/4/3 2992/4/3
f 2994/4/3 3096/4/3 3095/4/3 2993/4/3
f 2995/4/3 3097/4/3 3096/4/3 2994/4/3
f 2998/4/3 3098/4/3 3097/4/3 2995/4/3
f 2999/4/3 3099/4/3 3098/4/3 2998/4/3
f 3000/4/3 3100/4/3 3099/4/3 2999/4/3
f 3001/4/3 3101/4/3 3100/4/3 3000/4/3
f 3002/5/3 3102/5/3 3101/5/3 3001/5/3
f 3003/5/3 3103/5/3 3102/5/3 3002/5/3
f 3004/5/3 3104/5/3 3103/5/3 3003/5/3
f 3005/5/6 3105/5/6 3104/5/6 3004/5/6
f 3072/11/5 3106/11/5 3006/11/5 2970/11/5
f 3007/4/6 3107/4/6 3084/4/6 2982/4/6
f 3087/4/5 3108/4/5 3008/4/5 2985/4/5
f 3009/5/6 3109/5/6 3105/5/6 3005/5/6
f 3106/11/5 3110/11/5 3010/11/5 3006/11/5
f 3011/4/3 3111/4/3 3107/4/3 3007/4/3
f 3008/4/3 3108/4/3 3111/4/3 3011/4/3
f 3012/5/6 3112/5/6 3109/5/6 3009/5/6
f 3110/11/5 3113/11/5 3013/11/5 3010/11/5
f 3014/5/6 3114/5/6 3112/5/6 3012/5/6
f 3113/11/5 3115/11/5 3015/11/5 3013/11/5
f 3016/5/6 3116/5/6 3114/5/6 3014/5/6
f 3115/11/5 3117/11/5 3017/11/5 3015/11/5
f 3018/5/6 3118/5/6 3116/5/6 3016/5/6
f 3117/11/5 3119/11/5 3019/11/5 3017/11/5
f 3020/5/6 3120/5/6 3118/5/6 3018/5/6
f 3119/11/5 3121/11/5 3021/11/5 3019/11/5
f 3022/5/6 3122/5/6 3120/5/6 3020/5/6
f 3121/11/5 3123/11/5 3023/11/5 3021/11/5
f 3024/5/6 3124/5/6 3122/5/6 3022/5/6
f 3123/11/5 3125/11/5 3025/11/5 3023/11/5
f 3126/4/4 3127/4/4 3027/4/4 3026/4/4
f 3127/4/4 3128/4/4 3028/4/4 3027/4/4
f 3128/4/4 3129/4/4 3029/4/4 3028/4/4
f 3129/4/4 3130/4/4 3030/4/4 3029/4/4
f 3130/4/4 3131/4/4 3031/4/4 3030/4/4
f 3131/4/4 3132/4/4 3032/4/4 3031/4/4
f 3132/4/4 3133/4/4 3033/4/4 3032/4/4
f 3133/4/4 3134/4/4 3034/4/4 3033/4/4
f 3134/4/4 3135/4/4 3035/4/4 3034/4/4
f 3135/4/4 3136/4/4 3036/4/4 3035/4/4
f 3136/4/4 3137/4/4 3037/4/4 3036/4/4
f 3137/4/4 3138/4/4 3038/4/4 3037/4/4
f 3138/4/4 3139/4/4 3039/4/4 3038/4/4
f 3139/4/4 3140/4/4 3040/4/4 3039/4/4
f 3140/4/4 3141/4/4 3041/4/4 3040/4/4
f 3141/4/4 3142/4/4 3042/4/4 3041/4/4
f 3142/4/4 3143/4/4 3043/4/4 3042/4/4
f 3143/4/4 3144/4/4 3044/4/4 3043/4/4
f 3144/4/4 3145/4/4 3045/4/4 3044/4/4
f 3145/4/4 3146/4/4 3046/4/4 3045/4/4
f 3146/4/4 3147/4/4 3047/4/4 3046/4/4
f 3147/4/4 3148/4/4 3048/4/4 3047/4/4
f 3148/4/4 3149/4/4 3049/4/4 3048/4/4
f 3149/4/4 3150/4/4 3050/4/4 3049/4/4
f 3150/4/4 3151/4/4 3051/4/4 3050/4/4
f 3151/4/4 3152/4/4 3052/4/4 3051/4/4
f 3152/4/4 3153/4/4 3053/4/4 3052/4/4
f 3153/4/4 3154/4/4 3054/4/4 3053/4/4
f 3154/5/4 3155/5/4 3055/5/4 3054/5/4
f 3155/5/4 3156/5/4 3056/5/4 3055/5/4
f 3156/5/4 3157/5/4 3057/5/4 3056/5/4
f 3057/5/6 3157/5/6 3124/5/6 3024/5/6
f 3125/11/5 3158/11/5 3058/11/5 3025/11/5
f 3059/11/6 3159/11/6 3126/11/6 3026/11/6
f 3158/11/5 3160/11/5 3060/11/5 3058/11/5
f 3061/11/6 3161/11/6 3159/11/6 3059/11/6
f 3162/11/4 3163/11/4 3063/11/4 3062/11/4
f 3160/11/5 3162/11/5 3062/11/5 3060/11/5
f 3063/11/6 3163/11/6 3161/11/6 3061/11/6
f 3064/11/3 3164/11/3 3165/11/3 3065/11/3
f 3165/11/5 3166/11/5 3066/11/5 3065/11/5
f 3067/11/6 3167/11/6 3164/11/6 3064/11/6
f 3166/11/5 3168/11/5 3068/11/5 3066/11/5
f 3069/11/6 3169/11/6 3167/11/6 3067/11/6
f 3168/11/5 3170/11/5 3070/11/5 3068/11/5
f 3071/11/6 3171/11/6 3169/11/6 3069/11/6
f 3170/11/5 3172/11/5 3072/11/5 3070/11/5
f 3073/4/3 3173/4/3 3171/4/3 3071/4/3
f 3074/4/3 3174/4/3 3173/4/3 3073/4/3
f 3075/4/3 3175/4/3 3174/4/3 3074/4/3
f 3076/4/3 3176/4/3 3175/4/3 3075/4/3
f 3077/4/3 3177/4/3 3176/4/3 3076/4/3
f 3078/4/3 3178/4/3 3177/4/3 3077/4/3
f 3079/4/3 3179/4/3 3178/4/3 3078/4/3
f 3080/4/3 3180/4/3 3179/4/3 3079/4/3
f 3081/4/3 3181/4/3 3180/4/3 3080/4/3
f 3082/4/3 3182/4/3 3181/4/3 3081/4/3
f 3083/4/3 3183/4/3 3182/4/3 3082/4/3
f 3084/4/1 3184/4/1 3185/4/1 3083/4/1
f 3185/4/3 3186/4/3 3183/4/3 3083/4/3
f 3184/4/1 3087/4/1 3086/4/1 3185/4/1
f 3086/4/3 3187/4/3 3186/4/3 3185/4/3
f 3085/4/3 3188/4/3 3187/4/3 3086/4/3
f 3088/4/3 3189/4/3 3188/4/3 3085/4/3
f 3089/4/3 3190/4/3 3189/4/3 3088/4/3
f 3090/4/3 3191/4/3 3190/4/3 3089/4/3
f 3091/4/3 3192/4/3 3191/4/3 3090/4/3
f 3092/4/3 3193/4/3 3192/4/3 3091/4/3
f 3093/4/3 3194/4/3 3193/4/3 3092/4/3
f 3094/4/3 3195/4/3 3194/4/3 3093/4/3
f 3095/4/3 3196/4/3 3195/4/3 3094/4/3
f 3096/4/3 3197/4/3 3196/4/3 3095/4/3
f 3097/4/3 3198/4/3 3197/4/3 3096/4/3
f 3098/4/3 3199/4/3 3198/4/3 3097/4/3
f 3099/4/3 3200/4/3 3199/4/3 3098/4/3
f 3100/4/3 3201/4/3 3200/4/3 3099/4/3
f 3101/4/3 3202/4/3 3201/4/3 3100/4/3
f 3102/5/3 3203/5/3 3202/5/3 3101/5/3
f 3103/5/3 3204/5/3 3203/5/3 3102/5/3
f 3104/5/3 3205/5/3 3204/5/3 3103/5/3
f 3105/5/6 3206/5/6 3205/5/6 3104/5/6
f 3172/11/5 3207/11/5 3106/11/5 3072/11/5
f 3107/4/1 3111/4/1 3184/4/1 3084/4/1
f 3111/4/1 3108/4/1 3087/4/1 3184/4/1
f 3109/5/6 3208/5/6 3206/5/6 3105/5/6
f 3207/11/5 3209/11/5 3110/11/5 3106/11/5
f 3112/5/6 3210/5/6 3208/5/6 3109/5/6
f 3209/11/5 3211/11/5 3113/11/5 3110/11/5
f 3114/5/6 3212/5/6 3210/5/6 3112/5/6
f 3211/11/5 3213/11/5 3115/11/5 3113/11/5
f 3116/5/6 3214/5/6 3212/5/6 3114/5/6
f 3213/11/5 3215/11/5 3117/11/5 3115/11/5
f 3118/5/6 3216/5/6 3214/5/6 3116/5/6
f 3215/11/5 3217/11/5 3119/11/5 3117/11/5
f 3120/5/6 3218/5/6 3216/5/6 3118/5/6
f 3217/11/5 3219/11/5 3121/11/5 3119/11/5
f 3122/5/6 3220/5/6 3218/5/6 3120/5/6
f 3219/11/5 3221/11/5 3123/11/5 3121/11/5
f 3124/5/6 3222/5/6 3220/5/6 3122/5/6
f 3221/11/5 3223/11/5 3125/11/5 3123/11/5
f 3224/4/4 3225/4/4 3127/4/4 3126/4/4
f 3225/4/4 3226/4/4 3128/4/4 3127/4/4
f 3226/4/4 3227/4/4 3129/4/4 3128/4/4
f 3227/4/4 3228/4/4 3130/4/4 3129/4/4
f 3228/4/4 3229/4/4 3131/4/4 3130/4/4
f 3229/4/4 3230/4/4 3132/4/4 3131/4/4
f 3230/4/4 3231/4/4 3133/4/4 3132/4/4
f 3231/4/4 3232/4/4 3134/4/4 3133/4/4
f 3232/4/4 3233/4/4 3135/4/4 3134/4/4
f 3233/4/4 3234/4/4 3136/4/4 3135/4/4
f 3234/4/4 3235/4/4 3137/4/4 3136/4/4
f 3235/4/4 3236/4/4 3138/4/4 3137/4/4
f 3236/4/4 3237/4/4 3139/4/4 3138/4/4
f 3237/4/4 3238/4/4 3140/4/4 3139/4/4
f 3238/4/4 3239/4/4 3141/4/4 3140/4/4
f 3239/4/4 3240/4/4 3142/4/4 3141/4/4
f 3240/4/4 3241/4/4 3143/4/4 3142/4/4
f 3241/4/4 3242/4/4 3144/4/4 3143/4/4
f 3242/4/4 3243/4/4 3145/4/4 3144/4/4
f 3243/4/4 3244/4/4 3146/4/4 3145/4/4
f 3244/4/4 3245/4/4 3147/4/4 3146/4/4
f 3245/4/4 3246/4/4 3148/4/4 3147/4/4
f 3246/4/4 3247/4/4 3149/4/4 3148/4/4
f 3247/4/4 3248/4/4 3150/4/4 3149/4/4
f 3248/4/4 3249/4/4 3151/4/4 3150/4/4
f 3249/4/4 3250/4/4 3152/4/4 3151/4/4
f 3250/4/4 3251/4/4 3153/4/4 3152/4/4
f 3251/4/4 3252/4/4 3154/4/4 3153/4/4
f 3252/5/4 3253/5/4 3155/5/4 3154/5/4
f 3253/5/4 3254/5/4 3156/5/4 3155/5/4
f 3254/5/4 3255/5/4 3157/5/4 3156/5/4
f 3157/5/6 3255/5/6 3222/5/6 3124/5/6
f 3223/11/5 3256/11/5 3158/11/5 3125/11/5
f 3159/11/6 3257/11/6 3224/11/6 3126/11/6
f 3256/11/5 3258/11/5 3160/11/5 3158/11/5
f 3161/11/6 3259/11/6 3257/11/6 3159/11/6
f 3260/11/4 3261/11/4 3163/11/4 3162/11/4
f 3258/11/5 3260/11/5 3162/11/5 3160/11/5
f 3163/11/6 3261/11/6 3259/11/6 3161/11/6
f 3262/11/2 3263/11/2 3264/11/2 3265/11/2
f 3164/11/3 3262/11/3 3265/11/3 3165/11/3
f 3265/11/5 3264/11/5 3166/11/5 3165/11/5
f 3167/11/6 3263/11/6 3262/11/6 3164/11/6
f 3263/11/2 3266/11/2 3267/11/2 3264/11/2
f 3264/11/5 3267/11/5 3168/11/5 3166/11/5
f 3169/11/6 3266/11/6 3263/11/6 3167/11/6
f 3266/11/2 3268/11/2 3269/11/2 3267/11/2
f 3267/11/5 3269/11/5 3170/11/5 3168/11/5
f 3171/11/6 3268/11/6 3266/11/6 3169/11/6
f 3268/11/2 3270/11/2 3271/11/2 3269/11/2
f 3269/11/5 3271/11/5 3172/11/5 3170/11/5
f 3272/4/2 3273/4/2 3270/4/2 3268/4/2
f 3173/4/3 3272/4/3 3268/4/3 3171/4/3
f 3274/4/2 3275/4/2 3273/4/2 3272/4/2
f 3174/4/3 3274/4/3 3272/4/3 3173/4/3
f 3276/4/2 3277/4/2 3275/4/2 3274/4/2
f 3175/4/3 3276/4/3 3274/4/3 3174/4/3
f 3278/4/2 3279/4/2 3277/4/2 3276/4/2
f 3176/4/3 3278/4/3 3276/4/3 3175/4/3
f 3280/4/2 3281/4/2 3279/4/2 3278/4/2
f 3177/4/3 3280/4/3 3278/4/3 3176/4/3
f 3282/4/2 3283/4/2 3281/4/2 3280/4/2
f 3178/4/3 3282/4/3 3280/4/3 3177/4/3
f 3284/4/2 3285/4/2 3283/4/2 3282/4/2
f 3179/4/3 3284/4/3 3282/4/3 3178/4/3
f 3286/4/2 3287/4/2 3285/4/2 3284/4/2
f 3180/4/3 3286/4/3 3284/4/3 3179/4/3
f 3288/4/2 3289/4/2 3287/4/2 3286/4/2
f 3181/4/3 3288/4/3 3286/4/3 3180/4/3
f 3290/4/2 3291/4/2 3289/4/2 3288/4/2
f 3182/4/3 3290/4/3 3288/4/3 3181/4/3
f 3292/4/2 3293/4/2 3291/4/2 3290/4/2
f 3183/4/3 3292/4/3 3290/4/3 3182/4/3
f 3294/11/2 3295/11/2 3293/11/2 3292/11/2
f 3186/11/3 3294/11/3 3292/11/3 3183/11/3
f 3296/4/2 3297/4/2 3295/4/2 3294/4/2
f 3187/4/3 3296/4/3 3294/4/3 3186/4/3
f 3298/4/2 3299/4/2 3297/4/2 3296/4/2
f 3188/4/3 3298/4/3 3296/4/3 3187/4/3
f 3300/4/2 3301/4/2 3299/4/2 3298/4/2
f 3189/4/3 3300/4/3 3298/4/3 3188/4/3
f 3302/4/2 3303/4/2 3301/4/2 3300/4/2
f 3190/4/3 3302/4/3 3300/4/3 3189/4/3
f 3304/4/2 3305/4/2 3303/4/2 3302/4/2
f 3191/4/3 3304/4/3 3302/4/3 3190/4/3
f 3306/4/2 3307/4/2 3305/4/2 3304/4/2
f 3192/4/3 3306/4/3 3304/4/3 3191/4/3
f 3308/4/2 3309/4/2 3307/4/2 3306/4/2
f 3193/4/3 3308/4/3 3306/4/3 3192/4/3
f 3310/4/2 3311/4/2 3309/4/2 3308/4/2
f 3194/4/3 3310/4/3 3308/4/3 3193/4/3
f 3312/4/2 3313/4/2 3311/4/2 3310/4/2
f 3195/4/3 3312/4/3 3310/4/3 3194/4/3
f 3314/4/2 3315/4/2 3313/4/2 3312/4/2
f 3196/4/3 3314/4/3 3312/4/3 3195/4/3
f 3316/4/2 3317/4/2 3315/4/2 3314/4/2
f 3197/4/3 3316/4/3 3314/4/3 3196/4/3
f 3318/4/2 3319/4/2 3317/4/2 3316/4/2
f 3198/4/3 3318/4/3 3316/4/3 3197/4/3
f 3320/4/2 3321/4/2 3319/4/2 3318/4/2
f 3199/4/3 3320/4/3 3318/4/3 3198/4/3
f 3322/4/2 3323/4/2 3321/4/2 3320/4/2
f 3200/4/3 3322/4/3 3320/4/3 3199/4/3
f 3324/4/2 3325/4/2 3323/4/2 3322/4/2
f 3201/4/3 3324/4/3 3322/4/3 3200/4/3
f 3326/4/2 3327/4/2 3325/4/2 3324/4/2
f 3202/4/3 3326/4/3 3324/4/3 3201/4/3
f 3328/5/2 3329/5/2 3327/5/2 3326/5/2
f 3203/5/3 3328/5/3 3326/5/3 3202/5/3
f 3330/5/2 3331/5/2 3329/5/2 3328/5/2
f 3204/5/3 3330/5/3 3328/5/3 3203/5/3
f 3332/5/2 3333/5/2 3331/5/2 3330/5/2
f 3205/5/3 3332/5/3 3330/5/3 3204/5/3
f 3206/5/6 3333/5/6 3332/5/6 3205/5/6
f 3270/11/2 3334/11/2 3335/11/2 3271/11/2
f 3271/11/5 3335/11/5 3207/11/5 3172/11/5
f 3273/4/2 3336/4/2 3334/4/2 3270/4/2
f 3275/4/2 3337/4/2 3336/4/2 3273/4/2
f 3277/4/2 3338/4/2 3337/4/2 3275/4/2
f 3279/4/2 3339/4/2 3338/4/2 3277/4/2
f 3281/4/2 3340/4/2 3339/4/2 3279/4/2
f 3283/4/2 3341/4/2 3340/4/2 3281/4/2
f 3285/4/2 3342/4/2 3341/4/2 3283/4/2
f 3287/4/2 3343/4/2 3342/4/2 3285/4/2
f 3289/4/2 3344/4/2 3343/4/2 3287/4/2
f 3291/4/2 3345/4/2 3344/4/2 3289/4/2
f 3293/4/2 3346/4/2 3345/4/2 3291/4/2
f 3295/4/2 3347/4/2 3346/4/2 3293/4/2
f 3297/4/2 3348/4/2 3347/4/2 3295/4/2
f 3299/4/2 3349/4/2 3348/4/2 3297/4/2
f 3301/4/2 3350/4/2 3349/4/2 3299/4/2
f 3303/4/2 3351/4/2 3350/4/2 3301/4/2
f 3305/4/2 3352/4/2 3351/4/2 3303/4/2
f 3307/4/2 3353/4/2 3352/4/2 3305/4/2
f 3309/4/2 3354/4/2 3353/4/2 3307/4/2
f 3311/4/2 3355/4/2 3354/4/2 3309/4/2
f 3313/4/2 3356/4/2 3355/4/2 3311/4/2
f 3315/4/2 3357/4/2 3356/4/2 3313/4/2
f 3317/4/2 3358/4/2 3357/4/2 3315/4/2
f 3319/4/2 3359/4/2 3358/4/2 3317/4/2
f 3321/4/2 3360/4/2 3359/4/2 3319/4/2
f 3323/4/2 3361/4/2 3360/4/2 3321/4/2
f 3325/4/2 3362/4/2 3361/4/2 3323/4/2
f 3327/4/2 3363/4/2 3362/4/2 3325/4/2
f 3329/5/2 3364/5/2 3363/5/2 3327/5/2
f 3331/5/2 3365/5/2 3364/5/2 3329/5/2
f 3333/5/2 3366/5/2 3365/5/2 3331/5/2
f 3208/5/6 3366/5/6 3333/5/6 3206/5/6
f 3334/11/2 3367/11/2 3368/11/2 3335/11/2
f 3335/11/5 3368/11/5 3209/11/5 3207/11/5
f 3336/4/2 3369/4/2 3367/4/2 3334/4/2
f 3337/4/2 3370/4/2 3369/4/2 3336/4/2
f 3338/4/2 3371/4/2 3370/4/2 3337/4/2
f 3339/4/2 3372/4/2 3371/4/2 3338/4/2
f 3340/4/2 3373/4/2 3372/4/2 3339/4/2
f 3341/4/2 3374/4/2 3373/4/2 3340/4/2
f 3342/4/2 3375/4/2 3374/4/2 3341/4/2
f 3343/4/2 3376/4/2 3375/4/2 3342/4/2
f 3344/4/2 3377/4/2 3376/4/2 3343/4/2
f 3345/4/2 3378/4/2 3377/4/2 3344/4/2
f 3346/4/2 3379/4/2 3378/4/2 3345/4/2
f 3347/4/2 3380/4/2 3379/4/2 3346/4/2
f 3348/4/2 3381/4/2 3380/4/2 3347/4/2
f 3349/4/2 3382/4/2 3381/4/2 3348/4/2
f 3350/4/2 3383/4/2 3382/4/2 3349/4/2
f 3351/4/2 3384/4/2 3383/4/2 3350/4/2
f 3352/4/2 3385/4/2 3384/4/2 3351/4/2
f 3353/4/2 3386/4/2 3385/4/2 3352/4/2
f 3354/4/2 3387/4/2 3386/4/2 3353/4/2
f 3355/4/2 3388/4/2 3387/4/2 3354/4/2
f 3356/4/2 3389/4/2 3388/4/2 3355/4/2
f 3357/4/2 3390/4/2 3389/4/2 3356/4/2
f 3358/4/2 3391/4/2 3390/4/2 3357/4/2
f 3359/4/2 3392/4/2 3391/4/2 3358/4/2
f 3360/4/2 3393/4/2 3392/4/2 3359/4/2
f 3361/4/2 3394/4/2 3393/4/2 3360/4/2
f 3362/4/2 3395/4/2 3394/4/2 3361/4/2
f 3363/4/2 3396/4/2 3395/4/2 3362/4/2
f 3364/5/2 3397/5/2 3396/5/2 3363/5/2
f 3365/5/2 3398/5/2 3397/5/2 3364/5/2
f 3366/5/2 3399/5/2 3398/5/2 3365/5/2
f 3210/5/6 3399/5/6 3366/5/6 3208/5/6
f 3367/11/2 3400/11/2 3401/11/2 3368/11/2
f 3368/11/5 3401/11/5 3211/11/5 3209/11/5
f 3369/4/2 3402/4/2 3400/4/2 3367/4/2
f 3370/4/2 3403/4/2 3402/4/2 3369/4/2
f 3371/4/2 3404/4/2 3403/4/2 3370/4/2
f 3372/4/2 3405/4/2 3404/4/2 3371/4/2
f 3373/4/2 3406/4/2 3405/4/2 3372/4/2
f 3374/4/2 3407/4/2 3406/4/2 3373/4/2
f 3375/4/2 3408/4/2 3407/4/2 3374/4/2
f 3376/4/2 3409/4/2 3408/4/2 3375/4/2
f 3377/4/2 3410/4/2 3409/4/2 3376/4/2
f 3378/4/2 3411/4/2 3410/4/2 3377/4/2
f 3379/4/2 3412/4/2 3411/4/2 3378/4/2
f 3380/4/2 3413/4/2 3412/4/2 3379/4/2
f 3381/4/2 3414/4/2 3413/4/2 3380/4/2
f 3382/4/2 3415/4/2 3414/4/2 3381/4/2
f 3383/4/2 3416/4/2 3415/4/2 3382/4/2
f 3384/4/2 3417/4/2 3416/4/2 3383/4/2
f 3385/4/2 3418/4/2 3417/4/2 3384/4/2
f 3386/4/2 3419/4/2 3418/4/2 3385/4/2
f 3387/4/2 3420/4/2 3419/4/2 3386/4/2
f 3388/4/2 3421/4/2 3420/4/2 3387/4/2
f 3389/4/2 3422/4/2 3421/4/2 3388/4/2
f 3390/4/2 3423/4/2 3422/4/2 3389/4/2
f 3391/4/2 3424/4/2 3423/4/2 3390/4/2
f 3392/4/2 3425/4/2 3424/4/2 3391/4/2
f 3393/4/2 3426/4/2 3425/4/2 3392/4/2
f 3394/4/2 3427/4/2 3426/4/2 3393/4/2
f 3395/4/2 3428/4/2 3427/4/2 3394/4/2
f 3396/4/2 3429/4/2 3428/4/2 3395/4/2
f 3397/5/2 3430/5/2 3429/5/2 3396/5/2
f 3398/5/2 3431/5/2 3430/5/2 3397/5/2
f 3399/5/2 3432/5/2 3431/5/2 3398/5/2
f 3212/5/6 3432/5/6 3399/5/6 3210/5/6
f 3400/11/2 3433/11/2 3434/11/2 3401/11/2
f 3401/11/5 3434/11/5 3213/11/5 3211/11/5
f 3402/4/2 3435/4/2 3433/4/2 3400/4/2
f 3403/4/2 3436/4/2 3435/4/2 3402/4/2
f 3404/4/2 3437/4/2 3436/4/2 3403/4/2
f 3405/4/2 3438/4/2 3437/4/2 3404/4/2
f 3406/4/2 3439/4/2 3438/4/2 3405/4/2
f 3407/4/2 3440/4/2 3439/4/2 3406/4/2
f 3408/4/2 3441/4/2 3440/4/2 3407/4/2
f 3409/4/2 3442/4/2 3441/4/2 3408/4/2
f 3410/4/2 3443/4/2 3442/4/2 3409/4/2
f 3411/4/2 3444/4/2 3443/4/2 3410/4/2
f 3412/4/2 3445/4/2 3444/4/2 3411/4/2
f 3413/4/2 3446/4/2 3445/4/2 3412/4/2
f 3414/4/2 3447/4/2 3446/4/2 3413/4/2
f 3415/4/2 3448/4/2 3447/4/2 3414/4/2
f 3416/4/2 3449/4/2 3448/4/2 3415/4/2
f 3417/4/2 3450/4/2 3449/4/2 3416/4/2
f 3418/4/2 3451/4/2 3450/4/2 3417/4/2
f 3419/4/2 3452/4/2 3451/4/2 3418/4/2
f 3420/4/2 3453/4/2 3452/4/2 3419/4/2
f 3421/4/2 3454/4/2 3453/4/2 3420/4/2
f 3422/4/2 3455/4/2 3454/4/2 3421/4/2
f 3423/4/2 3456/4/2 3455/4/2 3422/4/2
f 3424/4/2 3457/4/2 3456/4/2 3423/4/2
f 3425/4/2 3458/4/2 3457/4/2 3424/4/2
f 3426/4/2 3459/4/2 3458/4/2 3425/4/2
f 3427/4/2 3460/4/2 3459/4/2 3426/4/2
f 3428/4/2 3461/4/2 3460/4/2 3427/4/2
f 3429/4/2 3462/4/2 3461/4/2 3428/4/2
f 3430/5/2 3463/5/2 3462/5/2 3429/5/2
f 3431/5/2 3464/5/2 3463/5/2 3430/5/2
f 3432/5/2 3465/5/2 3464/5/2 3431/5/2
f 3214/5/6 3465/5/6 3432/5/6 3212/5/6
f 3433/11/2 3466/11/2 3467/11/2 3434/11/2
f 3434/11/5 3467/11/5 3215/11/5 3213/11/5
f 3435/4/2 3468/4/2 3466/4/2 3433/4/2
f 3436/4/2 3469/4/2 3468/4/2 3435/4/2
f 3437/4/2 3470/4/2 3469/4/2 3436/4/2
f 3438/4/2 3471/4/2 3470/4/2 3437/4/2
f 3439/4/2 3472/4/2 3471/4/2 3438/4/2
f 3440/4/2 3473/4/2 3472/4/2 3439/4/2
f 3441/4/2 3474/4/2 3473/4/2 3440/4/2
f 3442/4/2 3475/4/2 3474/4/2 3441/4/2
f 3443/4/2 3476/4/2 3475/4/2 3442/4/2
f 3444/4/2 3477/4/2 3476/4/2 3443/4/2
f 3445/4/2 3478/4/2 3477/4/2 3444/4/2
f 3446/4/2 3479/4/2 3478/4/2 3445/4/2
f 3447/4/2 3480/4/2 3479/4/2 3446/4/2
f 3448/4/2 3481/4/2 3480/4/2 3447/4/2
f 3449/4/2 3482/4/2 3481/4/2 3448/4/2
f 3450/4/2 3483/4/2 3482/4/2 3449/4/2
f 3451/4/2 3484/4/2 3483/4/2 3450/4/2
f 3452/4/2 3485/4/2 3484/4/2 3451/4/2
f 3453/4/2 3486/4/2 3485/4/2 3452/4/2
f 3454/4/2 3487/4/2 3486/4/2 3453/4/2
f 3455/4/2 3488/4/2 3487/4/2 3454/4/2
f 3456/4/2 3489/4/2 3488/4/2 3455/4/2
f 3457/4/2 3490/4/2 3489/4/2 3456/4/2
f 3458/4/2 3491/4/2 3490/4/2 3457/4/2
f 3459/4/2 3492/4/2 3491/4/2 3458/4/2
f 3460/4/2 3493/4/2 3492/4/2 3459/4/2
f 3461/4/2 3494/4/2 3493/4/2 3460/4/2
f 3462/4/2 3495/4/2 3494/4/2 3461/4/2
f 3463/5/2 3496/5/2 3495/5/2 3462/5/2
f 3464/5/2 3497/5/2 3496/5/2 3463/5/2
f 3465/5/2 3498/5/2 3497/5/2 3464/5/2
f 3216/5/6 3498/5/6 3465/5/6 3214/5/6
f 3466/11/2 3499/11/2 3500/11/2 3467/11/2
f 3467/11/5 3500/11/5 3217/11/5 3215/11/5
f 3468/4/2 3501/4/2 3499/4/2 3466/4/2
f 3469/4/2 3502/4/2 3501/4/2 3468/4/2
f 3470/4/2 3503/4/2 3502/4/2 3469/4/2
f 3471/4/2 3504/4/2 3503/4/2 3470/4/2
f 3472/4/2 3505/4/2 3504/4/2 3471/4/2
f 3473/4/2 3506/4/2 3505/4/2 3472/4/2
f 3474/4/2 3507/4/2 3506/4/2 3473/4/2
f 3475/4/2 3508/4/2 3507/4/2 3474/4/2
f 3476/4/2 3509/4/2 3508/4/2 3475/4/2
f 3477/4/2 3510/4/2 3509/4/2 3476/4/2
f 3478/4/2 3511/4/2 3510/4/2 3477/4/2
f 3479/4/2 3512/4/2 3511/4/2 3478/4/2
f 3480/4/2 3513/4/2 3512/4/2 3479/4/2
f 3481/4/2 3514/4/2 3513/4/2 3480/4/2
f 3482/4/2 3515/4/2 3514/4/2 3481/4/2
f 3483/4/2 3516/4/2 3515/4/2 3482/4/2
f 3484/4/2 3517/4/2 3516/4/2 3483/4/2
f 3485/4/2 3518/4/2 3517/4/2 3484/4/2
f 3486/4/2 3519/4/2 3518/4/2 3485/4/2
f 3487/4/2 3520/4/2 3519/4/2 3486/4/2
f 3488/4/2 3521/4/2 3520/4/2 3487/4/2
f 3489/4/2 3522/4/2 3521/4/2 3488/4/2
f 3490/4/2 3523/4/2 3522/4/2 3489/4/2
f 3491/4/2 3524/4/2 3523/4/2 3490/4/2
f 3492/4/2 3525/4/2 3524/4/2 3491/4/2
f 3493/4/2 3526/4/2 3525/4/2 3492/4/2
f 3494/4/2 3527/4/2 3526/4/2 3493/4/2
f 3495/4/2 3528/4/2 3527/4/2 3494/4/2
f 3496/5/2 3529/5/2 3528/5/2 3495/5/2
f 3497/5/2 3530/5/2 3529/5/2 3496/5/2
f 3498/5/2 3531/5/2 3530/5/2 3497/5/2
f 3218/5/6 3531/5/6 3498/5/6 3216/5/6
f 3499/11/2 3532/11/2 3533/11/2 3500/11/2
f 3500/11/5 3533/11/5 3219/11/5 3217/11/5
f 3501/4/2 3534/4/2 3532/4/2 3499/4/2
f 3502/4/2 3535/4/2 3534/4/2 3501/4/2
f 3503/4/2 3536/4/2 3535/4/2 3502/4/2
f 3504/4/2 3537/4/2 3536/4/2 3503/4/2
f 3505/4/2 3538/4/2 3537/4/2 3504/4/2
f 3506/4/2 3539/4/2 3538/4/2 3505/4/2
f 3507/4/2 3540/4/2 3539/4/2 3506/4/2
f 3508/4/2 3541/4/2 3540/4/2 3507/4/2
f 3509/4/2 3542/4/2 3541/4/2 3508/4/2
f 3510/4/2 3543/4/2 3542/4/2 3509/4/2
f 3511/4/2 3544/4/2 3543/4/2 3510/4/2
f 3512/4/2 3545/4/2 3544/4/2 3511/4/2
f 3513/4/2 3546/4/2 3545/4/2 3512/4/2
f 3514/4/2 3547/4/2 3546/4/2 3513/4/2
f 3515/4/2 3548/4/2 3547/4/2 3514/4/2
f 3516/4/2 3549/4/2 3548/4/2 3515/4/2
f 3517/4/2 3550/4/2 3549/4/2 3516/4/2
f 3518/4/2 3551/4/2 3550/4/2 3517/4/2
f 3519/4/2 3552/4/2 3551/4/2 3518/4/2
f 3520/4/2 3553/4/2 3552/4/2 3519/4/2
f 3521/4/2 3554/4/2 3553/4/2 3520/4/2
f 3522/4/2 3555/4/2 3554/4/2 3521/4/2
f 3523/4/2 3556/4/2 3555/4/2 3522/4/2
f 3524/4/2 3557/4/2 3556/4/2 3523/4/2
f 3525/4/2 3558/4/2 3557/4/2 3524/4/2
f 3526/4/2 3559/4/2 3558/4/2 3525/4/2
f 3527/4/2 3560/4/2 3559/4/2 3526/4/2
f 3528/4/2 3561/4/2 3560/4/2 3527/4/2
f 3529/5/2 3562/5/2 3561/5/2 3528/5/2
f 3530/5/2 3563/5/2 3562/5/2 3529/5/2
f 3531/5/2 3564/5/2 3563/5/2 3530/5/2
f 3220/5/6 3564/5/6 3531/5/6 3218/5/6
f 3532/11/2 3565/11/2 3566/11/2 3533/11/2
f 3533/11/5 3566/11/5 3221/11/5 3219/11/5
f 3534/4/2 3567/4/2 3565/4/2 3532/4/2
f 3535/4/2 3568/4/2 3567/4/2 3534/4/2
f 3536/4/2 3569/4/2 3568/4/2 3535/4/2
f 3537/4/2 3570/4/2 3569/4/2 3536/4/2
f 3538/4/2 3571/4/2 3570/4/2 3537/4/2
f 3539/4/2 3572/4/2 3571/4/2 3538/4/2
f 3540/4/2 3573/4/2 3572/4/2 3539/4/2
f 3541/4/2 3574/4/2 3573/4/2 3540/4/2
f 3542/4/2 3575/4/2 3574/4/2 3541/4/2
f 3543/4/2 3576/4/2 3575/4/2 3542/4/2
f 3544/4/2 3577/4/2 3576/4/2 3543/4/2
f 3545/4/2 3578/4/2 3577/4/2 3544/4/2
f 3546/4/2 3579/4/2 3578/4/2 3545/4/2
f 3547/4/2 3580/4/2 3579/4/2 3546/4/2
f 3548/4/2 3581/4/2 3580/4/2 3547/4/2
f 3549/4/2 3582/4/2 3581/4/2 3548/4/2
f 3550/4/2 3583/4/2 3582/4/2 3549/4/2
f 3551/4/2 3584/4/2 3583/4/2 3550/4/2
f 3552/4/2 3585/4/2 3584/4/2 3551/4/2
f 3553/4/2 3586/4/2 3585/4/2 3552/4/2
f 3554/4/2 3587/4/2 3586/4/2 3553/4/2
f 3555/4/2 3588/4/2 3587/4/2 3554/4/2
f 3556/4/2 3589/4/2 3588/4/2 3555/4/2
f 3557/4/2 3590/4/2 3589/4/2 3556/4/2
f 3558/4/2 3591/4/2 3590/4/2 3557/4/2
f 3559/4/2 3592/4/2 3591/4/2 3558/4/2
f 3560/4/2 3593/4/2 3592/4/2 3559/4/2
f 3561/4/2 3594/4/2 3593/4/2 3560/4/2
f 3562/5/2 3595/5/2 3594/5/2 3561/5/2
f 3563/5/2 3596/5/2 3595/5/2 3562/5/2
f 3564/5/2 3597/5/2 3596/5/2 3563/5/2
f 3222/5/6 3597/5/6 3564/5/6 3220/5/6
f 3565/11/2 3598/11/2 3599/11/2 3566/11/2
f 3566/11/5 3599/11/5 3223/11/5 3221/11/5
f 3567/4/2 3600/4/2 3598/4/2 3565/4/2
f 3598/4/4 3600/4/4 3225/4/4 3224/4/4
f 3568/4/2 3601/4/2 3600/4/2 3567/4/2
f 3600/4/4 3601/4/4 3226/4/4 3225/4/4
f 3569/4/2 3602/4/2 3601/4/2 3568/4/2
f 3601/4/4 3602/4/4 3227/4/4 3226/4/4
f 3570/4/2 3603/4/2 3602/4/2 3569/4/2
f 3602/4/4 3603/4/4 3228/4/4 3227/4/4
f 3571/4/2 3604/4/2 3603/4/2 3570/4/2
f 3603/4/4 3604/4/4 3229/4/4 3228/4/4
f 3572/4/2 3605/4/2 3604/4/2 3571/4/2
f 3604/4/4 3605/4/4 3230/4/4 3229/4/4
f 3573/4/2 3606/4/2 3605/4/2 3572/4/2
f 3605/4/4 3606/4/4 3231/4/4 3230/4/4
f 3574/4/2 3607/4/2 3606/4/2 3573/4/2
f 3606/4/4 3607/4/4 3232/4/4 3231/4/4
f 3575/4/2 3608/4/2 3607/4/2 3574/4/2
f 3607/4/4 3608/4/4 3233/4/4 3232/4/4
f 3576/4/2 3609/4/2 3608/4/2 3575/4/2
f 3608/4/4 3609/4/4 3234/4/4 3233/4/4
f 3577/4/2 3610/4/2 3609/4/2 3576/4/2
f 3609/4/4 3610/4/4 3235/4/4 3234/4/4
f 3578/4/2 3611/4/2 3610/4/2 3577/4/2
f 3610/4/4 3611/4/4 3236/4/4 3235/4/4
f 3579/4/2 3612/4/2 3611/4/2 3578/4/2
f 3611/4/4 3612/4/4 3237/4/4 3236/4/4
f 3580/4/2 3613/4/2 3612/4/2 3579/4/2
f 3612/4/4 3613/4/4 3238/4/4 3237/4/4
f 3581/4/2 3614/4/2 3613/4/2 3580/4/2
f 3613/4/4 3614/4/4 3239/4/4 3238/4/4
f 3582/4/2 3615/4/2 3614/4/2 3581/4/2
f 3614/4/4 3615/4/4 3240/4/4 3239/4/4
f 3583/4/2 3616/4/2 3615/4/2 3582/4/2
f 3615/4/4 3616/4/4 3241/4/4 3240/4/4
f 3584/4/2 3617/4/2 3616/4/2 3583/4/2
f 3616/4/4 3617/4/4 3242/4/4 3241/4/4
f 3585/4/2 3618/4/2 3617/4/2 3584/4/2
f 3617/4/4 3618/4/4 3243/4/4 3242/4/4
f 3586/4/2 3619/4/2 3618/4/2 3585/4/2
f 3618/4/4 3619/4/4 3244/4/4 3243/4/4
f 3587/4/2 3620/4/2 3619/4/2 3586/4/2
f 3619/4/4 3620/4/4 3245/4/4 3244/4/4
f 3588/4/2 3621/4/2 3620/4/2 3587/4/2
f 3620/4/4 3621/4/4 3246/4/4 3245/4/4
f 3589/4/2 3622/4/2 3621/4/2 3588/4/2
f 3621/4/4 3622/4/4 3247/4/4 3246/4/4
f 3590/4/2 3623/4/2 3622/4/2 3589/4/2
f 3622/4/4 3623/4/4 3248/4/4 3247/4/4
f 3591/4/2 3624/4/2 3623/4/2 3590/4/2
f 3623/4/4 3624/4/4 3249/4/4 3248/4/4
f 3592/4/2 3625/4/2 3624/4/2 3591/4/2
f 3624/4/4 3625/4/4 3250/4/4 3249/4/4
f 3593/4/2 3626/4/2 3625/4/2 3592/4/2
f 3625/4/4 3626/4/4 3251/4/4 3250/4/4
f 3594/4/2 3627/4/2 3626/4/2 3593/4/2
f 3626/4/4 3627/4/4 3252/4/4 3251/4/4
f 3595/5/2 3628/5/2 3627/5/2 3594/5/2
f 3627/5/4 3628/5/4 3253/5/4 3252/5/4
f 3596/5/2 3629/5/2 3628/5/2 3595/5/2
f 3628/5/4 3629/5/4 3254/5/4 3253/5/4
f 3597/5/2 3630/5/2 3629/5/2 3596/5/2
f 3629/5/4 3630/5/4 3255/5/4 3254/5/4
f 3255/5/6 3630/5/6 3597/5/6 3222/5/6
f 3598/11/2 3631/11/2 3632/11/2 3599/11/2
f 3599/11/5 3632/11/5 3256/11/5 3223/11/5
f 3257/11/6 3631/11/6 3598/11/6 3224/11/6
f 3631/11/2 3633/11/2 3634/11/2 3632/11/2
f 3632/11/5 3634/11/5 3258/11/5 3256/11/5
f 3259/11/6 3633/11/6 3631/11/6 3257/11/6
f 3633/11/2 3635/11/2 3636/11/2 3634/11/2
f 3636/11/4 3635/11/4 3261/11/4 3260/11/4
f 3634/11/5 3636/11/5 3260/11/5 3258/11/5
f 3261/11/6 3635/11/6 3633/11/6 3259/11/6
