# Dungine chest_open; 1 voxel = 1/16 unit; Y-up floor-center origin
mtllib chest_open.mtl
o chest_open
s off
v -0.437500 0.000000 -0.250000
v -0.437500 0.062500 -0.250000
v -0.437500 0.062500 -0.312500
v -0.437500 0.000000 -0.312500
v -0.375000 0.062500 -0.312500
v -0.375000 0.000000 -0.312500
v -0.375000 0.000000 -0.250000
v -0.437500 0.125000 -0.250000
v -0.437500 0.125000 -0.312500
v -0.375000 0.125000 -0.312500
v -0.437500 0.187500 -0.250000
v -0.437500 0.187500 -0.312500
v -0.375000 0.187500 -0.312500
v -0.437500 0.250000 -0.250000
v -0.437500 0.250000 -0.312500
v -0.375000 0.250000 -0.312500
v -0.437500 0.312500 -0.250000
v -0.437500 0.312500 -0.312500
v -0.375000 0.312500 -0.312500
v -0.437500 0.375000 -0.250000
v -0.437500 0.375000 -0.312500
v -0.375000 0.375000 -0.312500
v -0.437500 0.437500 -0.250000
v -0.437500 0.437500 -0.312500
v -0.375000 0.437500 -0.312500
v -0.437500 0.500000 -0.250000
v -0.437500 0.500000 -0.312500
v -0.375000 0.500000 -0.312500
v -0.437500 0.562500 -0.250000
v -0.437500 0.562500 -0.312500
v -0.375000 0.562500 -0.312500
v -0.375000 0.562500 -0.250000
v -0.437500 0.000000 -0.187500
v -0.437500 0.062500 -0.187500
v -0.375000 0.000000 -0.187500
v -0.437500 0.125000 -0.187500
v -0.437500 0.187500 -0.187500
v -0.437500 0.250000 -0.187500
v -0.437500 0.312500 -0.187500
v -0.437500 0.375000 -0.187500
v -0.437500 0.437500 -0.187500
v -0.437500 0.500000 -0.187500
v -0.437500 0.562500 -0.187500
v -0.375000 0.562500 -0.187500
v -0.437500 0.000000 -0.125000
v -0.437500 0.062500 -0.125000
v -0.375000 0.000000 -0.125000
v -0.437500 0.125000 -0.125000
v -0.437500 0.187500 -0.125000
v -0.437500 0.250000 -0.125000
v -0.437500 0.312500 -0.125000
v -0.437500 0.375000 -0.125000
v -0.437500 0.437500 -0.125000
v -0.437500 0.500000 -0.125000
v -0.437500 0.562500 -0.125000
v -0.375000 0.562500 -0.125000
v -0.437500 0.000000 -0.062500
v -0.437500 0.062500 -0.062500
v -0.375000 0.000000 -0.062500
v -0.437500 0.125000 -0.062500
v -0.437500 0.187500 -0.062500
v -0.437500 0.250000 -0.062500
v -0.437500 0.312500 -0.062500
v -0.437500 0.375000 -0.062500
v -0.437500 0.437500 -0.062500
v -0.437500 0.500000 -0.062500
v -0.437500 0.562500 -0.062500
v -0.375000 0.562500 -0.062500
v -0.437500 0.000000 0.000000
v -0.437500 0.062500 0.000000
v -0.375000 0.000000 0.000000
v -0.437500 0.125000 0.000000
v -0.437500 0.187500 0.000000
v -0.437500 0.250000 0.000000
v -0.437500 0.312500 0.000000
v -0.437500 0.375000 0.000000
v -0.437500 0.437500 0.000000
v -0.437500 0.500000 0.000000
v -0.437500 0.562500 0.000000
v -0.375000 0.562500 0.000000
v -0.437500 0.000000 0.062500
v -0.437500 0.062500 0.062500
v -0.375000 0.000000 0.062500
v -0.437500 0.125000 0.062500
v -0.437500 0.187500 0.062500
v -0.437500 0.250000 0.062500
v -0.437500 0.312500 0.062500
v -0.437500 0.375000 0.062500
v -0.437500 0.437500 0.062500
v -0.437500 0.500000 0.062500
v -0.437500 0.562500 0.062500
v -0.375000 0.562500 0.062500
v -0.437500 0.000000 0.125000
v -0.437500 0.062500 0.125000
v -0.375000 0.000000 0.125000
v -0.437500 0.125000 0.125000
v -0.437500 0.187500 0.125000
v -0.437500 0.250000 0.125000
v -0.437500 0.312500 0.125000
v -0.437500 0.375000 0.125000
v -0.437500 0.437500 0.125000
v -0.437500 0.500000 0.125000
v -0.437500 0.562500 0.125000
v -0.375000 0.562500 0.125000
v -0.437500 0.000000 0.187500
v -0.437500 0.062500 0.187500
v -0.375000 0.000000 0.187500
v -0.437500 0.125000 0.187500
v -0.437500 0.187500 0.187500
v -0.437500 0.250000 0.187500
v -0.437500 0.312500 0.187500
v -0.437500 0.375000 0.187500
v -0.437500 0.437500 0.187500
v -0.437500 0.500000 0.187500
v -0.437500 0.562500 0.187500
v -0.375000 0.562500 0.187500
v -0.437500 0.000000 0.250000
v -0.437500 0.062500 0.250000
v -0.375000 0.000000 0.250000
v -0.437500 0.125000 0.250000
v -0.437500 0.187500 0.250000
v -0.437500 0.250000 0.250000
v -0.437500 0.312500 0.250000
v -0.437500 0.375000 0.250000
v -0.437500 0.437500 0.250000
v -0.437500 0.500000 0.250000
v -0.437500 0.562500 0.250000
v -0.437500 0.625000 0.250000
v -0.437500 0.625000 0.187500
v -0.375000 0.625000 0.187500
v -0.437500 0.687500 0.250000
v -0.437500 0.687500 0.187500
v -0.375000 0.687500 0.187500
v -0.437500 0.750000 0.250000
v -0.437500 0.750000 0.187500
v -0.375000 0.750000 0.187500
v -0.437500 0.812500 0.250000
v -0.437500 0.812500 0.187500
v -0.375000 0.812500 0.187500
v -0.437500 0.875000 0.250000
v -0.437500 0.875000 0.187500
v -0.375000 0.875000 0.187500
v -0.437500 0.937500 0.250000
v -0.437500 0.937500 0.187500
v -0.375000 0.937500 0.187500
v -0.437500 1.000000 0.250000
v -0.437500 1.000000 0.187500
v -0.375000 1.000000 0.187500
v -0.437500 1.062500 0.250000
v -0.437500 1.062500 0.187500
v -0.375000 1.062500 0.187500
v -0.437500 1.125000 0.250000
v -0.437500 1.125000 0.187500
v -0.375000 1.125000 0.187500
v -0.437500 1.187500 0.250000
v -0.437500 1.187500 0.187500
v -0.375000 1.187500 0.187500
v -0.437500 1.250000 0.250000
v -0.437500 1.250000 0.187500
v -0.375000 1.250000 0.187500
v -0.437500 1.312500 0.250000
v -0.437500 1.312500 0.187500
v -0.375000 1.312500 0.187500
v -0.437500 1.375000 0.250000
v -0.437500 1.375000 0.187500
v -0.375000 1.375000 0.187500
v -0.375000 1.375000 0.250000
v -0.437500 0.000000 0.312500
v -0.437500 0.062500 0.312500
v -0.375000 0.000000 0.312500
v -0.375000 0.062500 0.312500
v -0.437500 0.125000 0.312500
v -0.375000 0.125000 0.312500
v -0.437500 0.187500 0.312500
v -0.375000 0.187500 0.312500
v -0.437500 0.250000 0.312500
v -0.375000 0.250000 0.312500
v -0.437500 0.312500 0.312500
v -0.375000 0.312500 0.312500
v -0.437500 0.375000 0.312500
v -0.375000 0.375000 0.312500
v -0.437500 0.437500 0.312500
v -0.375000 0.437500 0.312500
v -0.437500 0.500000 0.312500
v -0.375000 0.500000 0.312500
v -0.437500 0.562500 0.312500
v -0.375000 0.562500 0.312500
v -0.437500 0.625000 0.312500
v -0.375000 0.625000 0.312500
v -0.437500 0.687500 0.312500
v -0.375000 0.687500 0.312500
v -0.437500 0.750000 0.312500
v -0.375000 0.750000 0.312500
v -0.437500 0.812500 0.312500
v -0.375000 0.812500 0.312500
v -0.437500 0.875000 0.312500
v -0.375000 0.875000 0.312500
v -0.437500 0.937500 0.312500
v -0.375000 0.937500 0.312500
v -0.437500 1.000000 0.312500
v -0.375000 1.000000 0.312500
v -0.437500 1.062500 0.312500
v -0.375000 1.062500 0.312500
v -0.437500 1.125000 0.312500
v -0.375000 1.125000 0.312500
v -0.437500 1.187500 0.312500
v -0.375000 1.187500 0.312500
v -0.437500 1.250000 0.312500
v -0.375000 1.250000 0.312500
v -0.437500 1.312500 0.312500
v -0.375000 1.312500 0.312500
v -0.437500 1.375000 0.312500
v -0.375000 1.375000 0.312500
v -0.312500 0.062500 -0.312500
v -0.312500 0.000000 -0.312500
v -0.312500 0.000000 -0.250000
v -0.312500 0.125000 -0.312500
v -0.312500 0.187500 -0.312500
v -0.312500 0.250000 -0.312500
v -0.312500 0.312500 -0.312500
v -0.312500 0.375000 -0.312500
v -0.312500 0.437500 -0.312500
v -0.312500 0.500000 -0.312500
v -0.312500 0.562500 -0.312500
v -0.312500 0.562500 -0.250000
v -0.312500 0.000000 -0.187500
v -0.312500 0.562500 -0.187500
v -0.312500 0.000000 -0.125000
v -0.312500 0.187500 -0.187500
v -0.312500 0.187500 -0.125000
v -0.312500 0.125000 -0.125000
v -0.312500 0.125000 -0.187500
v -0.312500 0.250000 -0.187500
v -0.312500 0.250000 -0.125000
v -0.312500 0.312500 -0.187500
v -0.312500 0.312500 -0.125000
v -0.312500 0.375000 -0.187500
v -0.312500 0.375000 -0.125000
v -0.312500 0.437500 -0.187500
v -0.312500 0.437500 -0.125000
v -0.312500 0.500000 -0.187500
v -0.312500 0.500000 -0.125000
v -0.312500 0.562500 -0.125000
v -0.312500 0.000000 -0.062500
v -0.312500 0.187500 -0.062500
v -0.312500 0.125000 -0.062500
v -0.312500 0.250000 -0.062500
v -0.312500 0.312500 -0.062500
v -0.312500 0.375000 -0.062500
v -0.312500 0.437500 -0.062500
v -0.312500 0.500000 -0.062500
v -0.312500 0.562500 -0.062500
v -0.312500 0.000000 0.000000
v -0.312500 0.187500 0.000000
v -0.312500 0.125000 0.000000
v -0.312500 0.250000 0.000000
v -0.312500 0.312500 0.000000
v -0.312500 0.375000 0.000000
v -0.312500 0.437500 0.000000
v -0.312500 0.500000 0.000000
v -0.312500 0.562500 0.000000
v -0.312500 0.000000 0.062500
v -0.312500 0.187500 0.062500
v -0.312500 0.125000 0.062500
v -0.312500 0.250000 0.062500
v -0.312500 0.312500 0.062500
v -0.312500 0.375000 0.062500
v -0.312500 0.437500 0.062500
v -0.312500 0.500000 0.062500
v -0.312500 0.562500 0.062500
v -0.312500 0.000000 0.125000
v -0.312500 0.187500 0.125000
v -0.312500 0.125000 0.125000
v -0.312500 0.250000 0.125000
v -0.312500 0.312500 0.125000
v -0.312500 0.375000 0.125000
v -0.312500 0.437500 0.125000
v -0.312500 0.500000 0.125000
v -0.312500 0.562500 0.125000
v -0.312500 0.000000 0.187500
v -0.312500 0.187500 0.187500
v -0.312500 0.125000 0.187500
v -0.312500 0.250000 0.187500
v -0.312500 0.312500 0.187500
v -0.312500 0.375000 0.187500
v -0.312500 0.437500 0.187500
v -0.312500 0.500000 0.187500
v -0.312500 0.562500 0.187500
v -0.312500 0.000000 0.250000
v -0.312500 0.625000 0.187500
v -0.312500 0.687500 0.187500
v -0.312500 0.750000 0.187500
v -0.312500 0.812500 0.187500
v -0.312500 0.875000 0.187500
v -0.312500 0.937500 0.187500
v -0.312500 1.000000 0.187500
v -0.312500 1.062500 0.187500
v -0.312500 1.125000 0.187500
v -0.312500 1.187500 0.187500
v -0.312500 1.250000 0.187500
v -0.312500 1.312500 0.187500
v -0.312500 1.375000 0.187500
v -0.312500 1.375000 0.250000
v -0.312500 0.000000 0.312500
v -0.312500 0.062500 0.312500
v -0.312500 0.125000 0.312500
v -0.312500 0.187500 0.312500
v -0.312500 0.250000 0.312500
v -0.312500 0.312500 0.312500
v -0.312500 0.375000 0.312500
v -0.312500 0.437500 0.312500
v -0.312500 0.500000 0.312500
v -0.312500 0.562500 0.312500
v -0.312500 0.625000 0.312500
v -0.312500 0.687500 0.312500
v -0.312500 0.750000 0.312500
v -0.312500 0.812500 0.312500
v -0.312500 0.875000 0.312500
v -0.312500 0.937500 0.312500
v -0.312500 1.000000 0.312500
v -0.312500 1.062500 0.312500
v -0.312500 1.125000 0.312500
v -0.312500 1.187500 0.312500
v -0.312500 1.250000 0.312500
v -0.312500 1.312500 0.312500
v -0.312500 1.375000 0.312500
v -0.250000 0.062500 -0.312500
v -0.250000 0.000000 -0.312500
v -0.250000 0.000000 -0.250000
v -0.250000 0.125000 -0.312500
v -0.250000 0.187500 -0.312500
v -0.250000 0.250000 -0.312500
v -0.250000 0.312500 -0.312500
v -0.250000 0.375000 -0.312500
v -0.250000 0.437500 -0.312500
v -0.250000 0.500000 -0.312500
v -0.250000 0.562500 -0.312500
v -0.250000 0.562500 -0.250000
v -0.250000 0.000000 -0.187500
v -0.250000 0.125000 -0.187500
v -0.250000 0.187500 -0.187500
v -0.250000 0.250000 -0.187500
v -0.250000 0.312500 -0.187500
v -0.250000 0.375000 -0.187500
v -0.250000 0.437500 -0.187500
v -0.250000 0.500000 -0.187500
v -0.250000 0.562500 -0.187500
v -0.250000 0.000000 -0.125000
v -0.250000 0.125000 -0.125000
v -0.250000 0.000000 -0.062500
v -0.250000 0.125000 -0.062500
v -0.250000 0.000000 0.000000
v -0.250000 0.125000 0.000000
v -0.250000 0.000000 0.062500
v -0.250000 0.125000 0.062500
v -0.250000 0.000000 0.125000
v -0.250000 0.125000 0.125000
v -0.250000 0.000000 0.187500
v -0.250000 0.125000 0.187500
v -0.250000 0.000000 0.250000
v -0.250000 0.187500 0.187500
v -0.250000 0.250000 0.187500
v -0.250000 0.312500 0.187500
v -0.250000 0.375000 0.187500
v -0.250000 0.437500 0.187500
v -0.250000 0.500000 0.187500
v -0.250000 0.562500 0.187500
v -0.250000 0.625000 0.187500
v -0.250000 0.687500 0.187500
v -0.250000 0.750000 0.187500
v -0.250000 0.812500 0.187500
v -0.250000 0.875000 0.187500
v -0.250000 0.937500 0.187500
v -0.250000 1.000000 0.187500
v -0.250000 1.062500 0.187500
v -0.250000 1.125000 0.187500
v -0.250000 1.187500 0.187500
v -0.250000 1.250000 0.187500
v -0.250000 1.312500 0.187500
v -0.250000 1.375000 0.187500
v -0.250000 1.375000 0.250000
v -0.250000 0.000000 0.312500
v -0.250000 0.062500 0.312500
v -0.250000 0.125000 0.312500
v -0.250000 0.187500 0.312500
v -0.250000 0.250000 0.312500
v -0.250000 0.312500 0.312500
v -0.250000 0.375000 0.312500
v -0.250000 0.437500 0.312500
v -0.250000 0.500000 0.312500
v -0.250000 0.562500 0.312500
v -0.250000 0.625000 0.312500
v -0.250000 0.687500 0.312500
v -0.250000 0.750000 0.312500
v -0.250000 0.812500 0.312500
v -0.250000 0.875000 0.312500
v -0.250000 0.937500 0.312500
v -0.250000 1.000000 0.312500
v -0.250000 1.062500 0.312500
v -0.250000 1.125000 0.312500
v -0.250000 1.187500 0.312500
v -0.250000 1.250000 0.312500
v -0.250000 1.312500 0.312500
v -0.250000 1.375000 0.312500
v -0.187500 0.062500 -0.312500
v -0.187500 0.000000 -0.312500
v -0.187500 0.000000 -0.250000
v -0.187500 0.125000 -0.312500
v -0.187500 0.187500 -0.312500
v -0.187500 0.250000 -0.312500
v -0.187500 0.312500 -0.312500
v -0.187500 0.375000 -0.312500
v -0.187500 0.437500 -0.312500
v -0.187500 0.500000 -0.312500
v -0.187500 0.562500 -0.312500
v -0.187500 0.562500 -0.250000
v -0.187500 0.000000 -0.187500
v -0.187500 0.125000 -0.187500
v -0.187500 0.187500 -0.187500
v -0.187500 0.250000 -0.187500
v -0.187500 0.312500 -0.187500
v -0.187500 0.375000 -0.187500
v -0.187500 0.437500 -0.187500
v -0.187500 0.500000 -0.187500
v -0.187500 0.562500 -0.187500
v -0.187500 0.000000 -0.125000
v -0.187500 0.125000 -0.125000
v -0.187500 0.000000 -0.062500
v -0.187500 0.125000 -0.062500
v -0.187500 0.000000 0.000000
v -0.187500 0.125000 0.000000
v -0.187500 0.000000 0.062500
v -0.187500 0.125000 0.062500
v -0.187500 0.000000 0.125000
v -0.187500 0.125000 0.125000
v -0.187500 0.000000 0.187500
v -0.187500 0.125000 0.187500
v -0.187500 0.000000 0.250000
v -0.187500 0.187500 0.187500
v -0.187500 0.250000 0.187500
v -0.187500 0.312500 0.187500
v -0.187500 0.375000 0.187500
v -0.187500 0.437500 0.187500
v -0.187500 0.500000 0.187500
v -0.187500 0.562500 0.187500
v -0.187500 0.625000 0.187500
v -0.187500 0.687500 0.187500
v -0.187500 0.750000 0.187500
v -0.187500 0.812500 0.187500
v -0.187500 0.875000 0.187500
v -0.187500 0.937500 0.187500
v -0.187500 1.000000 0.187500
v -0.187500 1.062500 0.187500
v -0.187500 1.125000 0.187500
v -0.187500 1.187500 0.187500
v -0.187500 1.250000 0.187500
v -0.187500 1.312500 0.187500
v -0.187500 1.375000 0.187500
v -0.187500 1.375000 0.250000
v -0.187500 0.000000 0.312500
v -0.187500 0.062500 0.312500
v -0.187500 0.125000 0.312500
v -0.187500 0.187500 0.312500
v -0.187500 0.250000 0.312500
v -0.187500 0.312500 0.312500
v -0.187500 0.375000 0.312500
v -0.187500 0.437500 0.312500
v -0.187500 0.500000 0.312500
v -0.187500 0.562500 0.312500
v -0.187500 0.625000 0.312500
v -0.187500 0.687500 0.312500
v -0.187500 0.750000 0.312500
v -0.187500 0.812500 0.312500
v -0.187500 0.875000 0.312500
v -0.187500 0.937500 0.312500
v -0.187500 1.000000 0.312500
v -0.187500 1.062500 0.312500
v -0.187500 1.125000 0.312500
v -0.187500 1.187500 0.312500
v -0.187500 1.250000 0.312500
v -0.187500 1.312500 0.312500
v -0.187500 1.375000 0.312500
v -0.125000 0.062500 -0.312500
v -0.125000 0.000000 -0.312500
v -0.125000 0.000000 -0.250000
v -0.125000 0.125000 -0.312500
v -0.125000 0.187500 -0.312500
v -0.125000 0.250000 -0.312500
v -0.125000 0.312500 -0.312500
v -0.125000 0.375000 -0.312500
v -0.125000 0.437500 -0.312500
v -0.125000 0.500000 -0.312500
v -0.125000 0.562500 -0.312500
v -0.125000 0.562500 -0.250000
v -0.125000 0.000000 -0.187500
v -0.125000 0.125000 -0.187500
v -0.125000 0.187500 -0.187500
v -0.125000 0.250000 -0.187500
v -0.125000 0.312500 -0.187500
v -0.125000 0.375000 -0.187500
v -0.125000 0.437500 -0.187500
v -0.125000 0.500000 -0.187500
v -0.125000 0.562500 -0.187500
v -0.125000 0.000000 -0.125000
v -0.125000 0.125000 -0.125000
v -0.125000 0.000000 -0.062500
v -0.125000 0.125000 -0.062500
v -0.125000 0.000000 0.000000
v -0.125000 0.125000 0.000000
v -0.125000 0.000000 0.062500
v -0.125000 0.125000 0.062500
v -0.125000 0.000000 0.125000
v -0.125000 0.125000 0.125000
v -0.125000 0.000000 0.187500
v -0.125000 0.125000 0.187500
v -0.125000 0.000000 0.250000
v -0.125000 0.187500 0.187500
v -0.125000 0.250000 0.187500
v -0.125000 0.312500 0.187500
v -0.125000 0.375000 0.187500
v -0.125000 0.437500 0.187500
v -0.125000 0.500000 0.187500
v -0.125000 0.562500 0.187500
v -0.125000 0.625000 0.187500
v -0.125000 0.687500 0.187500
v -0.125000 0.750000 0.187500
v -0.125000 0.812500 0.187500
v -0.125000 0.875000 0.187500
v -0.125000 0.937500 0.187500
v -0.125000 1.000000 0.187500
v -0.125000 1.062500 0.187500
v -0.125000 1.125000 0.187500
v -0.125000 1.187500 0.187500
v -0.125000 1.250000 0.187500
v -0.125000 1.312500 0.187500
v -0.125000 1.375000 0.187500
v -0.125000 1.375000 0.250000
v -0.125000 0.000000 0.312500
v -0.125000 0.062500 0.312500
v -0.125000 0.125000 0.312500
v -0.125000 0.187500 0.312500
v -0.125000 0.250000 0.312500
v -0.125000 0.312500 0.312500
v -0.125000 0.375000 0.312500
v -0.125000 0.437500 0.312500
v -0.125000 0.500000 0.312500
v -0.125000 0.562500 0.312500
v -0.125000 0.625000 0.312500
v -0.125000 0.687500 0.312500
v -0.125000 0.750000 0.312500
v -0.125000 0.812500 0.312500
v -0.125000 0.875000 0.312500
v -0.125000 0.937500 0.312500
v -0.125000 1.000000 0.312500
v -0.125000 1.062500 0.312500
v -0.125000 1.125000 0.312500
v -0.125000 1.187500 0.312500
v -0.125000 1.250000 0.312500
v -0.125000 1.312500 0.312500
v -0.125000 1.375000 0.312500
v -0.062500 0.062500 -0.312500
v -0.062500 0.000000 -0.312500
v -0.062500 0.000000 -0.250000
v -0.062500 0.125000 -0.312500
v -0.062500 0.187500 -0.312500
v -0.062500 0.250000 -0.312500
v -0.062500 0.312500 -0.312500
v -0.062500 0.375000 -0.312500
v -0.062500 0.437500 -0.312500
v -0.062500 0.500000 -0.312500
v -0.062500 0.562500 -0.312500
v -0.062500 0.562500 -0.250000
v -0.062500 0.000000 -0.187500
v -0.062500 0.125000 -0.187500
v -0.062500 0.187500 -0.187500
v -0.062500 0.250000 -0.187500
v -0.062500 0.312500 -0.187500
v -0.062500 0.375000 -0.187500
v -0.062500 0.437500 -0.187500
v -0.062500 0.500000 -0.187500
v -0.062500 0.562500 -0.187500
v -0.062500 0.000000 -0.125000
v -0.062500 0.125000 -0.125000
v -0.062500 0.000000 -0.062500
v -0.062500 0.125000 -0.062500
v -0.062500 0.000000 0.000000
v -0.062500 0.125000 0.000000
v -0.062500 0.000000 0.062500
v -0.062500 0.125000 0.062500
v -0.062500 0.000000 0.125000
v -0.062500 0.125000 0.125000
v -0.062500 0.000000 0.187500
v -0.062500 0.125000 0.187500
v -0.062500 0.000000 0.250000
v -0.062500 0.187500 0.187500
v -0.062500 0.250000 0.187500
v -0.062500 0.312500 0.187500
v -0.062500 0.375000 0.187500
v -0.062500 0.437500 0.187500
v -0.062500 0.500000 0.187500
v -0.062500 0.562500 0.187500
v -0.062500 0.625000 0.187500
v -0.062500 0.687500 0.187500
v -0.062500 0.750000 0.187500
v -0.062500 0.812500 0.187500
v -0.062500 0.875000 0.187500
v -0.062500 0.937500 0.187500
v -0.062500 1.000000 0.187500
v -0.062500 1.062500 0.187500
v -0.062500 1.125000 0.187500
v -0.062500 1.187500 0.187500
v -0.062500 1.250000 0.187500
v -0.062500 1.312500 0.187500
v -0.062500 1.375000 0.187500
v -0.062500 1.375000 0.250000
v -0.062500 0.000000 0.312500
v -0.062500 0.062500 0.312500
v -0.062500 0.125000 0.312500
v -0.062500 0.187500 0.312500
v -0.062500 0.250000 0.312500
v -0.062500 0.312500 0.312500
v -0.062500 0.375000 0.312500
v -0.062500 0.437500 0.312500
v -0.062500 0.500000 0.312500
v -0.062500 0.562500 0.312500
v -0.062500 0.625000 0.312500
v -0.062500 0.687500 0.312500
v -0.062500 0.750000 0.312500
v -0.062500 0.812500 0.312500
v -0.062500 0.875000 0.312500
v -0.062500 0.937500 0.312500
v -0.062500 1.000000 0.312500
v -0.062500 1.062500 0.312500
v -0.062500 1.125000 0.312500
v -0.062500 1.187500 0.312500
v -0.062500 1.250000 0.312500
v -0.062500 1.312500 0.312500
v -0.062500 1.375000 0.312500
v -0.062500 0.437500 -0.375000
v -0.062500 0.375000 -0.375000
v 0.000000 0.437500 -0.375000
v 0.000000 0.375000 -0.375000
v 0.000000 0.375000 -0.312500
v -0.062500 0.500000 -0.375000
v 0.000000 0.500000 -0.375000
v -0.062500 0.562500 -0.375000
v 0.000000 0.562500 -0.375000
v -0.062500 0.625000 -0.312500
v -0.062500 0.625000 -0.375000
v 0.000000 0.625000 -0.375000
v 0.000000 0.562500 -0.312500
v 0.000000 0.625000 -0.312500
v 0.000000 0.062500 -0.312500
v 0.000000 0.000000 -0.312500
v 0.000000 0.000000 -0.250000
v 0.000000 0.125000 -0.312500
v 0.000000 0.187500 -0.312500
v 0.000000 0.250000 -0.312500
v 0.000000 0.312500 -0.312500
v 0.000000 0.562500 -0.250000
v 0.000000 0.000000 -0.187500
v 0.000000 0.125000 -0.187500
v 0.000000 0.187500 -0.187500
v 0.000000 0.250000 -0.187500
v 0.000000 0.312500 -0.187500
v 0.000000 0.375000 -0.187500
v 0.000000 0.437500 -0.187500
v 0.000000 0.500000 -0.187500
v 0.000000 0.562500 -0.187500
v 0.000000 0.000000 -0.125000
v 0.000000 0.125000 -0.125000
v 0.000000 0.000000 -0.062500
v 0.000000 0.125000 -0.062500
v 0.000000 0.000000 0.000000
v 0.000000 0.125000 0.000000
v 0.000000 0.000000 0.062500
v 0.000000 0.125000 0.062500
v 0.000000 0.000000 0.125000
v 0.000000 0.125000 0.125000
v 0.000000 0.000000 0.187500
v 0.000000 0.125000 0.187500
v 0.000000 0.000000 0.250000
v 0.000000 0.187500 0.187500
v 0.000000 0.250000 0.187500
v 0.000000 0.312500 0.187500
v 0.000000 0.375000 0.187500
v 0.000000 0.437500 0.187500
v 0.000000 0.500000 0.187500
v 0.000000 0.562500 0.187500
v 0.000000 0.625000 0.187500
v 0.000000 0.687500 0.187500
v 0.000000 0.750000 0.187500
v 0.000000 0.812500 0.187500
v 0.000000 0.875000 0.187500
v 0.000000 0.937500 0.187500
v 0.000000 1.000000 0.187500
v 0.000000 1.062500 0.187500
v 0.000000 1.125000 0.187500
v 0.000000 1.187500 0.187500
v 0.000000 1.250000 0.187500
v 0.000000 1.312500 0.187500
v 0.000000 1.375000 0.187500
v 0.000000 1.375000 0.250000
v 0.000000 0.000000 0.312500
v 0.000000 0.062500 0.312500
v 0.000000 0.125000 0.312500
v 0.000000 0.187500 0.312500
v 0.000000 0.250000 0.312500
v 0.000000 0.312500 0.312500
v 0.000000 0.375000 0.312500
v 0.000000 0.437500 0.312500
v 0.000000 0.500000 0.312500
v 0.000000 0.562500 0.312500
v 0.000000 0.625000 0.312500
v 0.000000 0.687500 0.312500
v 0.000000 0.750000 0.312500
v 0.000000 0.812500 0.312500
v 0.000000 0.875000 0.312500
v 0.000000 0.937500 0.312500
v 0.000000 1.000000 0.312500
v 0.000000 1.062500 0.312500
v 0.000000 1.125000 0.312500
v 0.000000 1.187500 0.312500
v 0.000000 1.250000 0.312500
v 0.000000 1.312500 0.312500
v 0.000000 1.375000 0.312500
v 0.062500 0.437500 -0.375000
v 0.062500 0.437500 -0.312500
v 0.062500 0.375000 -0.312500
v 0.062500 0.375000 -0.375000
v 0.062500 0.500000 -0.375000
v 0.062500 0.500000 -0.312500
v 0.062500 0.562500 -0.375000
v 0.062500 0.562500 -0.312500
v 0.062500 0.625000 -0.375000
v 0.062500 0.625000 -0.312500
v 0.062500 0.062500 -0.312500
v 0.062500 0.000000 -0.312500
v 0.062500 0.000000 -0.250000
v 0.062500 0.125000 -0.312500
v 0.062500 0.187500 -0.312500
v 0.062500 0.250000 -0.312500
v 0.062500 0.312500 -0.312500
v 0.062500 0.562500 -0.250000
v 0.062500 0.000000 -0.187500
v 0.062500 0.125000 -0.187500
v 0.062500 0.187500 -0.187500
v 0.062500 0.250000 -0.187500
v 0.062500 0.312500 -0.187500
v 0.062500 0.375000 -0.187500
v 0.062500 0.437500 -0.187500
v 0.062500 0.500000 -0.187500
v 0.062500 0.562500 -0.187500
v 0.062500 0.000000 -0.125000
v 0.062500 0.125000 -0.125000
v 0.062500 0.000000 -0.062500
v 0.062500 0.125000 -0.062500
v 0.062500 0.000000 0.000000
v 0.062500 0.125000 0.000000
v 0.062500 0.000000 0.062500
v 0.062500 0.125000 0.062500
v 0.062500 0.000000 0.125000
v 0.062500 0.125000 0.125000
v 0.062500 0.000000 0.187500
v 0.062500 0.125000 0.187500
v 0.062500 0.000000 0.250000
v 0.062500 0.187500 0.187500
v 0.062500 0.250000 0.187500
v 0.062500 0.312500 0.187500
v 0.062500 0.375000 0.187500
v 0.062500 0.437500 0.187500
v 0.062500 0.500000 0.187500
v 0.062500 0.562500 0.187500
v 0.062500 0.625000 0.187500
v 0.062500 0.687500 0.187500
v 0.062500 0.750000 0.187500
v 0.062500 0.812500 0.187500
v 0.062500 0.875000 0.187500
v 0.062500 0.937500 0.187500
v 0.062500 1.000000 0.187500
v 0.062500 1.062500 0.187500
v 0.062500 1.125000 0.187500
v 0.062500 1.187500 0.187500
v 0.062500 1.250000 0.187500
v 0.062500 1.312500 0.187500
v 0.062500 1.375000 0.187500
v 0.062500 1.375000 0.250000
v 0.062500 0.000000 0.312500
v 0.062500 0.062500 0.312500
v 0.062500 0.125000 0.312500
v 0.062500 0.187500 0.312500
v 0.062500 0.250000 0.312500
v 0.062500 0.312500 0.312500
v 0.062500 0.375000 0.312500
v 0.062500 0.437500 0.312500
v 0.062500 0.500000 0.312500
v 0.062500 0.562500 0.312500
v 0.062500 0.625000 0.312500
v 0.062500 0.687500 0.312500
v 0.062500 0.750000 0.312500
v 0.062500 0.812500 0.312500
v 0.062500 0.875000 0.312500
v 0.062500 0.937500 0.312500
v 0.062500 1.000000 0.312500
v 0.062500 1.062500 0.312500
v 0.062500 1.125000 0.312500
v 0.062500 1.187500 0.312500
v 0.062500 1.250000 0.312500
v 0.062500 1.312500 0.312500
v 0.062500 1.375000 0.312500
v 0.125000 0.062500 -0.312500
v 0.125000 0.000000 -0.312500
v 0.125000 0.000000 -0.250000
v 0.125000 0.125000 -0.312500
v 0.125000 0.187500 -0.312500
v 0.125000 0.250000 -0.312500
v 0.125000 0.312500 -0.312500
v 0.125000 0.375000 -0.312500
v 0.125000 0.437500 -0.312500
v 0.125000 0.500000 -0.312500
v 0.125000 0.562500 -0.312500
v 0.125000 0.562500 -0.250000
v 0.125000 0.000000 -0.187500
v 0.125000 0.125000 -0.187500
v 0.125000 0.187500 -0.187500
v 0.125000 0.250000 -0.187500
v 0.125000 0.312500 -0.187500
v 0.125000 0.375000 -0.187500
v 0.125000 0.437500 -0.187500
v 0.125000 0.500000 -0.187500
v 0.125000 0.562500 -0.187500
v 0.125000 0.000000 -0.125000
v 0.125000 0.125000 -0.125000
v 0.125000 0.000000 -0.062500
v 0.125000 0.125000 -0.062500
v 0.125000 0.000000 0.000000
v 0.125000 0.125000 0.000000
v 0.125000 0.000000 0.062500
v 0.125000 0.125000 0.062500
v 0.125000 0.000000 0.125000
v 0.125000 0.125000 0.125000
v 0.125000 0.000000 0.187500
v 0.125000 0.125000 0.187500
v 0.125000 0.000000 0.250000
v 0.125000 0.187500 0.187500
v 0.125000 0.250000 0.187500
v 0.125000 0.312500 0.187500
v 0.125000 0.375000 0.187500
v 0.125000 0.437500 0.187500
v 0.125000 0.500000 0.187500
v 0.125000 0.562500 0.187500
v 0.125000 0.625000 0.187500
v 0.125000 0.687500 0.187500
v 0.125000 0.750000 0.187500
v 0.125000 0.812500 0.187500
v 0.125000 0.875000 0.187500
v 0.125000 0.937500 0.187500
v 0.125000 1.000000 0.187500
v 0.125000 1.062500 0.187500
v 0.125000 1.125000 0.187500
v 0.125000 1.187500 0.187500
v 0.125000 1.250000 0.187500
v 0.125000 1.312500 0.187500
v 0.125000 1.375000 0.187500
v 0.125000 1.375000 0.250000
v 0.125000 0.000000 0.312500
v 0.125000 0.062500 0.312500
v 0.125000 0.125000 0.312500
v 0.125000 0.187500 0.312500
v 0.125000 0.250000 0.312500
v 0.125000 0.312500 0.312500
v 0.125000 0.375000 0.312500
v 0.125000 0.437500 0.312500
v 0.125000 0.500000 0.312500
v 0.125000 0.562500 0.312500
v 0.125000 0.625000 0.312500
v 0.125000 0.687500 0.312500
v 0.125000 0.750000 0.312500
v 0.125000 0.812500 0.312500
v 0.125000 0.875000 0.312500
v 0.125000 0.937500 0.312500
v 0.125000 1.000000 0.312500
v 0.125000 1.062500 0.312500
v 0.125000 1.125000 0.312500
v 0.125000 1.187500 0.312500
v 0.125000 1.250000 0.312500
v 0.125000 1.312500 0.312500
v 0.125000 1.375000 0.312500
v 0.187500 0.062500 -0.312500
v 0.187500 0.000000 -0.312500
v 0.187500 0.000000 -0.250000
v 0.187500 0.125000 -0.312500
v 0.187500 0.187500 -0.312500
v 0.187500 0.250000 -0.312500
v 0.187500 0.312500 -0.312500
v 0.187500 0.375000 -0.312500
v 0.187500 0.437500 -0.312500
v 0.187500 0.500000 -0.312500
v 0.187500 0.562500 -0.312500
v 0.187500 0.562500 -0.250000
v 0.187500 0.000000 -0.187500
v 0.187500 0.125000 -0.187500
v 0.187500 0.187500 -0.187500
v 0.187500 0.250000 -0.187500
v 0.187500 0.312500 -0.187500
v 0.187500 0.375000 -0.187500
v 0.187500 0.437500 -0.187500
v 0.187500 0.500000 -0.187500
v 0.187500 0.562500 -0.187500
v 0.187500 0.000000 -0.125000
v 0.187500 0.125000 -0.125000
v 0.187500 0.000000 -0.062500
v 0.187500 0.125000 -0.062500
v 0.187500 0.000000 0.000000
v 0.187500 0.125000 0.000000
v 0.187500 0.000000 0.062500
v 0.187500 0.125000 0.062500
v 0.187500 0.000000 0.125000
v 0.187500 0.125000 0.125000
v 0.187500 0.000000 0.187500
v 0.187500 0.125000 0.187500
v 0.187500 0.000000 0.250000
v 0.187500 0.187500 0.187500
v 0.187500 0.250000 0.187500
v 0.187500 0.312500 0.187500
v 0.187500 0.375000 0.187500
v 0.187500 0.437500 0.187500
v 0.187500 0.500000 0.187500
v 0.187500 0.562500 0.187500
v 0.187500 0.625000 0.187500
v 0.187500 0.687500 0.187500
v 0.187500 0.750000 0.187500
v 0.187500 0.812500 0.187500
v 0.187500 0.875000 0.187500
v 0.187500 0.937500 0.187500
v 0.187500 1.000000 0.187500
v 0.187500 1.062500 0.187500
v 0.187500 1.125000 0.187500
v 0.187500 1.187500 0.187500
v 0.187500 1.250000 0.187500
v 0.187500 1.312500 0.187500
v 0.187500 1.375000 0.187500
v 0.187500 1.375000 0.250000
v 0.187500 0.000000 0.312500
v 0.187500 0.062500 0.312500
v 0.187500 0.125000 0.312500
v 0.187500 0.187500 0.312500
v 0.187500 0.250000 0.312500
v 0.187500 0.312500 0.312500
v 0.187500 0.375000 0.312500
v 0.187500 0.437500 0.312500
v 0.187500 0.500000 0.312500
v 0.187500 0.562500 0.312500
v 0.187500 0.625000 0.312500
v 0.187500 0.687500 0.312500
v 0.187500 0.750000 0.312500
v 0.187500 0.812500 0.312500
v 0.187500 0.875000 0.312500
v 0.187500 0.937500 0.312500
v 0.187500 1.000000 0.312500
v 0.187500 1.062500 0.312500
v 0.187500 1.125000 0.312500
v 0.187500 1.187500 0.312500
v 0.187500 1.250000 0.312500
v 0.187500 1.312500 0.312500
v 0.187500 1.375000 0.312500
v 0.250000 0.062500 -0.312500
v 0.250000 0.000000 -0.312500
v 0.250000 0.000000 -0.250000
v 0.250000 0.125000 -0.312500
v 0.250000 0.187500 -0.312500
v 0.250000 0.250000 -0.312500
v 0.250000 0.312500 -0.312500
v 0.250000 0.375000 -0.312500
v 0.250000 0.437500 -0.312500
v 0.250000 0.500000 -0.312500
v 0.250000 0.562500 -0.312500
v 0.250000 0.562500 -0.250000
v 0.250000 0.000000 -0.187500
v 0.250000 0.125000 -0.187500
v 0.250000 0.187500 -0.187500
v 0.250000 0.250000 -0.187500
v 0.250000 0.312500 -0.187500
v 0.250000 0.375000 -0.187500
v 0.250000 0.437500 -0.187500
v 0.250000 0.500000 -0.187500
v 0.250000 0.562500 -0.187500
v 0.250000 0.000000 -0.125000
v 0.250000 0.125000 -0.125000
v 0.250000 0.000000 -0.062500
v 0.250000 0.125000 -0.062500
v 0.250000 0.000000 0.000000
v 0.250000 0.125000 0.000000
v 0.250000 0.000000 0.062500
v 0.250000 0.125000 0.062500
v 0.250000 0.000000 0.125000
v 0.250000 0.125000 0.125000
v 0.250000 0.000000 0.187500
v 0.250000 0.125000 0.187500
v 0.250000 0.000000 0.250000
v 0.250000 0.187500 0.187500
v 0.250000 0.250000 0.187500
v 0.250000 0.312500 0.187500
v 0.250000 0.375000 0.187500
v 0.250000 0.437500 0.187500
v 0.250000 0.500000 0.187500
v 0.250000 0.562500 0.187500
v 0.250000 0.625000 0.187500
v 0.250000 0.687500 0.187500
v 0.250000 0.750000 0.187500
v 0.250000 0.812500 0.187500
v 0.250000 0.875000 0.187500
v 0.250000 0.937500 0.187500
v 0.250000 1.000000 0.187500
v 0.250000 1.062500 0.187500
v 0.250000 1.125000 0.187500
v 0.250000 1.187500 0.187500
v 0.250000 1.250000 0.187500
v 0.250000 1.312500 0.187500
v 0.250000 1.375000 0.187500
v 0.250000 1.375000 0.250000
v 0.250000 0.000000 0.312500
v 0.250000 0.062500 0.312500
v 0.250000 0.125000 0.312500
v 0.250000 0.187500 0.312500
v 0.250000 0.250000 0.312500
v 0.250000 0.312500 0.312500
v 0.250000 0.375000 0.312500
v 0.250000 0.437500 0.312500
v 0.250000 0.500000 0.312500
v 0.250000 0.562500 0.312500
v 0.250000 0.625000 0.312500
v 0.250000 0.687500 0.312500
v 0.250000 0.750000 0.312500
v 0.250000 0.812500 0.312500
v 0.250000 0.875000 0.312500
v 0.250000 0.937500 0.312500
v 0.250000 1.000000 0.312500
v 0.250000 1.062500 0.312500
v 0.250000 1.125000 0.312500
v 0.250000 1.187500 0.312500
v 0.250000 1.250000 0.312500
v 0.250000 1.312500 0.312500
v 0.250000 1.375000 0.312500
v 0.312500 0.062500 -0.312500
v 0.312500 0.000000 -0.312500
v 0.312500 0.000000 -0.250000
v 0.312500 0.125000 -0.312500
v 0.312500 0.187500 -0.312500
v 0.312500 0.250000 -0.312500
v 0.312500 0.312500 -0.312500
v 0.312500 0.375000 -0.312500
v 0.312500 0.437500 -0.312500
v 0.312500 0.500000 -0.312500
v 0.312500 0.562500 -0.312500
v 0.312500 0.562500 -0.250000
v 0.312500 0.000000 -0.187500
v 0.312500 0.125000 -0.187500
v 0.312500 0.187500 -0.187500
v 0.312500 0.250000 -0.187500
v 0.312500 0.312500 -0.187500
v 0.312500 0.375000 -0.187500
v 0.312500 0.437500 -0.187500
v 0.312500 0.500000 -0.187500
v 0.312500 0.562500 -0.187500
v 0.312500 0.000000 -0.125000
v 0.312500 0.125000 -0.125000
v 0.312500 0.000000 -0.062500
v 0.312500 0.125000 -0.062500
v 0.312500 0.000000 0.000000
v 0.312500 0.125000 0.000000
v 0.312500 0.000000 0.062500
v 0.312500 0.125000 0.062500
v 0.312500 0.000000 0.125000
v 0.312500 0.125000 0.125000
v 0.312500 0.000000 0.187500
v 0.312500 0.125000 0.187500
v 0.312500 0.000000 0.250000
v 0.312500 0.187500 0.187500
v 0.312500 0.250000 0.187500
v 0.312500 0.312500 0.187500
v 0.312500 0.375000 0.187500
v 0.312500 0.437500 0.187500
v 0.312500 0.500000 0.187500
v 0.312500 0.562500 0.187500
v 0.312500 0.625000 0.187500
v 0.312500 0.687500 0.187500
v 0.312500 0.750000 0.187500
v 0.312500 0.812500 0.187500
v 0.312500 0.875000 0.187500
v 0.312500 0.937500 0.187500
v 0.312500 1.000000 0.187500
v 0.312500 1.062500 0.187500
v 0.312500 1.125000 0.187500
v 0.312500 1.187500 0.187500
v 0.312500 1.250000 0.187500
v 0.312500 1.312500 0.187500
v 0.312500 1.375000 0.187500
v 0.312500 1.375000 0.250000
v 0.312500 0.000000 0.312500
v 0.312500 0.062500 0.312500
v 0.312500 0.125000 0.312500
v 0.312500 0.187500 0.312500
v 0.312500 0.250000 0.312500
v 0.312500 0.312500 0.312500
v 0.312500 0.375000 0.312500
v 0.312500 0.437500 0.312500
v 0.312500 0.500000 0.312500
v 0.312500 0.562500 0.312500
v 0.312500 0.625000 0.312500
v 0.312500 0.687500 0.312500
v 0.312500 0.750000 0.312500
v 0.312500 0.812500 0.312500
v 0.312500 0.875000 0.312500
v 0.312500 0.937500 0.312500
v 0.312500 1.000000 0.312500
v 0.312500 1.062500 0.312500
v 0.312500 1.125000 0.312500
v 0.312500 1.187500 0.312500
v 0.312500 1.250000 0.312500
v 0.312500 1.312500 0.312500
v 0.312500 1.375000 0.312500
v 0.375000 0.062500 -0.312500
v 0.375000 0.000000 -0.312500
v 0.375000 0.000000 -0.250000
v 0.375000 0.125000 -0.312500
v 0.375000 0.187500 -0.312500
v 0.375000 0.250000 -0.312500
v 0.375000 0.312500 -0.312500
v 0.375000 0.375000 -0.312500
v 0.375000 0.437500 -0.312500
v 0.375000 0.500000 -0.312500
v 0.375000 0.562500 -0.312500
v 0.375000 0.562500 -0.250000
v 0.375000 0.000000 -0.187500
v 0.375000 0.562500 -0.187500
v 0.375000 0.000000 -0.125000
v 0.312500 0.187500 -0.125000
v 0.312500 0.250000 -0.125000
v 0.312500 0.312500 -0.125000
v 0.312500 0.375000 -0.125000
v 0.312500 0.437500 -0.125000
v 0.312500 0.500000 -0.125000
v 0.312500 0.562500 -0.125000
v 0.375000 0.562500 -0.125000
v 0.375000 0.000000 -0.062500
v 0.312500 0.187500 -0.062500
v 0.312500 0.250000 -0.062500
v 0.312500 0.312500 -0.062500
v 0.312500 0.375000 -0.062500
v 0.312500 0.437500 -0.062500
v 0.312500 0.500000 -0.062500
v 0.312500 0.562500 -0.062500
v 0.375000 0.562500 -0.062500
v 0.375000 0.000000 0.000000
v 0.312500 0.187500 0.000000
v 0.312500 0.250000 0.000000
v 0.312500 0.312500 0.000000
v 0.312500 0.375000 0.000000
v 0.312500 0.437500 0.000000
v 0.312500 0.500000 0.000000
v 0.312500 0.562500 0.000000
v 0.375000 0.562500 0.000000
v 0.375000 0.000000 0.062500
v 0.312500 0.187500 0.062500
v 0.312500 0.250000 0.062500
v 0.312500 0.312500 0.062500
v 0.312500 0.375000 0.062500
v 0.312500 0.437500 0.062500
v 0.312500 0.500000 0.062500
v 0.312500 0.562500 0.062500
v 0.375000 0.562500 0.062500
v 0.375000 0.000000 0.125000
v 0.312500 0.187500 0.125000
v 0.312500 0.250000 0.125000
v 0.312500 0.312500 0.125000
v 0.312500 0.375000 0.125000
v 0.312500 0.437500 0.125000
v 0.312500 0.500000 0.125000
v 0.312500 0.562500 0.125000
v 0.375000 0.562500 0.125000
v 0.375000 0.000000 0.187500
v 0.375000 0.562500 0.187500
v 0.375000 0.000000 0.250000
v 0.375000 0.625000 0.187500
v 0.375000 0.687500 0.187500
v 0.375000 0.750000 0.187500
v 0.375000 0.812500 0.187500
v 0.375000 0.875000 0.187500
v 0.375000 0.937500 0.187500
v 0.375000 1.000000 0.187500
v 0.375000 1.062500 0.187500
v 0.375000 1.125000 0.187500
v 0.375000 1.187500 0.187500
v 0.375000 1.250000 0.187500
v 0.375000 1.312500 0.187500
v 0.375000 1.375000 0.187500
v 0.375000 1.375000 0.250000
v 0.375000 0.000000 0.312500
v 0.375000 0.062500 0.312500
v 0.375000 0.125000 0.312500
v 0.375000 0.187500 0.312500
v 0.375000 0.250000 0.312500
v 0.375000 0.312500 0.312500
v 0.375000 0.375000 0.312500
v 0.375000 0.437500 0.312500
v 0.375000 0.500000 0.312500
v 0.375000 0.562500 0.312500
v 0.375000 0.625000 0.312500
v 0.375000 0.687500 0.312500
v 0.375000 0.750000 0.312500
v 0.375000 0.812500 0.312500
v 0.375000 0.875000 0.312500
v 0.375000 0.937500 0.312500
v 0.375000 1.000000 0.312500
v 0.375000 1.062500 0.312500
v 0.375000 1.125000 0.312500
v 0.375000 1.187500 0.312500
v 0.375000 1.250000 0.312500
v 0.375000 1.312500 0.312500
v 0.375000 1.375000 0.312500
v 0.437500 0.062500 -0.312500
v 0.437500 0.062500 -0.250000
v 0.437500 0.000000 -0.250000
v 0.437500 0.000000 -0.312500
v 0.437500 0.125000 -0.312500
v 0.437500 0.125000 -0.250000
v 0.437500 0.187500 -0.312500
v 0.437500 0.187500 -0.250000
v 0.437500 0.250000 -0.312500
v 0.437500 0.250000 -0.250000
v 0.437500 0.312500 -0.312500
v 0.437500 0.312500 -0.250000
v 0.437500 0.375000 -0.312500
v 0.437500 0.375000 -0.250000
v 0.437500 0.437500 -0.312500
v 0.437500 0.437500 -0.250000
v 0.437500 0.500000 -0.312500
v 0.437500 0.500000 -0.250000
v 0.437500 0.562500 -0.312500
v 0.437500 0.562500 -0.250000
v 0.437500 0.062500 -0.187500
v 0.437500 0.000000 -0.187500
v 0.437500 0.125000 -0.187500
v 0.437500 0.187500 -0.187500
v 0.437500 0.250000 -0.187500
v 0.437500 0.312500 -0.187500
v 0.437500 0.375000 -0.187500
v 0.437500 0.437500 -0.187500
v 0.437500 0.500000 -0.187500
v 0.437500 0.562500 -0.187500
v 0.437500 0.062500 -0.125000
v 0.437500 0.000000 -0.125000
v 0.437500 0.125000 -0.125000
v 0.437500 0.187500 -0.125000
v 0.437500 0.250000 -0.125000
v 0.437500 0.312500 -0.125000
v 0.437500 0.375000 -0.125000
v 0.437500 0.437500 -0.125000
v 0.437500 0.500000 -0.125000
v 0.437500 0.562500 -0.125000
v 0.437500 0.062500 -0.062500
v 0.437500 0.000000 -0.062500
v 0.437500 0.125000 -0.062500
v 0.437500 0.187500 -0.062500
v 0.437500 0.250000 -0.062500
v 0.437500 0.312500 -0.062500
v 0.437500 0.375000 -0.062500
v 0.437500 0.437500 -0.062500
v 0.437500 0.500000 -0.062500
v 0.437500 0.562500 -0.062500
v 0.437500 0.062500 0.000000
v 0.437500 0.000000 0.000000
v 0.437500 0.125000 0.000000
v 0.437500 0.187500 0.000000
v 0.437500 0.250000 0.000000
v 0.437500 0.312500 0.000000
v 0.437500 0.375000 0.000000
v 0.437500 0.437500 0.000000
v 0.437500 0.500000 0.000000
v 0.437500 0.562500 0.000000
v 0.437500 0.062500 0.062500
v 0.437500 0.000000 0.062500
v 0.437500 0.125000 0.062500
v 0.437500 0.187500 0.062500
v 0.437500 0.250000 0.062500
v 0.437500 0.312500 0.062500
v 0.437500 0.375000 0.062500
v 0.437500 0.437500 0.062500
v 0.437500 0.500000 0.062500
v 0.437500 0.562500 0.062500
v 0.437500 0.062500 0.125000
v 0.437500 0.000000 0.125000
v 0.437500 0.125000 0.125000
v 0.437500 0.187500 0.125000
v 0.437500 0.250000 0.125000
v 0.437500 0.312500 0.125000
v 0.437500 0.375000 0.125000
v 0.437500 0.437500 0.125000
v 0.437500 0.500000 0.125000
v 0.437500 0.562500 0.125000
v 0.437500 0.062500 0.187500
v 0.437500 0.000000 0.187500
v 0.437500 0.125000 0.187500
v 0.437500 0.187500 0.187500
v 0.437500 0.250000 0.187500
v 0.437500 0.312500 0.187500
v 0.437500 0.375000 0.187500
v 0.437500 0.437500 0.187500
v 0.437500 0.500000 0.187500
v 0.437500 0.562500 0.187500
v 0.437500 0.062500 0.250000
v 0.437500 0.000000 0.250000
v 0.437500 0.125000 0.250000
v 0.437500 0.187500 0.250000
v 0.437500 0.250000 0.250000
v 0.437500 0.312500 0.250000
v 0.437500 0.375000 0.250000
v 0.437500 0.437500 0.250000
v 0.437500 0.500000 0.250000
v 0.437500 0.562500 0.250000
v 0.437500 0.625000 0.187500
v 0.437500 0.625000 0.250000
v 0.437500 0.687500 0.187500
v 0.437500 0.687500 0.250000
v 0.437500 0.750000 0.187500
v 0.437500 0.750000 0.250000
v 0.437500 0.812500 0.187500
v 0.437500 0.812500 0.250000
v 0.437500 0.875000 0.187500
v 0.437500 0.875000 0.250000
v 0.437500 0.937500 0.187500
v 0.437500 0.937500 0.250000
v 0.437500 1.000000 0.187500
v 0.437500 1.000000 0.250000
v 0.437500 1.062500 0.187500
v 0.437500 1.062500 0.250000
v 0.437500 1.125000 0.187500
v 0.437500 1.125000 0.250000
v 0.437500 1.187500 0.187500
v 0.437500 1.187500 0.250000
v 0.437500 1.250000 0.187500
v 0.437500 1.250000 0.250000
v 0.437500 1.312500 0.187500
v 0.437500 1.312500 0.250000
v 0.437500 1.375000 0.187500
v 0.437500 1.375000 0.250000
v 0.437500 0.062500 0.312500
v 0.437500 0.000000 0.312500
v 0.437500 0.125000 0.312500
v 0.437500 0.187500 0.312500
v 0.437500 0.250000 0.312500
v 0.437500 0.312500 0.312500
v 0.437500 0.375000 0.312500
v 0.437500 0.437500 0.312500
v 0.437500 0.500000 0.312500
v 0.437500 0.562500 0.312500
v 0.437500 0.625000 0.312500
v 0.437500 0.687500 0.312500
v 0.437500 0.750000 0.312500
v 0.437500 0.812500 0.312500
v 0.437500 0.875000 0.312500
v 0.437500 0.937500 0.312500
v 0.437500 1.000000 0.312500
v 0.437500 1.062500 0.312500
v 0.437500 1.125000 0.312500
v 0.437500 1.187500 0.312500
v 0.437500 1.250000 0.312500
v 0.437500 1.312500 0.312500
v 0.437500 1.375000 0.312500
vt 0.03125000 0.96875000
vt 0.09375000 0.96875000
vt 0.15625000 0.96875000
vt 0.21875000 0.96875000
vt 0.28125000 0.96875000
vt 0.34375000 0.96875000
vt 0.40625000 0.96875000
vt 0.46875000 0.96875000
vt 0.53125000 0.96875000
vt 0.59375000 0.96875000
vt 0.65625000 0.96875000
vt 0.71875000 0.96875000
vt 0.78125000 0.96875000
vt 0.84375000 0.96875000
vt 0.90625000 0.96875000
vt 0.96875000 0.96875000
vt 0.03125000 0.90625000
vt 0.09375000 0.90625000
vt 0.15625000 0.90625000
vt 0.21875000 0.90625000
vt 0.28125000 0.90625000
vt 0.34375000 0.90625000
vt 0.40625000 0.90625000
vt 0.46875000 0.90625000
vt 0.53125000 0.90625000
vt 0.59375000 0.90625000
vt 0.65625000 0.90625000
vt 0.71875000 0.90625000
vt 0.78125000 0.90625000
vt 0.84375000 0.90625000
vt 0.90625000 0.90625000
vt 0.96875000 0.90625000
vt 0.03125000 0.84375000
vt 0.09375000 0.84375000
vt 0.15625000 0.84375000
vt 0.21875000 0.84375000
vt 0.28125000 0.84375000
vt 0.34375000 0.84375000
vt 0.40625000 0.84375000
vt 0.46875000 0.84375000
vt 0.53125000 0.84375000
vt 0.59375000 0.84375000
vt 0.65625000 0.84375000
vt 0.71875000 0.84375000
vt 0.78125000 0.84375000
vt 0.84375000 0.84375000
vt 0.90625000 0.84375000
vt 0.96875000 0.84375000
vt 0.03125000 0.78125000
vt 0.09375000 0.78125000
vt 0.15625000 0.78125000
vt 0.21875000 0.78125000
vt 0.28125000 0.78125000
vt 0.34375000 0.78125000
vt 0.40625000 0.78125000
vt 0.46875000 0.78125000
vt 0.53125000 0.78125000
vt 0.59375000 0.78125000
vt 0.65625000 0.78125000
vt 0.71875000 0.78125000
vt 0.78125000 0.78125000
vt 0.84375000 0.78125000
vt 0.90625000 0.78125000
vt 0.96875000 0.78125000
vt 0.03125000 0.71875000
vt 0.09375000 0.71875000
vt 0.15625000 0.71875000
vt 0.21875000 0.71875000
vt 0.28125000 0.71875000
vt 0.34375000 0.71875000
vt 0.40625000 0.71875000
vt 0.46875000 0.71875000
vt 0.53125000 0.71875000
vt 0.59375000 0.71875000
vt 0.65625000 0.71875000
vt 0.71875000 0.71875000
vt 0.78125000 0.71875000
vt 0.84375000 0.71875000
vt 0.90625000 0.71875000
vt 0.96875000 0.71875000
vt 0.03125000 0.65625000
vt 0.09375000 0.65625000
vt 0.15625000 0.65625000
vt 0.21875000 0.65625000
vt 0.28125000 0.65625000
vt 0.34375000 0.65625000
vt 0.40625000 0.65625000
vt 0.46875000 0.65625000
vt 0.53125000 0.65625000
vt 0.59375000 0.65625000
vt 0.65625000 0.65625000
vt 0.71875000 0.65625000
vt 0.78125000 0.65625000
vt 0.84375000 0.65625000
vt 0.90625000 0.65625000
vt 0.96875000 0.65625000
vt 0.03125000 0.59375000
vt 0.09375000 0.59375000
vt 0.15625000 0.59375000
vt 0.21875000 0.59375000
vt 0.28125000 0.59375000
vt 0.34375000 0.59375000
vt 0.40625000 0.59375000
vt 0.46875000 0.59375000
vt 0.53125000 0.59375000
vt 0.59375000 0.59375000
vt 0.65625000 0.59375000
vt 0.71875000 0.59375000
vt 0.78125000 0.59375000
vt 0.84375000 0.59375000
vt 0.90625000 0.59375000
vt 0.96875000 0.59375000
vt 0.03125000 0.53125000
vt 0.09375000 0.53125000
vt 0.15625000 0.53125000
vt 0.21875000 0.53125000
vt 0.28125000 0.53125000
vt 0.34375000 0.53125000
vt 0.40625000 0.53125000
vt 0.46875000 0.53125000
vt 0.53125000 0.53125000
vt 0.59375000 0.53125000
vt 0.65625000 0.53125000
vt 0.71875000 0.53125000
vt 0.78125000 0.53125000
vt 0.84375000 0.53125000
vt 0.90625000 0.53125000
vt 0.96875000 0.53125000
vt 0.03125000 0.46875000
vt 0.09375000 0.46875000
vt 0.15625000 0.46875000
vt 0.21875000 0.46875000
vt 0.28125000 0.46875000
vt 0.34375000 0.46875000
vt 0.40625000 0.46875000
vt 0.46875000 0.46875000
vt 0.53125000 0.46875000
vt 0.59375000 0.46875000
vt 0.65625000 0.46875000
vt 0.71875000 0.46875000
vt 0.78125000 0.46875000
vt 0.84375000 0.46875000
vt 0.90625000 0.46875000
vt 0.96875000 0.46875000
vt 0.03125000 0.40625000
vt 0.09375000 0.40625000
vt 0.15625000 0.40625000
vt 0.21875000 0.40625000
vt 0.28125000 0.40625000
vt 0.34375000 0.40625000
vt 0.40625000 0.40625000
vt 0.46875000 0.40625000
vt 0.53125000 0.40625000
vt 0.59375000 0.40625000
vt 0.65625000 0.40625000
vt 0.71875000 0.40625000
vt 0.78125000 0.40625000
vt 0.84375000 0.40625000
vt 0.90625000 0.40625000
vt 0.96875000 0.40625000
vt 0.03125000 0.34375000
vt 0.09375000 0.34375000
vt 0.15625000 0.34375000
vt 0.21875000 0.34375000
vt 0.28125000 0.34375000
vt 0.34375000 0.34375000
vt 0.40625000 0.34375000
vt 0.46875000 0.34375000
vt 0.53125000 0.34375000
vt 0.59375000 0.34375000
vt 0.65625000 0.34375000
vt 0.71875000 0.34375000
vt 0.78125000 0.34375000
vt 0.84375000 0.34375000
vt 0.90625000 0.34375000
vt 0.96875000 0.34375000
vt 0.03125000 0.28125000
vt 0.09375000 0.28125000
vt 0.15625000 0.28125000
vt 0.21875000 0.28125000
vt 0.28125000 0.28125000
vt 0.34375000 0.28125000
vt 0.40625000 0.28125000
vt 0.46875000 0.28125000
vt 0.53125000 0.28125000
vt 0.59375000 0.28125000
vt 0.65625000 0.28125000
vt 0.71875000 0.28125000
vt 0.78125000 0.28125000
vt 0.84375000 0.28125000
vt 0.90625000 0.28125000
vt 0.96875000 0.28125000
vt 0.03125000 0.21875000
vt 0.09375000 0.21875000
vt 0.15625000 0.21875000
vt 0.21875000 0.21875000
vt 0.28125000 0.21875000
vt 0.34375000 0.21875000
vt 0.40625000 0.21875000
vt 0.46875000 0.21875000
vt 0.53125000 0.21875000
vt 0.59375000 0.21875000
vt 0.65625000 0.21875000
vt 0.71875000 0.21875000
vt 0.78125000 0.21875000
vt 0.84375000 0.21875000
vt 0.90625000 0.21875000
vt 0.96875000 0.21875000
vt 0.03125000 0.15625000
vt 0.09375000 0.15625000
vt 0.15625000 0.15625000
vt 0.21875000 0.15625000
vt 0.28125000 0.15625000
vt 0.34375000 0.15625000
vt 0.40625000 0.15625000
vt 0.46875000 0.15625000
vt 0.53125000 0.15625000
vt 0.59375000 0.15625000
vt 0.65625000 0.15625000
vt 0.71875000 0.15625000
vt 0.78125000 0.15625000
vt 0.84375000 0.15625000
vt 0.90625000 0.15625000
vt 0.96875000 0.15625000
vt 0.03125000 0.09375000
vt 0.09375000 0.09375000
vt 0.15625000 0.09375000
vt 0.21875000 0.09375000
vt 0.28125000 0.09375000
vt 0.34375000 0.09375000
vt 0.40625000 0.09375000
vt 0.46875000 0.09375000
vt 0.53125000 0.09375000
vt 0.59375000 0.09375000
vt 0.65625000 0.09375000
vt 0.71875000 0.09375000
vt 0.78125000 0.09375000
vt 0.84375000 0.09375000
vt 0.90625000 0.09375000
vt 0.96875000 0.09375000
vt 0.03125000 0.03125000
vt 0.09375000 0.03125000
vt 0.15625000 0.03125000
vt 0.21875000 0.03125000
vt 0.28125000 0.03125000
vt 0.34375000 0.03125000
vt 0.40625000 0.03125000
vt 0.46875000 0.03125000
vt 0.53125000 0.03125000
vt 0.59375000 0.03125000
vt 0.65625000 0.03125000
vt 0.71875000 0.03125000
vt 0.78125000 0.03125000
vt 0.84375000 0.03125000
vt 0.90625000 0.03125000
vt 0.96875000 0.03125000
vn -1 0 0
vn 1 0 0
vn 0 0 -1
vn 0 0 1
vn 0 -1 0
vn 0 1 0
g palette
usemtl palette
f 1/37/1 2/37/1 3/37/1 4/37/1
f 3/37/3 5/37/3 6/37/3 4/37/3
f 6/37/5 7/37/5 1/37/5 4/37/5
f 2/37/1 8/37/1 9/37/1 3/37/1
f 9/37/3 10/37/3 5/37/3 3/37/3
f 8/37/1 11/37/1 12/37/1 9/37/1
f 12/37/3 13/37/3 10/37/3 9/37/3
f 11/37/1 14/37/1 15/37/1 12/37/1
f 15/37/3 16/37/3 13/37/3 12/37/3
f 14/37/1 17/37/1 18/37/1 15/37/1
f 18/37/3 19/37/3 16/37/3 15/37/3
f 17/37/1 20/37/1 21/37/1 18/37/1
f 21/37/3 22/37/3 19/37/3 18/37/3
f 20/37/1 23/37/1 24/37/1 21/37/1
f 24/37/3 25/37/3 22/37/3 21/37/3
f 23/37/1 26/37/1 27/37/1 24/37/1
f 27/37/3 28/37/3 25/37/3 24/37/3
f 26/37/1 29/37/1 30/37/1 27/37/1
f 30/37/3 31/37/3 28/37/3 27/37/3
f 29/37/6 32/37/6 31/37/6 30/37/6
f 33/37/1 34/37/1 2/37/1 1/37/1
f 7/37/5 35/37/5 33/37/5 1/37/5
f 34/37/1 36/37/1 8/37/1 2/37/1
f 36/37/1 37/37/1 11/37/1 8/37/1
f 37/37/1 38/37/1 14/37/1 11/37/1
f 38/37/1 39/37/1 17/37/1 14/37/1
f 39/37/1 40/37/1 20/37/1 17/37/1
f 40/37/1 41/37/1 23/37/1 20/37/1
f 41/37/1 42/37/1 26/37/1 23/37/1
f 42/37/1 43/37/1 29/37/1 26/37/1
f 43/37/6 44/37/6 32/37/6 29/37/6
f 45/37/1 46/37/1 34/37/1 33/37/1
f 35/37/5 47/37/5 45/37/5 33/37/5
f 46/37/1 48/37/1 36/37/1 34/37/1
f 48/37/1 49/37/1 37/37/1 36/37/1
f 49/37/1 50/37/1 38/37/1 37/37/1
f 50/37/1 51/37/1 39/37/1 38/37/1
f 51/37/1 52/37/1 40/37/1 39/37/1
f 52/37/1 53/37/1 41/37/1 40/37/1
f 53/37/1 54/37/1 42/37/1 41/37/1
f 54/37/1 55/37/1 43/37/1 42/37/1
f 55/37/6 56/37/6 44/37/6 43/37/6
f 57/37/1 58/37/1 46/37/1 45/37/1
f 47/37/5 59/37/5 57/37/5 45/37/5
f 58/37/1 60/37/1 48/37/1 46/37/1
f 60/37/1 61/37/1 49/37/1 48/37/1
f 61/36/1 62/36/1 50/36/1 49/36/1
f 62/37/1 63/37/1 51/37/1 50/37/1
f 63/37/1 64/37/1 52/37/1 51/37/1
f 64/37/1 65/37/1 53/37/1 52/37/1
f 65/37/1 66/37/1 54/37/1 53/37/1
f 66/37/1 67/37/1 55/37/1 54/37/1
f 67/37/6 68/37/6 56/37/6 55/37/6
f 69/37/1 70/37/1 58/37/1 57/37/1
f 59/37/5 71/37/5 69/37/5 57/37/5
f 70/37/1 72/37/1 60/37/1 58/37/1
f 72/37/1 73/37/1 61/37/1 60/37/1
f 73/37/1 74/37/1 62/37/1 61/37/1
f 74/37/1 75/37/1 63/37/1 62/37/1
f 75/37/1 76/37/1 64/37/1 63/37/1
f 76/37/1 77/37/1 65/37/1 64/37/1
f 77/37/1 78/37/1 66/37/1 65/37/1
f 78/37/1 79/37/1 67/37/1 66/37/1
f 79/37/6 80/37/6 68/37/6 67/37/6
f 81/37/1 82/37/1 70/37/1 69/37/1
f 71/37/5 83/37/5 81/37/5 69/37/5
f 82/37/1 84/37/1 72/37/1 70/37/1
f 84/37/1 85/37/1 73/37/1 72/37/1
f 85/37/1 86/37/1 74/37/1 73/37/1
f 86/37/1 87/37/1 75/37/1 74/37/1
f 87/37/1 88/37/1 76/37/1 75/37/1
f 88/37/1 89/37/1 77/37/1 76/37/1
f 89/37/1 90/37/1 78/37/1 77/37/1
f 90/37/1 91/37/1 79/37/1 78/37/1
f 91/37/6 92/37/6 80/37/6 79/37/6
f 93/37/1 94/37/1 82/37/1 81/37/1
f 83/37/5 95/37/5 93/37/5 81/37/5
f 94/37/1 96/37/1 84/37/1 82/37/1
f 96/37/1 97/37/1 85/37/1 84/37/1
f 97/37/1 98/37/1 86/37/1 85/37/1
f 98/37/1 99/37/1 87/37/1 86/37/1
f 99/37/1 100/37/1 88/37/1 87/37/1
f 100/37/1 101/37/1 89/37/1 88/37/1
f 101/37/1 102/37/1 90/37/1 89/37/1
f 102/37/1 103/37/1 91/37/1 90/37/1
f 103/37/6 104/37/6 92/37/6 91/37/6
f 105/37/1 106/37/1 94/37/1 93/37/1
f 95/37/5 107/37/5 105/37/5 93/37/5
f 106/37/1 108/37/1 96/37/1 94/37/1
f 108/37/1 109/37/1 97/37/1 96/37/1
f 109/37/1 110/37/1 98/37/1 97/37/1
f 110/37/1 111/37/1 99/37/1 98/37/1
f 111/37/1 112/37/1 100/37/1 99/37/1
f 112/37/1 113/37/1 101/37/1 100/37/1
f 113/37/1 114/37/1 102/37/1 101/37/1
f 114/37/1 115/37/1 103/37/1 102/37/1
f 115/37/6 116/37/6 104/37/6 103/37/6
f 117/37/1 118/37/1 106/37/1 105/37/1
f 107/37/5 119/37/5 117/37/5 105/37/5
f 118/37/1 120/37/1 108/37/1 106/37/1
f 120/37/1 121/37/1 109/37/1 108/37/1
f 121/37/1 122/37/1 110/37/1 109/37/1
f 122/37/1 123/37/1 111/37/1 110/37/1
f 123/37/1 124/37/1 112/37/1 111/37/1
f 124/37/1 125/37/1 113/37/1 112/37/1
f 125/37/1 126/37/1 114/37/1 113/37/1
f 126/37/1 127/37/1 115/37/1 114/37/1
f 127/38/1 128/38/1 129/38/1 115/38/1
f 129/38/3 130/38/3 116/38/3 115/38/3
f 128/38/1 131/38/1 132/38/1 129/38/1
f 132/38/3 133/38/3 130/38/3 129/38/3
f 131/38/1 134/38/1 135/38/1 132/38/1
f 135/38/3 136/38/3 133/38/3 132/38/3
f 134/38/1 137/38/1 138/38/1 135/38/1
f 138/38/3 139/38/3 136/38/3 135/38/3
f 137/38/1 140/38/1 141/38/1 138/38/1
f 141/38/3 142/38/3 139/38/3 138/38/3
f 140/38/1 143/38/1 144/38/1 141/38/1
f 144/38/3 145/38/3 142/38/3 141/38/3
f 143/38/1 146/38/1 147/38/1 144/38/1
f 147/38/3 148/38/3 145/38/3 144/38/3
f 146/38/1 149/38/1 150/38/1 147/38/1
f 150/38/3 151/38/3 148/38/3 147/38/3
f 149/38/1 152/38/1 153/38/1 150/38/1
f 153/38/3 154/38/3 151/38/3 150/38/3
f 152/38/1 155/38/1 156/38/1 153/38/1
f 156/38/3 157/38/3 154/38/3 153/38/3
f 155/38/1 158/38/1 159/38/1 156/38/1
f 159/38/3 160/38/3 157/38/3 156/38/3
f 158/38/1 161/38/1 162/38/1 159/38/1
f 162/38/3 163/38/3 160/38/3 159/38/3
f 161/38/1 164/38/1 165/38/1 162/38/1
f 165/38/3 166/38/3 163/38/3 162/38/3
f 164/38/6 167/38/6 166/38/6 165/38/6
f 168/37/1 169/37/1 118/37/1 117/37/1
f 170/37/4 171/37/4 169/37/4 168/37/4
f 119/37/5 170/37/5 168/37/5 117/37/5
f 169/37/1 172/37/1 120/37/1 118/37/1
f 171/37/4 173/37/4 172/37/4 169/37/4
f 172/37/1 174/37/1 121/37/1 120/37/1
f 173/37/4 175/37/4 174/37/4 172/37/4
f 174/37/1 176/37/1 122/37/1 121/37/1
f 175/37/4 177/37/4 176/37/4 174/37/4
f 176/37/1 178/37/1 123/37/1 122/37/1
f 177/37/4 179/37/4 178/37/4 176/37/4
f 178/37/1 180/37/1 124/37/1 123/37/1
f 179/37/4 181/37/4 180/37/4 178/37/4
f 180/37/1 182/37/1 125/37/1 124/37/1
f 181/37/4 183/37/4 182/37/4 180/37/4
f 182/37/1 184/37/1 126/37/1 125/37/1
f 183/37/4 185/37/4 184/37/4 182/37/4
f 184/37/1 186/37/1 127/37/1 126/37/1
f 185/37/4 187/37/4 186/37/4 184/37/4
f 186/38/1 188/38/1 128/38/1 127/38/1
f 187/38/4 189/38/4 188/38/4 186/38/4
f 188/38/1 190/38/1 131/38/1 128/38/1
f 189/38/4 191/38/4 190/38/4 188/38/4
f 190/38/1 192/38/1 134/38/1 131/38/1
f 191/38/4 193/38/4 192/38/4 190/38/4
f 192/38/1 194/38/1 137/38/1 134/38/1
f 193/38/4 195/38/4 194/38/4 192/38/4
f 194/38/1 196/38/1 140/38/1 137/38/1
f 195/38/4 197/38/4 196/38/4 194/38/4
f 196/38/1 198/38/1 143/38/1 140/38/1
f 197/38/4 199/38/4 198/38/4 196/38/4
f 198/38/1 200/38/1 146/38/1 143/38/1
f 199/38/4 201/38/4 200/38/4 198/38/4
f 200/38/1 202/38/1 149/38/1 146/38/1
f 201/38/4 203/38/4 202/38/4 200/38/4
f 202/38/1 204/38/1 152/38/1 149/38/1
f 203/38/4 205/38/4 204/38/4 202/38/4
f 204/38/1 206/38/1 155/38/1 152/38/1
f 205/38/4 207/38/4 206/38/4 204/38/4
f 206/38/1 208/38/1 158/38/1 155/38/1
f 207/38/4 209/38/4 208/38/4 206/38/4
f 208/38/1 210/38/1 161/38/1 158/38/1
f 209/38/4 211/38/4 210/38/4 208/38/4
f 210/38/1 212/38/1 164/38/1 161/38/1
f 211/38/4 213/38/4 212/38/4 210/38/4
f 212/38/6 213/38/6 167/38/6 164/38/6
f 5/37/3 214/37/3 215/37/3 6/37/3
f 215/37/5 216/37/5 7/37/5 6/37/5
f 10/37/3 217/37/3 214/37/3 5/37/3
f 13/37/3 218/37/3 217/37/3 10/37/3
f 16/37/3 219/37/3 218/37/3 13/37/3
f 19/37/3 220/37/3 219/37/3 16/37/3
f 22/37/3 221/37/3 220/37/3 19/37/3
f 25/37/3 222/37/3 221/37/3 22/37/3
f 28/37/3 223/37/3 222/37/3 25/37/3
f 31/37/3 224/37/3 223/37/3 28/37/3
f 32/37/6 225/37/6 224/37/6 31/37/6
f 216/37/5 226/37/5 35/37/5 7/37/5
f 44/37/6 227/37/6 225/37/6 32/37/6
f 226/37/5 228/37/5 47/37/5 35/37/5
f 229/37/2 230/37/2 231/37/2 232/37/2
f 233/37/2 234/37/2 230/37/2 229/37/2
f 235/37/2 236/37/2 234/37/2 233/37/2
f 237/37/2 238/37/2 236/37/2 235/37/2
f 239/37/2 240/37/2 238/37/2 237/37/2
f 241/37/2 242/37/2 240/37/2 239/37/2
f 227/37/2 243/37/2 242/37/2 241/37/2
f 56/37/6 243/37/6 227/37/6 44/37/6
f 228/37/5 244/37/5 59/37/5 47/37/5
f 230/37/2 245/37/2 246/37/2 231/37/2
f 234/37/2 247/37/2 245/37/2 230/37/2
f 236/37/2 248/37/2 247/37/2 234/37/2
f 238/37/2 249/37/2 248/37/2 236/37/2
f 240/37/2 250/37/2 249/37/2 238/37/2
f 242/37/2 251/37/2 250/37/2 240/37/2
f 243/37/2 252/37/2 251/37/2 242/37/2
f 68/37/6 252/37/6 243/37/6 56/37/6
f 244/37/5 253/37/5 71/37/5 59/37/5
f 245/37/2 254/37/2 255/37/2 246/37/2
f 247/37/2 256/37/2 254/37/2 245/37/2
f 248/37/2 257/37/2 256/37/2 247/37/2
f 249/37/2 258/37/2 257/37/2 248/37/2
f 250/37/2 259/37/2 258/37/2 249/37/2
f 251/37/2 260/37/2 259/37/2 250/37/2
f 252/37/2 261/37/2 260/37/2 251/37/2
f 80/37/6 261/37/6 252/37/6 68/37/6
f 253/37/5 262/37/5 83/37/5 71/37/5
f 254/37/2 263/37/2 264/37/2 255/37/2
f 256/37/2 265/37/2 263/37/2 254/37/2
f 257/37/2 266/37/2 265/37/2 256/37/2
f 258/37/2 267/37/2 266/37/2 257/37/2
f 259/37/2 268/37/2 267/37/2 258/37/2
f 260/37/2 269/37/2 268/37/2 259/37/2
f 261/37/2 270/37/2 269/37/2 260/37/2
f 92/37/6 270/37/6 261/37/6 80/37/6
f 262/37/5 271/37/5 95/37/5 83/37/5
f 263/37/2 272/37/2 273/37/2 264/37/2
f 265/37/2 274/37/2 272/37/2 263/37/2
f 266/37/2 275/37/2 274/37/2 265/37/2
f 267/37/2 276/37/2 275/37/2 266/37/2
f 268/37/2 277/37/2 276/37/2 267/37/2
f 269/37/2 278/37/2 277/37/2 268/37/2
f 270/37/2 279/37/2 278/37/2 269/37/2
f 104/37/6 279/37/6 270/37/6 92/37/6
f 271/37/5 280/37/5 107/37/5 95/37/5
f 272/37/2 281/37/2 282/37/2 273/37/2
f 274/37/2 283/37/2 281/37/2 272/37/2
f 275/37/2 284/37/2 283/37/2 274/37/2
f 276/37/2 285/37/2 284/37/2 275/37/2
f 277/37/2 286/37/2 285/37/2 276/37/2
f 278/37/2 287/37/2 286/37/2 277/37/2
f 279/37/2 288/37/2 287/37/2 278/37/2
f 116/37/6 288/37/6 279/37/6 104/37/6
f 280/36/5 289/36/5 119/36/5 107/36/5
f 130/38/3 290/38/3 288/38/3 116/38/3
f 133/38/3 291/38/3 290/38/3 130/38/3
f 136/38/3 292/38/3 291/38/3 133/38/3
f 139/38/3 293/38/3 292/38/3 136/38/3
f 142/38/3 294/38/3 293/38/3 139/38/3
f 145/38/3 295/38/3 294/38/3 142/38/3
f 148/38/3 296/38/3 295/38/3 145/38/3
f 151/38/3 297/38/3 296/38/3 148/38/3
f 154/38/3 298/38/3 297/38/3 151/38/3
f 157/38/3 299/38/3 298/38/3 154/38/3
f 160/38/3 300/38/3 299/38/3 157/38/3
f 163/38/3 301/38/3 300/38/3 160/38/3
f 166/38/3 302/38/3 301/38/3 163/38/3
f 167/38/6 303/38/6 302/38/6 166/38/6
f 304/37/4 305/37/4 171/37/4 170/37/4
f 289/37/5 304/37/5 170/37/5 119/37/5
f 305/37/4 306/37/4 173/37/4 171/37/4
f 306/37/4 307/37/4 175/37/4 173/37/4
f 307/37/4 308/37/4 177/37/4 175/37/4
f 308/37/4 309/37/4 179/37/4 177/37/4
f 309/37/4 310/37/4 181/37/4 179/37/4
f 310/37/4 311/37/4 183/37/4 181/37/4
f 311/37/4 312/37/4 185/37/4 183/37/4
f 312/37/4 313/37/4 187/37/4 185/37/4
f 313/36/4 314/36/4 189/36/4 187/36/4
f 314/38/4 315/38/4 191/38/4 189/38/4
f 315/38/4 316/38/4 193/38/4 191/38/4
f 316/38/4 317/38/4 195/38/4 193/38/4
f 317/38/4 318/38/4 197/38/4 195/38/4
f 318/38/4 319/38/4 199/38/4 197/38/4
f 319/38/4 320/38/4 201/38/4 199/38/4
f 320/38/4 321/38/4 203/38/4 201/38/4
f 321/38/4 322/38/4 205/38/4 203/38/4
f 322/38/4 323/38/4 207/38/4 205/38/4
f 323/38/4 324/38/4 209/38/4 207/38/4
f 324/38/4 325/38/4 211/38/4 209/38/4
f 325/38/4 326/38/4 213/38/4 211/38/4
f 213/38/6 326/38/6 303/38/6 167/38/6
f 214/37/3 327/37/3 328/37/3 215/37/3
f 328/37/5 329/37/5 216/37/5 215/37/5
f 217/37/3 330/37/3 327/37/3 214/37/3
f 218/37/3 331/37/3 330/37/3 217/37/3
f 219/37/3 332/37/3 331/37/3 218/37/3
f 220/37/3 333/37/3 332/37/3 219/37/3
f 221/37/3 334/37/3 333/37/3 220/37/3
f 222/37/3 335/37/3 334/37/3 221/37/3
f 223/37/3 336/37/3 335/37/3 222/37/3
f 224/37/3 337/37/3 336/37/3 223/37/3
f 225/37/6 338/37/6 337/37/6 224/37/6
f 329/37/5 339/37/5 226/37/5 216/37/5
f 340/37/4 341/37/4 229/37/4 232/37/4
f 341/37/4 342/37/4 233/37/4 229/37/4
f 342/37/4 343/37/4 235/37/4 233/37/4
f 343/37/4 344/37/4 237/37/4 235/37/4
f 344/37/4 345/37/4 239/37/4 237/37/4
f 345/37/4 346/37/4 241/37/4 239/37/4
f 346/37/4 347/37/4 227/37/4 241/37/4
f 227/37/6 347/37/6 338/37/6 225/37/6
f 339/37/5 348/37/5 228/37/5 226/37/5
f 231/37/6 349/37/6 340/37/6 232/37/6
f 348/37/5 350/37/5 244/37/5 228/37/5
f 246/37/6 351/37/6 349/37/6 231/37/6
f 350/37/5 352/37/5 253/37/5 244/37/5
f 255/37/6 353/37/6 351/37/6 246/37/6
f 352/37/5 354/37/5 262/37/5 253/37/5
f 264/37/6 355/37/6 353/37/6 255/37/6
f 354/37/5 356/37/5 271/37/5 262/37/5
f 273/37/6 357/37/6 355/37/6 264/37/6
f 356/37/5 358/37/5 280/37/5 271/37/5
f 282/37/6 359/37/6 357/37/6 273/37/6
f 358/37/5 360/37/5 289/37/5 280/37/5
f 281/37/3 361/37/3 359/37/3 282/37/3
f 283/37/3 362/37/3 361/37/3 281/37/3
f 284/37/3 363/37/3 362/37/3 283/37/3
f 285/37/3 364/37/3 363/37/3 284/37/3
f 286/37/3 365/37/3 364/37/3 285/37/3
f 287/37/3 366/37/3 365/37/3 286/37/3
f 288/37/3 367/37/3 366/37/3 287/37/3
f 290/38/3 368/38/3 367/38/3 288/38/3
f 291/38/3 369/38/3 368/38/3 290/38/3
f 292/36/3 370/36/3 369/36/3 291/36/3
f 293/36/3 371/36/3 370/36/3 292/36/3
f 294/36/3 372/36/3 371/36/3 293/36/3
f 295/36/3 373/36/3 372/36/3 294/36/3
f 296/36/3 374/36/3 373/36/3 295/36/3
f 297/36/3 375/36/3 374/36/3 296/36/3
f 298/36/3 376/36/3 375/36/3 297/36/3
f 299/36/3 377/36/3 376/36/3 298/36/3
f 300/36/3 378/36/3 377/36/3 299/36/3
f 301/38/3 379/38/3 378/38/3 300/38/3
f 302/38/3 380/38/3 379/38/3 301/38/3
f 303/38/6 381/38/6 380/38/6 302/38/6
f 382/37/4 383/37/4 305/37/4 304/37/4
f 360/37/5 382/37/5 304/37/5 289/37/5
f 383/37/4 384/37/4 306/37/4 305/37/4
f 384/37/4 385/37/4 307/37/4 306/37/4
f 385/37/4 386/37/4 308/37/4 307/37/4
f 386/37/4 387/37/4 309/37/4 308/37/4
f 387/37/4 388/37/4 310/37/4 309/37/4
f 388/37/4 389/37/4 311/37/4 310/37/4
f 389/37/4 390/37/4 312/37/4 311/37/4
f 390/37/4 391/37/4 313/37/4 312/37/4
f 391/38/4 392/38/4 314/38/4 313/38/4
f 392/38/4 393/38/4 315/38/4 314/38/4
f 393/38/4 394/38/4 316/38/4 315/38/4
f 394/38/4 395/38/4 317/38/4 316/38/4
f 395/38/4 396/38/4 318/38/4 317/38/4
f 396/38/4 397/38/4 319/38/4 318/38/4
f 397/38/4 398/38/4 320/38/4 319/38/4
f 398/38/4 399/38/4 321/38/4 320/38/4
f 399/38/4 400/38/4 322/38/4 321/38/4
f 400/38/4 401/38/4 323/38/4 322/38/4
f 401/38/4 402/38/4 324/38/4 323/38/4
f 402/38/4 403/38/4 325/38/4 324/38/4
f 403/38/4 404/38/4 326/38/4 325/38/4
f 326/38/6 404/38/6 381/38/6 303/38/6
f 327/37/3 405/37/3 406/37/3 328/37/3
f 406/37/5 407/37/5 329/37/5 328/37/5
f 330/37/3 408/37/3 405/37/3 327/37/3
f 331/37/3 409/37/3 408/37/3 330/37/3
f 332/37/3 410/37/3 409/37/3 331/37/3
f 333/37/3 411/37/3 410/37/3 332/37/3
f 334/37/3 412/37/3 411/37/3 333/37/3
f 335/37/3 413/37/3 412/37/3 334/37/3
f 336/37/3 414/37/3 413/37/3 335/37/3
f 337/37/3 415/37/3 414/37/3 336/37/3
f 338/37/6 416/37/6 415/37/6 337/37/6
f 407/37/5 417/37/5 339/37/5 329/37/5
f 418/37/4 419/37/4 341/37/4 340/37/4
f 419/37/4 420/37/4 342/37/4 341/37/4
f 420/37/4 421/37/4 343/37/4 342/37/4
f 421/37/4 422/37/4 344/37/4 343/37/4
f 422/37/4 423/37/4 345/37/4 344/37/4
f 423/37/4 424/37/4 346/37/4 345/37/4
f 424/37/4 425/37/4 347/37/4 346/37/4
f 347/37/6 425/37/6 416/37/6 338/37/6
f 417/37/5 426/37/5 348/37/5 339/37/5
f 349/37/6 427/37/6 418/37/6 340/37/6
f 426/37/5 428/37/5 350/37/5 348/37/5
f 351/37/6 429/37/6 427/37/6 349/37/6
f 428/37/5 430/37/5 352/37/5 350/37/5
f 353/37/6 431/37/6 429/37/6 351/37/6
f 430/37/5 432/37/5 354/37/5 352/37/5
f 355/37/6 433/37/6 431/37/6 353/37/6
f 432/37/5 434/37/5 356/37/5 354/37/5
f 357/37/6 435/37/6 433/37/6 355/37/6
f 434/37/5 436/37/5 358/37/5 356/37/5
f 359/37/6 437/37/6 435/37/6 357/37/6
f 436/37/5 438/37/5 360/37/5 358/37/5
f 361/37/3 439/37/3 437/37/3 359/37/3
f 362/37/3 440/37/3 439/37/3 361/37/3
f 363/37/3 441/37/3 440/37/3 362/37/3
f 364/37/3 442/37/3 441/37/3 363/37/3
f 365/37/3 443/37/3 442/37/3 364/37/3
f 366/37/3 444/37/3 443/37/3 365/37/3
f 367/37/3 445/37/3 444/37/3 366/37/3
f 368/38/3 446/38/3 445/38/3 367/38/3
f 369/38/3 447/38/3 446/38/3 368/38/3
f 370/36/3 448/36/3 447/36/3 369/36/3
f 371/36/3 449/36/3 448/36/3 370/36/3
f 372/36/3 450/36/3 449/36/3 371/36/3
f 373/36/3 451/36/3 450/36/3 372/36/3
f 374/36/3 452/36/3 451/36/3 373/36/3
f 375/36/3 453/36/3 452/36/3 374/36/3
f 376/36/3 454/36/3 453/36/3 375/36/3
f 377/36/3 455/36/3 454/36/3 376/36/3
f 378/36/3 456/36/3 455/36/3 377/36/3
f 379/38/3 457/38/3 456/38/3 378/38/3
f 380/38/3 458/38/3 457/38/3 379/38/3
f 381/38/6 459/38/6 458/38/6 380/38/6
f 460/37/4 461/37/4 383/37/4 382/37/4
f 438/37/5 460/37/5 382/37/5 360/37/5
f 461/37/4 462/37/4 384/37/4 383/37/4
f 462/37/4 463/37/4 385/37/4 384/37/4
f 463/37/4 464/37/4 386/37/4 385/37/4
f 464/37/4 465/37/4 387/37/4 386/37/4
f 465/37/4 466/37/4 388/37/4 387/37/4
f 466/37/4 467/37/4 389/37/4 388/37/4
f 467/37/4 468/37/4 390/37/4 389/37/4
f 468/37/4 469/37/4 391/37/4 390/37/4
f 469/38/4 470/38/4 392/38/4 391/38/4
f 470/38/4 471/38/4 393/38/4 392/38/4
f 471/38/4 472/38/4 394/38/4 393/38/4
f 472/38/4 473/38/4 395/38/4 394/38/4
f 473/38/4 474/38/4 396/38/4 395/38/4
f 474/38/4 475/38/4 397/38/4 396/38/4
f 475/38/4 476/38/4 398/38/4 397/38/4
f 476/38/4 477/38/4 399/38/4 398/38/4
f 477/38/4 478/38/4 400/38/4 399/38/4
f 478/38/4 479/38/4 401/38/4 400/38/4
f 479/38/4 480/38/4 402/38/4 401/38/4
f 480/38/4 481/38/4 403/38/4 402/38/4
f 481/38/4 482/38/4 404/38/4 403/38/4
f 404/38/6 482/38/6 459/38/6 381/38/6
f 405/37/3 483/37/3 484/37/3 406/37/3
f 484/37/5 485/37/5 407/37/5 406/37/5
f 408/37/3 486/37/3 483/37/3 405/37/3
f 409/37/3 487/37/3 486/37/3 408/37/3
f 410/37/3 488/37/3 487/37/3 409/37/3
f 411/37/3 489/37/3 488/37/3 410/37/3
f 412/37/3 490/37/3 489/37/3 411/37/3
f 413/37/3 491/37/3 490/37/3 412/37/3
f 414/37/3 492/37/3 491/37/3 413/37/3
f 415/37/3 493/37/3 492/37/3 414/37/3
f 416/37/6 494/37/6 493/37/6 415/37/6
f 485/37/5 495/37/5 417/37/5 407/37/5
f 496/37/4 497/37/4 419/37/4 418/37/4
f 497/37/4 498/37/4 420/37/4 419/37/4
f 498/37/4 499/37/4 421/37/4 420/37/4
f 499/37/4 500/37/4 422/37/4 421/37/4
f 500/37/4 501/37/4 423/37/4 422/37/4
f 501/37/4 502/37/4 424/37/4 423/37/4
f 502/37/4 503/37/4 425/37/4 424/37/4
f 425/37/6 503/37/6 494/37/6 416/37/6
f 495/37/5 504/37/5 426/37/5 417/37/5
f 427/37/6 505/37/6 496/37/6 418/37/6
f 504/37/5 506/37/5 428/37/5 426/37/5
f 429/37/6 507/37/6 505/37/6 427/37/6
f 506/37/5 508/37/5 430/37/5 428/37/5
f 431/37/6 509/37/6 507/37/6 429/37/6
f 508/37/5 510/37/5 432/37/5 430/37/5
f 433/37/6 511/37/6 509/37/6 431/37/6
f 510/37/5 512/37/5 434/37/5 432/37/5
f 435/37/6 513/37/6 511/37/6 433/37/6
f 512/37/5 514/37/5 436/37/5 434/37/5
f 437/37/6 515/37/6 513/37/6 435/37/6
f 514/37/5 516/37/5 438/37/5 436/37/5
f 439/37/3 517/37/3 515/37/3 437/37/3
f 440/37/3 518/37/3 517/37/3 439/37/3
f 441/37/3 519/37/3 518/37/3 440/37/3
f 442/37/3 520/37/3 519/37/3 441/37/3
f 443/37/3 521/37/3 520/37/3 442/37/3
f 444/37/3 522/37/3 521/37/3 443/37/3
f 445/37/3 523/37/3 522/37/3 444/37/3
f 446/38/3 524/38/3 523/38/3 445/38/3
f 447/38/3 525/38/3 524/38/3 446/38/3
f 448/36/3 526/36/3 525/36/3 447/36/3
f 449/36/3 527/36/3 526/36/3 448/36/3
f 450/36/3 528/36/3 527/36/3 449/36/3
f 451/36/3 529/36/3 528/36/3 450/36/3
f 452/36/3 530/36/3 529/36/3 451/36/3
f 453/36/3 531/36/3 530/36/3 452/36/3
f 454/36/3 532/36/3 531/36/3 453/36/3
f 455/36/3 533/36/3 532/36/3 454/36/3
f 456/36/3 534/36/3 533/36/3 455/36/3
f 457/38/3 535/38/3 534/38/3 456/38/3
f 458/38/3 536/38/3 535/38/3 457/38/3
f 459/38/6 537/38/6 536/38/6 458/38/6
f 538/37/4 539/37/4 461/37/4 460/37/4
f 516/37/5 538/37/5 460/37/5 438/37/5
f 539/37/4 540/37/4 462/37/4 461/37/4
f 540/37/4 541/37/4 463/37/4 462/37/4
f 541/37/4 542/37/4 464/37/4 463/37/4
f 542/37/4 543/37/4 465/37/4 464/37/4
f 543/37/4 544/37/4 466/37/4 465/37/4
f 544/37/4 545/37/4 467/37/4 466/37/4
f 545/37/4 546/37/4 468/37/4 467/37/4
f 546/37/4 547/37/4 469/37/4 468/37/4
f 547/38/4 548/38/4 470/38/4 469/38/4
f 548/38/4 549/38/4 471/38/4 470/38/4
f 549/38/4 550/38/4 472/38/4 471/38/4
f 550/38/4 551/38/4 473/38/4 472/38/4
f 551/38/4 552/38/4 474/38/4 473/38/4
f 552/38/4 553/38/4 475/38/4 474/38/4
f 553/38/4 554/38/4 476/38/4 475/38/4
f 554/38/4 555/38/4 477/38/4 476/38/4
f 555/38/4 556/38/4 478/38/4 477/38/4
f 556/38/4 557/38/4 479/38/4 478/38/4
f 557/38/4 558/38/4 480/38/4 479/38/4
f 558/38/4 559/38/4 481/38/4 480/38/4
f 559/38/4 560/38/4 482/38/4 481/38/4
f 482/38/6 560/38/6 537/38/6 459/38/6
f 483/37/3 561/37/3 562/37/3 484/37/3
f 562/37/5 563/37/5 485/37/5 484/37/5
f 486/37/3 564/37/3 561/37/3 483/37/3
f 487/37/3 565/37/3 564/37/3 486/37/3
f 488/37/3 566/37/3 565/37/3 487/37/3
f 489/37/3 567/37/3 566/37/3 488/37/3
f 490/37/3 568/37/3 567/37/3 489/37/3
f 491/37/3 569/37/3 568/37/3 490/37/3
f 492/37/3 570/37/3 569/37/3 491/37/3
f 493/37/3 571/37/3 570/37/3 492/37/3
f 494/37/6 572/37/6 571/37/6 493/37/6
f 563/37/5 573/37/5 495/37/5 485/37/5
f 574/37/4 575/37/4 497/37/4 496/37/4
f 575/37/4 576/37/4 498/37/4 497/37/4
f 576/37/4 577/37/4 499/37/4 498/37/4
f 577/37/4 578/37/4 500/37/4 499/37/4
f 578/37/4 579/37/4 501/37/4 500/37/4
f 579/37/4 580/37/4 502/37/4 501/37/4
f 580/37/4 581/37/4 503/37/4 502/37/4
f 503/37/6 581/37/6 572/37/6 494/37/6
f 573/37/5 582/37/5 504/37/5 495/37/5
f 505/37/6 583/37/6 574/37/6 496/37/6
f 582/37/5 584/37/5 506/37/5 504/37/5
f 507/37/6 585/37/6 583/37/6 505/37/6
f 584/37/5 586/37/5 508/37/5 506/37/5
f 509/37/6 587/37/6 585/37/6 507/37/6
f 586/37/5 588/37/5 510/37/5 508/37/5
f 511/37/6 589/37/6 587/37/6 509/37/6
f 588/37/5 590/37/5 512/37/5 510/37/5
f 513/37/6 591/37/6 589/37/6 511/37/6
f 590/37/5 592/37/5 514/37/5 512/37/5
f 515/37/6 593/37/6 591/37/6 513/37/6
f 592/37/5 594/37/5 516/37/5 514/37/5
f 517/37/3 595/37/3 593/37/3 515/37/3
f 518/37/3 596/37/3 595/37/3 517/37/3
f 519/37/3 597/37/3 596/37/3 518/37/3
f 520/37/3 598/37/3 597/37/3 519/37/3
f 521/37/3 599/37/3 598/37/3 520/37/3
f 522/37/3 600/37/3 599/37/3 521/37/3
f 523/37/3 601/37/3 600/37/3 522/37/3
f 524/38/3 602/38/3 601/38/3 523/38/3
f 525/38/3 603/38/3 602/38/3 524/38/3
f 526/36/3 604/36/3 603/36/3 525/36/3
f 527/36/3 605/36/3 604/36/3 526/36/3
f 528/36/3 606/36/3 605/36/3 527/36/3
f 529/36/3 607/36/3 606/36/3 528/36/3
f 530/36/3 608/36/3 607/36/3 529/36/3
f 531/36/3 609/36/3 608/36/3 530/36/3
f 532/36/3 610/36/3 609/36/3 531/36/3
f 533/36/3 611/36/3 610/36/3 532/36/3
f 534/36/3 612/36/3 611/36/3 533/36/3
f 535/38/3 613/38/3 612/38/3 534/38/3
f 536/38/3 614/38/3 613/38/3 535/38/3
f 537/38/6 615/38/6 614/38/6 536/38/6
f 616/37/4 617/37/4 539/37/4 538/37/4
f 594/37/5 616/37/5 538/37/5 516/37/5
f 617/37/4 618/37/4 540/37/4 539/37/4
f 618/37/4 619/37/4 541/37/4 540/37/4
f 619/37/4 620/37/4 542/37/4 541/37/4
f 620/37/4 621/37/4 543/37/4 542/37/4
f 621/37/4 622/37/4 544/37/4 543/37/4
f 622/37/4 623/37/4 545/37/4 544/37/4
f 623/37/4 624/37/4 546/37/4 545/37/4
f 624/37/4 625/37/4 547/37/4 546/37/4
f 625/38/4 626/38/4 548/38/4 547/38/4
f 626/38/4 627/38/4 549/38/4 548/38/4
f 627/38/4 628/38/4 550/38/4 549/38/4
f 628/38/4 629/38/4 551/38/4 550/38/4
f 629/38/4 630/38/4 552/38/4 551/38/4
f 630/38/4 631/38/4 553/38/4 552/38/4
f 631/38/4 632/38/4 554/38/4 553/38/4
f 632/38/4 633/38/4 555/38/4 554/38/4
f 633/38/4 634/38/4 556/38/4 555/38/4
f 634/38/4 635/38/4 557/38/4 556/38/4
f 635/38/4 636/38/4 558/38/4 557/38/4
f 636/38/4 637/38/4 559/38/4 558/38/4
f 637/38/4 638/38/4 560/38/4 559/38/4
f 560/38/6 638/38/6 615/38/6 537/38/6
f 568/55/1 569/55/1 639/55/1 640/55/1
f 639/55/3 641/55/3 642/55/3 640/55/3
f 642/55/5 643/55/5 568/55/5 640/55/5
f 569/53/1 570/53/1 644/53/1 639/53/1
f 644/53/3 645/53/3 641/53/3 639/53/3
f 570/54/1 571/54/1 646/54/1 644/54/1
f 646/54/3 647/54/3 645/54/3 644/54/3
f 571/55/1 648/55/1 649/55/1 646/55/1
f 649/55/3 650/55/3 647/55/3 646/55/3
f 651/55/4 652/55/4 648/55/4 571/55/4
f 648/55/6 652/55/6 650/55/6 649/55/6
f 561/37/3 653/37/3 654/37/3 562/37/3
f 654/37/5 655/37/5 563/37/5 562/37/5
f 564/37/3 656/37/3 653/37/3 561/37/3
f 565/37/3 657/37/3 656/37/3 564/37/3
f 566/37/3 658/37/3 657/37/3 565/37/3
f 567/36/3 659/36/3 658/36/3 566/36/3
f 568/37/3 643/37/3 659/37/3 567/37/3
f 572/37/6 660/37/6 651/37/6 571/37/6
f 655/37/5 661/37/5 573/37/5 563/37/5
f 662/37/4 663/37/4 575/37/4 574/37/4
f 663/37/4 664/37/4 576/37/4 575/37/4
f 664/37/4 665/37/4 577/37/4 576/37/4
f 665/37/4 666/37/4 578/37/4 577/37/4
f 666/37/4 667/37/4 579/37/4 578/37/4
f 667/37/4 668/37/4 580/37/4 579/37/4
f 668/37/4 669/37/4 581/37/4 580/37/4
f 581/37/6 669/37/6 660/37/6 572/37/6
f 661/37/5 670/37/5 582/37/5 573/37/5
f 583/37/6 671/37/6 662/37/6 574/37/6
f 670/37/5 672/37/5 584/37/5 582/37/5
f 585/37/6 673/37/6 671/37/6 583/37/6
f 672/37/5 674/37/5 586/37/5 584/37/5
f 587/37/6 675/37/6 673/37/6 585/37/6
f 674/37/5 676/37/5 588/37/5 586/37/5
f 589/37/6 677/37/6 675/37/6 587/37/6
f 676/37/5 678/37/5 590/37/5 588/37/5
f 591/37/6 679/37/6 677/37/6 589/37/6
f 678/37/5 680/37/5 592/37/5 590/37/5
f 593/37/6 681/37/6 679/37/6 591/37/6
f 680/37/5 682/37/5 594/37/5 592/37/5
f 595/37/3 683/37/3 681/37/3 593/37/3
f 596/37/3 684/37/3 683/37/3 595/37/3
f 597/37/3 685/37/3 684/37/3 596/37/3
f 598/37/3 686/37/3 685/37/3 597/37/3
f 599/37/3 687/37/3 686/37/3 598/37/3
f 600/37/3 688/37/3 687/37/3 599/37/3
f 601/37/3 689/37/3 688/37/3 600/37/3
f 602/38/3 690/38/3 689/38/3 601/38/3
f 603/38/3 691/38/3 690/38/3 602/38/3
f 604/36/3 692/36/3 691/36/3 603/36/3
f 605/36/3 693/36/3 692/36/3 604/36/3
f 606/36/3 694/36/3 693/36/3 605/36/3
f 607/36/3 695/36/3 694/36/3 606/36/3
f 608/36/3 696/36/3 695/36/3 607/36/3
f 609/36/3 697/36/3 696/36/3 608/36/3
f 610/36/3 698/36/3 697/36/3 609/36/3
f 611/36/3 699/36/3 698/36/3 610/36/3
f 612/36/3 700/36/3 699/36/3 611/36/3
f 613/38/3 701/38/3 700/38/3 612/38/3
f 614/38/3 702/38/3 701/38/3 613/38/3
f 615/38/6 703/38/6 702/38/6 614/38/6
f 704/37/4 705/37/4 617/37/4 616/37/4
f 682/37/5 704/37/5 616/37/5 594/37/5
f 705/37/4 706/37/4 618/37/4 617/37/4
f 706/37/4 707/37/4 619/37/4 618/37/4
f 707/37/4 708/37/4 620/37/4 619/37/4
f 708/37/4 709/37/4 621/37/4 620/37/4
f 709/37/4 710/37/4 622/37/4 621/37/4
f 710/37/4 711/37/4 623/37/4 622/37/4
f 711/37/4 712/37/4 624/37/4 623/37/4
f 712/37/4 713/37/4 625/37/4 624/37/4
f 713/38/4 714/38/4 626/38/4 625/38/4
f 714/38/4 715/38/4 627/38/4 626/38/4
f 715/38/4 716/38/4 628/38/4 627/38/4
f 716/38/4 717/38/4 629/38/4 628/38/4
f 717/38/4 718/38/4 630/38/4 629/38/4
f 718/38/4 719/38/4 631/38/4 630/38/4
f 719/38/4 720/38/4 632/38/4 631/38/4
f 720/38/4 721/38/4 633/38/4 632/38/4
f 721/38/4 722/38/4 634/38/4 633/38/4
f 722/38/4 723/38/4 635/38/4 634/38/4
f 723/38/4 724/38/4 636/38/4 635/38/4
f 724/38/4 725/38/4 637/38/4 636/38/4
f 725/38/4 726/38/4 638/38/4 637/38/4
f 638/38/6 726/38/6 703/38/6 615/38/6
f 727/54/2 728/54/2 729/54/2 730/54/2
f 641/54/3 727/54/3 730/54/3 642/54/3
f 730/54/5 729/54/5 643/54/5 642/54/5
f 731/53/2 732/53/2 728/53/2 727/53/2
f 645/53/3 731/53/3 727/53/3 641/53/3
f 733/54/2 734/54/2 732/54/2 731/54/2
f 647/54/3 733/54/3 731/54/3 645/54/3
f 735/55/2 736/55/2 734/55/2 733/55/2
f 650/55/3 735/55/3 733/55/3 647/55/3
f 734/55/4 736/55/4 652/55/4 651/55/4
f 652/55/6 736/55/6 735/55/6 650/55/6
f 653/37/3 737/37/3 738/37/3 654/37/3
f 738/37/5 739/37/5 655/37/5 654/37/5
f 656/37/3 740/37/3 737/37/3 653/37/3
f 657/37/3 741/37/3 740/37/3 656/37/3
f 658/37/3 742/37/3 741/37/3 657/37/3
f 659/37/3 743/37/3 742/37/3 658/37/3
f 643/37/3 729/37/3 743/37/3 659/37/3
f 660/37/6 744/37/6 734/37/6 651/37/6
f 739/37/5 745/37/5 661/37/5 655/37/5
f 746/37/4 747/37/4 663/37/4 662/37/4
f 747/37/4 748/37/4 664/37/4 663/37/4
f 748/37/4 749/37/4 665/37/4 664/37/4
f 749/37/4 750/37/4 666/37/4 665/37/4
f 750/37/4 751/37/4 667/37/4 666/37/4
f 751/37/4 752/37/4 668/37/4 667/37/4
f 752/38/4 753/38/4 669/38/4 668/38/4
f 669/38/6 753/38/6 744/38/6 660/38/6
f 745/37/5 754/37/5 670/37/5 661/37/5
f 671/37/6 755/37/6 746/37/6 662/37/6
f 754/37/5 756/37/5 672/37/5 670/37/5
f 673/37/6 757/37/6 755/37/6 671/37/6
f 756/37/5 758/37/5 674/37/5 672/37/5
f 675/37/6 759/37/6 757/37/6 673/37/6
f 758/37/5 760/37/5 676/37/5 674/37/5
f 677/37/6 761/37/6 759/37/6 675/37/6
f 760/37/5 762/37/5 678/37/5 676/37/5
f 679/37/6 763/37/6 761/37/6 677/37/6
f 762/37/5 764/37/5 680/37/5 678/37/5
f 681/37/6 765/37/6 763/37/6 679/37/6
f 764/37/5 766/37/5 682/37/5 680/37/5
f 683/37/3 767/37/3 765/37/3 681/37/3
f 684/37/3 768/37/3 767/37/3 683/37/3
f 685/37/3 769/37/3 768/37/3 684/37/3
f 686/37/3 770/37/3 769/37/3 685/37/3
f 687/37/3 771/37/3 770/37/3 686/37/3
f 688/37/3 772/37/3 771/37/3 687/37/3
f 689/37/3 773/37/3 772/37/3 688/37/3
f 690/38/3 774/38/3 773/38/3 689/38/3
f 691/38/3 775/38/3 774/38/3 690/38/3
f 692/36/3 776/36/3 775/36/3 691/36/3
f 693/36/3 777/36/3 776/36/3 692/36/3
f 694/36/3 778/36/3 777/36/3 693/36/3
f 695/36/3 779/36/3 778/36/3 694/36/3
f 696/36/3 780/36/3 779/36/3 695/36/3
f 697/36/3 781/36/3 780/36/3 696/36/3
f 698/36/3 782/36/3 781/36/3 697/36/3
f 699/36/3 783/36/3 782/36/3 698/36/3
f 700/36/3 784/36/3 783/36/3 699/36/3
f 701/38/3 785/38/3 784/38/3 700/38/3
f 702/38/3 786/38/3 785/38/3 701/38/3
f 703/38/6 787/38/6 786/38/6 702/38/6
f 788/37/4 789/37/4 705/37/4 704/37/4
f 766/37/5 788/37/5 704/37/5 682/37/5
f 789/37/4 790/37/4 706/37/4 705/37/4
f 790/37/4 791/37/4 707/37/4 706/37/4
f 791/37/4 792/37/4 708/37/4 707/37/4
f 792/37/4 793/37/4 709/37/4 708/37/4
f 793/37/4 794/37/4 710/37/4 709/37/4
f 794/37/4 795/37/4 711/37/4 710/37/4
f 795/37/4 796/37/4 712/37/4 711/37/4
f 796/37/4 797/37/4 713/37/4 712/37/4
f 797/38/4 798/38/4 714/38/4 713/38/4
f 798/38/4 799/38/4 715/38/4 714/38/4
f 799/38/4 800/38/4 716/38/4 715/38/4
f 800/38/4 801/38/4 717/38/4 716/38/4
f 801/38/4 802/38/4 718/38/4 717/38/4
f 802/38/4 803/38/4 719/38/4 718/38/4
f 803/38/4 804/38/4 720/38/4 719/38/4
f 804/38/4 805/38/4 721/38/4 720/38/4
f 805/38/4 806/38/4 722/38/4 721/38/4
f 806/38/4 807/38/4 723/38/4 722/38/4
f 807/38/4 808/38/4 724/38/4 723/38/4
f 808/38/4 809/38/4 725/38/4 724/38/4
f 809/38/4 810/38/4 726/38/4 725/38/4
f 726/38/6 810/38/6 787/38/6 703/38/6
f 737/37/3 811/37/3 812/37/3 738/37/3
f 812/37/5 813/37/5 739/37/5 738/37/5
f 740/37/3 814/37/3 811/37/3 737/37/3
f 741/37/3 815/37/3 814/37/3 740/37/3
f 742/37/3 816/37/3 815/37/3 741/37/3
f 743/37/3 817/37/3 816/37/3 742/37/3
f 729/37/3 818/37/3 817/37/3 743/37/3
f 728/37/3 819/37/3 818/37/3 729/37/3
f 732/37/3 820/37/3 819/37/3 728/37/3
f 734/37/3 821/37/3 820/37/3 732/37/3
f 744/37/6 822/37/6 821/37/6 734/37/6
f 813/37/5 823/37/5 745/37/5 739/37/5
f 824/37/4 825/37/4 747/37/4 746/37/4
f 825/37/4 826/37/4 748/37/4 747/37/4
f 826/37/4 827/37/4 749/37/4 748/37/4
f 827/37/4 828/37/4 750/37/4 749/37/4
f 828/37/4 829/37/4 751/37/4 750/37/4
f 829/37/4 830/37/4 752/37/4 751/37/4
f 830/37/4 831/37/4 753/37/4 752/37/4
f 753/37/6 831/37/6 822/37/6 744/37/6
f 823/37/5 832/37/5 754/37/5 745/37/5
f 755/37/6 833/37/6 824/37/6 746/37/6
f 832/37/5 834/37/5 756/37/5 754/37/5
f 757/37/6 835/37/6 833/37/6 755/37/6
f 834/37/5 836/37/5 758/37/5 756/37/5
f 759/37/6 837/37/6 835/37/6 757/37/6
f 836/37/5 838/37/5 760/37/5 758/37/5
f 761/37/6 839/37/6 837/37/6 759/37/6
f 838/37/5 840/37/5 762/37/5 760/37/5
f 763/37/6 841/37/6 839/37/6 761/37/6
f 840/37/5 842/37/5 764/37/5 762/37/5
f 765/37/6 843/37/6 841/37/6 763/37/6
f 842/37/5 844/37/5 766/37/5 764/37/5
f 767/37/3 845/37/3 843/37/3 765/37/3
f 768/37/3 846/37/3 845/37/3 767/37/3
f 769/37/3 847/37/3 846/37/3 768/37/3
f 770/37/3 848/37/3 847/37/3 769/37/3
f 771/37/3 849/37/3 848/37/3 770/37/3
f 772/37/3 850/37/3 849/37/3 771/37/3
f 773/37/3 851/37/3 850/37/3 772/37/3
f 774/38/3 852/38/3 851/38/3 773/38/3
f 775/38/3 853/38/3 852/38/3 774/38/3
f 776/36/3 854/36/3 853/36/3 775/36/3
f 777/36/3 855/36/3 854/36/3 776/36/3
f 778/36/3 856/36/3 855/36/3 777/36/3
f 779/36/3 857/36/3 856/36/3 778/36/3
f 780/36/3 858/36/3 857/36/3 779/36/3
f 781/36/3 859/36/3 858/36/3 780/36/3
f 782/36/3 860/36/3 859/36/3 781/36/3
f 783/36/3 861/36/3 860/36/3 782/36/3
f 784/36/3 862/36/3 861/36/3 783/36/3
f 785/38/3 863/38/3 862/38/3 784/38/3
f 786/38/3 864/38/3 863/38/3 785/38/3
f 787/38/6 865/38/6 864/38/6 786/38/6
f 866/37/4 867/37/4 789/37/4 788/37/4
f 844/37/5 866/37/5 788/37/5 766/37/5
f 867/37/4 868/37/4 790/37/4 789/37/4
f 868/37/4 869/37/4 791/37/4 790/37/4
f 869/37/4 870/37/4 792/37/4 791/37/4
f 870/37/4 871/37/4 793/37/4 792/37/4
f 871/37/4 872/37/4 794/37/4 793/37/4
f 872/37/4 873/37/4 795/37/4 794/37/4
f 873/37/4 874/37/4 796/37/4 795/37/4
f 874/37/4 875/37/4 797/37/4 796/37/4
f 875/38/4 876/38/4 798/38/4 797/38/4
f 876/38/4 877/38/4 799/38/4 798/38/4
f 877/38/4 878/38/4 800/38/4 799/38/4
f 878/38/4 879/38/4 801/38/4 800/38/4
f 879/38/4 880/38/4 802/38/4 801/38/4
f 880/38/4 881/38/4 803/38/4 802/38/4
f 881/38/4 882/38/4 804/38/4 803/38/4
f 882/38/4 883/38/4 805/38/4 804/38/4
f 883/38/4 884/38/4 806/38/4 805/38/4
f 884/38/4 885/38/4 807/38/4 806/38/4
f 885/38/4 886/38/4 808/38/4 807/38/4
f 886/38/4 887/38/4 809/38/4 808/38/4
f 887/38/4 888/38/4 810/38/4 809/38/4
f 810/38/6 888/38/6 865/38/6 787/38/6
f 811/37/3 889/37/3 890/37/3 812/37/3
f 890/37/5 891/37/5 813/37/5 812/37/5
f 814/37/3 892/37/3 889/37/3 811/37/3
f 815/37/3 893/37/3 892/37/3 814/37/3
f 816/37/3 894/37/3 893/37/3 815/37/3
f 817/37/3 895/37/3 894/37/3 816/37/3
f 818/37/3 896/37/3 895/37/3 817/37/3
f 819/37/3 897/37/3 896/37/3 818/37/3
f 820/37/3 898/37/3 897/37/3 819/37/3
f 821/37/3 899/37/3 898/37/3 820/37/3
f 822/37/6 900/37/6 899/37/6 821/37/6
f 891/37/5 901/37/5 823/37/5 813/37/5
f 902/37/4 903/37/4 825/37/4 824/37/4
f 903/37/4 904/37/4 826/37/4 825/37/4
f 904/37/4 905/37/4 827/37/4 826/37/4
f 905/37/4 906/37/4 828/37/4 827/37/4
f 906/37/4 907/37/4 829/37/4 828/37/4
f 907/37/4 908/37/4 830/37/4 829/37/4
f 908/37/4 909/37/4 831/37/4 830/37/4
f 831/37/6 909/37/6 900/37/6 822/37/6
f 901/37/5 910/37/5 832/37/5 823/37/5
f 833/37/6 911/37/6 902/37/6 824/37/6
f 910/37/5 912/37/5 834/37/5 832/37/5
f 835/37/6 913/37/6 911/37/6 833/37/6
f 912/37/5 914/37/5 836/37/5 834/37/5
f 837/37/6 915/37/6 913/37/6 835/37/6
f 914/37/5 916/37/5 838/37/5 836/37/5
f 839/38/6 917/38/6 915/38/6 837/38/6
f 916/37/5 918/37/5 840/37/5 838/37/5
f 841/37/6 919/37/6 917/37/6 839/37/6
f 918/37/5 920/37/5 842/37/5 840/37/5
f 843/37/6 921/37/6 919/37/6 841/37/6
f 920/37/5 922/37/5 844/37/5 842/37/5
f 845/37/3 923/37/3 921/37/3 843/37/3
f 846/37/3 924/37/3 923/37/3 845/37/3
f 847/37/3 925/37/3 924/37/3 846/37/3
f 848/37/3 926/37/3 925/37/3 847/37/3
f 849/37/3 927/37/3 926/37/3 848/37/3
f 850/37/3 928/37/3 927/37/3 849/37/3
f 851/37/3 929/37/3 928/37/3 850/37/3
f 852/38/3 930/38/3 929/38/3 851/38/3
f 853/38/3 931/38/3 930/38/3 852/38/3
f 854/36/3 932/36/3 931/36/3 853/36/3
f 855/36/3 933/36/3 932/36/3 854/36/3
f 856/36/3 934/36/3 933/36/3 855/36/3
f 857/36/3 935/36/3 934/36/3 856/36/3
f 858/36/3 936/36/3 935/36/3 857/36/3
f 859/36/3 937/36/3 936/36/3 858/36/3
f 860/36/3 938/36/3 937/36/3 859/36/3
f 861/36/3 939/36/3 938/36/3 860/36/3
f 862/36/3 940/36/3 939/36/3 861/36/3
f 863/38/3 941/38/3 940/38/3 862/38/3
f 864/38/3 942/38/3 941/38/3 863/38/3
f 865/38/6 943/38/6 942/38/6 864/38/6
f 944/37/4 945/37/4 867/37/4 866/37/4
f 922/37/5 944/37/5 866/37/5 844/37/5
f 945/37/4 946/37/4 868/37/4 867/37/4
f 946/37/4 947/37/4 869/37/4 868/37/4
f 947/37/4 948/37/4 870/37/4 869/37/4
f 948/37/4 949/37/4 871/37/4 870/37/4
f 949/37/4 950/37/4 872/37/4 871/37/4
f 950/37/4 951/37/4 873/37/4 872/37/4
f 951/37/4 952/37/4 874/37/4 873/37/4
f 952/37/4 953/37/4 875/37/4 874/37/4
f 953/38/4 954/38/4 876/38/4 875/38/4
f 954/38/4 955/38/4 877/38/4 876/38/4
f 955/38/4 956/38/4 878/38/4 877/38/4
f 956/38/4 957/38/4 879/38/4 878/38/4
f 957/38/4 958/38/4 880/38/4 879/38/4
f 958/38/4 959/38/4 881/38/4 880/38/4
f 959/38/4 960/38/4 882/38/4 881/38/4
f 960/38/4 961/38/4 883/38/4 882/38/4
f 961/38/4 962/38/4 884/38/4 883/38/4
f 962/38/4 963/38/4 885/38/4 884/38/4
f 963/38/4 964/38/4 886/38/4 885/38/4
f 964/38/4 965/38/4 887/38/4 886/38/4
f 965/38/4 966/38/4 888/38/4 887/38/4
f 888/38/6 966/38/6 943/38/6 865/38/6
f 889/37/3 967/37/3 968/37/3 890/37/3
f 968/37/5 969/37/5 891/37/5 890/37/5
f 892/37/3 970/37/3 967/37/3 889/37/3
f 893/37/3 971/37/3 970/37/3 892/37/3
f 894/37/3 972/37/3 971/37/3 893/37/3
f 895/37/3 973/37/3 972/37/3 894/37/3
f 896/38/3 974/38/3 973/38/3 895/38/3
f 897/37/3 975/37/3 974/37/3 896/37/3
f 898/37/3 976/37/3 975/37/3 897/37/3
f 899/37/3 977/37/3 976/37/3 898/37/3
f 900/37/6 978/37/6 977/37/6 899/37/6
f 969/37/5 979/37/5 901/37/5 891/37/5
f 980/37/4 981/37/4 903/37/4 902/37/4
f 981/37/4 982/37/4 904/37/4 903/37/4
f 982/37/4 983/37/4 905/37/4 904/37/4
f 983/37/4 984/37/4 906/37/4 905/37/4
f 984/37/4 985/37/4 907/37/4 906/37/4
f 985/37/4 986/37/4 908/37/4 907/37/4
f 986/37/4 987/37/4 909/37/4 908/37/4
f 909/37/6 987/37/6 978/37/6 900/37/6
f 979/37/5 988/37/5 910/37/5 901/37/5
f 911/37/6 989/37/6 980/37/6 902/37/6
f 988/37/5 990/37/5 912/37/5 910/37/5
f 913/37/6 991/37/6 989/37/6 911/37/6
f 990/37/5 992/37/5 914/37/5 912/37/5
f 915/37/6 993/37/6 991/37/6 913/37/6
f 992/37/5 994/37/5 916/37/5 914/37/5
f 917/37/6 995/37/6 993/37/6 915/37/6
f 994/37/5 996/37/5 918/37/5 916/37/5
f 919/37/6 997/37/6 995/37/6 917/37/6
f 996/37/5 998/37/5 920/37/5 918/37/5
f 921/37/6 999/37/6 997/37/6 919/37/6
f 998/37/5 1000/37/5 922/37/5 920/37/5
f 923/37/3 1001/37/3 999/37/3 921/37/3
f 924/37/3 1002/37/3 1001/37/3 923/37/3
f 925/37/3 1003/37/3 1002/37/3 924/37/3
f 926/37/3 1004/37/3 1003/37/3 925/37/3
f 927/37/3 1005/37/3 1004/37/3 926/37/3
f 928/37/3 1006/37/3 1005/37/3 927/37/3
f 929/37/3 1007/37/3 1006/37/3 928/37/3
f 930/38/3 1008/38/3 1007/38/3 929/38/3
f 931/38/3 1009/38/3 1008/38/3 930/38/3
f 932/36/3 1010/36/3 1009/36/3 931/36/3
f 933/36/3 1011/36/3 1010/36/3 932/36/3
f 934/36/3 1012/36/3 1011/36/3 933/36/3
f 935/36/3 1013/36/3 1012/36/3 934/36/3
f 936/36/3 1014/36/3 1013/36/3 935/36/3
f 937/36/3 1015/36/3 1014/36/3 936/36/3
f 938/36/3 1016/36/3 1015/36/3 937/36/3
f 939/36/3 1017/36/3 1016/36/3 938/36/3
f 940/36/3 1018/36/3 1017/36/3 939/36/3
f 941/38/3 1019/38/3 1018/38/3 940/38/3
f 942/38/3 1020/38/3 1019/38/3 941/38/3
f 943/38/6 1021/38/6 1020/38/6 942/38/6
f 1022/37/4 1023/37/4 945/37/4 944/37/4
f 1000/37/5 1022/37/5 944/37/5 922/37/5
f 1023/37/4 1024/37/4 946/37/4 945/37/4
f 1024/37/4 1025/37/4 947/37/4 946/37/4
f 1025/37/4 1026/37/4 948/37/4 947/37/4
f 1026/37/4 1027/37/4 949/37/4 948/37/4
f 1027/37/4 1028/37/4 950/37/4 949/37/4
f 1028/37/4 1029/37/4 951/37/4 950/37/4
f 1029/37/4 1030/37/4 952/37/4 951/37/4
f 1030/37/4 1031/37/4 953/37/4 952/37/4
f 1031/38/4 1032/38/4 954/38/4 953/38/4
f 1032/38/4 1033/38/4 955/38/4 954/38/4
f 1033/38/4 1034/38/4 956/38/4 955/38/4
f 1034/38/4 1035/38/4 957/38/4 956/38/4
f 1035/38/4 1036/38/4 958/38/4 957/38/4
f 1036/38/4 1037/38/4 959/38/4 958/38/4
f 1037/38/4 1038/38/4 960/38/4 959/38/4
f 1038/38/4 1039/38/4 961/38/4 960/38/4
f 1039/38/4 1040/38/4 962/38/4 961/38/4
f 1040/38/4 1041/38/4 963/38/4 962/38/4
f 1041/38/4 1042/38/4 964/38/4 963/38/4
f 1042/38/4 1043/38/4 965/38/4 964/38/4
f 1043/38/4 1044/38/4 966/38/4 965/38/4
f 966/38/6 1044/38/6 1021/38/6 943/38/6
f 967/37/3 1045/37/3 1046/37/3 968/37/3
f 1046/37/5 1047/37/5 969/37/5 968/37/5
f 970/37/3 1048/37/3 1045/37/3 967/37/3
f 971/37/3 1049/37/3 1048/37/3 970/37/3
f 972/37/3 1050/37/3 1049/37/3 971/37/3
f 973/37/3 1051/37/3 1050/37/3 972/37/3
f 974/37/3 1052/37/3 1051/37/3 973/37/3
f 975/37/3 1053/37/3 1052/37/3 974/37/3
f 976/37/3 1054/37/3 1053/37/3 975/37/3
f 977/37/3 1055/37/3 1054/37/3 976/37/3
f 978/37/6 1056/37/6 1055/37/6 977/37/6
f 1047/37/5 1057/37/5 979/37/5 969/37/5
f 1058/37/4 1059/37/4 981/37/4 980/37/4
f 1059/37/4 1060/37/4 982/37/4 981/37/4
f 1060/37/4 1061/37/4 983/37/4 982/37/4
f 1061/37/4 1062/37/4 984/37/4 983/37/4
f 1062/37/4 1063/37/4 985/37/4 984/37/4
f 1063/36/4 1064/36/4 986/36/4 985/36/4
f 1064/37/4 1065/37/4 987/37/4 986/37/4
f 987/37/6 1065/37/6 1056/37/6 978/37/6
f 1057/37/5 1066/37/5 988/37/5 979/37/5
f 989/37/6 1067/37/6 1058/37/6 980/37/6
f 1066/37/5 1068/37/5 990/37/5 988/37/5
f 991/37/6 1069/37/6 1067/37/6 989/37/6
f 1068/37/5 1070/37/5 992/37/5 990/37/5
f 993/37/6 1071/37/6 1069/37/6 991/37/6
f 1070/37/5 1072/37/5 994/37/5 992/37/5
f 995/37/6 1073/37/6 1071/37/6 993/37/6
f 1072/37/5 1074/37/5 996/37/5 994/37/5
f 997/37/6 1075/37/6 1073/37/6 995/37/6
f 1074/37/5 1076/37/5 998/37/5 996/37/5
f 999/37/6 1077/37/6 1075/37/6 997/37/6
f 1076/37/5 1078/37/5 1000/37/5 998/37/5
f 1001/37/3 1079/37/3 1077/37/3 999/37/3
f 1002/37/3 1080/37/3 1079/37/3 1001/37/3
f 1003/37/3 1081/37/3 1080/37/3 1002/37/3
f 1004/37/3 1082/37/3 1081/37/3 1003/37/3
f 1005/37/3 1083/37/3 1082/37/3 1004/37/3
f 1006/37/3 1084/37/3 1083/37/3 1005/37/3
f 1007/37/3 1085/37/3 1084/37/3 1006/37/3
f 1008/38/3 1086/38/3 1085/38/3 1007/38/3
f 1009/38/3 1087/38/3 1086/38/3 1008/38/3
f 1010/36/3 1088/36/3 1087/36/3 1009/36/3
f 1011/36/3 1089/36/3 1088/36/3 1010/36/3
f 1012/36/3 1090/36/3 1089/36/3 1011/36/3
f 1013/36/3 1091/36/3 1090/36/3 1012/36/3
f 1014/36/3 1092/36/3 1091/36/3 1013/36/3
f 1015/36/3 1093/36/3 1092/36/3 1014/36/3
f 1016/36/3 1094/36/3 1093/36/3 1015/36/3
f 1017/36/3 1095/36/3 1094/36/3 1016/36/3
f 1018/36/3 1096/36/3 1095/36/3 1017/36/3
f 1019/38/3 1097/38/3 1096/38/3 1018/38/3
f 1020/38/3 1098/38/3 1097/38/3 1019/38/3
f 1021/38/6 1099/38/6 1098/38/6 1020/38/6
f 1100/37/4 1101/37/4 1023/37/4 1022/37/4
f 1078/37/5 1100/37/5 1022/37/5 1000/37/5
f 1101/37/4 1102/37/4 1024/37/4 1023/37/4
f 1102/37/4 1103/37/4 1025/37/4 1024/37/4
f 1103/37/4 1104/37/4 1026/37/4 1025/37/4
f 1104/37/4 1105/37/4 1027/37/4 1026/37/4
f 1105/37/4 1106/37/4 1028/37/4 1027/37/4
f 1106/37/4 1107/37/4 1029/37/4 1028/37/4
f 1107/37/4 1108/37/4 1030/37/4 1029/37/4
f 1108/37/4 1109/37/4 1031/37/4 1030/37/4
f 1109/38/4 1110/38/4 1032/38/4 1031/38/4
f 1110/38/4 1111/38/4 1033/38/4 1032/38/4
f 1111/38/4 1112/38/4 1034/38/4 1033/38/4
f 1112/38/4 1113/38/4 1035/38/4 1034/38/4
f 1113/38/4 1114/38/4 1036/38/4 1035/38/4
f 1114/38/4 1115/38/4 1037/38/4 1036/38/4
f 1115/38/4 1116/38/4 1038/38/4 1037/38/4
f 1116/38/4 1117/38/4 1039/38/4 1038/38/4
f 1117/38/4 1118/38/4 1040/38/4 1039/38/4
f 1118/38/4 1119/38/4 1041/38/4 1040/38/4
f 1119/38/4 1120/38/4 1042/38/4 1041/38/4
f 1120/38/4 1121/38/4 1043/38/4 1042/38/4
f 1121/38/4 1122/38/4 1044/38/4 1043/38/4
f 1044/38/6 1122/38/6 1099/38/6 1021/38/6
f 1045/37/3 1123/37/3 1124/37/3 1046/37/3
f 1124/37/5 1125/37/5 1047/37/5 1046/37/5
f 1048/37/3 1126/37/3 1123/37/3 1045/37/3
f 1049/37/3 1127/37/3 1126/37/3 1048/37/3
f 1050/37/3 1128/37/3 1127/37/3 1049/37/3
f 1051/37/3 1129/37/3 1128/37/3 1050/37/3
f 1052/37/3 1130/37/3 1129/37/3 1051/37/3
f 1053/37/3 1131/37/3 1130/37/3 1052/37/3
f 1054/37/3 1132/37/3 1131/37/3 1053/37/3
f 1055/37/3 1133/37/3 1132/37/3 1054/37/3
f 1056/37/6 1134/37/6 1133/37/6 1055/37/6
f 1125/37/5 1135/37/5 1057/37/5 1047/37/5
f 1065/37/6 1136/37/6 1134/37/6 1056/37/6
f 1135/37/5 1137/37/5 1066/37/5 1057/37/5
f 1067/37/1 1138/37/1 1059/37/1 1058/37/1
f 1138/37/1 1139/37/1 1060/37/1 1059/37/1
f 1139/37/1 1140/37/1 1061/37/1 1060/37/1
f 1140/37/1 1141/37/1 1062/37/1 1061/37/1
f 1141/37/1 1142/37/1 1063/37/1 1062/37/1
f 1142/37/1 1143/37/1 1064/37/1 1063/37/1
f 1143/37/1 1144/37/1 1065/37/1 1064/37/1
f 1144/37/6 1145/37/6 1136/37/6 1065/37/6
f 1137/37/5 1146/37/5 1068/37/5 1066/37/5
f 1069/37/1 1147/37/1 1138/37/1 1067/37/1
f 1147/37/1 1148/37/1 1139/37/1 1138/37/1
f 1148/38/1 1149/38/1 1140/38/1 1139/38/1
f 1149/37/1 1150/37/1 1141/37/1 1140/37/1
f 1150/37/1 1151/37/1 1142/37/1 1141/37/1
f 1151/37/1 1152/37/1 1143/37/1 1142/37/1
f 1152/37/1 1153/37/1 1144/37/1 1143/37/1
f 1153/37/6 1154/37/6 1145/37/6 1144/37/6
f 1146/36/5 1155/36/5 1070/36/5 1068/36/5
f 1071/37/1 1156/37/1 1147/37/1 1069/37/1
f 1156/37/1 1157/37/1 1148/37/1 1147/37/1
f 1157/37/1 1158/37/1 1149/37/1 1148/37/1
f 1158/37/1 1159/37/1 1150/37/1 1149/37/1
f 1159/37/1 1160/37/1 1151/37/1 1150/37/1
f 1160/37/1 1161/37/1 1152/37/1 1151/37/1
f 1161/37/1 1162/37/1 1153/37/1 1152/37/1
f 1162/37/6 1163/37/6 1154/37/6 1153/37/6
f 1155/37/5 1164/37/5 1072/37/5 1070/37/5
f 1073/37/1 1165/37/1 1156/37/1 1071/37/1
f 1165/37/1 1166/37/1 1157/37/1 1156/37/1
f 1166/37/1 1167/37/1 1158/37/1 1157/37/1
f 1167/37/1 1168/37/1 1159/37/1 1158/37/1
f 1168/37/1 1169/37/1 1160/37/1 1159/37/1
f 1169/37/1 1170/37/1 1161/37/1 1160/37/1
f 1170/37/1 1171/37/1 1162/37/1 1161/37/1
f 1171/37/6 1172/37/6 1163/37/6 1162/37/6
f 1164/37/5 1173/37/5 1074/37/5 1072/37/5
f 1075/37/1 1174/37/1 1165/37/1 1073/37/1
f 1174/37/1 1175/37/1 1166/37/1 1165/37/1
f 1175/37/1 1176/37/1 1167/37/1 1166/37/1
f 1176/37/1 1177/37/1 1168/37/1 1167/37/1
f 1177/37/1 1178/37/1 1169/37/1 1168/37/1
f 1178/37/1 1179/37/1 1170/37/1 1169/37/1
f 1179/37/1 1180/37/1 1171/37/1 1170/37/1
f 1180/37/6 1181/37/6 1172/37/6 1171/37/6
f 1173/37/5 1182/37/5 1076/37/5 1074/37/5
f 1077/37/1 1079/37/1 1174/37/1 1075/37/1
f 1079/37/1 1080/37/1 1175/37/1 1174/37/1
f 1080/37/1 1081/37/1 1176/37/1 1175/37/1
f 1081/37/1 1082/37/1 1177/37/1 1176/37/1
f 1082/37/1 1083/37/1 1178/37/1 1177/37/1
f 1083/37/1 1084/37/1 1179/37/1 1178/37/1
f 1084/37/1 1085/37/1 1180/37/1 1179/37/1
f 1085/37/6 1183/37/6 1181/37/6 1180/37/6
f 1182/37/5 1184/37/5 1078/37/5 1076/37/5
f 1086/38/3 1185/38/3 1183/38/3 1085/38/3
f 1087/38/3 1186/38/3 1185/38/3 1086/38/3
f 1088/38/3 1187/38/3 1186/38/3 1087/38/3
f 1089/38/3 1188/38/3 1187/38/3 1088/38/3
f 1090/38/3 1189/38/3 1188/38/3 1089/38/3
f 1091/38/3 1190/38/3 1189/38/3 1090/38/3
f 1092/38/3 1191/38/3 1190/38/3 1091/38/3
f 1093/38/3 1192/38/3 1191/38/3 1092/38/3
f 1094/38/3 1193/38/3 1192/38/3 1093/38/3
f 1095/38/3 1194/38/3 1193/38/3 1094/38/3
f 1096/38/3 1195/38/3 1194/38/3 1095/38/3
f 1097/38/3 1196/38/3 1195/38/3 1096/38/3
f 1098/38/3 1197/38/3 1196/38/3 1097/38/3
f 1099/38/6 1198/38/6 1197/38/6 1098/38/6
f 1199/37/4 1200/37/4 1101/37/4 1100/37/4
f 1184/37/5 1199/37/5 1100/37/5 1078/37/5
f 1200/37/4 1201/37/4 1102/37/4 1101/37/4
f 1201/37/4 1202/37/4 1103/37/4 1102/37/4
f 1202/37/4 1203/37/4 1104/37/4 1103/37/4
f 1203/37/4 1204/37/4 1105/37/4 1104/37/4
f 1204/37/4 1205/37/4 1106/37/4 1105/37/4
f 1205/37/4 1206/37/4 1107/37/4 1106/37/4
f 1206/37/4 1207/37/4 1108/37/4 1107/37/4
f 1207/37/4 1208/37/4 1109/37/4 1108/37/4
f 1208/38/4 1209/38/4 1110/38/4 1109/38/4
f 1209/38/4 1210/38/4 1111/38/4 1110/38/4
f 1210/38/4 1211/38/4 1112/38/4 1111/38/4
f 1211/38/4 1212/38/4 1113/38/4 1112/38/4
f 1212/38/4 1213/38/4 1114/38/4 1113/38/4
f 1213/38/4 1214/38/4 1115/38/4 1114/38/4
f 1214/38/4 1215/38/4 1116/38/4 1115/38/4
f 1215/38/4 1216/38/4 1117/38/4 1116/38/4
f 1216/38/4 1217/38/4 1118/38/4 1117/38/4
f 1217/38/4 1218/38/4 1119/38/4 1118/38/4
f 1218/38/4 1219/38/4 1120/38/4 1119/38/4
f 1219/38/4 1220/38/4 1121/38/4 1120/38/4
f 1220/38/4 1221/38/4 1122/38/4 1121/38/4
f 1122/38/6 1221/38/6 1198/38/6 1099/38/6
f 1222/37/2 1223/37/2 1224/37/2 1225/37/2
f 1123/37/3 1222/37/3 1225/37/3 1124/37/3
f 1225/37/5 1224/37/5 1125/37/5 1124/37/5
f 1226/37/2 1227/37/2 1223/37/2 1222/37/2
f 1126/37/3 1226/37/3 1222/37/3 1123/37/3
f 1228/37/2 1229/37/2 1227/37/2 1226/37/2
f 1127/37/3 1228/37/3 1226/37/3 1126/37/3
f 1230/37/2 1231/37/2 1229/37/2 1228/37/2
f 1128/37/3 1230/37/3 1228/37/3 1127/37/3
f 1232/37/2 1233/37/2 1231/37/2 1230/37/2
f 1129/37/3 1232/37/3 1230/37/3 1128/37/3
f 1234/37/2 1235/37/2 1233/37/2 1232/37/2
f 1130/37/3 1234/37/3 1232/37/3 1129/37/3
f 1236/37/2 1237/37/2 1235/37/2 1234/37/2
f 1131/37/3 1236/37/3 1234/37/3 1130/37/3
f 1238/37/2 1239/37/2 1237/37/2 1236/37/2
f 1132/37/3 1238/37/3 1236/37/3 1131/37/3
f 1240/37/2 1241/37/2 1239/37/2 1238/37/2
f 1133/37/3 1240/37/3 1238/37/3 1132/37/3
f 1134/37/6 1241/37/6 1240/37/6 1133/37/6
f 1223/37/2 1242/37/2 1243/37/2 1224/37/2
f 1224/37/5 1243/37/5 1135/37/5 1125/37/5
f 1227/37/2 1244/37/2 1242/37/2 1223/37/2
f 1229/37/2 1245/37/2 1244/37/2 1227/37/2
f 1231/37/2 1246/37/2 1245/37/2 1229/37/2
f 1233/37/2 1247/37/2 1246/37/2 1231/37/2
f 1235/37/2 1248/37/2 1247/37/2 1233/37/2
f 1237/37/2 1249/37/2 1248/37/2 1235/37/2
f 1239/37/2 1250/37/2 1249/37/2 1237/37/2
f 1241/37/2 1251/37/2 1250/37/2 1239/37/2
f 1136/37/6 1251/37/6 1241/37/6 1134/37/6
f 1242/37/2 1252/37/2 1253/37/2 1243/37/2
f 1243/37/5 1253/37/5 1137/37/5 1135/37/5
f 1244/37/2 1254/37/2 1252/37/2 1242/37/2
f 1245/37/2 1255/37/2 1254/37/2 1244/37/2
f 1246/37/2 1256/37/2 1255/37/2 1245/37/2
f 1247/37/2 1257/37/2 1256/37/2 1246/37/2
f 1248/37/2 1258/37/2 1257/37/2 1247/37/2
f 1249/37/2 1259/37/2 1258/37/2 1248/37/2
f 1250/37/2 1260/37/2 1259/37/2 1249/37/2
f 1251/37/2 1261/37/2 1260/37/2 1250/37/2
f 1145/37/6 1261/37/6 1251/37/6 1136/37/6
f 1252/37/2 1262/37/2 1263/37/2 1253/37/2
f 1253/37/5 1263/37/5 1146/37/5 1137/37/5
f 1254/37/2 1264/37/2 1262/37/2 1252/37/2
f 1255/37/2 1265/37/2 1264/37/2 1254/37/2
f 1256/37/2 1266/37/2 1265/37/2 1255/37/2
f 1257/37/2 1267/37/2 1266/37/2 1256/37/2
f 1258/37/2 1268/37/2 1267/37/2 1257/37/2
f 1259/37/2 1269/37/2 1268/37/2 1258/37/2
f 1260/37/2 1270/37/2 1269/37/2 1259/37/2
f 1261/37/2 1271/37/2 1270/37/2 1260/37/2
f 1154/37/6 1271/37/6 1261/37/6 1145/37/6
f 1262/37/2 1272/37/2 1273/37/2 1263/37/2
f 1263/37/5 1273/37/5 1155/37/5 1146/37/5
f 1264/37/2 1274/37/2 1272/37/2 1262/37/2
f 1265/37/2 1275/37/2 1274/37/2 1264/37/2
f 1266/37/2 1276/37/2 1275/37/2 1265/37/2
f 1267/37/2 1277/37/2 1276/37/2 1266/37/2
f 1268/37/2 1278/37/2 1277/37/2 1267/37/2
f 1269/37/2 1279/37/2 1278/37/2 1268/37/2
f 1270/37/2 1280/37/2 1279/37/2 1269/37/2
f 1271/37/2 1281/37/2 1280/37/2 1270/37/2
f 1163/37/6 1281/37/6 1271/37/6 1154/37/6
f 1272/37/2 1282/37/2 1283/37/2 1273/37/2
f 1273/37/5 1283/37/5 1164/37/5 1155/37/5
f 1274/37/2 1284/37/2 1282/37/2 1272/37/2
f 1275/37/2 1285/37/2 1284/37/2 1274/37/2
f 1276/37/2 1286/37/2 1285/37/2 1275/37/2
f 1277/37/2 1287/37/2 1286/37/2 1276/37/2
f 1278/37/2 1288/37/2 1287/37/2 1277/37/2
f 1279/37/2 1289/37/2 1288/37/2 1278/37/2
f 1280/37/2 1290/37/2 1289/37/2 1279/37/2
f 1281/37/2 1291/37/2 1290/37/2 1280/37/2
f 1172/37/6 1291/37/6 1281/37/6 1163/37/6
f 1282/37/2 1292/37/2 1293/37/2 1283/37/2
f 1283/37/5 1293/37/5 1173/37/5 1164/37/5
f 1284/37/2 1294/37/2 1292/37/2 1282/37/2
f 1285/37/2 1295/37/2 1294/37/2 1284/37/2
f 1286/37/2 1296/37/2 1295/37/2 1285/37/2
f 1287/37/2 1297/37/2 1296/37/2 1286/37/2
f 1288/37/2 1298/37/2 1297/37/2 1287/37/2
f 1289/37/2 1299/37/2 1298/37/2 1288/37/2
f 1290/37/2 1300/37/2 1299/37/2 1289/37/2
f 1291/37/2 1301/37/2 1300/37/2 1290/37/2
f 1181/37/6 1301/37/6 1291/37/6 1172/37/6
f 1292/37/2 1302/37/2 1303/37/2 1293/37/2
f 1293/37/5 1303/37/5 1182/37/5 1173/37/5
f 1294/37/2 1304/37/2 1302/37/2 1292/37/2
f 1295/37/2 1305/37/2 1304/37/2 1294/37/2
f 1296/37/2 1306/37/2 1305/37/2 1295/37/2
f 1297/37/2 1307/37/2 1306/37/2 1296/37/2
f 1298/37/2 1308/37/2 1307/37/2 1297/37/2
f 1299/37/2 1309/37/2 1308/37/2 1298/37/2
f 1300/37/2 1310/37/2 1309/37/2 1299/37/2
f 1301/37/2 1311/37/2 1310/37/2 1300/37/2
f 1183/37/6 1311/37/6 1301/37/6 1181/37/6
f 1302/37/2 1312/37/2 1313/37/2 1303/37/2
f 1303/37/5 1313/37/5 1184/37/5 1182/37/5
f 1304/37/2 1314/37/2 1312/37/2 1302/37/2
f 1305/37/2 1315/37/2 1314/37/2 1304/37/2
f 1306/37/2 1316/37/2 1315/37/2 1305/37/2
f 1307/37/2 1317/37/2 1316/37/2 1306/37/2
f 1308/37/2 1318/37/2 1317/37/2 1307/37/2
f 1309/37/2 1319/37/2 1318/37/2 1308/37/2
f 1310/37/2 1320/37/2 1319/37/2 1309/37/2
f 1311/37/2 1321/37/2 1320/37/2 1310/37/2
f 1322/38/2 1323/38/2 1321/38/2 1311/38/2
f 1185/38/3 1322/38/3 1311/38/3 1183/38/3
f 1324/38/2 1325/38/2 1323/38/2 1322/38/2
f 1186/38/3 1324/38/3 1322/38/3 1185/38/3
f 1326/38/2 1327/38/2 1325/38/2 1324/38/2
f 1187/38/3 1326/38/3 1324/38/3 1186/38/3
f 1328/38/2 1329/38/2 1327/38/2 1326/38/2
f 1188/38/3 1328/38/3 1326/38/3 1187/38/3
f 1330/38/2 1331/38/2 1329/38/2 1328/38/2
f 1189/38/3 1330/38/3 1328/38/3 1188/38/3
f 1332/38/2 1333/38/2 1331/38/2 1330/38/2
f 1190/38/3 1332/38/3 1330/38/3 1189/38/3
f 1334/38/2 1335/38/2 1333/38/2 1332/38/2
f 1191/38/3 1334/38/3 1332/38/3 1190/38/3
f 1336/38/2 1337/38/2 1335/38/2 1334/38/2
f 1192/38/3 1336/38/3 1334/38/3 1191/38/3
f 1338/38/2 1339/38/2 1337/38/2 1336/38/2
f 1193/38/3 1338/38/3 1336/38/3 1192/38/3
f 1340/38/2 1341/38/2 1339/38/2 1338/38/2
f 1194/38/3 1340/38/3 1338/38/3 1193/38/3
f 1342/38/2 1343/38/2 1341/38/2 1340/38/2
f 1195/38/3 1342/38/3 1340/38/3 1194/38/3
f 1344/38/2 1345/38/2 1343/38/2 1342/38/2
f 1196/38/3 1344/38/3 1342/38/3 1195/38/3
f 1346/38/2 1347/38/2 1345/38/2 1344/38/2
f 1197/38/3 1346/38/3 1344/38/3 1196/38/3
f 1198/38/6 1347/38/6 1346/38/6 1197/38/6
f 1312/37/2 1348/37/2 1349/37/2 1313/37/2
f 1349/37/4 1348/37/4 1200/37/4 1199/37/4
f 1313/37/5 1349/37/5 1199/37/5 1184/37/5
f 1314/37/2 1350/37/2 1348/37/2 1312/37/2
f 1348/37/4 1350/37/4 1201/37/4 1200/37/4
f 1315/37/2 1351/37/2 1350/37/2 1314/37/2
f 1350/37/4 1351/37/4 1202/37/4 1201/37/4
f 1316/37/2 1352/37/2 1351/37/2 1315/37/2
f 1351/37/4 1352/37/4 1203/37/4 1202/37/4
f 1317/37/2 1353/37/2 1352/37/2 1316/37/2
f 1352/37/4 1353/37/4 1204/37/4 1203/37/4
f 1318/37/2 1354/37/2 1353/37/2 1317/37/2
f 1353/37/4 1354/37/4 1205/37/4 1204/37/4
f 1319/37/2 1355/37/2 1354/37/2 1318/37/2
f 1354/37/4 1355/37/4 1206/37/4 1205/37/4
f 1320/37/2 1356/37/2 1355/37/2 1319/37/2
f 1355/37/4 1356/37/4 1207/37/4 1206/37/4
f 1321/37/2 1357/37/2 1356/37/2 1320/37/2
f 1356/37/4 1357/37/4 1208/37/4 1207/37/4
f 1323/38/2 1358/38/2 1357/38/2 1321/38/2
f 1357/38/4 1358/38/4 1209/38/4 1208/38/4
f 1325/38/2 1359/38/2 1358/38/2 1323/38/2
f 1358/38/4 1359/38/4 1210/38/4 1209/38/4
f 1327/38/2 1360/38/2 1359/38/2 1325/38/2
f 1359/38/4 1360/38/4 1211/38/4 1210/38/4
f 1329/38/2 1361/38/2 1360/38/2 1327/38/2
f 1360/38/4 1361/38/4 1212/38/4 1211/38/4
f 1331/38/2 1362/38/2 1361/38/2 1329/38/2
f 1361/38/4 1362/38/4 1213/38/4 1212/38/4
f 1333/38/2 1363/38/2 1362/38/2 1331/38/2
f 1362/38/4 1363/38/4 1214/38/4 1213/38/4
f 1335/38/2 1364/38/2 1363/38/2 1333/38/2
f 1363/38/4 1364/38/4 1215/38/4 1214/38/4
f 1337/38/2 1365/38/2 1364/38/2 1335/38/2
f 1364/38/4 1365/38/4 1216/38/4 1215/38/4
f 1339/38/2 1366/38/2 1365/38/2 1337/38/2
f 1365/38/4 1366/38/4 1217/38/4 1216/38/4
f 1341/38/2 1367/38/2 1366/38/2 1339/38/2
f 1366/38/4 1367/38/4 1218/38/4 1217/38/4
f 1343/38/2 1368/38/2 1367/38/2 1341/38/2
f 1367/38/4 1368/38/4 1219/38/4 1218/38/4
f 1345/38/2 1369/38/2 1368/38/2 1343/38/2
f 1368/38/4 1369/38/4 1220/38/4 1219/38/4
f 1347/38/2 1370/38/2 1369/38/2 1345/38/2
f 1369/38/4 1370/38/4 1221/38/4 1220/38/4
f 1221/38/6 1370/38/6 1347/38/6 1198/38/6
