# Dungine door_closed; 1 voxel = 1/16 unit; Y-up floor-center origin
mtllib door_closed.mtl
o door_closed
s off
v -0.500000 0.000000 -0.437500
v -0.500000 0.062500 -0.437500
v -0.500000 0.062500 -0.500000
v -0.500000 0.000000 -0.500000
v -0.437500 0.062500 -0.500000
v -0.437500 0.000000 -0.500000
v -0.437500 0.000000 -0.437500
v -0.437500 0.062500 -0.437500
v -0.500000 0.000000 -0.375000
v -0.500000 0.062500 -0.375000
v -0.437500 0.000000 -0.375000
v -0.437500 0.062500 -0.375000
v -0.500000 0.000000 -0.312500
v -0.500000 0.062500 -0.312500
v -0.437500 0.000000 -0.312500
v -0.437500 0.062500 -0.312500
v -0.500000 0.000000 -0.250000
v -0.500000 0.062500 -0.250000
v -0.437500 0.000000 -0.250000
v -0.437500 0.062500 -0.250000
v -0.500000 0.000000 -0.187500
v -0.500000 0.062500 -0.187500
v -0.437500 0.000000 -0.187500
v -0.437500 0.062500 -0.187500
v -0.500000 0.000000 -0.125000
v -0.500000 0.062500 -0.125000
v -0.437500 0.000000 -0.125000
v -0.500000 0.125000 -0.125000
v -0.500000 0.125000 -0.187500
v -0.437500 0.125000 -0.187500
v -0.500000 0.187500 -0.125000
v -0.500000 0.187500 -0.187500
v -0.437500 0.187500 -0.187500
v -0.500000 0.250000 -0.125000
v -0.500000 0.250000 -0.187500
v -0.437500 0.250000 -0.187500
v -0.500000 0.312500 -0.125000
v -0.500000 0.312500 -0.187500
v -0.437500 0.312500 -0.187500
v -0.500000 0.375000 -0.125000
v -0.500000 0.375000 -0.187500
v -0.437500 0.375000 -0.187500
v -0.500000 0.437500 -0.125000
v -0.500000 0.437500 -0.187500
v -0.437500 0.437500 -0.187500
v -0.500000 0.500000 -0.125000
v -0.500000 0.500000 -0.187500
v -0.437500 0.500000 -0.187500
v -0.500000 0.562500 -0.125000
v -0.500000 0.562500 -0.187500
v -0.437500 0.562500 -0.187500
v -0.500000 0.625000 -0.125000
v -0.500000 0.625000 -0.187500
v -0.437500 0.625000 -0.187500
v -0.500000 0.687500 -0.125000
v -0.500000 0.687500 -0.187500
v -0.437500 0.687500 -0.187500
v -0.500000 0.750000 -0.125000
v -0.500000 0.750000 -0.187500
v -0.437500 0.750000 -0.187500
v -0.500000 0.812500 -0.125000
v -0.500000 0.812500 -0.187500
v -0.437500 0.812500 -0.187500
v -0.500000 0.875000 -0.125000
v -0.500000 0.875000 -0.187500
v -0.437500 0.875000 -0.187500
v -0.500000 0.937500 -0.125000
v -0.500000 0.937500 -0.187500
v -0.437500 0.937500 -0.187500
v -0.500000 1.000000 -0.125000
v -0.500000 1.000000 -0.187500
v -0.437500 1.000000 -0.187500
v -0.500000 1.062500 -0.125000
v -0.500000 1.062500 -0.187500
v -0.437500 1.062500 -0.187500
v -0.500000 1.125000 -0.125000
v -0.500000 1.125000 -0.187500
v -0.437500 1.125000 -0.187500
v -0.500000 1.187500 -0.125000
v -0.500000 1.187500 -0.187500
v -0.437500 1.187500 -0.187500
v -0.500000 1.250000 -0.125000
v -0.500000 1.250000 -0.187500
v -0.437500 1.250000 -0.187500
v -0.500000 1.312500 -0.125000
v -0.500000 1.312500 -0.187500
v -0.437500 1.312500 -0.187500
v -0.500000 1.375000 -0.125000
v -0.500000 1.375000 -0.187500
v -0.437500 1.375000 -0.187500
v -0.500000 1.437500 -0.125000
v -0.500000 1.437500 -0.187500
v -0.437500 1.437500 -0.187500
v -0.500000 1.500000 -0.125000
v -0.500000 1.500000 -0.187500
v -0.437500 1.500000 -0.187500
v -0.500000 1.562500 -0.125000
v -0.500000 1.562500 -0.187500
v -0.437500 1.562500 -0.187500
v -0.500000 1.625000 -0.125000
v -0.500000 1.625000 -0.187500
v -0.437500 1.625000 -0.187500
v -0.500000 1.687500 -0.125000
v -0.500000 1.687500 -0.187500
v -0.437500 1.687500 -0.187500
v -0.500000 1.750000 -0.125000
v -0.500000 1.750000 -0.187500
v -0.437500 1.750000 -0.187500
v -0.500000 1.812500 -0.125000
v -0.500000 1.812500 -0.187500
v -0.437500 1.812500 -0.187500
v -0.500000 1.875000 -0.125000
v -0.500000 1.875000 -0.187500
v -0.437500 1.875000 -0.187500
v -0.500000 1.937500 -0.125000
v -0.500000 1.937500 -0.187500
v -0.437500 1.937500 -0.187500
v -0.500000 2.000000 -0.125000
v -0.500000 2.000000 -0.187500
v -0.437500 2.000000 -0.187500
v -0.437500 2.000000 -0.125000
v -0.500000 0.000000 -0.062500
v -0.500000 0.062500 -0.062500
v -0.437500 0.000000 -0.062500
v -0.500000 0.125000 -0.062500
v -0.500000 0.187500 -0.062500
v -0.500000 0.250000 -0.062500
v -0.500000 0.312500 -0.062500
v -0.500000 0.375000 -0.062500
v -0.500000 0.437500 -0.062500
v -0.500000 0.500000 -0.062500
v -0.500000 0.562500 -0.062500
v -0.500000 0.625000 -0.062500
v -0.500000 0.687500 -0.062500
v -0.500000 0.750000 -0.062500
v -0.500000 0.812500 -0.062500
v -0.500000 0.875000 -0.062500
v -0.500000 0.937500 -0.062500
v -0.500000 1.000000 -0.062500
v -0.500000 1.062500 -0.062500
v -0.500000 1.125000 -0.062500
v -0.500000 1.187500 -0.062500
v -0.500000 1.250000 -0.062500
v -0.500000 1.312500 -0.062500
v -0.500000 1.375000 -0.062500
v -0.500000 1.437500 -0.062500
v -0.500000 1.500000 -0.062500
v -0.500000 1.562500 -0.062500
v -0.500000 1.625000 -0.062500
v -0.500000 1.687500 -0.062500
v -0.500000 1.750000 -0.062500
v -0.500000 1.812500 -0.062500
v -0.500000 1.875000 -0.062500
v -0.500000 1.937500 -0.062500
v -0.500000 2.000000 -0.062500
v -0.437500 2.000000 -0.062500
v -0.500000 0.000000 0.000000
v -0.500000 0.062500 0.000000
v -0.437500 0.000000 0.000000
v -0.500000 0.125000 0.000000
v -0.500000 0.187500 0.000000
v -0.500000 0.250000 0.000000
v -0.500000 0.312500 0.000000
v -0.500000 0.375000 0.000000
v -0.500000 0.437500 0.000000
v -0.500000 0.500000 0.000000
v -0.500000 0.562500 0.000000
v -0.500000 0.625000 0.000000
v -0.500000 0.687500 0.000000
v -0.500000 0.750000 0.000000
v -0.500000 0.812500 0.000000
v -0.500000 0.875000 0.000000
v -0.500000 0.937500 0.000000
v -0.500000 1.000000 0.000000
v -0.500000 1.062500 0.000000
v -0.500000 1.125000 0.000000
v -0.500000 1.187500 0.000000
v -0.500000 1.250000 0.000000
v -0.500000 1.312500 0.000000
v -0.500000 1.375000 0.000000
v -0.500000 1.437500 0.000000
v -0.500000 1.500000 0.000000
v -0.500000 1.562500 0.000000
v -0.500000 1.625000 0.000000
v -0.500000 1.687500 0.000000
v -0.500000 1.750000 0.000000
v -0.500000 1.812500 0.000000
v -0.500000 1.875000 0.000000
v -0.500000 1.937500 0.000000
v -0.500000 2.000000 0.000000
v -0.437500 2.000000 0.000000
v -0.500000 0.000000 0.062500
v -0.500000 0.062500 0.062500
v -0.437500 0.000000 0.062500
v -0.500000 0.125000 0.062500
v -0.500000 0.187500 0.062500
v -0.500000 0.250000 0.062500
v -0.500000 0.312500 0.062500
v -0.500000 0.375000 0.062500
v -0.500000 0.437500 0.062500
v -0.500000 0.500000 0.062500
v -0.500000 0.562500 0.062500
v -0.500000 0.625000 0.062500
v -0.500000 0.687500 0.062500
v -0.500000 0.750000 0.062500
v -0.500000 0.812500 0.062500
v -0.500000 0.875000 0.062500
v -0.500000 0.937500 0.062500
v -0.500000 1.000000 0.062500
v -0.500000 1.062500 0.062500
v -0.500000 1.125000 0.062500
v -0.500000 1.187500 0.062500
v -0.500000 1.250000 0.062500
v -0.500000 1.312500 0.062500
v -0.500000 1.375000 0.062500
v -0.500000 1.437500 0.062500
v -0.500000 1.500000 0.062500
v -0.500000 1.562500 0.062500
v -0.500000 1.625000 0.062500
v -0.500000 1.687500 0.062500
v -0.500000 1.750000 0.062500
v -0.500000 1.812500 0.062500
v -0.500000 1.875000 0.062500
v -0.500000 1.937500 0.062500
v -0.500000 2.000000 0.062500
v -0.437500 2.000000 0.062500
v -0.500000 0.000000 0.125000
v -0.500000 0.062500 0.125000
v -0.437500 0.000000 0.125000
v -0.500000 0.125000 0.125000
v -0.500000 0.187500 0.125000
v -0.500000 0.250000 0.125000
v -0.500000 0.312500 0.125000
v -0.500000 0.375000 0.125000
v -0.500000 0.437500 0.125000
v -0.500000 0.500000 0.125000
v -0.500000 0.562500 0.125000
v -0.500000 0.625000 0.125000
v -0.500000 0.687500 0.125000
v -0.500000 0.750000 0.125000
v -0.500000 0.812500 0.125000
v -0.500000 0.875000 0.125000
v -0.500000 0.937500 0.125000
v -0.500000 1.000000 0.125000
v -0.500000 1.062500 0.125000
v -0.500000 1.125000 0.125000
v -0.500000 1.187500 0.125000
v -0.500000 1.250000 0.125000
v -0.500000 1.312500 0.125000
v -0.500000 1.375000 0.125000
v -0.500000 1.437500 0.125000
v -0.500000 1.500000 0.125000
v -0.500000 1.562500 0.125000
v -0.500000 1.625000 0.125000
v -0.500000 1.687500 0.125000
v -0.500000 1.750000 0.125000
v -0.500000 1.812500 0.125000
v -0.500000 1.875000 0.125000
v -0.500000 1.937500 0.125000
v -0.500000 2.000000 0.125000
v -0.437500 2.000000 0.125000
v -0.500000 0.000000 0.187500
v -0.500000 0.062500 0.187500
v -0.437500 0.000000 0.187500
v -0.500000 0.125000 0.187500
v -0.437500 0.062500 0.187500
v -0.437500 0.125000 0.187500
v -0.500000 0.187500 0.187500
v -0.437500 0.187500 0.187500
v -0.500000 0.250000 0.187500
v -0.437500 0.250000 0.187500
v -0.500000 0.312500 0.187500
v -0.437500 0.312500 0.187500
v -0.500000 0.375000 0.187500
v -0.437500 0.375000 0.187500
v -0.500000 0.437500 0.187500
v -0.437500 0.437500 0.187500
v -0.500000 0.500000 0.187500
v -0.437500 0.500000 0.187500
v -0.500000 0.562500 0.187500
v -0.437500 0.562500 0.187500
v -0.500000 0.625000 0.187500
v -0.437500 0.625000 0.187500
v -0.500000 0.687500 0.187500
v -0.437500 0.687500 0.187500
v -0.500000 0.750000 0.187500
v -0.437500 0.750000 0.187500
v -0.500000 0.812500 0.187500
v -0.437500 0.812500 0.187500
v -0.500000 0.875000 0.187500
v -0.437500 0.875000 0.187500
v -0.500000 0.937500 0.187500
v -0.437500 0.937500 0.187500
v -0.500000 1.000000 0.187500
v -0.437500 1.000000 0.187500
v -0.500000 1.062500 0.187500
v -0.437500 1.062500 0.187500
v -0.500000 1.125000 0.187500
v -0.437500 1.125000 0.187500
v -0.500000 1.187500 0.187500
v -0.437500 1.187500 0.187500
v -0.500000 1.250000 0.187500
v -0.437500 1.250000 0.187500
v -0.500000 1.312500 0.187500
v -0.437500 1.312500 0.187500
v -0.500000 1.375000 0.187500
v -0.437500 1.375000 0.187500
v -0.500000 1.437500 0.187500
v -0.437500 1.437500 0.187500
v -0.500000 1.500000 0.187500
v -0.437500 1.500000 0.187500
v -0.500000 1.562500 0.187500
v -0.437500 1.562500 0.187500
v -0.500000 1.625000 0.187500
v -0.437500 1.625000 0.187500
v -0.500000 1.687500 0.187500
v -0.437500 1.687500 0.187500
v -0.500000 1.750000 0.187500
v -0.437500 1.750000 0.187500
v -0.500000 1.812500 0.187500
v -0.437500 1.812500 0.187500
v -0.500000 1.875000 0.187500
v -0.437500 1.875000 0.187500
v -0.500000 1.937500 0.187500
v -0.437500 1.937500 0.187500
v -0.500000 2.000000 0.187500
v -0.437500 2.000000 0.187500
v -0.500000 0.000000 0.250000
v -0.500000 0.062500 0.250000
v -0.437500 0.000000 0.250000
v -0.437500 0.062500 0.250000
v -0.500000 0.000000 0.312500
v -0.500000 0.062500 0.312500
v -0.437500 0.000000 0.312500
v -0.437500 0.062500 0.312500
v -0.500000 0.000000 0.375000
v -0.500000 0.062500 0.375000
v -0.437500 0.000000 0.375000
v -0.437500 0.062500 0.375000
v -0.500000 0.000000 0.437500
v -0.500000 0.062500 0.437500
v -0.437500 0.000000 0.437500
v -0.437500 0.062500 0.437500
v -0.500000 0.000000 0.500000
v -0.500000 0.062500 0.500000
v -0.437500 0.000000 0.500000
v -0.437500 0.062500 0.500000
v -0.375000 0.062500 -0.500000
v -0.375000 0.000000 -0.500000
v -0.375000 0.000000 -0.437500
v -0.375000 0.062500 -0.437500
v -0.375000 0.000000 -0.375000
v -0.375000 0.062500 -0.375000
v -0.375000 0.000000 -0.312500
v -0.375000 0.062500 -0.312500
v -0.375000 0.000000 -0.250000
v -0.375000 0.062500 -0.250000
v -0.375000 0.000000 -0.187500
v -0.375000 0.062500 -0.187500
v -0.375000 0.000000 -0.125000
v -0.375000 0.125000 -0.187500
v -0.375000 0.187500 -0.187500
v -0.375000 0.250000 -0.187500
v -0.375000 0.312500 -0.187500
v -0.375000 0.375000 -0.187500
v -0.375000 0.437500 -0.187500
v -0.375000 0.500000 -0.187500
v -0.375000 0.562500 -0.187500
v -0.375000 0.625000 -0.187500
v -0.375000 0.687500 -0.187500
v -0.375000 0.750000 -0.187500
v -0.375000 0.812500 -0.187500
v -0.375000 0.875000 -0.187500
v -0.375000 0.937500 -0.187500
v -0.375000 1.000000 -0.187500
v -0.375000 1.062500 -0.187500
v -0.375000 1.125000 -0.187500
v -0.375000 1.187500 -0.187500
v -0.375000 1.250000 -0.187500
v -0.375000 1.312500 -0.187500
v -0.375000 1.375000 -0.187500
v -0.375000 1.437500 -0.187500
v -0.375000 1.500000 -0.187500
v -0.375000 1.562500 -0.187500
v -0.375000 1.625000 -0.187500
v -0.375000 1.687500 -0.187500
v -0.375000 1.750000 -0.187500
v -0.375000 1.812500 -0.187500
v -0.375000 1.875000 -0.187500
v -0.375000 1.937500 -0.187500
v -0.375000 2.000000 -0.187500
v -0.375000 2.000000 -0.125000
v -0.375000 0.000000 -0.062500
v -0.375000 2.000000 -0.062500
v -0.375000 0.000000 0.000000
v -0.375000 2.000000 0.000000
v -0.375000 0.000000 0.062500
v -0.375000 2.000000 0.062500
v -0.375000 0.000000 0.125000
v -0.375000 2.000000 0.125000
v -0.375000 0.000000 0.187500
v -0.375000 0.062500 0.187500
v -0.375000 0.125000 0.187500
v -0.375000 0.187500 0.187500
v -0.375000 0.250000 0.187500
v -0.375000 0.312500 0.187500
v -0.375000 0.375000 0.187500
v -0.375000 0.437500 0.187500
v -0.375000 0.500000 0.187500
v -0.375000 0.562500 0.187500
v -0.375000 0.625000 0.187500
v -0.375000 0.687500 0.187500
v -0.375000 0.750000 0.187500
v -0.375000 0.812500 0.187500
v -0.375000 0.875000 0.187500
v -0.375000 0.937500 0.187500
v -0.375000 1.000000 0.187500
v -0.375000 1.062500 0.187500
v -0.375000 1.125000 0.187500
v -0.375000 1.187500 0.187500
v -0.375000 1.250000 0.187500
v -0.375000 1.312500 0.187500
v -0.375000 1.375000 0.187500
v -0.375000 1.437500 0.187500
v -0.375000 1.500000 0.187500
v -0.375000 1.562500 0.187500
v -0.375000 1.625000 0.187500
v -0.375000 1.687500 0.187500
v -0.375000 1.750000 0.187500
v -0.375000 1.812500 0.187500
v -0.375000 1.875000 0.187500
v -0.375000 1.937500 0.187500
v -0.375000 2.000000 0.187500
v -0.375000 0.000000 0.250000
v -0.375000 0.062500 0.250000
v -0.375000 0.000000 0.312500
v -0.375000 0.062500 0.312500
v -0.375000 0.000000 0.375000
v -0.375000 0.062500 0.375000
v -0.375000 0.000000 0.437500
v -0.375000 0.062500 0.437500
v -0.375000 0.000000 0.500000
v -0.375000 0.062500 0.500000
v -0.312500 0.062500 -0.500000
v -0.312500 0.000000 -0.500000
v -0.312500 0.000000 -0.437500
v -0.312500 0.062500 -0.437500
v -0.312500 0.000000 -0.375000
v -0.312500 0.062500 -0.375000
v -0.312500 0.000000 -0.312500
v -0.312500 0.062500 -0.312500
v -0.312500 0.000000 -0.250000
v -0.312500 0.062500 -0.250000
v -0.312500 0.000000 -0.187500
v -0.312500 0.062500 -0.187500
v -0.312500 0.000000 -0.125000
v -0.312500 0.125000 -0.187500
v -0.312500 0.125000 -0.125000
v -0.312500 0.062500 -0.125000
v -0.312500 0.187500 -0.187500
v -0.312500 0.187500 -0.125000
v -0.312500 0.250000 -0.187500
v -0.312500 0.250000 -0.125000
v -0.312500 0.312500 -0.187500
v -0.312500 0.312500 -0.125000
v -0.312500 0.375000 -0.187500
v -0.312500 0.375000 -0.125000
v -0.312500 0.437500 -0.187500
v -0.312500 0.437500 -0.125000
v -0.312500 0.500000 -0.187500
v -0.312500 0.500000 -0.125000
v -0.312500 0.562500 -0.187500
v -0.312500 0.562500 -0.125000
v -0.312500 0.625000 -0.187500
v -0.312500 0.625000 -0.125000
v -0.312500 0.687500 -0.187500
v -0.312500 0.687500 -0.125000
v -0.312500 0.750000 -0.187500
v -0.312500 0.750000 -0.125000
v -0.312500 0.812500 -0.187500
v -0.312500 0.812500 -0.125000
v -0.312500 0.875000 -0.187500
v -0.312500 0.875000 -0.125000
v -0.312500 0.937500 -0.187500
v -0.312500 0.937500 -0.125000
v -0.312500 1.000000 -0.187500
v -0.312500 1.000000 -0.125000
v -0.312500 1.062500 -0.187500
v -0.312500 1.062500 -0.125000
v -0.312500 1.125000 -0.187500
v -0.312500 1.125000 -0.125000
v -0.312500 1.187500 -0.187500
v -0.312500 1.187500 -0.125000
v -0.312500 1.250000 -0.187500
v -0.312500 1.250000 -0.125000
v -0.312500 1.312500 -0.187500
v -0.312500 1.312500 -0.125000
v -0.312500 1.375000 -0.187500
v -0.312500 1.375000 -0.125000
v -0.312500 1.437500 -0.187500
v -0.312500 1.437500 -0.125000
v -0.312500 1.500000 -0.187500
v -0.312500 1.500000 -0.125000
v -0.312500 1.562500 -0.187500
v -0.312500 1.562500 -0.125000
v -0.312500 1.625000 -0.187500
v -0.312500 1.625000 -0.125000
v -0.312500 1.687500 -0.187500
v -0.312500 1.687500 -0.125000
v -0.312500 1.750000 -0.187500
v -0.312500 1.750000 -0.125000
v -0.312500 1.812500 -0.187500
v -0.312500 1.875000 -0.187500
v -0.312500 1.937500 -0.187500
v -0.312500 2.000000 -0.187500
v -0.312500 2.000000 -0.125000
v -0.312500 0.000000 -0.062500
v -0.312500 0.125000 -0.062500
v -0.312500 0.062500 -0.062500
v -0.312500 0.187500 -0.062500
v -0.312500 0.250000 -0.062500
v -0.312500 0.312500 -0.062500
v -0.312500 0.375000 -0.062500
v -0.312500 0.562500 -0.062500
v -0.312500 0.500000 -0.062500
v -0.312500 0.625000 -0.062500
v -0.312500 0.687500 -0.062500
v -0.312500 0.750000 -0.062500
v -0.312500 0.812500 -0.062500
v -0.312500 0.875000 -0.062500
v -0.312500 0.937500 -0.062500
v -0.312500 1.000000 -0.062500
v -0.312500 1.062500 -0.062500
v -0.312500 1.125000 -0.062500
v -0.312500 1.187500 -0.062500
v -0.312500 1.250000 -0.062500
v -0.312500 1.312500 -0.062500
v -0.312500 1.375000 -0.062500
v -0.312500 1.562500 -0.062500
v -0.312500 1.500000 -0.062500
v -0.312500 1.625000 -0.062500
v -0.312500 1.687500 -0.062500
v -0.312500 1.750000 -0.062500
v -0.312500 2.000000 -0.062500
v -0.312500 0.000000 0.000000
v -0.312500 2.000000 0.000000
v -0.312500 0.000000 0.062500
v -0.312500 2.000000 0.062500
v -0.312500 0.000000 0.125000
v -0.312500 0.125000 0.062500
v -0.312500 0.125000 0.125000
v -0.312500 0.062500 0.125000
v -0.312500 0.062500 0.062500
v -0.312500 0.187500 0.062500
v -0.312500 0.187500 0.125000
v -0.312500 0.250000 0.062500
v -0.312500 0.250000 0.125000
v -0.312500 0.312500 0.062500
v -0.312500 0.312500 0.125000
v -0.312500 0.375000 0.062500
v -0.312500 0.375000 0.125000
v -0.312500 0.437500 0.062500
v -0.312500 0.437500 0.125000
v -0.312500 0.500000 0.062500
v -0.312500 0.500000 0.125000
v -0.312500 0.562500 0.062500
v -0.312500 0.562500 0.125000
v -0.312500 0.625000 0.062500
v -0.312500 0.625000 0.125000
v -0.312500 0.687500 0.062500
v -0.312500 0.687500 0.125000
v -0.312500 0.750000 0.062500
v -0.312500 0.750000 0.125000
v -0.312500 0.812500 0.062500
v -0.312500 0.812500 0.125000
v -0.312500 0.875000 0.062500
v -0.312500 0.875000 0.125000
v -0.312500 0.937500 0.062500
v -0.312500 0.937500 0.125000
v -0.312500 1.000000 0.062500
v -0.312500 1.000000 0.125000
v -0.312500 1.062500 0.062500
v -0.312500 1.062500 0.125000
v -0.312500 1.125000 0.062500
v -0.312500 1.125000 0.125000
v -0.312500 1.187500 0.062500
v -0.312500 1.187500 0.125000
v -0.312500 1.250000 0.062500
v -0.312500 1.250000 0.125000
v -0.312500 1.312500 0.062500
v -0.312500 1.312500 0.125000
v -0.312500 1.375000 0.062500
v -0.312500 1.375000 0.125000
v -0.312500 1.437500 0.062500
v -0.312500 1.437500 0.125000
v -0.312500 1.500000 0.062500
v -0.312500 1.500000 0.125000
v -0.312500 1.562500 0.062500
v -0.312500 1.562500 0.125000
v -0.312500 1.625000 0.062500
v -0.312500 1.625000 0.125000
v -0.312500 1.687500 0.062500
v -0.312500 1.687500 0.125000
v -0.312500 1.750000 0.062500
v -0.312500 1.750000 0.125000
v -0.312500 2.000000 0.125000
v -0.312500 0.000000 0.187500
v -0.312500 0.125000 0.187500
v -0.312500 0.062500 0.187500
v -0.312500 0.187500 0.187500
v -0.312500 0.250000 0.187500
v -0.312500 0.312500 0.187500
v -0.312500 0.375000 0.187500
v -0.312500 0.437500 0.187500
v -0.312500 0.500000 0.187500
v -0.312500 0.562500 0.187500
v -0.312500 0.625000 0.187500
v -0.312500 0.687500 0.187500
v -0.312500 0.750000 0.187500
v -0.312500 0.812500 0.187500
v -0.312500 0.875000 0.187500
v -0.312500 0.937500 0.187500
v -0.312500 1.000000 0.187500
v -0.312500 1.062500 0.187500
v -0.312500 1.125000 0.187500
v -0.312500 1.187500 0.187500
v -0.312500 1.250000 0.187500
v -0.312500 1.312500 0.187500
v -0.312500 1.375000 0.187500
v -0.312500 1.437500 0.187500
v -0.312500 1.500000 0.187500
v -0.312500 1.562500 0.187500
v -0.312500 1.625000 0.187500
v -0.312500 1.687500 0.187500
v -0.312500 1.750000 0.187500
v -0.312500 1.812500 0.187500
v -0.312500 1.875000 0.187500
v -0.312500 1.937500 0.187500
v -0.312500 2.000000 0.187500
v -0.312500 0.000000 0.250000
v -0.312500 0.062500 0.250000
v -0.312500 0.000000 0.312500
v -0.312500 0.062500 0.312500
v -0.312500 0.000000 0.375000
v -0.312500 0.062500 0.375000
v -0.312500 0.000000 0.437500
v -0.312500 0.062500 0.437500
v -0.312500 0.000000 0.500000
v -0.312500 0.062500 0.500000
v -0.250000 0.062500 -0.500000
v -0.250000 0.000000 -0.500000
v -0.250000 0.000000 -0.437500
v -0.250000 0.062500 -0.437500
v -0.250000 0.000000 -0.375000
v -0.250000 0.062500 -0.375000
v -0.250000 0.000000 -0.312500
v -0.250000 0.062500 -0.312500
v -0.250000 0.000000 -0.250000
v -0.250000 0.062500 -0.250000
v -0.250000 0.000000 -0.187500
v -0.250000 0.062500 -0.187500
v -0.250000 0.000000 -0.125000
v -0.250000 0.062500 -0.125000
v -0.250000 1.812500 -0.187500
v -0.250000 1.750000 -0.187500
v -0.250000 1.750000 -0.125000
v -0.250000 1.875000 -0.187500
v -0.250000 1.937500 -0.187500
v -0.250000 2.000000 -0.187500
v -0.250000 2.000000 -0.125000
v -0.250000 0.000000 -0.062500
v -0.250000 0.062500 -0.062500
v -0.250000 0.437500 -0.125000
v -0.250000 0.375000 -0.125000
v -0.250000 0.375000 -0.062500
v -0.250000 0.500000 -0.125000
v -0.250000 0.500000 -0.062500
v -0.250000 1.437500 -0.125000
v -0.250000 1.375000 -0.125000
v -0.250000 1.375000 -0.062500
v -0.250000 1.500000 -0.125000
v -0.250000 1.500000 -0.062500
v -0.250000 1.750000 -0.062500
v -0.250000 2.000000 -0.062500
v -0.250000 0.000000 0.000000
v -0.250000 0.125000 -0.062500
v -0.250000 0.187500 -0.062500
v -0.250000 0.250000 -0.062500
v -0.250000 0.312500 -0.062500
v -0.250000 0.562500 -0.062500
v -0.250000 0.625000 -0.062500
v -0.250000 0.687500 -0.062500
v -0.250000 0.750000 -0.062500
v -0.250000 0.812500 -0.062500
v -0.250000 0.875000 -0.062500
v -0.250000 0.937500 -0.062500
v -0.250000 1.000000 -0.062500
v -0.250000 1.062500 -0.062500
v -0.250000 1.125000 -0.062500
v -0.250000 1.187500 -0.062500
v -0.250000 1.250000 -0.062500
v -0.250000 1.312500 -0.062500
v -0.250000 1.562500 -0.062500
v -0.250000 1.625000 -0.062500
v -0.250000 1.687500 -0.062500
v -0.250000 2.000000 0.000000
v -0.250000 0.000000 0.062500
v -0.250000 0.062500 0.062500
v -0.250000 0.125000 0.062500
v -0.250000 0.187500 0.062500
v -0.250000 0.250000 0.062500
v -0.250000 0.312500 0.062500
v -0.250000 0.375000 0.062500
v -0.250000 0.437500 0.062500
v -0.250000 0.500000 0.062500
v -0.250000 0.562500 0.062500
v -0.250000 0.625000 0.062500
v -0.250000 0.687500 0.062500
v -0.250000 0.750000 0.062500
v -0.250000 0.812500 0.062500
v -0.250000 0.875000 0.062500
v -0.250000 0.937500 0.062500
v -0.250000 1.000000 0.062500
v -0.250000 1.062500 0.062500
v -0.250000 1.125000 0.062500
v -0.250000 1.187500 0.062500
v -0.250000 1.250000 0.062500
v -0.250000 1.312500 0.062500
v -0.250000 1.375000 0.062500
v -0.250000 1.437500 0.062500
v -0.250000 1.500000 0.062500
v -0.250000 1.562500 0.062500
v -0.250000 1.625000 0.062500
v -0.250000 1.687500 0.062500
v -0.250000 1.750000 0.062500
v -0.250000 2.000000 0.062500
v -0.250000 0.000000 0.125000
v -0.250000 0.062500 0.125000
v -0.250000 1.750000 0.125000
v -0.250000 2.000000 0.125000
v -0.250000 0.000000 0.187500
v -0.250000 0.062500 0.187500
v -0.250000 1.750000 0.187500
v -0.250000 1.812500 0.187500
v -0.250000 1.875000 0.187500
v -0.250000 1.937500 0.187500
v -0.250000 2.000000 0.187500
v -0.250000 0.000000 0.250000
v -0.250000 0.062500 0.250000
v -0.250000 0.000000 0.312500
v -0.250000 0.062500 0.312500
v -0.250000 0.000000 0.375000
v -0.250000 0.062500 0.375000
v -0.250000 0.000000 0.437500
v -0.250000 0.062500 0.437500
v -0.250000 0.000000 0.500000
v -0.250000 0.062500 0.500000
v -0.187500 0.062500 -0.500000
v -0.187500 0.000000 -0.500000
v -0.187500 0.000000 -0.437500
v -0.187500 0.062500 -0.437500
v -0.187500 0.000000 -0.375000
v -0.187500 0.062500 -0.375000
v -0.187500 0.000000 -0.312500
v -0.187500 0.062500 -0.312500
v -0.187500 0.000000 -0.250000
v -0.187500 0.062500 -0.250000
v -0.187500 0.000000 -0.187500
v -0.187500 0.062500 -0.187500
v -0.187500 0.000000 -0.125000
v -0.187500 0.062500 -0.125000
v -0.187500 1.812500 -0.187500
v -0.187500 1.750000 -0.187500
v -0.187500 1.750000 -0.125000
v -0.187500 1.875000 -0.187500
v -0.187500 1.937500 -0.187500
v -0.187500 2.000000 -0.187500
v -0.187500 2.000000 -0.125000
v -0.187500 0.000000 -0.062500
v -0.187500 0.062500 -0.062500
v -0.187500 0.437500 -0.125000
v -0.187500 0.375000 -0.125000
v -0.187500 0.375000 -0.062500
v -0.187500 0.500000 -0.125000
v -0.187500 0.500000 -0.062500
v -0.187500 1.437500 -0.125000
v -0.187500 1.375000 -0.125000
v -0.187500 1.375000 -0.062500
v -0.187500 1.500000 -0.125000
v -0.187500 1.500000 -0.062500
v -0.187500 1.750000 -0.062500
v -0.187500 2.000000 -0.062500
v -0.187500 0.000000 0.000000
v -0.187500 0.125000 -0.062500
v -0.187500 0.187500 -0.062500
v -0.187500 0.250000 -0.062500
v -0.187500 0.312500 -0.062500
v -0.187500 0.562500 -0.062500
v -0.187500 0.625000 -0.062500
v -0.187500 0.687500 -0.062500
v -0.187500 0.750000 -0.062500
v -0.187500 0.812500 -0.062500
v -0.187500 0.875000 -0.062500
v -0.187500 0.937500 -0.062500
v -0.187500 1.000000 -0.062500
v -0.187500 1.062500 -0.062500
v -0.187500 1.125000 -0.062500
v -0.187500 1.187500 -0.062500
v -0.187500 1.250000 -0.062500
v -0.187500 1.312500 -0.062500
v -0.187500 1.562500 -0.062500
v -0.187500 1.625000 -0.062500
v -0.187500 1.687500 -0.062500
v -0.187500 2.000000 0.000000
v -0.187500 0.000000 0.062500
v -0.187500 0.062500 0.062500
v -0.187500 0.125000 0.062500
v -0.187500 0.187500 0.062500
v -0.187500 0.250000 0.062500
v -0.187500 0.312500 0.062500
v -0.187500 0.375000 0.062500
v -0.187500 0.437500 0.062500
v -0.187500 0.500000 0.062500
v -0.187500 0.562500 0.062500
v -0.187500 0.625000 0.062500
v -0.187500 0.687500 0.062500
v -0.187500 0.750000 0.062500
v -0.187500 0.812500 0.062500
v -0.187500 0.875000 0.062500
v -0.187500 0.937500 0.062500
v -0.187500 1.000000 0.062500
v -0.187500 1.062500 0.062500
v -0.187500 1.125000 0.062500
v -0.187500 1.187500 0.062500
v -0.187500 1.250000 0.062500
v -0.187500 1.312500 0.062500
v -0.187500 1.375000 0.062500
v -0.187500 1.437500 0.062500
v -0.187500 1.500000 0.062500
v -0.187500 1.562500 0.062500
v -0.187500 1.625000 0.062500
v -0.187500 1.687500 0.062500
v -0.187500 1.750000 0.062500
v -0.187500 2.000000 0.062500
v -0.187500 0.000000 0.125000
v -0.187500 0.062500 0.125000
v -0.187500 1.750000 0.125000
v -0.187500 2.000000 0.125000
v -0.187500 0.000000 0.187500
v -0.187500 0.062500 0.187500
v -0.187500 1.750000 0.187500
v -0.187500 1.812500 0.187500
v -0.187500 1.875000 0.187500
v -0.187500 1.937500 0.187500
v -0.187500 2.000000 0.187500
v -0.187500 0.000000 0.250000
v -0.187500 0.062500 0.250000
v -0.187500 0.000000 0.312500
v -0.187500 0.062500 0.312500
v -0.187500 0.000000 0.375000
v -0.187500 0.062500 0.375000
v -0.187500 0.000000 0.437500
v -0.187500 0.062500 0.437500
v -0.187500 0.000000 0.500000
v -0.187500 0.062500 0.500000
v -0.125000 0.062500 -0.500000
v -0.125000 0.000000 -0.500000
v -0.125000 0.000000 -0.437500
v -0.125000 0.062500 -0.437500
v -0.125000 0.000000 -0.375000
v -0.125000 0.062500 -0.375000
v -0.125000 0.000000 -0.312500
v -0.125000 0.062500 -0.312500
v -0.125000 0.000000 -0.250000
v -0.125000 0.062500 -0.250000
v -0.125000 0.000000 -0.187500
v -0.125000 0.062500 -0.187500
v -0.125000 0.000000 -0.125000
v -0.125000 0.062500 -0.125000
v -0.125000 1.812500 -0.187500
v -0.125000 1.750000 -0.187500
v -0.125000 1.750000 -0.125000
v -0.125000 1.875000 -0.187500
v -0.125000 1.937500 -0.187500
v -0.125000 2.000000 -0.187500
v -0.125000 2.000000 -0.125000
v -0.125000 0.000000 -0.062500
v -0.125000 0.062500 -0.062500
v -0.125000 0.437500 -0.125000
v -0.125000 0.375000 -0.125000
v -0.125000 0.375000 -0.062500
v -0.125000 0.500000 -0.125000
v -0.125000 0.500000 -0.062500
v -0.125000 1.437500 -0.125000
v -0.125000 1.375000 -0.125000
v -0.125000 1.375000 -0.062500
v -0.125000 1.500000 -0.125000
v -0.125000 1.500000 -0.062500
v -0.125000 1.750000 -0.062500
v -0.125000 2.000000 -0.062500
v -0.125000 0.000000 0.000000
v -0.125000 0.125000 -0.062500
v -0.125000 0.187500 -0.062500
v -0.125000 0.250000 -0.062500
v -0.125000 0.312500 -0.062500
v -0.125000 0.562500 -0.062500
v -0.125000 0.625000 -0.062500
v -0.125000 0.687500 -0.062500
v -0.125000 0.750000 -0.062500
v -0.125000 0.812500 -0.062500
v -0.125000 0.875000 -0.062500
v -0.125000 0.937500 -0.062500
v -0.125000 1.000000 -0.062500
v -0.125000 1.062500 -0.062500
v -0.125000 1.125000 -0.062500
v -0.125000 1.187500 -0.062500
v -0.125000 1.250000 -0.062500
v -0.125000 1.312500 -0.062500
v -0.125000 1.562500 -0.062500
v -0.125000 1.625000 -0.062500
v -0.125000 1.687500 -0.062500
v -0.125000 2.000000 0.000000
v -0.125000 0.000000 0.062500
v -0.125000 0.062500 0.062500
v -0.125000 0.125000 0.062500
v -0.125000 0.187500 0.062500
v -0.125000 0.250000 0.062500
v -0.125000 0.312500 0.062500
v -0.125000 0.375000 0.062500
v -0.125000 0.437500 0.062500
v -0.125000 0.500000 0.062500
v -0.125000 0.562500 0.062500
v -0.125000 0.625000 0.062500
v -0.125000 0.687500 0.062500
v -0.125000 0.750000 0.062500
v -0.125000 0.812500 0.062500
v -0.125000 0.875000 0.062500
v -0.125000 0.937500 0.062500
v -0.125000 1.000000 0.062500
v -0.125000 1.062500 0.062500
v -0.125000 1.125000 0.062500
v -0.125000 1.187500 0.062500
v -0.125000 1.250000 0.062500
v -0.125000 1.312500 0.062500
v -0.125000 1.375000 0.062500
v -0.125000 1.437500 0.062500
v -0.125000 1.500000 0.062500
v -0.125000 1.562500 0.062500
v -0.125000 1.625000 0.062500
v -0.125000 1.687500 0.062500
v -0.125000 1.750000 0.062500
v -0.125000 2.000000 0.062500
v -0.125000 0.000000 0.125000
v -0.125000 0.062500 0.125000
v -0.125000 1.750000 0.125000
v -0.125000 2.000000 0.125000
v -0.125000 0.000000 0.187500
v -0.125000 0.062500 0.187500
v -0.125000 1.750000 0.187500
v -0.125000 1.812500 0.187500
v -0.125000 1.875000 0.187500
v -0.125000 1.937500 0.187500
v -0.125000 2.000000 0.187500
v -0.125000 0.000000 0.250000
v -0.125000 0.062500 0.250000
v -0.125000 0.000000 0.312500
v -0.125000 0.062500 0.312500
v -0.125000 0.000000 0.375000
v -0.125000 0.062500 0.375000
v -0.125000 0.000000 0.437500
v -0.125000 0.062500 0.437500
v -0.125000 0.000000 0.500000
v -0.125000 0.062500 0.500000
v -0.062500 0.062500 -0.500000
v -0.062500 0.000000 -0.500000
v -0.062500 0.000000 -0.437500
v -0.062500 0.062500 -0.437500
v -0.062500 0.000000 -0.375000
v -0.062500 0.062500 -0.375000
v -0.062500 0.000000 -0.312500
v -0.062500 0.062500 -0.312500
v -0.062500 0.000000 -0.250000
v -0.062500 0.062500 -0.250000
v -0.062500 0.000000 -0.187500
v -0.062500 0.062500 -0.187500
v -0.062500 0.000000 -0.125000
v -0.062500 0.062500 -0.125000
v -0.062500 1.812500 -0.187500
v -0.062500 1.750000 -0.187500
v -0.062500 1.750000 -0.125000
v -0.062500 1.875000 -0.187500
v -0.062500 1.937500 -0.187500
v -0.062500 2.000000 -0.187500
v -0.062500 2.000000 -0.125000
v -0.062500 0.000000 -0.062500
v -0.062500 0.062500 -0.062500
v -0.062500 0.437500 -0.125000
v -0.062500 0.375000 -0.125000
v -0.062500 0.375000 -0.062500
v -0.062500 0.500000 -0.125000
v -0.062500 0.500000 -0.062500
v -0.062500 1.437500 -0.125000
v -0.062500 1.375000 -0.125000
v -0.062500 1.375000 -0.062500
v -0.062500 1.500000 -0.125000
v -0.062500 1.500000 -0.062500
v -0.062500 1.750000 -0.062500
v -0.062500 2.000000 -0.062500
v -0.062500 0.000000 0.000000
v -0.062500 0.125000 -0.062500
v -0.062500 0.187500 -0.062500
v -0.062500 0.250000 -0.062500
v -0.062500 0.312500 -0.062500
v -0.062500 0.562500 -0.062500
v -0.062500 0.625000 -0.062500
v -0.062500 0.687500 -0.062500
v -0.062500 0.750000 -0.062500
v -0.062500 0.812500 -0.062500
v -0.062500 0.875000 -0.062500
v -0.062500 0.937500 -0.062500
v -0.062500 1.000000 -0.062500
v -0.062500 1.062500 -0.062500
v -0.062500 1.125000 -0.062500
v -0.062500 1.187500 -0.062500
v -0.062500 1.250000 -0.062500
v -0.062500 1.312500 -0.062500
v -0.062500 1.562500 -0.062500
v -0.062500 1.625000 -0.062500
v -0.062500 1.687500 -0.062500
v -0.062500 2.000000 0.000000
v -0.062500 0.000000 0.062500
v -0.062500 0.062500 0.062500
v -0.062500 0.125000 0.062500
v -0.062500 0.187500 0.062500
v -0.062500 0.250000 0.062500
v -0.062500 0.312500 0.062500
v -0.062500 0.375000 0.062500
v -0.062500 0.437500 0.062500
v -0.062500 0.500000 0.062500
v -0.062500 0.562500 0.062500
v -0.062500 0.625000 0.062500
v -0.062500 0.687500 0.062500
v -0.062500 0.750000 0.062500
v -0.062500 0.812500 0.062500
v -0.062500 0.875000 0.062500
v -0.062500 0.937500 0.062500
v -0.062500 1.000000 0.062500
v -0.062500 1.062500 0.062500
v -0.062500 1.125000 0.062500
v -0.062500 1.187500 0.062500
v -0.062500 1.250000 0.062500
v -0.062500 1.312500 0.062500
v -0.062500 1.375000 0.062500
v -0.062500 1.437500 0.062500
v -0.062500 1.500000 0.062500
v -0.062500 1.562500 0.062500
v -0.062500 1.625000 0.062500
v -0.062500 1.687500 0.062500
v -0.062500 1.750000 0.062500
v -0.062500 2.000000 0.062500
v -0.062500 0.000000 0.125000
v -0.062500 0.062500 0.125000
v -0.062500 1.750000 0.125000
v -0.062500 2.000000 0.125000
v -0.062500 0.000000 0.187500
v -0.062500 0.062500 0.187500
v -0.062500 1.750000 0.187500
v -0.062500 1.812500 0.187500
v -0.062500 1.875000 0.187500
v -0.062500 1.937500 0.187500
v -0.062500 2.000000 0.187500
v -0.062500 0.000000 0.250000
v -0.062500 0.062500 0.250000
v -0.062500 0.000000 0.312500
v -0.062500 0.062500 0.312500
v -0.062500 0.000000 0.375000
v -0.062500 0.062500 0.375000
v -0.062500 0.000000 0.437500
v -0.062500 0.062500 0.437500
v -0.062500 0.000000 0.500000
v -0.062500 0.062500 0.500000
v 0.000000 0.062500 -0.500000
v 0.000000 0.000000 -0.500000
v 0.000000 0.000000 -0.437500
v 0.000000 0.062500 -0.437500
v 0.000000 0.000000 -0.375000
v 0.000000 0.062500 -0.375000
v 0.000000 0.000000 -0.312500
v 0.000000 0.062500 -0.312500
v 0.000000 0.000000 -0.250000
v 0.000000 0.062500 -0.250000
v 0.000000 0.000000 -0.187500
v 0.000000 0.062500 -0.187500
v 0.000000 0.000000 -0.125000
v 0.000000 0.062500 -0.125000
v 0.000000 1.812500 -0.187500
v 0.000000 1.750000 -0.187500
v 0.000000 1.750000 -0.125000
v 0.000000 1.875000 -0.187500
v 0.000000 1.937500 -0.187500
v 0.000000 2.000000 -0.187500
v 0.000000 2.000000 -0.125000
v 0.000000 0.000000 -0.062500
v 0.000000 0.062500 -0.062500
v 0.000000 0.437500 -0.125000
v 0.000000 0.375000 -0.125000
v 0.000000 0.375000 -0.062500
v 0.000000 0.500000 -0.125000
v 0.000000 0.500000 -0.062500
v 0.000000 1.437500 -0.125000
v 0.000000 1.375000 -0.125000
v 0.000000 1.375000 -0.062500
v 0.000000 1.500000 -0.125000
v 0.000000 1.500000 -0.062500
v 0.000000 1.750000 -0.062500
v 0.000000 2.000000 -0.062500
v 0.000000 0.000000 0.000000
v 0.000000 0.125000 -0.062500
v 0.000000 0.187500 -0.062500
v 0.000000 0.250000 -0.062500
v 0.000000 0.312500 -0.062500
v 0.000000 0.562500 -0.062500
v 0.000000 0.625000 -0.062500
v 0.000000 0.687500 -0.062500
v 0.000000 0.750000 -0.062500
v 0.000000 0.812500 -0.062500
v 0.000000 0.875000 -0.062500
v 0.000000 0.937500 -0.062500
v 0.000000 1.000000 -0.062500
v 0.000000 1.062500 -0.062500
v 0.000000 1.125000 -0.062500
v 0.000000 1.187500 -0.062500
v 0.000000 1.250000 -0.062500
v 0.000000 1.312500 -0.062500
v 0.000000 1.562500 -0.062500
v 0.000000 1.625000 -0.062500
v 0.000000 1.687500 -0.062500
v 0.000000 2.000000 0.000000
v 0.000000 0.000000 0.062500
v 0.000000 0.062500 0.062500
v 0.000000 0.125000 0.062500
v 0.000000 0.187500 0.062500
v 0.000000 0.250000 0.062500
v 0.000000 0.312500 0.062500
v 0.000000 0.375000 0.062500
v 0.000000 0.437500 0.062500
v 0.000000 0.500000 0.062500
v 0.000000 0.562500 0.062500
v 0.000000 0.625000 0.062500
v 0.000000 0.687500 0.062500
v 0.000000 0.750000 0.062500
v 0.000000 0.812500 0.062500
v 0.000000 0.875000 0.062500
v 0.000000 0.937500 0.062500
v 0.000000 1.000000 0.062500
v 0.000000 1.062500 0.062500
v 0.000000 1.125000 0.062500
v 0.000000 1.187500 0.062500
v 0.000000 1.250000 0.062500
v 0.000000 1.312500 0.062500
v 0.000000 1.375000 0.062500
v 0.000000 1.437500 0.062500
v 0.000000 1.500000 0.062500
v 0.000000 1.562500 0.062500
v 0.000000 1.625000 0.062500
v 0.000000 1.687500 0.062500
v 0.000000 1.750000 0.062500
v 0.000000 2.000000 0.062500
v 0.000000 0.000000 0.125000
v 0.000000 0.062500 0.125000
v 0.000000 1.750000 0.125000
v 0.000000 2.000000 0.125000
v 0.000000 0.000000 0.187500
v 0.000000 0.062500 0.187500
v 0.000000 1.750000 0.187500
v 0.000000 1.812500 0.187500
v 0.000000 1.875000 0.187500
v 0.000000 1.937500 0.187500
v 0.000000 2.000000 0.187500
v 0.000000 0.000000 0.250000
v 0.000000 0.062500 0.250000
v 0.000000 0.000000 0.312500
v 0.000000 0.062500 0.312500
v 0.000000 0.000000 0.375000
v 0.000000 0.062500 0.375000
v 0.000000 0.000000 0.437500
v 0.000000 0.062500 0.437500
v 0.000000 0.000000 0.500000
v 0.000000 0.062500 0.500000
v 0.062500 0.062500 -0.500000
v 0.062500 0.000000 -0.500000
v 0.062500 0.000000 -0.437500
v 0.062500 0.062500 -0.437500
v 0.062500 0.000000 -0.375000
v 0.062500 0.062500 -0.375000
v 0.062500 0.000000 -0.312500
v 0.062500 0.062500 -0.312500
v 0.062500 0.000000 -0.250000
v 0.062500 0.062500 -0.250000
v 0.062500 0.000000 -0.187500
v 0.062500 0.062500 -0.187500
v 0.062500 0.000000 -0.125000
v 0.062500 0.062500 -0.125000
v 0.062500 1.812500 -0.187500
v 0.062500 1.750000 -0.187500
v 0.062500 1.750000 -0.125000
v 0.062500 1.875000 -0.187500
v 0.062500 1.937500 -0.187500
v 0.062500 2.000000 -0.187500
v 0.062500 2.000000 -0.125000
v 0.062500 0.000000 -0.062500
v 0.062500 0.062500 -0.062500
v 0.062500 0.437500 -0.125000
v 0.062500 0.375000 -0.125000
v 0.062500 0.375000 -0.062500
v 0.062500 0.500000 -0.125000
v 0.062500 0.500000 -0.062500
v 0.062500 1.437500 -0.125000
v 0.062500 1.375000 -0.125000
v 0.062500 1.375000 -0.062500
v 0.062500 1.500000 -0.125000
v 0.062500 1.500000 -0.062500
v 0.062500 1.750000 -0.062500
v 0.062500 2.000000 -0.062500
v 0.062500 0.000000 0.000000
v 0.062500 0.125000 -0.062500
v 0.062500 0.187500 -0.062500
v 0.062500 0.250000 -0.062500
v 0.062500 0.312500 -0.062500
v 0.062500 0.562500 -0.062500
v 0.062500 0.625000 -0.062500
v 0.062500 0.687500 -0.062500
v 0.062500 0.750000 -0.062500
v 0.062500 0.812500 -0.062500
v 0.062500 0.875000 -0.062500
v 0.062500 0.937500 -0.062500
v 0.062500 1.000000 -0.062500
v 0.062500 1.062500 -0.062500
v 0.062500 1.125000 -0.062500
v 0.062500 1.187500 -0.062500
v 0.062500 1.250000 -0.062500
v 0.062500 1.312500 -0.062500
v 0.062500 1.562500 -0.062500
v 0.062500 1.625000 -0.062500
v 0.062500 1.687500 -0.062500
v 0.062500 2.000000 0.000000
v 0.062500 0.000000 0.062500
v 0.062500 0.062500 0.062500
v 0.062500 0.125000 0.062500
v 0.062500 0.187500 0.062500
v 0.062500 0.250000 0.062500
v 0.062500 0.312500 0.062500
v 0.062500 0.375000 0.062500
v 0.062500 0.437500 0.062500
v 0.062500 0.500000 0.062500
v 0.062500 0.562500 0.062500
v 0.062500 0.625000 0.062500
v 0.062500 0.687500 0.062500
v 0.062500 0.750000 0.062500
v 0.062500 0.812500 0.062500
v 0.062500 0.875000 0.062500
v 0.062500 0.937500 0.062500
v 0.062500 1.000000 0.062500
v 0.062500 1.062500 0.062500
v 0.062500 1.125000 0.062500
v 0.062500 1.187500 0.062500
v 0.062500 1.250000 0.062500
v 0.062500 1.312500 0.062500
v 0.062500 1.375000 0.062500
v 0.062500 1.437500 0.062500
v 0.062500 1.500000 0.062500
v 0.062500 1.562500 0.062500
v 0.062500 1.625000 0.062500
v 0.062500 1.687500 0.062500
v 0.062500 1.750000 0.062500
v 0.062500 2.000000 0.062500
v 0.062500 0.000000 0.125000
v 0.062500 0.062500 0.125000
v 0.062500 1.750000 0.125000
v 0.062500 2.000000 0.125000
v 0.062500 0.000000 0.187500
v 0.062500 0.062500 0.187500
v 0.062500 1.750000 0.187500
v 0.062500 1.812500 0.187500
v 0.062500 1.875000 0.187500
v 0.062500 1.937500 0.187500
v 0.062500 2.000000 0.187500
v 0.062500 0.000000 0.250000
v 0.062500 0.062500 0.250000
v 0.062500 0.000000 0.312500
v 0.062500 0.062500 0.312500
v 0.062500 0.000000 0.375000
v 0.062500 0.062500 0.375000
v 0.062500 0.000000 0.437500
v 0.062500 0.062500 0.437500
v 0.062500 0.000000 0.500000
v 0.062500 0.062500 0.500000
v 0.125000 0.062500 -0.500000
v 0.125000 0.000000 -0.500000
v 0.125000 0.000000 -0.437500
v 0.125000 0.062500 -0.437500
v 0.125000 0.000000 -0.375000
v 0.125000 0.062500 -0.375000
v 0.125000 0.000000 -0.312500
v 0.125000 0.062500 -0.312500
v 0.125000 0.000000 -0.250000
v 0.125000 0.062500 -0.250000
v 0.125000 0.000000 -0.187500
v 0.125000 0.062500 -0.187500
v 0.125000 0.000000 -0.125000
v 0.125000 0.062500 -0.125000
v 0.125000 1.812500 -0.187500
v 0.125000 1.750000 -0.187500
v 0.125000 1.750000 -0.125000
v 0.125000 1.875000 -0.187500
v 0.125000 1.937500 -0.187500
v 0.125000 2.000000 -0.187500
v 0.125000 2.000000 -0.125000
v 0.125000 0.000000 -0.062500
v 0.125000 0.062500 -0.062500
v 0.125000 0.437500 -0.125000
v 0.125000 0.375000 -0.125000
v 0.125000 0.375000 -0.062500
v 0.125000 0.500000 -0.125000
v 0.125000 0.500000 -0.062500
v 0.125000 1.437500 -0.125000
v 0.125000 1.375000 -0.125000
v 0.125000 1.375000 -0.062500
v 0.125000 1.500000 -0.125000
v 0.125000 1.500000 -0.062500
v 0.125000 1.750000 -0.062500
v 0.125000 2.000000 -0.062500
v 0.125000 0.000000 0.000000
v 0.125000 0.125000 -0.062500
v 0.125000 0.187500 -0.062500
v 0.125000 0.250000 -0.062500
v 0.125000 0.312500 -0.062500
v 0.125000 0.562500 -0.062500
v 0.125000 0.625000 -0.062500
v 0.125000 0.687500 -0.062500
v 0.125000 0.750000 -0.062500
v 0.125000 0.812500 -0.062500
v 0.125000 0.875000 -0.062500
v 0.125000 0.937500 -0.062500
v 0.125000 1.000000 -0.062500
v 0.125000 1.062500 -0.062500
v 0.125000 1.125000 -0.062500
v 0.125000 1.187500 -0.062500
v 0.125000 1.250000 -0.062500
v 0.125000 1.312500 -0.062500
v 0.125000 1.562500 -0.062500
v 0.125000 1.625000 -0.062500
v 0.125000 1.687500 -0.062500
v 0.125000 2.000000 0.000000
v 0.125000 0.000000 0.062500
v 0.125000 0.062500 0.062500
v 0.125000 0.125000 0.062500
v 0.125000 0.187500 0.062500
v 0.125000 0.250000 0.062500
v 0.125000 0.312500 0.062500
v 0.125000 0.375000 0.062500
v 0.125000 0.437500 0.062500
v 0.125000 0.500000 0.062500
v 0.125000 0.562500 0.062500
v 0.125000 0.625000 0.062500
v 0.125000 0.687500 0.062500
v 0.125000 0.750000 0.062500
v 0.125000 0.812500 0.062500
v 0.125000 0.875000 0.062500
v 0.125000 0.937500 0.062500
v 0.125000 1.000000 0.062500
v 0.125000 1.062500 0.062500
v 0.125000 1.125000 0.062500
v 0.125000 1.187500 0.062500
v 0.125000 1.250000 0.062500
v 0.125000 1.312500 0.062500
v 0.125000 1.375000 0.062500
v 0.125000 1.437500 0.062500
v 0.125000 1.500000 0.062500
v 0.125000 1.562500 0.062500
v 0.125000 1.625000 0.062500
v 0.125000 1.687500 0.062500
v 0.125000 1.750000 0.062500
v 0.125000 2.000000 0.062500
v 0.125000 0.000000 0.125000
v 0.125000 0.062500 0.125000
v 0.125000 1.750000 0.125000
v 0.125000 2.000000 0.125000
v 0.125000 0.000000 0.187500
v 0.125000 0.062500 0.187500
v 0.125000 1.750000 0.187500
v 0.125000 1.812500 0.187500
v 0.125000 1.875000 0.187500
v 0.125000 1.937500 0.187500
v 0.125000 2.000000 0.187500
v 0.125000 0.000000 0.250000
v 0.125000 0.062500 0.250000
v 0.125000 0.000000 0.312500
v 0.125000 0.062500 0.312500
v 0.125000 0.000000 0.375000
v 0.125000 0.062500 0.375000
v 0.125000 0.000000 0.437500
v 0.125000 0.062500 0.437500
v 0.125000 0.000000 0.500000
v 0.125000 0.062500 0.500000
v 0.187500 0.062500 -0.500000
v 0.187500 0.000000 -0.500000
v 0.187500 0.000000 -0.437500
v 0.187500 0.062500 -0.437500
v 0.187500 0.000000 -0.375000
v 0.187500 0.062500 -0.375000
v 0.187500 0.000000 -0.312500
v 0.187500 0.062500 -0.312500
v 0.187500 0.000000 -0.250000
v 0.187500 0.062500 -0.250000
v 0.187500 0.000000 -0.187500
v 0.187500 0.062500 -0.187500
v 0.187500 0.000000 -0.125000
v 0.187500 0.062500 -0.125000
v 0.125000 0.812500 -0.125000
v 0.125000 0.875000 -0.125000
v 0.125000 0.875000 -0.187500
v 0.125000 0.812500 -0.187500
v 0.187500 0.875000 -0.187500
v 0.187500 0.812500 -0.187500
v 0.187500 0.812500 -0.125000
v 0.125000 0.937500 -0.125000
v 0.125000 0.937500 -0.187500
v 0.187500 0.937500 -0.187500
v 0.187500 0.937500 -0.125000
v 0.187500 1.812500 -0.187500
v 0.187500 1.750000 -0.187500
v 0.187500 1.750000 -0.125000
v 0.187500 1.875000 -0.187500
v 0.187500 1.937500 -0.187500
v 0.187500 2.000000 -0.187500
v 0.187500 2.000000 -0.125000
v 0.187500 0.000000 -0.062500
v 0.187500 0.062500 -0.062500
v 0.187500 0.437500 -0.125000
v 0.187500 0.375000 -0.125000
v 0.187500 0.375000 -0.062500
v 0.187500 0.500000 -0.125000
v 0.187500 0.500000 -0.062500
v 0.187500 0.812500 -0.062500
v 0.187500 0.937500 -0.062500
v 0.187500 1.437500 -0.125000
v 0.187500 1.375000 -0.125000
v 0.187500 1.375000 -0.062500
v 0.187500 1.500000 -0.125000
v 0.187500 1.500000 -0.062500
v 0.187500 1.750000 -0.062500
v 0.187500 2.000000 -0.062500
v 0.187500 0.000000 0.000000
v 0.187500 0.125000 -0.062500
v 0.187500 0.187500 -0.062500
v 0.187500 0.250000 -0.062500
v 0.187500 0.312500 -0.062500
v 0.187500 0.562500 -0.062500
v 0.187500 0.625000 -0.062500
v 0.187500 0.687500 -0.062500
v 0.187500 0.750000 -0.062500
v 0.187500 1.000000 -0.062500
v 0.187500 1.062500 -0.062500
v 0.187500 1.125000 -0.062500
v 0.187500 1.187500 -0.062500
v 0.187500 1.250000 -0.062500
v 0.187500 1.312500 -0.062500
v 0.187500 1.562500 -0.062500
v 0.187500 1.625000 -0.062500
v 0.187500 1.687500 -0.062500
v 0.187500 2.000000 0.000000
v 0.187500 0.000000 0.062500
v 0.187500 0.062500 0.062500
v 0.187500 0.125000 0.062500
v 0.187500 0.187500 0.062500
v 0.187500 0.250000 0.062500
v 0.187500 0.312500 0.062500
v 0.187500 0.375000 0.062500
v 0.187500 0.437500 0.062500
v 0.187500 0.500000 0.062500
v 0.187500 0.562500 0.062500
v 0.187500 0.625000 0.062500
v 0.187500 0.687500 0.062500
v 0.187500 0.750000 0.062500
v 0.187500 0.812500 0.062500
v 0.187500 0.875000 0.062500
v 0.187500 0.937500 0.062500
v 0.187500 1.000000 0.062500
v 0.187500 1.062500 0.062500
v 0.187500 1.125000 0.062500
v 0.187500 1.187500 0.062500
v 0.187500 1.250000 0.062500
v 0.187500 1.312500 0.062500
v 0.187500 1.375000 0.062500
v 0.187500 1.437500 0.062500
v 0.187500 1.500000 0.062500
v 0.187500 1.562500 0.062500
v 0.187500 1.625000 0.062500
v 0.187500 1.687500 0.062500
v 0.187500 1.750000 0.062500
v 0.187500 2.000000 0.062500
v 0.187500 0.000000 0.125000
v 0.187500 0.062500 0.125000
v 0.187500 1.750000 0.125000
v 0.187500 2.000000 0.125000
v 0.187500 0.000000 0.187500
v 0.187500 0.062500 0.187500
v 0.187500 1.750000 0.187500
v 0.187500 1.812500 0.187500
v 0.187500 1.875000 0.187500
v 0.187500 1.937500 0.187500
v 0.187500 2.000000 0.187500
v 0.187500 0.000000 0.250000
v 0.187500 0.062500 0.250000
v 0.187500 0.000000 0.312500
v 0.187500 0.062500 0.312500
v 0.187500 0.000000 0.375000
v 0.187500 0.062500 0.375000
v 0.187500 0.000000 0.437500
v 0.187500 0.062500 0.437500
v 0.187500 0.000000 0.500000
v 0.187500 0.062500 0.500000
v 0.250000 0.062500 -0.500000
v 0.250000 0.000000 -0.500000
v 0.250000 0.000000 -0.437500
v 0.250000 0.062500 -0.437500
v 0.250000 0.000000 -0.375000
v 0.250000 0.062500 -0.375000
v 0.250000 0.000000 -0.312500
v 0.250000 0.062500 -0.312500
v 0.250000 0.000000 -0.250000
v 0.250000 0.062500 -0.250000
v 0.250000 0.000000 -0.187500
v 0.250000 0.062500 -0.187500
v 0.250000 0.000000 -0.125000
v 0.250000 0.062500 -0.125000
v 0.250000 0.875000 -0.187500
v 0.250000 0.875000 -0.125000
v 0.250000 0.812500 -0.125000
v 0.250000 0.812500 -0.187500
v 0.250000 0.937500 -0.187500
v 0.250000 0.937500 -0.125000
v 0.250000 1.812500 -0.187500
v 0.250000 1.750000 -0.187500
v 0.250000 1.750000 -0.125000
v 0.250000 1.875000 -0.187500
v 0.250000 1.937500 -0.187500
v 0.250000 2.000000 -0.187500
v 0.250000 2.000000 -0.125000
v 0.250000 0.000000 -0.062500
v 0.250000 0.062500 -0.062500
v 0.250000 0.437500 -0.125000
v 0.250000 0.375000 -0.125000
v 0.250000 0.375000 -0.062500
v 0.250000 0.500000 -0.125000
v 0.250000 0.500000 -0.062500
v 0.250000 0.875000 -0.062500
v 0.250000 0.812500 -0.062500
v 0.250000 0.937500 -0.062500
v 0.250000 1.437500 -0.125000
v 0.250000 1.375000 -0.125000
v 0.250000 1.375000 -0.062500
v 0.250000 1.500000 -0.125000
v 0.250000 1.500000 -0.062500
v 0.250000 1.750000 -0.062500
v 0.250000 2.000000 -0.062500
v 0.250000 0.000000 0.000000
v 0.250000 0.125000 -0.062500
v 0.250000 0.187500 -0.062500
v 0.250000 0.250000 -0.062500
v 0.250000 0.312500 -0.062500
v 0.250000 0.562500 -0.062500
v 0.250000 0.625000 -0.062500
v 0.250000 0.687500 -0.062500
v 0.250000 0.750000 -0.062500
v 0.250000 1.000000 -0.062500
v 0.250000 1.062500 -0.062500
v 0.250000 1.125000 -0.062500
v 0.250000 1.187500 -0.062500
v 0.250000 1.250000 -0.062500
v 0.250000 1.312500 -0.062500
v 0.250000 1.562500 -0.062500
v 0.250000 1.625000 -0.062500
v 0.250000 1.687500 -0.062500
v 0.250000 2.000000 0.000000
v 0.250000 0.000000 0.062500
v 0.250000 0.062500 0.062500
v 0.250000 0.125000 0.062500
v 0.250000 0.187500 0.062500
v 0.250000 0.250000 0.062500
v 0.250000 0.312500 0.062500
v 0.250000 0.375000 0.062500
v 0.250000 0.437500 0.062500
v 0.250000 0.500000 0.062500
v 0.250000 0.562500 0.062500
v 0.250000 0.625000 0.062500
v 0.250000 0.687500 0.062500
v 0.250000 0.750000 0.062500
v 0.250000 0.812500 0.062500
v 0.250000 0.875000 0.062500
v 0.250000 0.937500 0.062500
v 0.250000 1.000000 0.062500
v 0.250000 1.062500 0.062500
v 0.250000 1.125000 0.062500
v 0.250000 1.187500 0.062500
v 0.250000 1.250000 0.062500
v 0.250000 1.312500 0.062500
v 0.250000 1.375000 0.062500
v 0.250000 1.437500 0.062500
v 0.250000 1.500000 0.062500
v 0.250000 1.562500 0.062500
v 0.250000 1.625000 0.062500
v 0.250000 1.687500 0.062500
v 0.250000 1.750000 0.062500
v 0.250000 2.000000 0.062500
v 0.250000 0.000000 0.125000
v 0.250000 0.062500 0.125000
v 0.250000 1.750000 0.125000
v 0.250000 2.000000 0.125000
v 0.250000 0.000000 0.187500
v 0.250000 0.062500 0.187500
v 0.250000 1.750000 0.187500
v 0.250000 1.812500 0.187500
v 0.250000 1.875000 0.187500
v 0.250000 1.937500 0.187500
v 0.250000 2.000000 0.187500
v 0.250000 0.000000 0.250000
v 0.250000 0.062500 0.250000
v 0.250000 0.000000 0.312500
v 0.250000 0.062500 0.312500
v 0.250000 0.000000 0.375000
v 0.250000 0.062500 0.375000
v 0.250000 0.000000 0.437500
v 0.250000 0.062500 0.437500
v 0.250000 0.000000 0.500000
v 0.250000 0.062500 0.500000
v 0.312500 0.062500 -0.500000
v 0.312500 0.000000 -0.500000
v 0.312500 0.000000 -0.437500
v 0.312500 0.062500 -0.437500
v 0.312500 0.000000 -0.375000
v 0.312500 0.062500 -0.375000
v 0.312500 0.000000 -0.312500
v 0.312500 0.062500 -0.312500
v 0.312500 0.000000 -0.250000
v 0.312500 0.062500 -0.250000
v 0.312500 0.000000 -0.187500
v 0.312500 0.062500 -0.187500
v 0.312500 0.000000 -0.125000
v 0.312500 0.062500 -0.125000
v 0.312500 1.812500 -0.187500
v 0.312500 1.750000 -0.187500
v 0.312500 1.750000 -0.125000
v 0.312500 1.875000 -0.187500
v 0.312500 1.937500 -0.187500
v 0.312500 2.000000 -0.187500
v 0.312500 2.000000 -0.125000
v 0.312500 0.000000 -0.062500
v 0.312500 0.062500 -0.062500
v 0.312500 0.437500 -0.125000
v 0.312500 0.375000 -0.125000
v 0.312500 0.375000 -0.062500
v 0.312500 0.500000 -0.125000
v 0.312500 0.500000 -0.062500
v 0.312500 1.437500 -0.125000
v 0.312500 1.375000 -0.125000
v 0.312500 1.375000 -0.062500
v 0.312500 1.500000 -0.125000
v 0.312500 1.500000 -0.062500
v 0.312500 1.750000 -0.062500
v 0.312500 2.000000 -0.062500
v 0.312500 0.000000 0.000000
v 0.312500 0.125000 -0.062500
v 0.312500 0.187500 -0.062500
v 0.312500 0.250000 -0.062500
v 0.312500 0.312500 -0.062500
v 0.312500 0.562500 -0.062500
v 0.312500 0.625000 -0.062500
v 0.312500 0.687500 -0.062500
v 0.312500 0.750000 -0.062500
v 0.312500 0.812500 -0.062500
v 0.312500 0.875000 -0.062500
v 0.312500 0.937500 -0.062500
v 0.312500 1.000000 -0.062500
v 0.312500 1.062500 -0.062500
v 0.312500 1.125000 -0.062500
v 0.312500 1.187500 -0.062500
v 0.312500 1.250000 -0.062500
v 0.312500 1.312500 -0.062500
v 0.312500 1.562500 -0.062500
v 0.312500 1.625000 -0.062500
v 0.312500 1.687500 -0.062500
v 0.312500 2.000000 0.000000
v 0.312500 0.000000 0.062500
v 0.312500 0.062500 0.062500
v 0.312500 0.125000 0.062500
v 0.312500 0.187500 0.062500
v 0.312500 0.250000 0.062500
v 0.312500 0.312500 0.062500
v 0.312500 0.375000 0.062500
v 0.312500 0.437500 0.062500
v 0.312500 0.500000 0.062500
v 0.312500 0.562500 0.062500
v 0.312500 0.625000 0.062500
v 0.312500 0.687500 0.062500
v 0.312500 0.750000 0.062500
v 0.312500 0.812500 0.062500
v 0.312500 0.875000 0.062500
v 0.312500 0.937500 0.062500
v 0.312500 1.000000 0.062500
v 0.312500 1.062500 0.062500
v 0.312500 1.125000 0.062500
v 0.312500 1.187500 0.062500
v 0.312500 1.250000 0.062500
v 0.312500 1.312500 0.062500
v 0.312500 1.375000 0.062500
v 0.312500 1.437500 0.062500
v 0.312500 1.500000 0.062500
v 0.312500 1.562500 0.062500
v 0.312500 1.625000 0.062500
v 0.312500 1.687500 0.062500
v 0.312500 1.750000 0.062500
v 0.312500 2.000000 0.062500
v 0.312500 0.000000 0.125000
v 0.312500 0.062500 0.125000
v 0.312500 1.750000 0.125000
v 0.312500 2.000000 0.125000
v 0.312500 0.000000 0.187500
v 0.312500 0.062500 0.187500
v 0.312500 1.750000 0.187500
v 0.312500 1.812500 0.187500
v 0.312500 1.875000 0.187500
v 0.312500 1.937500 0.187500
v 0.312500 2.000000 0.187500
v 0.312500 0.000000 0.250000
v 0.312500 0.062500 0.250000
v 0.312500 0.000000 0.312500
v 0.312500 0.062500 0.312500
v 0.312500 0.000000 0.375000
v 0.312500 0.062500 0.375000
v 0.312500 0.000000 0.437500
v 0.312500 0.062500 0.437500
v 0.312500 0.000000 0.500000
v 0.312500 0.062500 0.500000
v 0.375000 0.062500 -0.500000
v 0.375000 0.000000 -0.500000
v 0.375000 0.000000 -0.437500
v 0.375000 0.062500 -0.437500
v 0.375000 0.000000 -0.375000
v 0.375000 0.062500 -0.375000
v 0.375000 0.000000 -0.312500
v 0.375000 0.062500 -0.312500
v 0.375000 0.000000 -0.250000
v 0.375000 0.062500 -0.250000
v 0.375000 0.000000 -0.187500
v 0.375000 0.062500 -0.187500
v 0.375000 0.000000 -0.125000
v 0.312500 0.125000 -0.125000
v 0.312500 0.125000 -0.187500
v 0.375000 0.125000 -0.187500
v 0.312500 0.187500 -0.125000
v 0.312500 0.187500 -0.187500
v 0.375000 0.187500 -0.187500
v 0.312500 0.250000 -0.125000
v 0.312500 0.250000 -0.187500
v 0.375000 0.250000 -0.187500
v 0.312500 0.312500 -0.125000
v 0.312500 0.312500 -0.187500
v 0.375000 0.312500 -0.187500
v 0.312500 0.375000 -0.187500
v 0.375000 0.375000 -0.187500
v 0.312500 0.437500 -0.187500
v 0.375000 0.437500 -0.187500
v 0.312500 0.500000 -0.187500
v 0.375000 0.500000 -0.187500
v 0.312500 0.562500 -0.125000
v 0.312500 0.562500 -0.187500
v 0.375000 0.562500 -0.187500
v 0.312500 0.625000 -0.125000
v 0.312500 0.625000 -0.187500
v 0.375000 0.625000 -0.187500
v 0.312500 0.687500 -0.125000
v 0.312500 0.687500 -0.187500
v 0.375000 0.687500 -0.187500
v 0.312500 0.750000 -0.125000
v 0.312500 0.750000 -0.187500
v 0.375000 0.750000 -0.187500
v 0.312500 0.812500 -0.125000
v 0.312500 0.812500 -0.187500
v 0.375000 0.812500 -0.187500
v 0.312500 0.875000 -0.125000
v 0.312500 0.875000 -0.187500
v 0.375000 0.875000 -0.187500
v 0.312500 0.937500 -0.125000
v 0.312500 0.937500 -0.187500
v 0.375000 0.937500 -0.187500
v 0.312500 1.000000 -0.125000
v 0.312500 1.000000 -0.187500
v 0.375000 1.000000 -0.187500
v 0.312500 1.062500 -0.125000
v 0.312500 1.062500 -0.187500
v 0.375000 1.062500 -0.187500
v 0.312500 1.125000 -0.125000
v 0.312500 1.125000 -0.187500
v 0.375000 1.125000 -0.187500
v 0.312500 1.187500 -0.125000
v 0.312500 1.187500 -0.187500
v 0.375000 1.187500 -0.187500
v 0.312500 1.250000 -0.125000
v 0.312500 1.250000 -0.187500
v 0.375000 1.250000 -0.187500
v 0.312500 1.312500 -0.125000
v 0.312500 1.312500 -0.187500
v 0.375000 1.312500 -0.187500
v 0.312500 1.375000 -0.187500
v 0.375000 1.375000 -0.187500
v 0.312500 1.437500 -0.187500
v 0.375000 1.437500 -0.187500
v 0.312500 1.500000 -0.187500
v 0.375000 1.500000 -0.187500
v 0.312500 1.562500 -0.125000
v 0.312500 1.562500 -0.187500
v 0.375000 1.562500 -0.187500
v 0.312500 1.625000 -0.125000
v 0.312500 1.625000 -0.187500
v 0.375000 1.625000 -0.187500
v 0.312500 1.687500 -0.125000
v 0.312500 1.687500 -0.187500
v 0.375000 1.687500 -0.187500
v 0.375000 1.750000 -0.187500
v 0.375000 1.812500 -0.187500
v 0.375000 1.875000 -0.187500
v 0.375000 1.937500 -0.187500
v 0.375000 2.000000 -0.187500
v 0.375000 2.000000 -0.125000
v 0.375000 0.000000 -0.062500
v 0.375000 2.000000 -0.062500
v 0.375000 0.000000 0.000000
v 0.375000 2.000000 0.000000
v 0.375000 0.000000 0.062500
v 0.375000 2.000000 0.062500
v 0.375000 0.000000 0.125000
v 0.312500 0.125000 0.125000
v 0.312500 0.187500 0.125000
v 0.312500 0.250000 0.125000
v 0.312500 0.312500 0.125000
v 0.312500 0.375000 0.125000
v 0.312500 0.437500 0.125000
v 0.312500 0.500000 0.125000
v 0.312500 0.562500 0.125000
v 0.312500 0.625000 0.125000
v 0.312500 0.687500 0.125000
v 0.312500 0.750000 0.125000
v 0.312500 0.812500 0.125000
v 0.312500 0.875000 0.125000
v 0.312500 0.937500 0.125000
v 0.312500 1.000000 0.125000
v 0.312500 1.062500 0.125000
v 0.312500 1.125000 0.125000
v 0.312500 1.187500 0.125000
v 0.312500 1.250000 0.125000
v 0.312500 1.312500 0.125000
v 0.312500 1.375000 0.125000
v 0.312500 1.437500 0.125000
v 0.312500 1.500000 0.125000
v 0.312500 1.562500 0.125000
v 0.312500 1.625000 0.125000
v 0.312500 1.687500 0.125000
v 0.375000 2.000000 0.125000
v 0.375000 0.000000 0.187500
v 0.312500 0.125000 0.187500
v 0.375000 0.062500 0.187500
v 0.375000 0.125000 0.187500
v 0.312500 0.187500 0.187500
v 0.375000 0.187500 0.187500
v 0.312500 0.250000 0.187500
v 0.375000 0.250000 0.187500
v 0.312500 0.312500 0.187500
v 0.375000 0.312500 0.187500
v 0.312500 0.375000 0.187500
v 0.375000 0.375000 0.187500
v 0.312500 0.437500 0.187500
v 0.375000 0.437500 0.187500
v 0.312500 0.500000 0.187500
v 0.375000 0.500000 0.187500
v 0.312500 0.562500 0.187500
v 0.375000 0.562500 0.187500
v 0.312500 0.625000 0.187500
v 0.375000 0.625000 0.187500
v 0.312500 0.687500 0.187500
v 0.375000 0.687500 0.187500
v 0.312500 0.750000 0.187500
v 0.375000 0.750000 0.187500
v 0.312500 0.812500 0.187500
v 0.375000 0.812500 0.187500
v 0.312500 0.875000 0.187500
v 0.375000 0.875000 0.187500
v 0.312500 0.937500 0.187500
v 0.375000 0.937500 0.187500
v 0.312500 1.000000 0.187500
v 0.375000 1.000000 0.187500
v 0.312500 1.062500 0.187500
v 0.375000 1.062500 0.187500
v 0.312500 1.125000 0.187500
v 0.375000 1.125000 0.187500
v 0.312500 1.187500 0.187500
v 0.375000 1.187500 0.187500
v 0.312500 1.250000 0.187500
v 0.375000 1.250000 0.187500
v 0.312500 1.312500 0.187500
v 0.375000 1.312500 0.187500
v 0.312500 1.375000 0.187500
v 0.375000 1.375000 0.187500
v 0.312500 1.437500 0.187500
v 0.375000 1.437500 0.187500
v 0.312500 1.500000 0.187500
v 0.375000 1.500000 0.187500
v 0.312500 1.562500 0.187500
v 0.375000 1.562500 0.187500
v 0.312500 1.625000 0.187500
v 0.375000 1.625000 0.187500
v 0.312500 1.687500 0.187500
v 0.375000 1.687500 0.187500
v 0.375000 1.750000 0.187500
v 0.375000 1.812500 0.187500
v 0.375000 1.875000 0.187500
v 0.375000 1.937500 0.187500
v 0.375000 2.000000 0.187500
v 0.375000 0.000000 0.250000
v 0.375000 0.062500 0.250000
v 0.375000 0.000000 0.312500
v 0.375000 0.062500 0.312500
v 0.375000 0.000000 0.375000
v 0.375000 0.062500 0.375000
v 0.375000 0.000000 0.437500
v 0.375000 0.062500 0.437500
v 0.375000 0.000000 0.500000
v 0.375000 0.062500 0.500000
v 0.437500 0.062500 -0.500000
v 0.437500 0.000000 -0.500000
v 0.437500 0.000000 -0.437500
v 0.437500 0.062500 -0.437500
v 0.437500 0.000000 -0.375000
v 0.437500 0.062500 -0.375000
v 0.437500 0.000000 -0.312500
v 0.437500 0.062500 -0.312500
v 0.437500 0.000000 -0.250000
v 0.437500 0.062500 -0.250000
v 0.437500 0.000000 -0.187500
v 0.437500 0.062500 -0.187500
v 0.437500 0.000000 -0.125000
v 0.437500 0.125000 -0.187500
v 0.437500 0.187500 -0.187500
v 0.437500 0.250000 -0.187500
v 0.437500 0.312500 -0.187500
v 0.437500 0.375000 -0.187500
v 0.437500 0.437500 -0.187500
v 0.437500 0.500000 -0.187500
v 0.437500 0.562500 -0.187500
v 0.437500 0.625000 -0.187500
v 0.437500 0.687500 -0.187500
v 0.437500 0.750000 -0.187500
v 0.437500 0.812500 -0.187500
v 0.437500 0.875000 -0.187500
v 0.437500 0.937500 -0.187500
v 0.437500 1.000000 -0.187500
v 0.437500 1.062500 -0.187500
v 0.437500 1.125000 -0.187500
v 0.437500 1.187500 -0.187500
v 0.437500 1.250000 -0.187500
v 0.437500 1.312500 -0.187500
v 0.437500 1.375000 -0.187500
v 0.437500 1.437500 -0.187500
v 0.437500 1.500000 -0.187500
v 0.437500 1.562500 -0.187500
v 0.437500 1.625000 -0.187500
v 0.437500 1.687500 -0.187500
v 0.437500 1.750000 -0.187500
v 0.437500 1.812500 -0.187500
v 0.437500 1.875000 -0.187500
v 0.437500 1.937500 -0.187500
v 0.437500 2.000000 -0.187500
v 0.437500 2.000000 -0.125000
v 0.437500 0.000000 -0.062500
v 0.437500 2.000000 -0.062500
v 0.437500 0.000000 0.000000
v 0.437500 2.000000 0.000000
v 0.437500 0.000000 0.062500
v 0.437500 2.000000 0.062500
v 0.437500 0.000000 0.125000
v 0.437500 2.000000 0.125000
v 0.437500 0.000000 0.187500
v 0.437500 0.062500 0.187500
v 0.437500 0.125000 0.187500
v 0.437500 0.187500 0.187500
v 0.437500 0.250000 0.187500
v 0.437500 0.312500 0.187500
v 0.437500 0.375000 0.187500
v 0.437500 0.437500 0.187500
v 0.437500 0.500000 0.187500
v 0.437500 0.562500 0.187500
v 0.437500 0.625000 0.187500
v 0.437500 0.687500 0.187500
v 0.437500 0.750000 0.187500
v 0.437500 0.812500 0.187500
v 0.437500 0.875000 0.187500
v 0.437500 0.937500 0.187500
v 0.437500 1.000000 0.187500
v 0.437500 1.062500 0.187500
v 0.437500 1.125000 0.187500
v 0.437500 1.187500 0.187500
v 0.437500 1.250000 0.187500
v 0.437500 1.312500 0.187500
v 0.437500 1.375000 0.187500
v 0.437500 1.437500 0.187500
v 0.437500 1.500000 0.187500
v 0.437500 1.562500 0.187500
v 0.437500 1.625000 0.187500
v 0.437500 1.687500 0.187500
v 0.437500 1.750000 0.187500
v 0.437500 1.812500 0.187500
v 0.437500 1.875000 0.187500
v 0.437500 1.937500 0.187500
v 0.437500 2.000000 0.187500
v 0.437500 0.000000 0.250000
v 0.437500 0.062500 0.250000
v 0.437500 0.000000 0.312500
v 0.437500 0.062500 0.312500
v 0.437500 0.000000 0.375000
v 0.437500 0.062500 0.375000
v 0.437500 0.000000 0.437500
v 0.437500 0.062500 0.437500
v 0.437500 0.000000 0.500000
v 0.437500 0.062500 0.500000
v 0.500000 0.062500 -0.500000
v 0.500000 0.062500 -0.437500
v 0.500000 0.000000 -0.437500
v 0.500000 0.000000 -0.500000
v 0.500000 0.062500 -0.375000
v 0.500000 0.000000 -0.375000
v 0.500000 0.062500 -0.312500
v 0.500000 0.000000 -0.312500
v 0.500000 0.062500 -0.250000
v 0.500000 0.000000 -0.250000
v 0.500000 0.062500 -0.187500
v 0.500000 0.000000 -0.187500
v 0.500000 0.062500 -0.125000
v 0.500000 0.000000 -0.125000
v 0.500000 0.125000 -0.187500
v 0.500000 0.125000 -0.125000
v 0.500000 0.187500 -0.187500
v 0.500000 0.187500 -0.125000
v 0.500000 0.250000 -0.187500
v 0.500000 0.250000 -0.125000
v 0.500000 0.312500 -0.187500
v 0.500000 0.312500 -0.125000
v 0.500000 0.375000 -0.187500
v 0.500000 0.375000 -0.125000
v 0.500000 0.437500 -0.187500
v 0.500000 0.437500 -0.125000
v 0.500000 0.500000 -0.187500
v 0.500000 0.500000 -0.125000
v 0.500000 0.562500 -0.187500
v 0.500000 0.562500 -0.125000
v 0.500000 0.625000 -0.187500
v 0.500000 0.625000 -0.125000
v 0.500000 0.687500 -0.187500
v 0.500000 0.687500 -0.125000
v 0.500000 0.750000 -0.187500
v 0.500000 0.750000 -0.125000
v 0.500000 0.812500 -0.187500
v 0.500000 0.812500 -0.125000
v 0.500000 0.875000 -0.187500
v 0.500000 0.875000 -0.125000
v 0.500000 0.937500 -0.187500
v 0.500000 0.937500 -0.125000
v 0.500000 1.000000 -0.187500
v 0.500000 1.000000 -0.125000
v 0.500000 1.062500 -0.187500
v 0.500000 1.062500 -0.125000
v 0.500000 1.125000 -0.187500
v 0.500000 1.125000 -0.125000
v 0.500000 1.187500 -0.187500
v 0.500000 1.187500 -0.125000
v 0.500000 1.250000 -0.187500
v 0.500000 1.250000 -0.125000
v 0.500000 1.312500 -0.187500
v 0.500000 1.312500 -0.125000
v 0.500000 1.375000 -0.187500
v 0.500000 1.375000 -0.125000
v 0.500000 1.437500 -0.187500
v 0.500000 1.437500 -0.125000
v 0.500000 1.500000 -0.187500
v 0.500000 1.500000 -0.125000
v 0.500000 1.562500 -0.187500
v 0.500000 1.562500 -0.125000
v 0.500000 1.625000 -0.187500
v 0.500000 1.625000 -0.125000
v 0.500000 1.687500 -0.187500
v 0.500000 1.687500 -0.125000
v 0.500000 1.750000 -0.187500
v 0.500000 1.750000 -0.125000
v 0.500000 1.812500 -0.187500
v 0.500000 1.812500 -0.125000
v 0.500000 1.875000 -0.187500
v 0.500000 1.875000 -0.125000
v 0.500000 1.937500 -0.187500
v 0.500000 1.937500 -0.125000
v 0.500000 2.000000 -0.187500
v 0.500000 2.000000 -0.125000
v 0.500000 0.062500 -0.062500
v 0.500000 0.000000 -0.062500
v 0.500000 0.125000 -0.062500
v 0.500000 0.187500 -0.062500
v 0.500000 0.250000 -0.062500
v 0.500000 0.312500 -0.062500
v 0.500000 0.375000 -0.062500
v 0.500000 0.437500 -0.062500
v 0.500000 0.500000 -0.062500
v 0.500000 0.562500 -0.062500
v 0.500000 0.625000 -0.062500
v 0.500000 0.687500 -0.062500
v 0.500000 0.750000 -0.062500
v 0.500000 0.812500 -0.062500
v 0.500000 0.875000 -0.062500
v 0.500000 0.937500 -0.062500
v 0.500000 1.000000 -0.062500
v 0.500000 1.062500 -0.062500
v 0.500000 1.125000 -0.062500
v 0.500000 1.187500 -0.062500
v 0.500000 1.250000 -0.062500
v 0.500000 1.312500 -0.062500
v 0.500000 1.375000 -0.062500
v 0.500000 1.437500 -0.062500
v 0.500000 1.500000 -0.062500
v 0.500000 1.562500 -0.062500
v 0.500000 1.625000 -0.062500
v 0.500000 1.687500 -0.062500
v 0.500000 1.750000 -0.062500
v 0.500000 1.812500 -0.062500
v 0.500000 1.875000 -0.062500
v 0.500000 1.937500 -0.062500
v 0.500000 2.000000 -0.062500
v 0.500000 0.062500 0.000000
v 0.500000 0.000000 0.000000
v 0.500000 0.125000 0.000000
v 0.500000 0.187500 0.000000
v 0.500000 0.250000 0.000000
v 0.500000 0.312500 0.000000
v 0.500000 0.375000 0.000000
v 0.500000 0.437500 0.000000
v 0.500000 0.500000 0.000000
v 0.500000 0.562500 0.000000
v 0.500000 0.625000 0.000000
v 0.500000 0.687500 0.000000
v 0.500000 0.750000 0.000000
v 0.500000 0.812500 0.000000
v 0.500000 0.875000 0.000000
v 0.500000 0.937500 0.000000
v 0.500000 1.000000 0.000000
v 0.500000 1.062500 0.000000
v 0.500000 1.125000 0.000000
v 0.500000 1.187500 0.000000
v 0.500000 1.250000 0.000000
v 0.500000 1.312500 0.000000
v 0.500000 1.375000 0.000000
v 0.500000 1.437500 0.000000
v 0.500000 1.500000 0.000000
v 0.500000 1.562500 0.000000
v 0.500000 1.625000 0.000000
v 0.500000 1.687500 0.000000
v 0.500000 1.750000 0.000000
v 0.500000 1.812500 0.000000
v 0.500000 1.875000 0.000000
v 0.500000 1.937500 0.000000
v 0.500000 2.000000 0.000000
v 0.500000 0.062500 0.062500
v 0.500000 0.000000 0.062500
v 0.500000 0.125000 0.062500
v 0.500000 0.187500 0.062500
v 0.500000 0.250000 0.062500
v 0.500000 0.312500 0.062500
v 0.500000 0.375000 0.062500
v 0.500000 0.437500 0.062500
v 0.500000 0.500000 0.062500
v 0.500000 0.562500 0.062500
v 0.500000 0.625000 0.062500
v 0.500000 0.687500 0.062500
v 0.500000 0.750000 0.062500
v 0.500000 0.812500 0.062500
v 0.500000 0.875000 0.062500
v 0.500000 0.937500 0.062500
v 0.500000 1.000000 0.062500
v 0.500000 1.062500 0.062500
v 0.500000 1.125000 0.062500
v 0.500000 1.187500 0.062500
v 0.500000 1.250000 0.062500
v 0.500000 1.312500 0.062500
v 0.500000 1.375000 0.062500
v 0.500000 1.437500 0.062500
v 0.500000 1.500000 0.062500
v 0.500000 1.562500 0.062500
v 0.500000 1.625000 0.062500
v 0.500000 1.687500 0.062500
v 0.500000 1.750000 0.062500
v 0.500000 1.812500 0.062500
v 0.500000 1.875000 0.062500
v 0.500000 1.937500 0.062500
v 0.500000 2.000000 0.062500
v 0.500000 0.062500 0.125000
v 0.500000 0.000000 0.125000
v 0.500000 0.125000 0.125000
v 0.500000 0.187500 0.125000
v 0.500000 0.250000 0.125000
v 0.500000 0.312500 0.125000
v 0.500000 0.375000 0.125000
v 0.500000 0.437500 0.125000
v 0.500000 0.500000 0.125000
v 0.500000 0.562500 0.125000
v 0.500000 0.625000 0.125000
v 0.500000 0.687500 0.125000
v 0.500000 0.750000 0.125000
v 0.500000 0.812500 0.125000
v 0.500000 0.875000 0.125000
v 0.500000 0.937500 0.125000
v 0.500000 1.000000 0.125000
v 0.500000 1.062500 0.125000
v 0.500000 1.125000 0.125000
v 0.500000 1.187500 0.125000
v 0.500000 1.250000 0.125000
v 0.500000 1.312500 0.125000
v 0.500000 1.375000 0.125000
v 0.500000 1.437500 0.125000
v 0.500000 1.500000 0.125000
v 0.500000 1.562500 0.125000
v 0.500000 1.625000 0.125000
v 0.500000 1.687500 0.125000
v 0.500000 1.750000 0.125000
v 0.500000 1.812500 0.125000
v 0.500000 1.875000 0.125000
v 0.500000 1.937500 0.125000
v 0.500000 2.000000 0.125000
v 0.500000 0.062500 0.187500
v 0.500000 0.000000 0.187500
v 0.500000 0.125000 0.187500
v 0.500000 0.187500 0.187500
v 0.500000 0.250000 0.187500
v 0.500000 0.312500 0.187500
v 0.500000 0.375000 0.187500
v 0.500000 0.437500 0.187500
v 0.500000 0.500000 0.187500
v 0.500000 0.562500 0.187500
v 0.500000 0.625000 0.187500
v 0.500000 0.687500 0.187500
v 0.500000 0.750000 0.187500
v 0.500000 0.812500 0.187500
v 0.500000 0.875000 0.187500
v 0.500000 0.937500 0.187500
v 0.500000 1.000000 0.187500
v 0.500000 1.062500 0.187500
v 0.500000 1.125000 0.187500
v 0.500000 1.187500 0.187500
v 0.500000 1.250000 0.187500
v 0.500000 1.312500 0.187500
v 0.500000 1.375000 0.187500
v 0.500000 1.437500 0.187500
v 0.500000 1.500000 0.187500
v 0.500000 1.562500 0.187500
v 0.500000 1.625000 0.187500
v 0.500000 1.687500 0.187500
v 0.500000 1.750000 0.187500
v 0.500000 1.812500 0.187500
v 0.500000 1.875000 0.187500
v 0.500000 1.937500 0.187500
v 0.500000 2.000000 0.187500
v 0.500000 0.062500 0.250000
v 0.500000 0.000000 0.250000
v 0.500000 0.062500 0.312500
v 0.500000 0.000000 0.312500
v 0.500000 0.062500 0.375000
v 0.500000 0.000000 0.375000
v 0.500000 0.062500 0.437500
v 0.500000 0.000000 0.437500
v 0.500000 0.062500 0.500000
v 0.500000 0.000000 0.500000
vt 0.03125000 0.96875000
vt 0.09375000 0.96875000
vt 0.15625000 0.96875000
vt 0.21875000 0.96875000
vt 0.28125000 0.96875000
vt 0.34375000 0.96875000
vt 0.40625000 0.96875000
vt 0.46875000 0.96875000
vt 0.53125000 0.96875000
vt 0.59375000 0.96875000
vt 0.65625000 0.96875000
vt 0.71875000 0.96875000
vt 0.78125000 0.96875000
vt 0.84375000 0.96875000
vt 0.90625000 0.96875000
vt 0.96875000 0.96875000
vt 0.03125000 0.90625000
vt 0.09375000 0.90625000
vt 0.15625000 0.90625000
vt 0.21875000 0.90625000
vt 0.28125000 0.90625000
vt 0.34375000 0.90625000
vt 0.40625000 0.90625000
vt 0.46875000 0.90625000
vt 0.53125000 0.90625000
vt 0.59375000 0.90625000
vt 0.65625000 0.90625000
vt 0.71875000 0.90625000
vt 0.78125000 0.90625000
vt 0.84375000 0.90625000
vt 0.90625000 0.90625000
vt 0.96875000 0.90625000
vt 0.03125000 0.84375000
vt 0.09375000 0.84375000
vt 0.15625000 0.84375000
vt 0.21875000 0.84375000
vt 0.28125000 0.84375000
vt 0.34375000 0.84375000
vt 0.40625000 0.84375000
vt 0.46875000 0.84375000
vt 0.53125000 0.84375000
vt 0.59375000 0.84375000
vt 0.65625000 0.84375000
vt 0.71875000 0.84375000
vt 0.78125000 0.84375000
vt 0.84375000 0.84375000
vt 0.90625000 0.84375000
vt 0.96875000 0.84375000
vt 0.03125000 0.78125000
vt 0.09375000 0.78125000
vt 0.15625000 0.78125000
vt 0.21875000 0.78125000
vt 0.28125000 0.78125000
vt 0.34375000 0.78125000
vt 0.40625000 0.78125000
vt 0.46875000 0.78125000
vt 0.53125000 0.78125000
vt 0.59375000 0.78125000
vt 0.65625000 0.78125000
vt 0.71875000 0.78125000
vt 0.78125000 0.78125000
vt 0.84375000 0.78125000
vt 0.90625000 0.78125000
vt 0.96875000 0.78125000
vt 0.03125000 0.71875000
vt 0.09375000 0.71875000
vt 0.15625000 0.71875000
vt 0.21875000 0.71875000
vt 0.28125000 0.71875000
vt 0.34375000 0.71875000
vt 0.40625000 0.71875000
vt 0.46875000 0.71875000
vt 0.53125000 0.71875000
vt 0.59375000 0.71875000
vt 0.65625000 0.71875000
vt 0.71875000 0.71875000
vt 0.78125000 0.71875000
vt 0.84375000 0.71875000
vt 0.90625000 0.71875000
vt 0.96875000 0.71875000
vt 0.03125000 0.65625000
vt 0.09375000 0.65625000
vt 0.15625000 0.65625000
vt 0.21875000 0.65625000
vt 0.28125000 0.65625000
vt 0.34375000 0.65625000
vt 0.40625000 0.65625000
vt 0.46875000 0.65625000
vt 0.53125000 0.65625000
vt 0.59375000 0.65625000
vt 0.65625000 0.65625000
vt 0.71875000 0.65625000
vt 0.78125000 0.65625000
vt 0.84375000 0.65625000
vt 0.90625000 0.65625000
vt 0.96875000 0.65625000
vt 0.03125000 0.59375000
vt 0.09375000 0.59375000
vt 0.15625000 0.59375000
vt 0.21875000 0.59375000
vt 0.28125000 0.59375000
vt 0.34375000 0.59375000
vt 0.40625000 0.59375000
vt 0.46875000 0.59375000
vt 0.53125000 0.59375000
vt 0.59375000 0.59375000
vt 0.65625000 0.59375000
vt 0.71875000 0.59375000
vt 0.78125000 0.59375000
vt 0.84375000 0.59375000
vt 0.90625000 0.59375000
vt 0.96875000 0.59375000
vt 0.03125000 0.53125000
vt 0.09375000 0.53125000
vt 0.15625000 0.53125000
vt 0.21875000 0.53125000
vt 0.28125000 0.53125000
vt 0.34375000 0.53125000
vt 0.40625000 0.53125000
vt 0.46875000 0.53125000
vt 0.53125000 0.53125000
vt 0.59375000 0.53125000
vt 0.65625000 0.53125000
vt 0.71875000 0.53125000
vt 0.78125000 0.53125000
vt 0.84375000 0.53125000
vt 0.90625000 0.53125000
vt 0.96875000 0.53125000
vt 0.03125000 0.46875000
vt 0.09375000 0.46875000
vt 0.15625000 0.46875000
vt 0.21875000 0.46875000
vt 0.28125000 0.46875000
vt 0.34375000 0.46875000
vt 0.40625000 0.46875000
vt 0.46875000 0.46875000
vt 0.53125000 0.46875000
vt 0.59375000 0.46875000
vt 0.65625000 0.46875000
vt 0.71875000 0.46875000
vt 0.78125000 0.46875000
vt 0.84375000 0.46875000
vt 0.90625000 0.46875000
vt 0.96875000 0.46875000
vt 0.03125000 0.40625000
vt 0.09375000 0.40625000
vt 0.15625000 0.40625000
vt 0.21875000 0.40625000
vt 0.28125000 0.40625000
vt 0.34375000 0.40625000
vt 0.40625000 0.40625000
vt 0.46875000 0.40625000
vt 0.53125000 0.40625000
vt 0.59375000 0.40625000
vt 0.65625000 0.40625000
vt 0.71875000 0.40625000
vt 0.78125000 0.40625000
vt 0.84375000 0.40625000
vt 0.90625000 0.40625000
vt 0.96875000 0.40625000
vt 0.03125000 0.34375000
vt 0.09375000 0.34375000
vt 0.15625000 0.34375000
vt 0.21875000 0.34375000
vt 0.28125000 0.34375000
vt 0.34375000 0.34375000
vt 0.40625000 0.34375000
vt 0.46875000 0.34375000
vt 0.53125000 0.34375000
vt 0.59375000 0.34375000
vt 0.65625000 0.34375000
vt 0.71875000 0.34375000
vt 0.78125000 0.34375000
vt 0.84375000 0.34375000
vt 0.90625000 0.34375000
vt 0.96875000 0.34375000
vt 0.03125000 0.28125000
vt 0.09375000 0.28125000
vt 0.15625000 0.28125000
vt 0.21875000 0.28125000
vt 0.28125000 0.28125000
vt 0.34375000 0.28125000
vt 0.40625000 0.28125000
vt 0.46875000 0.28125000
vt 0.53125000 0.28125000
vt 0.59375000 0.28125000
vt 0.65625000 0.28125000
vt 0.71875000 0.28125000
vt 0.78125000 0.28125000
vt 0.84375000 0.28125000
vt 0.90625000 0.28125000
vt 0.96875000 0.28125000
vt 0.03125000 0.21875000
vt 0.09375000 0.21875000
vt 0.15625000 0.21875000
vt 0.21875000 0.21875000
vt 0.28125000 0.21875000
vt 0.34375000 0.21875000
vt 0.40625000 0.21875000
vt 0.46875000 0.21875000
vt 0.53125000 0.21875000
vt 0.59375000 0.21875000
vt 0.65625000 0.21875000
vt 0.71875000 0.21875000
vt 0.78125000 0.21875000
vt 0.84375000 0.21875000
vt 0.90625000 0.21875000
vt 0.96875000 0.21875000
vt 0.03125000 0.15625000
vt 0.09375000 0.15625000
vt 0.15625000 0.15625000
vt 0.21875000 0.15625000
vt 0.28125000 0.15625000
vt 0.34375000 0.15625000
vt 0.40625000 0.15625000
vt 0.46875000 0.15625000
vt 0.53125000 0.15625000
vt 0.59375000 0.15625000
vt 0.65625000 0.15625000
vt 0.71875000 0.15625000
vt 0.78125000 0.15625000
vt 0.84375000 0.15625000
vt 0.90625000 0.15625000
vt 0.96875000 0.15625000
vt 0.03125000 0.09375000
vt 0.09375000 0.09375000
vt 0.15625000 0.09375000
vt 0.21875000 0.09375000
vt 0.28125000 0.09375000
vt 0.34375000 0.09375000
vt 0.40625000 0.09375000
vt 0.46875000 0.09375000
vt 0.53125000 0.09375000
vt 0.59375000 0.09375000
vt 0.65625000 0.09375000
vt 0.71875000 0.09375000
vt 0.78125000 0.09375000
vt 0.84375000 0.09375000
vt 0.90625000 0.09375000
vt 0.96875000 0.09375000
vt 0.03125000 0.03125000
vt 0.09375000 0.03125000
vt 0.15625000 0.03125000
vt 0.21875000 0.03125000
vt 0.28125000 0.03125000
vt 0.34375000 0.03125000
vt 0.40625000 0.03125000
vt 0.46875000 0.03125000
vt 0.53125000 0.03125000
vt 0.59375000 0.03125000
vt 0.65625000 0.03125000
vt 0.71875000 0.03125000
vt 0.78125000 0.03125000
vt 0.84375000 0.03125000
vt 0.90625000 0.03125000
vt 0.96875000 0.03125000
vn -1 0 0
vn 1 0 0
vn 0 0 -1
vn 0 0 1
vn 0 -1 0
vn 0 1 0
g palette
usemtl palette
f 1/4/1 2/4/1 3/4/1 4/4/1
f 3/4/3 5/4/3 6/4/3 4/4/3
f 6/4/5 7/4/5 1/4/5 4/4/5
f 2/4/6 8/4/6 5/4/6 3/4/6
f 9/4/1 10/4/1 2/4/1 1/4/1
f 7/4/5 11/4/5 9/4/5 1/4/5
f 10/4/6 12/4/6 8/4/6 2/4/6
f 13/4/1 14/4/1 10/4/1 9/4/1
f 11/4/5 15/4/5 13/4/5 9/4/5
f 14/4/6 16/4/6 12/4/6 10/4/6
f 17/4/1 18/4/1 14/4/1 13/4/1
f 15/4/5 19/4/5 17/4/5 13/4/5
f 18/4/6 20/4/6 16/4/6 14/4/6
f 21/4/1 22/4/1 18/4/1 17/4/1
f 19/4/5 23/4/5 21/4/5 17/4/5
f 22/4/6 24/4/6 20/4/6 18/4/6
f 25/4/1 26/4/1 22/4/1 21/4/1
f 23/4/5 27/4/5 25/4/5 21/4/5
f 26/4/1 28/4/1 29/4/1 22/4/1
f 29/4/3 30/4/3 24/4/3 22/4/3
f 28/4/1 31/4/1 32/4/1 29/4/1
f 32/4/3 33/4/3 30/4/3 29/4/3
f 31/4/1 34/4/1 35/4/1 32/4/1
f 35/4/3 36/4/3 33/4/3 32/4/3
f 34/4/1 37/4/1 38/4/1 35/4/1
f 38/4/3 39/4/3 36/4/3 35/4/3
f 37/4/1 40/4/1 41/4/1 38/4/1
f 41/4/3 42/4/3 39/4/3 38/4/3
f 40/4/1 43/4/1 44/4/1 41/4/1
f 44/4/3 45/4/3 42/4/3 41/4/3
f 43/4/1 46/4/1 47/4/1 44/4/1
f 47/4/3 48/4/3 45/4/3 44/4/3
f 46/4/1 49/4/1 50/4/1 47/4/1
f 50/4/3 51/4/3 48/4/3 47/4/3
f 49/4/1 52/4/1 53/4/1 50/4/1
f 53/4/3 54/4/3 51/4/3 50/4/3
f 52/4/1 55/4/1 56/4/1 53/4/1
f 56/4/3 57/4/3 54/4/3 53/4/3
f 55/4/1 58/4/1 59/4/1 56/4/1
f 59/4/3 60/4/3 57/4/3 56/4/3
f 58/4/1 61/4/1 62/4/1 59/4/1
f 62/4/3 63/4/3 60/4/3 59/4/3
f 61/4/1 64/4/1 65/4/1 62/4/1
f 65/4/3 66/4/3 63/4/3 62/4/3
f 64/4/1 67/4/1 68/4/1 65/4/1
f 68/4/3 69/4/3 66/4/3 65/4/3
f 67/4/1 70/4/1 71/4/1 68/4/1
f 71/4/3 72/4/3 69/4/3 68/4/3
f 70/4/1 73/4/1 74/4/1 71/4/1
f 74/4/3 75/4/3 72/4/3 71/4/3
f 73/4/1 76/4/1 77/4/1 74/4/1
f 77/4/3 78/4/3 75/4/3 74/4/3
f 76/4/1 79/4/1 80/4/1 77/4/1
f 80/4/3 81/4/3 78/4/3 77/4/3
f 79/4/1 82/4/1 83/4/1 80/4/1
f 83/4/3 84/4/3 81/4/3 80/4/3
f 82/4/1 85/4/1 86/4/1 83/4/1
f 86/4/3 87/4/3 84/4/3 83/4/3
f 85/4/1 88/4/1 89/4/1 86/4/1
f 89/4/3 90/4/3 87/4/3 86/4/3
f 88/4/1 91/4/1 92/4/1 89/4/1
f 92/4/3 93/4/3 90/4/3 89/4/3
f 91/4/1 94/4/1 95/4/1 92/4/1
f 95/4/3 96/4/3 93/4/3 92/4/3
f 94/4/1 97/4/1 98/4/1 95/4/1
f 98/4/3 99/4/3 96/4/3 95/4/3
f 97/4/1 100/4/1 101/4/1 98/4/1
f 101/4/3 102/4/3 99/4/3 98/4/3
f 100/4/1 103/4/1 104/4/1 101/4/1
f 104/4/3 105/4/3 102/4/3 101/4/3
f 103/4/1 106/4/1 107/4/1 104/4/1
f 107/4/3 108/4/3 105/4/3 104/4/3
f 106/5/1 109/5/1 110/5/1 107/5/1
f 110/5/3 111/5/3 108/5/3 107/5/3
f 109/5/1 112/5/1 113/5/1 110/5/1
f 113/5/3 114/5/3 111/5/3 110/5/3
f 112/5/1 115/5/1 116/5/1 113/5/1
f 116/5/3 117/5/3 114/5/3 113/5/3
f 115/5/1 118/5/1 119/5/1 116/5/1
f 119/5/3 120/5/3 117/5/3 116/5/3
f 118/5/6 121/5/6 120/5/6 119/5/6
f 122/4/1 123/4/1 26/4/1 25/4/1
f 27/4/5 124/4/5 122/4/5 25/4/5
f 123/4/1 125/4/1 28/4/1 26/4/1
f 125/4/1 126/4/1 31/4/1 28/4/1
f 126/4/1 127/4/1 34/4/1 31/4/1
f 127/4/1 128/4/1 37/4/1 34/4/1
f 128/4/1 129/4/1 40/4/1 37/4/1
f 129/4/1 130/4/1 43/4/1 40/4/1
f 130/4/1 131/4/1 46/4/1 43/4/1
f 131/4/1 132/4/1 49/4/1 46/4/1
f 132/4/1 133/4/1 52/4/1 49/4/1
f 133/4/1 134/4/1 55/4/1 52/4/1
f 134/4/1 135/4/1 58/4/1 55/4/1
f 135/4/1 136/4/1 61/4/1 58/4/1
f 136/4/1 137/4/1 64/4/1 61/4/1
f 137/4/1 138/4/1 67/4/1 64/4/1
f 138/4/1 139/4/1 70/4/1 67/4/1
f 139/4/1 140/4/1 73/4/1 70/4/1
f 140/4/1 141/4/1 76/4/1 73/4/1
f 141/4/1 142/4/1 79/4/1 76/4/1
f 142/4/1 143/4/1 82/4/1 79/4/1
f 143/11/1 144/11/1 85/11/1 82/11/1
f 144/4/1 145/4/1 88/4/1 85/4/1
f 145/4/1 146/4/1 91/4/1 88/4/1
f 146/4/1 147/4/1 94/4/1 91/4/1
f 147/4/1 148/4/1 97/4/1 94/4/1
f 148/4/1 149/4/1 100/4/1 97/4/1
f 149/4/1 150/4/1 103/4/1 100/4/1
f 150/4/1 151/4/1 106/4/1 103/4/1
f 151/5/1 152/5/1 109/5/1 106/5/1
f 152/5/1 153/5/1 112/5/1 109/5/1
f 153/5/1 154/5/1 115/5/1 112/5/1
f 154/5/1 155/5/1 118/5/1 115/5/1
f 155/5/6 156/5/6 121/5/6 118/5/6
f 157/4/1 158/4/1 123/4/1 122/4/1
f 124/4/5 159/4/5 157/4/5 122/4/5
f 158/4/1 160/4/1 125/4/1 123/4/1
f 160/4/1 161/4/1 126/4/1 125/4/1
f 161/4/1 162/4/1 127/4/1 126/4/1
f 162/4/1 163/4/1 128/4/1 127/4/1
f 163/4/1 164/4/1 129/4/1 128/4/1
f 164/4/1 165/4/1 130/4/1 129/4/1
f 165/4/1 166/4/1 131/4/1 130/4/1
f 166/4/1 167/4/1 132/4/1 131/4/1
f 167/4/1 168/4/1 133/4/1 132/4/1
f 168/4/1 169/4/1 134/4/1 133/4/1
f 169/4/1 170/4/1 135/4/1 134/4/1
f 170/4/1 171/4/1 136/4/1 135/4/1
f 171/4/1 172/4/1 137/4/1 136/4/1
f 172/4/1 173/4/1 138/4/1 137/4/1
f 173/4/1 174/4/1 139/4/1 138/4/1
f 174/4/1 175/4/1 140/4/1 139/4/1
f 175/4/1 176/4/1 141/4/1 140/4/1
f 176/4/1 177/4/1 142/4/1 141/4/1
f 177/4/1 178/4/1 143/4/1 142/4/1
f 178/4/1 179/4/1 144/4/1 143/4/1
f 179/4/1 180/4/1 145/4/1 144/4/1
f 180/4/1 181/4/1 146/4/1 145/4/1
f 181/4/1 182/4/1 147/4/1 146/4/1
f 182/4/1 183/4/1 148/4/1 147/4/1
f 183/4/1 184/4/1 149/4/1 148/4/1
f 184/4/1 185/4/1 150/4/1 149/4/1
f 185/11/1 186/11/1 151/11/1 150/11/1
f 186/5/1 187/5/1 152/5/1 151/5/1
f 187/5/1 188/5/1 153/5/1 152/5/1
f 188/5/1 189/5/1 154/5/1 153/5/1
f 189/5/1 190/5/1 155/5/1 154/5/1
f 190/5/6 191/5/6 156/5/6 155/5/6
f 192/4/1 193/4/1 158/4/1 157/4/1
f 159/4/5 194/4/5 192/4/5 157/4/5
f 193/4/1 195/4/1 160/4/1 158/4/1
f 195/4/1 196/4/1 161/4/1 160/4/1
f 196/4/1 197/4/1 162/4/1 161/4/1
f 197/4/1 198/4/1 163/4/1 162/4/1
f 198/4/1 199/4/1 164/4/1 163/4/1
f 199/4/1 200/4/1 165/4/1 164/4/1
f 200/4/1 201/4/1 166/4/1 165/4/1
f 201/4/1 202/4/1 167/4/1 166/4/1
f 202/4/1 203/4/1 168/4/1 167/4/1
f 203/4/1 204/4/1 169/4/1 168/4/1
f 204/4/1 205/4/1 170/4/1 169/4/1
f 205/4/1 206/4/1 171/4/1 170/4/1
f 206/4/1 207/4/1 172/4/1 171/4/1
f 207/4/1 208/4/1 173/4/1 172/4/1
f 208/4/1 209/4/1 174/4/1 173/4/1
f 209/4/1 210/4/1 175/4/1 174/4/1
f 210/4/1 211/4/1 176/4/1 175/4/1
f 211/4/1 212/4/1 177/4/1 176/4/1
f 212/4/1 213/4/1 178/4/1 177/4/1
f 213/4/1 214/4/1 179/4/1 178/4/1
f 214/4/1 215/4/1 180/4/1 179/4/1
f 215/4/1 216/4/1 181/4/1 180/4/1
f 216/4/1 217/4/1 182/4/1 181/4/1
f 217/4/1 218/4/1 183/4/1 182/4/1
f 218/4/1 219/4/1 184/4/1 183/4/1
f 219/4/1 220/4/1 185/4/1 184/4/1
f 220/4/1 221/4/1 186/4/1 185/4/1
f 221/5/1 222/5/1 187/5/1 186/5/1
f 222/5/1 223/5/1 188/5/1 187/5/1
f 223/5/1 224/5/1 189/5/1 188/5/1
f 224/5/1 225/5/1 190/5/1 189/5/1
f 225/5/6 226/5/6 191/5/6 190/5/6
f 227/4/1 228/4/1 193/4/1 192/4/1
f 194/4/5 229/4/5 227/4/5 192/4/5
f 228/4/1 230/4/1 195/4/1 193/4/1
f 230/4/1 231/4/1 196/4/1 195/4/1
f 231/4/1 232/4/1 197/4/1 196/4/1
f 232/4/1 233/4/1 198/4/1 197/4/1
f 233/4/1 234/4/1 199/4/1 198/4/1
f 234/4/1 235/4/1 200/4/1 199/4/1
f 235/4/1 236/4/1 201/4/1 200/4/1
f 236/4/1 237/4/1 202/4/1 201/4/1
f 237/4/1 238/4/1 203/4/1 202/4/1
f 238/4/1 239/4/1 204/4/1 203/4/1
f 239/4/1 240/4/1 205/4/1 204/4/1
f 240/4/1 241/4/1 206/4/1 205/4/1
f 241/4/1 242/4/1 207/4/1 206/4/1
f 242/4/1 243/4/1 208/4/1 207/4/1
f 243/4/1 244/4/1 209/4/1 208/4/1
f 244/4/1 245/4/1 210/4/1 209/4/1
f 245/4/1 246/4/1 211/4/1 210/4/1
f 246/4/1 247/4/1 212/4/1 211/4/1
f 247/4/1 248/4/1 213/4/1 212/4/1
f 248/4/1 249/4/1 214/4/1 213/4/1
f 249/4/1 250/4/1 215/4/1 214/4/1
f 250/4/1 251/4/1 216/4/1 215/4/1
f 251/4/1 252/4/1 217/4/1 216/4/1
f 252/4/1 253/4/1 218/4/1 217/4/1
f 253/4/1 254/4/1 219/4/1 218/4/1
f 254/4/1 255/4/1 220/4/1 219/4/1
f 255/4/1 256/4/1 221/4/1 220/4/1
f 256/5/1 257/5/1 222/5/1 221/5/1
f 257/5/1 258/5/1 223/5/1 222/5/1
f 258/5/1 259/5/1 224/5/1 223/5/1
f 259/5/1 260/5/1 225/5/1 224/5/1
f 260/5/6 261/5/6 226/5/6 225/5/6
f 262/4/1 263/4/1 228/4/1 227/4/1
f 229/4/5 264/4/5 262/4/5 227/4/5
f 263/11/1 265/11/1 230/11/1 228/11/1
f 266/11/4 267/11/4 265/11/4 263/11/4
f 265/4/1 268/4/1 231/4/1 230/4/1
f 267/4/4 269/4/4 268/4/4 265/4/4
f 268/4/1 270/4/1 232/4/1 231/4/1
f 269/4/4 271/4/4 270/4/4 268/4/4
f 270/4/1 272/4/1 233/4/1 232/4/1
f 271/4/4 273/4/4 272/4/4 270/4/4
f 272/4/1 274/4/1 234/4/1 233/4/1
f 273/4/4 275/4/4 274/4/4 272/4/4
f 274/4/1 276/4/1 235/4/1 234/4/1
f 275/4/4 277/4/4 276/4/4 274/4/4
f 276/4/1 278/4/1 236/4/1 235/4/1
f 277/4/4 279/4/4 278/4/4 276/4/4
f 278/4/1 280/4/1 237/4/1 236/4/1
f 279/4/4 281/4/4 280/4/4 278/4/4
f 280/4/1 282/4/1 238/4/1 237/4/1
f 281/4/4 283/4/4 282/4/4 280/4/4
f 282/4/1 284/4/1 239/4/1 238/4/1
f 283/4/4 285/4/4 284/4/4 282/4/4
f 284/4/1 286/4/1 240/4/1 239/4/1
f 285/4/4 287/4/4 286/4/4 284/4/4
f 286/4/1 288/4/1 241/4/1 240/4/1
f 287/4/4 289/4/4 288/4/4 286/4/4
f 288/4/1 290/4/1 242/4/1 241/4/1
f 289/4/4 291/4/4 290/4/4 288/4/4
f 290/4/1 292/4/1 243/4/1 242/4/1
f 291/4/4 293/4/4 292/4/4 290/4/4
f 292/4/1 294/4/1 244/4/1 243/4/1
f 293/4/4 295/4/4 294/4/4 292/4/4
f 294/4/1 296/4/1 245/4/1 244/4/1
f 295/4/4 297/4/4 296/4/4 294/4/4
f 296/4/1 298/4/1 246/4/1 245/4/1
f 297/4/4 299/4/4 298/4/4 296/4/4
f 298/4/1 300/4/1 247/4/1 246/4/1
f 299/4/4 301/4/4 300/4/4 298/4/4
f 300/4/1 302/4/1 248/4/1 247/4/1
f 301/4/4 303/4/4 302/4/4 300/4/4
f 302/4/1 304/4/1 249/4/1 248/4/1
f 303/4/4 305/4/4 304/4/4 302/4/4
f 304/4/1 306/4/1 250/4/1 249/4/1
f 305/4/4 307/4/4 306/4/4 304/4/4
f 306/4/1 308/4/1 251/4/1 250/4/1
f 307/4/4 309/4/4 308/4/4 306/4/4
f 308/4/1 310/4/1 252/4/1 251/4/1
f 309/4/4 311/4/4 310/4/4 308/4/4
f 310/4/1 312/4/1 253/4/1 252/4/1
f 311/4/4 313/4/4 312/4/4 310/4/4
f 312/4/1 314/4/1 254/4/1 253/4/1
f 313/4/4 315/4/4 314/4/4 312/4/4
f 314/4/1 316/4/1 255/4/1 254/4/1
f 315/4/4 317/4/4 316/4/4 314/4/4
f 316/4/1 318/4/1 256/4/1 255/4/1
f 317/4/4 319/4/4 318/4/4 316/4/4
f 318/5/1 320/5/1 257/5/1 256/5/1
f 319/5/4 321/5/4 320/5/4 318/5/4
f 320/5/1 322/5/1 258/5/1 257/5/1
f 321/5/4 323/5/4 322/5/4 320/5/4
f 322/5/1 324/5/1 259/5/1 258/5/1
f 323/5/4 325/5/4 324/5/4 322/5/4
f 324/5/1 326/5/1 260/5/1 259/5/1
f 325/5/4 327/5/4 326/5/4 324/5/4
f 326/5/6 327/5/6 261/5/6 260/5/6
f 328/4/1 329/4/1 263/4/1 262/4/1
f 264/4/5 330/4/5 328/4/5 262/4/5
f 329/4/6 331/4/6 266/4/6 263/4/6
f 332/4/1 333/4/1 329/4/1 328/4/1
f 330/4/5 334/4/5 332/4/5 328/4/5
f 333/4/6 335/4/6 331/4/6 329/4/6
f 336/4/1 337/4/1 333/4/1 332/4/1
f 334/4/5 338/4/5 336/4/5 332/4/5
f 337/4/6 339/4/6 335/4/6 333/4/6
f 340/4/1 341/4/1 337/4/1 336/4/1
f 338/4/5 342/4/5 340/4/5 336/4/5
f 341/4/6 343/4/6 339/4/6 337/4/6
f 344/4/1 345/4/1 341/4/1 340/4/1
f 346/4/4 347/4/4 345/4/4 344/4/4
f 342/4/5 346/4/5 344/4/5 340/4/5
f 345/4/6 347/4/6 343/4/6 341/4/6
f 5/4/3 348/4/3 349/4/3 6/4/3
f 349/4/5 350/4/5 7/4/5 6/4/5
f 8/4/6 351/4/6 348/4/6 5/4/6
f 350/4/5 352/4/5 11/4/5 7/4/5
f 12/4/6 353/4/6 351/4/6 8/4/6
f 352/4/5 354/4/5 15/4/5 11/4/5
f 16/4/6 355/4/6 353/4/6 12/4/6
f 354/4/5 356/4/5 19/4/5 15/4/5
f 20/4/6 357/4/6 355/4/6 16/4/6
f 356/4/5 358/4/5 23/4/5 19/4/5
f 24/4/6 359/4/6 357/4/6 20/4/6
f 358/4/5 360/4/5 27/4/5 23/4/5
f 30/4/3 361/4/3 359/4/3 24/4/3
f 33/4/3 362/4/3 361/4/3 30/4/3
f 36/4/3 363/4/3 362/4/3 33/4/3
f 39/4/3 364/4/3 363/4/3 36/4/3
f 42/4/3 365/4/3 364/4/3 39/4/3
f 45/4/3 366/4/3 365/4/3 42/4/3
f 48/4/3 367/4/3 366/4/3 45/4/3
f 51/4/3 368/4/3 367/4/3 48/4/3
f 54/4/3 369/4/3 368/4/3 51/4/3
f 57/4/3 370/4/3 369/4/3 54/4/3
f 60/4/3 371/4/3 370/4/3 57/4/3
f 63/4/3 372/4/3 371/4/3 60/4/3
f 66/4/3 373/4/3 372/4/3 63/4/3
f 69/4/3 374/4/3 373/4/3 66/4/3
f 72/4/3 375/4/3 374/4/3 69/4/3
f 75/4/3 376/4/3 375/4/3 72/4/3
f 78/11/3 377/11/3 376/11/3 75/11/3
f 81/11/3 378/11/3 377/11/3 78/11/3
f 84/11/3 379/11/3 378/11/3 81/11/3
f 87/4/3 380/4/3 379/4/3 84/4/3
f 90/4/3 381/4/3 380/4/3 87/4/3
f 93/4/3 382/4/3 381/4/3 90/4/3
f 96/4/3 383/4/3 382/4/3 93/4/3
f 99/4/3 384/4/3 383/4/3 96/4/3
f 102/4/3 385/4/3 384/4/3 99/4/3
f 105/4/3 386/4/3 385/4/3 102/4/3
f 108/4/3 387/4/3 386/4/3 105/4/3
f 111/5/3 388/5/3 387/5/3 108/5/3
f 114/5/3 389/5/3 388/5/3 111/5/3
f 117/5/3 390/5/3 389/5/3 114/5/3
f 120/5/3 391/5/3 390/5/3 117/5/3
f 121/5/6 392/5/6 391/5/6 120/5/6
f 360/4/5 393/4/5 124/4/5 27/4/5
f 156/5/6 394/5/6 392/5/6 121/5/6
f 393/4/5 395/4/5 159/4/5 124/4/5
f 191/5/6 396/5/6 394/5/6 156/5/6
f 395/4/5 397/4/5 194/4/5 159/4/5
f 226/5/6 398/5/6 396/5/6 191/5/6
f 397/4/5 399/4/5 229/4/5 194/4/5
f 261/5/6 400/5/6 398/5/6 226/5/6
f 399/4/5 401/4/5 264/4/5 229/4/5
f 402/4/4 403/4/4 267/4/4 266/4/4
f 403/4/4 404/4/4 269/4/4 267/4/4
f 404/4/4 405/4/4 271/4/4 269/4/4
f 405/11/4 406/11/4 273/11/4 271/11/4
f 406/4/4 407/4/4 275/4/4 273/4/4
f 407/4/4 408/4/4 277/4/4 275/4/4
f 408/4/4 409/4/4 279/4/4 277/4/4
f 409/4/4 410/4/4 281/4/4 279/4/4
f 410/4/4 411/4/4 283/4/4 281/4/4
f 411/4/4 412/4/4 285/4/4 283/4/4
f 412/4/4 413/4/4 287/4/4 285/4/4
f 413/4/4 414/4/4 289/4/4 287/4/4
f 414/4/4 415/4/4 291/4/4 289/4/4
f 415/4/4 416/4/4 293/4/4 291/4/4
f 416/4/4 417/4/4 295/4/4 293/4/4
f 417/4/4 418/4/4 297/4/4 295/4/4
f 418/4/4 419/4/4 299/4/4 297/4/4
f 419/4/4 420/4/4 301/4/4 299/4/4
f 420/5/4 421/5/4 303/5/4 301/5/4
f 421/4/4 422/4/4 305/4/4 303/4/4
f 422/4/4 423/4/4 307/4/4 305/4/4
f 423/4/4 424/4/4 309/4/4 307/4/4
f 424/4/4 425/4/4 311/4/4 309/4/4
f 425/4/4 426/4/4 313/4/4 311/4/4
f 426/4/4 427/4/4 315/4/4 313/4/4
f 427/4/4 428/4/4 317/4/4 315/4/4
f 428/4/4 429/4/4 319/4/4 317/4/4
f 429/5/4 430/5/4 321/5/4 319/5/4
f 430/5/4 431/5/4 323/5/4 321/5/4
f 431/5/4 432/5/4 325/5/4 323/5/4
f 432/5/4 433/5/4 327/5/4 325/5/4
f 327/5/6 433/5/6 400/5/6 261/5/6
f 401/4/5 434/4/5 330/4/5 264/4/5
f 331/4/6 435/4/6 402/4/6 266/4/6
f 434/4/5 436/4/5 334/4/5 330/4/5
f 335/4/6 437/4/6 435/4/6 331/4/6
f 436/4/5 438/4/5 338/4/5 334/4/5
f 339/4/6 439/4/6 437/4/6 335/4/6
f 438/4/5 440/4/5 342/4/5 338/4/5
f 343/4/6 441/4/6 439/4/6 339/4/6
f 442/4/4 443/4/4 347/4/4 346/4/4
f 440/4/5 442/4/5 346/4/5 342/4/5
f 347/4/6 443/4/6 441/4/6 343/4/6
f 348/4/3 444/4/3 445/4/3 349/4/3
f 445/4/5 446/4/5 350/4/5 349/4/5
f 351/4/6 447/4/6 444/4/6 348/4/6
f 446/4/5 448/4/5 352/4/5 350/4/5
f 353/4/6 449/4/6 447/4/6 351/4/6
f 448/4/5 450/4/5 354/4/5 352/4/5
f 355/4/6 451/4/6 449/4/6 353/4/6
f 450/4/5 452/4/5 356/4/5 354/4/5
f 357/4/6 453/4/6 451/4/6 355/4/6
f 452/4/5 454/4/5 358/4/5 356/4/5
f 359/4/6 455/4/6 453/4/6 357/4/6
f 454/4/5 456/4/5 360/4/5 358/4/5
f 457/4/2 458/4/2 459/4/2 455/4/2
f 361/4/3 457/4/3 455/4/3 359/4/3
f 460/4/2 461/4/2 458/4/2 457/4/2
f 362/4/3 460/4/3 457/4/3 361/4/3
f 462/4/2 463/4/2 461/4/2 460/4/2
f 363/4/3 462/4/3 460/4/3 362/4/3
f 464/4/2 465/4/2 463/4/2 462/4/2
f 364/4/3 464/4/3 462/4/3 363/4/3
f 466/4/2 467/4/2 465/4/2 464/4/2
f 365/4/3 466/4/3 464/4/3 364/4/3
f 468/4/2 469/4/2 467/4/2 466/4/2
f 366/4/3 468/4/3 466/4/3 365/4/3
f 470/4/2 471/4/2 469/4/2 468/4/2
f 367/4/3 470/4/3 468/4/3 366/4/3
f 472/4/2 473/4/2 471/4/2 470/4/2
f 368/4/3 472/4/3 470/4/3 367/4/3
f 474/4/2 475/4/2 473/4/2 472/4/2
f 369/4/3 474/4/3 472/4/3 368/4/3
f 476/4/2 477/4/2 475/4/2 474/4/2
f 370/4/3 476/4/3 474/4/3 369/4/3
f 478/5/2 479/5/2 477/5/2 476/5/2
f 371/5/3 478/5/3 476/5/3 370/5/3
f 480/4/2 481/4/2 479/4/2 478/4/2
f 372/4/3 480/4/3 478/4/3 371/4/3
f 482/4/2 483/4/2 481/4/2 480/4/2
f 373/4/3 482/4/3 480/4/3 372/4/3
f 484/4/2 485/4/2 483/4/2 482/4/2
f 374/4/3 484/4/3 482/4/3 373/4/3
f 486/4/2 487/4/2 485/4/2 484/4/2
f 375/4/3 486/4/3 484/4/3 374/4/3
f 488/4/2 489/4/2 487/4/2 486/4/2
f 376/4/3 488/4/3 486/4/3 375/4/3
f 490/4/2 491/4/2 489/4/2 488/4/2
f 377/4/3 490/4/3 488/4/3 376/4/3
f 492/4/2 493/4/2 491/4/2 490/4/2
f 378/4/3 492/4/3 490/4/3 377/4/3
f 494/4/2 495/4/2 493/4/2 492/4/2
f 379/4/3 494/4/3 492/4/3 378/4/3
f 496/4/2 497/4/2 495/4/2 494/4/2
f 380/4/3 496/4/3 494/4/3 379/4/3
f 498/4/2 499/4/2 497/4/2 496/4/2
f 381/4/3 498/4/3 496/4/3 380/4/3
f 500/4/2 501/4/2 499/4/2 498/4/2
f 382/4/3 500/4/3 498/4/3 381/4/3
f 502/4/2 503/4/2 501/4/2 500/4/2
f 383/4/3 502/4/3 500/4/3 382/4/3
f 504/5/2 505/5/2 503/5/2 502/5/2
f 384/5/3 504/5/3 502/5/3 383/5/3
f 506/4/2 507/4/2 505/4/2 504/4/2
f 385/4/3 506/4/3 504/4/3 384/4/3
f 508/4/2 509/4/2 507/4/2 506/4/2
f 386/4/3 508/4/3 506/4/3 385/4/3
f 510/4/2 511/4/2 509/4/2 508/4/2
f 387/4/3 510/4/3 508/4/3 386/4/3
f 388/5/3 512/5/3 510/5/3 387/5/3
f 389/11/3 513/11/3 512/11/3 388/11/3
f 390/5/3 514/5/3 513/5/3 389/5/3
f 391/5/3 515/5/3 514/5/3 390/5/3
f 392/5/6 516/5/6 515/5/6 391/5/6
f 456/4/5 517/4/5 393/4/5 360/4/5
f 458/4/2 518/4/2 519/4/2 459/4/2
f 461/4/2 520/4/2 518/4/2 458/4/2
f 463/4/2 521/4/2 520/4/2 461/4/2
f 465/4/2 522/4/2 521/4/2 463/4/2
f 467/4/2 523/4/2 522/4/2 465/4/2
f 473/4/2 524/4/2 525/4/2 471/4/2
f 475/4/2 526/4/2 524/4/2 473/4/2
f 477/4/2 527/4/2 526/4/2 475/4/2
f 479/4/2 528/4/2 527/4/2 477/4/2
f 481/4/2 529/4/2 528/4/2 479/4/2
f 483/4/2 530/4/2 529/4/2 481/4/2
f 485/4/2 531/4/2 530/4/2 483/4/2
f 487/4/2 532/4/2 531/4/2 485/4/2
f 489/4/2 533/4/2 532/4/2 487/4/2
f 491/4/2 534/4/2 533/4/2 489/4/2
f 493/4/2 535/4/2 534/4/2 491/4/2
f 495/4/2 536/4/2 535/4/2 493/4/2
f 497/4/2 537/4/2 536/4/2 495/4/2
f 499/4/2 538/4/2 537/4/2 497/4/2
f 505/4/2 539/4/2 540/4/2 503/4/2
f 507/4/2 541/4/2 539/4/2 505/4/2
f 509/4/2 542/4/2 541/4/2 507/4/2
f 511/4/2 543/4/2 542/4/2 509/4/2
f 394/5/6 544/5/6 516/5/6 392/5/6
f 517/4/5 545/4/5 395/4/5 393/4/5
f 396/5/6 546/5/6 544/5/6 394/5/6
f 545/4/5 547/4/5 397/4/5 395/4/5
f 398/5/6 548/5/6 546/5/6 396/5/6
f 547/4/5 549/4/5 399/4/5 397/4/5
f 550/4/2 551/4/2 552/4/2 553/4/2
f 554/4/2 555/4/2 551/4/2 550/4/2
f 556/4/2 557/4/2 555/4/2 554/4/2
f 558/4/2 559/4/2 557/4/2 556/4/2
f 560/4/2 561/4/2 559/4/2 558/4/2
f 562/4/2 563/4/2 561/4/2 560/4/2
f 564/4/2 565/4/2 563/4/2 562/4/2
f 566/4/2 567/4/2 565/4/2 564/4/2
f 568/4/2 569/4/2 567/4/2 566/4/2
f 570/4/2 571/4/2 569/4/2 568/4/2
f 572/4/2 573/4/2 571/4/2 570/4/2
f 574/4/2 575/4/2 573/4/2 572/4/2
f 576/4/2 577/4/2 575/4/2 574/4/2
f 578/4/2 579/4/2 577/4/2 576/4/2
f 580/4/2 581/4/2 579/4/2 578/4/2
f 582/4/2 583/4/2 581/4/2 580/4/2
f 584/4/2 585/4/2 583/4/2 582/4/2
f 586/4/2 587/4/2 585/4/2 584/4/2
f 588/4/2 589/4/2 587/4/2 586/4/2
f 590/4/2 591/4/2 589/4/2 588/4/2
f 592/4/2 593/4/2 591/4/2 590/4/2
f 594/4/2 595/4/2 593/4/2 592/4/2
f 596/4/2 597/4/2 595/4/2 594/4/2
f 598/4/2 599/4/2 597/4/2 596/4/2
f 600/4/2 601/4/2 599/4/2 598/4/2
f 602/4/2 603/4/2 601/4/2 600/4/2
f 604/4/2 605/4/2 603/4/2 602/4/2
f 400/5/6 606/5/6 548/5/6 398/5/6
f 549/4/5 607/4/5 401/4/5 399/4/5
f 551/11/2 608/11/2 609/11/2 552/11/2
f 609/11/4 608/11/4 403/11/4 402/11/4
f 555/4/2 610/4/2 608/4/2 551/4/2
f 608/4/4 610/4/4 404/4/4 403/4/4
f 557/4/2 611/4/2 610/4/2 555/4/2
f 610/4/4 611/4/4 405/4/4 404/4/4
f 559/4/2 612/4/2 611/4/2 557/4/2
f 611/4/4 612/4/4 406/4/4 405/4/4
f 561/4/2 613/4/2 612/4/2 559/4/2
f 612/4/4 613/4/4 407/4/4 406/4/4
f 563/4/2 614/4/2 613/4/2 561/4/2
f 613/4/4 614/4/4 408/4/4 407/4/4
f 565/4/2 615/4/2 614/4/2 563/4/2
f 614/4/4 615/4/4 409/4/4 408/4/4
f 567/4/2 616/4/2 615/4/2 565/4/2
f 615/4/4 616/4/4 410/4/4 409/4/4
f 569/4/2 617/4/2 616/4/2 567/4/2
f 616/4/4 617/4/4 411/4/4 410/4/4
f 571/4/2 618/4/2 617/4/2 569/4/2
f 617/4/4 618/4/4 412/4/4 411/4/4
f 573/4/2 619/4/2 618/4/2 571/4/2
f 618/4/4 619/4/4 413/4/4 412/4/4
f 575/4/2 620/4/2 619/4/2 573/4/2
f 619/4/4 620/4/4 414/4/4 413/4/4
f 577/4/2 621/4/2 620/4/2 575/4/2
f 620/4/4 621/4/4 415/4/4 414/4/4
f 579/4/2 622/4/2 621/4/2 577/4/2
f 621/4/4 622/4/4 416/4/4 415/4/4
f 581/4/2 623/4/2 622/4/2 579/4/2
f 622/4/4 623/4/4 417/4/4 416/4/4
f 583/4/2 624/4/2 623/4/2 581/4/2
f 623/4/4 624/4/4 418/4/4 417/4/4
f 585/4/2 625/4/2 624/4/2 583/4/2
f 624/4/4 625/4/4 419/4/4 418/4/4
f 587/4/2 626/4/2 625/4/2 585/4/2
f 625/4/4 626/4/4 420/4/4 419/4/4
f 589/4/2 627/4/2 626/4/2 587/4/2
f 626/4/4 627/4/4 421/4/4 420/4/4
f 591/4/2 628/4/2 627/4/2 589/4/2
f 627/4/4 628/4/4 422/4/4 421/4/4
f 593/4/2 629/4/2 628/4/2 591/4/2
f 628/4/4 629/4/4 423/4/4 422/4/4
f 595/4/2 630/4/2 629/4/2 593/4/2
f 629/4/4 630/4/4 424/4/4 423/4/4
f 597/4/2 631/4/2 630/4/2 595/4/2
f 630/4/4 631/4/4 425/4/4 424/4/4
f 599/4/2 632/4/2 631/4/2 597/4/2
f 631/4/4 632/4/4 426/4/4 425/4/4
f 601/4/2 633/4/2 632/4/2 599/4/2
f 632/4/4 633/4/4 427/4/4 426/4/4
f 603/4/2 634/4/2 633/4/2 601/4/2
f 633/4/4 634/4/4 428/4/4 427/4/4
f 605/4/2 635/4/2 634/4/2 603/4/2
f 634/4/4 635/4/4 429/4/4 428/4/4
f 635/5/4 636/5/4 430/5/4 429/5/4
f 636/5/4 637/5/4 431/5/4 430/5/4
f 637/5/4 638/5/4 432/5/4 431/5/4
f 638/5/4 639/5/4 433/5/4 432/5/4
f 433/5/6 639/5/6 606/5/6 400/5/6
f 607/4/5 640/4/5 434/4/5 401/4/5
f 435/4/6 641/4/6 609/4/6 402/4/6
f 640/4/5 642/4/5 436/4/5 434/4/5
f 437/4/6 643/4/6 641/4/6 435/4/6
f 642/4/5 644/4/5 438/4/5 436/4/5
f 439/4/6 645/4/6 643/4/6 437/4/6
f 644/5/5 646/5/5 440/5/5 438/5/5
f 441/5/6 647/5/6 645/5/6 439/5/6
f 648/4/4 649/4/4 443/4/4 442/4/4
f 646/4/5 648/4/5 442/4/5 440/4/5
f 443/4/6 649/4/6 647/4/6 441/4/6
f 444/4/3 650/4/3 651/4/3 445/4/3
f 651/4/5 652/4/5 446/4/5 445/4/5
f 447/4/6 653/4/6 650/4/6 444/4/6
f 652/4/5 654/4/5 448/4/5 446/4/5
f 449/4/6 655/4/6 653/4/6 447/4/6
f 654/4/5 656/4/5 450/4/5 448/4/5
f 451/4/6 657/4/6 655/4/6 449/4/6
f 656/4/5 658/4/5 452/4/5 450/4/5
f 453/4/6 659/4/6 657/4/6 451/4/6
f 658/4/5 660/4/5 454/4/5 452/4/5
f 455/4/6 661/4/6 659/4/6 453/4/6
f 660/4/5 662/4/5 456/4/5 454/4/5
f 459/4/6 663/4/6 661/4/6 455/4/6
f 512/5/3 664/5/3 665/5/3 510/5/3
f 665/5/5 666/5/5 511/5/5 510/5/5
f 513/5/3 667/5/3 664/5/3 512/5/3
f 514/5/3 668/5/3 667/5/3 513/5/3
f 515/5/3 669/5/3 668/5/3 514/5/3
f 516/5/6 670/5/6 669/5/6 515/5/6
f 662/4/5 671/4/5 517/4/5 456/4/5
f 519/4/6 672/4/6 663/4/6 459/4/6
f 469/53/3 673/53/3 674/53/3 467/53/3
f 674/53/5 675/53/5 523/53/5 467/53/5
f 471/53/3 676/53/3 673/53/3 469/53/3
f 525/53/6 677/53/6 676/53/6 471/53/6
f 501/53/3 678/53/3 679/53/3 499/53/3
f 679/53/5 680/53/5 538/53/5 499/53/5
f 503/53/3 681/53/3 678/53/3 501/53/3
f 540/53/6 682/53/6 681/53/6 503/53/6
f 666/5/5 683/5/5 543/5/5 511/5/5
f 544/5/6 684/5/6 670/5/6 516/5/6
f 671/4/5 685/4/5 545/4/5 517/4/5
f 518/37/3 686/37/3 672/37/3 519/37/3
f 520/37/3 687/37/3 686/37/3 518/37/3
f 521/37/3 688/37/3 687/37/3 520/37/3
f 522/37/3 689/37/3 688/37/3 521/37/3
f 523/37/3 675/37/3 689/37/3 522/37/3
f 524/37/3 690/37/3 677/37/3 525/37/3
f 526/37/3 691/37/3 690/37/3 524/37/3
f 527/37/3 692/37/3 691/37/3 526/37/3
f 528/37/3 693/37/3 692/37/3 527/37/3
f 529/37/3 694/37/3 693/37/3 528/37/3
f 530/37/3 695/37/3 694/37/3 529/37/3
f 531/37/3 696/37/3 695/37/3 530/37/3
f 532/37/3 697/37/3 696/37/3 531/37/3
f 533/37/3 698/37/3 697/37/3 532/37/3
f 534/37/3 699/37/3 698/37/3 533/37/3
f 535/37/3 700/37/3 699/37/3 534/37/3
f 536/37/3 701/37/3 700/37/3 535/37/3
f 537/37/3 702/37/3 701/37/3 536/37/3
f 538/37/3 680/37/3 702/37/3 537/37/3
f 539/37/3 703/37/3 682/37/3 540/37/3
f 541/37/3 704/37/3 703/37/3 539/37/3
f 542/37/3 705/37/3 704/37/3 541/37/3
f 543/37/3 683/37/3 705/37/3 542/37/3
f 546/5/6 706/5/6 684/5/6 544/5/6
f 685/4/5 707/4/5 547/4/5 545/4/5
f 708/37/4 709/37/4 550/37/4 553/37/4
f 709/37/4 710/37/4 554/37/4 550/37/4
f 710/37/4 711/37/4 556/37/4 554/37/4
f 711/37/4 712/37/4 558/37/4 556/37/4
f 712/37/4 713/37/4 560/37/4 558/37/4
f 713/36/4 714/36/4 562/36/4 560/36/4
f 714/37/4 715/37/4 564/37/4 562/37/4
f 715/37/4 716/37/4 566/37/4 564/37/4
f 716/37/4 717/37/4 568/37/4 566/37/4
f 717/37/4 718/37/4 570/37/4 568/37/4
f 718/37/4 719/37/4 572/37/4 570/37/4
f 719/37/4 720/37/4 574/37/4 572/37/4
f 720/37/4 721/37/4 576/37/4 574/37/4
f 721/37/4 722/37/4 578/37/4 576/37/4
f 722/36/4 723/36/4 580/36/4 578/36/4
f 723/37/4 724/37/4 582/37/4 580/37/4
f 724/37/4 725/37/4 584/37/4 582/37/4
f 725/37/4 726/37/4 586/37/4 584/37/4
f 726/37/4 727/37/4 588/37/4 586/37/4
f 727/37/4 728/37/4 590/37/4 588/37/4
f 728/37/4 729/37/4 592/37/4 590/37/4
f 729/37/4 730/37/4 594/37/4 592/37/4
f 730/37/4 731/37/4 596/37/4 594/37/4
f 731/37/4 732/37/4 598/37/4 596/37/4
f 732/37/4 733/37/4 600/37/4 598/37/4
f 733/37/4 734/37/4 602/37/4 600/37/4
f 734/37/4 735/37/4 604/37/4 602/37/4
f 548/5/6 736/5/6 706/5/6 546/5/6
f 707/4/5 737/4/5 549/4/5 547/4/5
f 552/4/6 738/4/6 708/4/6 553/4/6
f 735/5/5 739/5/5 605/5/5 604/5/5
f 606/5/6 740/5/6 736/5/6 548/5/6
f 737/4/5 741/4/5 607/4/5 549/4/5
f 609/4/6 742/4/6 738/4/6 552/4/6
f 743/5/4 744/5/4 636/5/4 635/5/4
f 739/5/5 743/5/5 635/5/5 605/5/5
f 744/5/4 745/5/4 637/5/4 636/5/4
f 745/5/4 746/5/4 638/5/4 637/5/4
f 746/5/4 747/5/4 639/5/4 638/5/4
f 639/5/6 747/5/6 740/5/6 606/5/6
f 741/4/5 748/4/5 640/4/5 607/4/5
f 641/4/6 749/4/6 742/4/6 609/4/6
f 748/4/5 750/4/5 642/4/5 640/4/5
f 643/4/6 751/4/6 749/4/6 641/4/6
f 750/4/5 752/4/5 644/4/5 642/4/5
f 645/4/6 753/4/6 751/4/6 643/4/6
f 752/4/5 754/4/5 646/4/5 644/4/5
f 647/4/6 755/4/6 753/4/6 645/4/6
f 756/4/4 757/4/4 649/4/4 648/4/4
f 754/4/5 756/4/5 648/4/5 646/4/5
f 649/4/6 757/4/6 755/4/6 647/4/6
f 650/4/3 758/4/3 759/4/3 651/4/3
f 759/4/5 760/4/5 652/4/5 651/4/5
f 653/4/6 761/4/6 758/4/6 650/4/6
f 760/4/5 762/4/5 654/4/5 652/4/5
f 655/4/6 763/4/6 761/4/6 653/4/6
f 762/4/5 764/4/5 656/4/5 654/4/5
f 657/4/6 765/4/6 763/4/6 655/4/6
f 764/4/5 766/4/5 658/4/5 656/4/5
f 659/4/6 767/4/6 765/4/6 657/4/6
f 766/4/5 768/4/5 660/4/5 658/4/5
f 661/4/6 769/4/6 767/4/6 659/4/6
f 768/4/5 770/4/5 662/4/5 660/4/5
f 663/4/6 771/4/6 769/4/6 661/4/6
f 664/5/3 772/5/3 773/5/3 665/5/3
f 773/5/5 774/5/5 666/5/5 665/5/5
f 667/5/3 775/5/3 772/5/3 664/5/3
f 668/5/3 776/5/3 775/5/3 667/5/3
f 669/5/3 777/5/3 776/5/3 668/5/3
f 670/5/6 778/5/6 777/5/6 669/5/6
f 770/4/5 779/4/5 671/4/5 662/4/5
f 672/4/6 780/4/6 771/4/6 663/4/6
f 673/53/3 781/53/3 782/53/3 674/53/3
f 782/53/5 783/53/5 675/53/5 674/53/5
f 676/53/3 784/53/3 781/53/3 673/53/3
f 677/53/6 785/53/6 784/53/6 676/53/6
f 678/53/3 786/53/3 787/53/3 679/53/3
f 787/53/5 788/53/5 680/53/5 679/53/5
f 681/53/3 789/53/3 786/53/3 678/53/3
f 682/53/6 790/53/6 789/53/6 681/53/6
f 774/5/5 791/5/5 683/5/5 666/5/5
f 684/5/6 792/5/6 778/5/6 670/5/6
f 779/4/5 793/4/5 685/4/5 671/4/5
f 686/37/3 794/37/3 780/37/3 672/37/3
f 687/37/3 795/37/3 794/37/3 686/37/3
f 688/37/3 796/37/3 795/37/3 687/37/3
f 689/37/3 797/37/3 796/37/3 688/37/3
f 675/37/3 783/37/3 797/37/3 689/37/3
f 690/37/3 798/37/3 785/37/3 677/37/3
f 691/37/3 799/37/3 798/37/3 690/37/3
f 692/37/3 800/37/3 799/37/3 691/37/3
f 693/37/3 801/37/3 800/37/3 692/37/3
f 694/37/3 802/37/3 801/37/3 693/37/3
f 695/37/3 803/37/3 802/37/3 694/37/3
f 696/37/3 804/37/3 803/37/3 695/37/3
f 697/37/3 805/37/3 804/37/3 696/37/3
f 698/37/3 806/37/3 805/37/3 697/37/3
f 699/37/3 807/37/3 806/37/3 698/37/3
f 700/37/3 808/37/3 807/37/3 699/37/3
f 701/37/3 809/37/3 808/37/3 700/37/3
f 702/37/3 810/37/3 809/37/3 701/37/3
f 680/37/3 788/37/3 810/37/3 702/37/3
f 703/37/3 811/37/3 790/37/3 682/37/3
f 704/37/3 812/37/3 811/37/3 703/37/3
f 705/37/3 813/37/3 812/37/3 704/37/3
f 683/37/3 791/37/3 813/37/3 705/37/3
f 706/5/6 814/5/6 792/5/6 684/5/6
f 793/4/5 815/4/5 707/4/5 685/4/5
f 816/37/4 817/37/4 709/37/4 708/37/4
f 817/37/4 818/37/4 710/37/4 709/37/4
f 818/37/4 819/37/4 711/37/4 710/37/4
f 819/37/4 820/37/4 712/37/4 711/37/4
f 820/37/4 821/37/4 713/37/4 712/37/4
f 821/37/4 822/37/4 714/37/4 713/37/4
f 822/37/4 823/37/4 715/37/4 714/37/4
f 823/37/4 824/37/4 716/37/4 715/37/4
f 824/37/4 825/37/4 717/37/4 716/37/4
f 825/37/4 826/37/4 718/37/4 717/37/4
f 826/37/4 827/37/4 719/37/4 718/37/4
f 827/37/4 828/37/4 720/37/4 719/37/4
f 828/37/4 829/37/4 721/37/4 720/37/4
f 829/37/4 830/37/4 722/37/4 721/37/4
f 830/37/4 831/37/4 723/37/4 722/37/4
f 831/37/4 832/37/4 724/37/4 723/37/4
f 832/37/4 833/37/4 725/37/4 724/37/4
f 833/37/4 834/37/4 726/37/4 725/37/4
f 834/37/4 835/37/4 727/37/4 726/37/4
f 835/37/4 836/37/4 728/37/4 727/37/4
f 836/37/4 837/37/4 729/37/4 728/37/4
f 837/37/4 838/37/4 730/37/4 729/37/4
f 838/37/4 839/37/4 731/37/4 730/37/4
f 839/37/4 840/37/4 732/37/4 731/37/4
f 840/37/4 841/37/4 733/37/4 732/37/4
f 841/37/4 842/37/4 734/37/4 733/37/4
f 842/37/4 843/37/4 735/37/4 734/37/4
f 736/5/6 844/5/6 814/5/6 706/5/6
f 815/4/5 845/4/5 737/4/5 707/4/5
f 738/4/6 846/4/6 816/4/6 708/4/6
f 843/5/5 847/5/5 739/5/5 735/5/5
f 740/5/6 848/5/6 844/5/6 736/5/6
f 845/4/5 849/4/5 741/4/5 737/4/5
f 742/4/6 850/4/6 846/4/6 738/4/6
f 851/5/4 852/5/4 744/5/4 743/5/4
f 847/5/5 851/5/5 743/5/5 739/5/5
f 852/5/4 853/5/4 745/5/4 744/5/4
f 853/5/4 854/5/4 746/5/4 745/5/4
f 854/5/4 855/5/4 747/5/4 746/5/4
f 747/5/6 855/5/6 848/5/6 740/5/6
f 849/4/5 856/4/5 748/4/5 741/4/5
f 749/4/6 857/4/6 850/4/6 742/4/6
f 856/4/5 858/4/5 750/4/5 748/4/5
f 751/4/6 859/4/6 857/4/6 749/4/6
f 858/4/5 860/4/5 752/4/5 750/4/5
f 753/4/6 861/4/6 859/4/6 751/4/6
f 860/4/5 862/4/5 754/4/5 752/4/5
f 755/4/6 863/4/6 861/4/6 753/4/6
f 864/4/4 865/4/4 757/4/4 756/4/4
f 862/4/5 864/4/5 756/4/5 754/4/5
f 757/4/6 865/4/6 863/4/6 755/4/6
f 758/4/3 866/4/3 867/4/3 759/4/3
f 867/4/5 868/4/5 760/4/5 759/4/5
f 761/4/6 869/4/6 866/4/6 758/4/6
f 868/4/5 870/4/5 762/4/5 760/4/5
f 763/4/6 871/4/6 869/4/6 761/4/6
f 870/4/5 872/4/5 764/4/5 762/4/5
f 765/4/6 873/4/6 871/4/6 763/4/6
f 872/4/5 874/4/5 766/4/5 764/4/5
f 767/4/6 875/4/6 873/4/6 765/4/6
f 874/4/5 876/4/5 768/4/5 766/4/5
f 769/4/6 877/4/6 875/4/6 767/4/6
f 876/4/5 878/4/5 770/4/5 768/4/5
f 771/4/6 879/4/6 877/4/6 769/4/6
f 772/5/3 880/5/3 881/5/3 773/5/3
f 881/5/5 882/5/5 774/5/5 773/5/5
f 775/5/3 883/5/3 880/5/3 772/5/3
f 776/5/3 884/5/3 883/5/3 775/5/3
f 777/5/3 885/5/3 884/5/3 776/5/3
f 778/5/6 886/5/6 885/5/6 777/5/6
f 878/4/5 887/4/5 779/4/5 770/4/5
f 780/4/6 888/4/6 879/4/6 771/4/6
f 781/53/3 889/53/3 890/53/3 782/53/3
f 890/53/5 891/53/5 783/53/5 782/53/5
f 784/53/3 892/53/3 889/53/3 781/53/3
f 785/53/6 893/53/6 892/53/6 784/53/6
f 786/53/3 894/53/3 895/53/3 787/53/3
f 895/53/5 896/53/5 788/53/5 787/53/5
f 789/53/3 897/53/3 894/53/3 786/53/3
f 790/53/6 898/53/6 897/53/6 789/53/6
f 882/5/5 899/5/5 791/5/5 774/5/5
f 792/5/6 900/5/6 886/5/6 778/5/6
f 887/4/5 901/4/5 793/4/5 779/4/5
f 794/36/3 902/36/3 888/36/3 780/36/3
f 795/36/3 903/36/3 902/36/3 794/36/3
f 796/36/3 904/36/3 903/36/3 795/36/3
f 797/36/3 905/36/3 904/36/3 796/36/3
f 783/36/3 891/36/3 905/36/3 797/36/3
f 798/36/3 906/36/3 893/36/3 785/36/3
f 799/36/3 907/36/3 906/36/3 798/36/3
f 800/36/3 908/36/3 907/36/3 799/36/3
f 801/36/3 909/36/3 908/36/3 800/36/3
f 802/36/3 910/36/3 909/36/3 801/36/3
f 803/36/3 911/36/3 910/36/3 802/36/3
f 804/36/3 912/36/3 911/36/3 803/36/3
f 805/36/3 913/36/3 912/36/3 804/36/3
f 806/36/3 914/36/3 913/36/3 805/36/3
f 807/36/3 915/36/3 914/36/3 806/36/3
f 808/36/3 916/36/3 915/36/3 807/36/3
f 809/36/3 917/36/3 916/36/3 808/36/3
f 810/36/3 918/36/3 917/36/3 809/36/3
f 788/36/3 896/36/3 918/36/3 810/36/3
f 811/36/3 919/36/3 898/36/3 790/36/3
f 812/36/3 920/36/3 919/36/3 811/36/3
f 813/36/3 921/36/3 920/36/3 812/36/3
f 791/36/3 899/36/3 921/36/3 813/36/3
f 814/5/6 922/5/6 900/5/6 792/5/6
f 901/4/5 923/4/5 815/4/5 793/4/5
f 924/37/4 925/37/4 817/37/4 816/37/4
f 925/37/4 926/37/4 818/37/4 817/37/4
f 926/37/4 927/37/4 819/37/4 818/37/4
f 927/37/4 928/37/4 820/37/4 819/37/4
f 928/37/4 929/37/4 821/37/4 820/37/4
f 929/37/4 930/37/4 822/37/4 821/37/4
f 930/37/4 931/37/4 823/37/4 822/37/4
f 931/37/4 932/37/4 824/37/4 823/37/4
f 932/37/4 933/37/4 825/37/4 824/37/4
f 933/37/4 934/37/4 826/37/4 825/37/4
f 934/37/4 935/37/4 827/37/4 826/37/4
f 935/37/4 936/37/4 828/37/4 827/37/4
f 936/37/4 937/37/4 829/37/4 828/37/4
f 937/37/4 938/37/4 830/37/4 829/37/4
f 938/37/4 939/37/4 831/37/4 830/37/4
f 939/38/4 940/38/4 832/38/4 831/38/4
f 940/37/4 941/37/4 833/37/4 832/37/4
f 941/37/4 942/37/4 834/37/4 833/37/4
f 942/37/4 943/37/4 835/37/4 834/37/4
f 943/37/4 944/37/4 836/37/4 835/37/4
f 944/37/4 945/37/4 837/37/4 836/37/4
f 945/37/4 946/37/4 838/37/4 837/37/4
f 946/37/4 947/37/4 839/37/4 838/37/4
f 947/37/4 948/37/4 840/37/4 839/37/4
f 948/37/4 949/37/4 841/37/4 840/37/4
f 949/37/4 950/37/4 842/37/4 841/37/4
f 950/37/4 951/37/4 843/37/4 842/37/4
f 844/5/6 952/5/6 922/5/6 814/5/6
f 923/11/5 953/11/5 845/11/5 815/11/5
f 846/11/6 954/11/6 924/11/6 816/11/6
f 951/5/5 955/5/5 847/5/5 843/5/5
f 848/5/6 956/5/6 952/5/6 844/5/6
f 953/4/5 957/4/5 849/4/5 845/4/5
f 850/4/6 958/4/6 954/4/6 846/4/6
f 959/5/4 960/5/4 852/5/4 851/5/4
f 955/5/5 959/5/5 851/5/5 847/5/5
f 960/5/4 961/5/4 853/5/4 852/5/4
f 961/5/4 962/5/4 854/5/4 853/5/4
f 962/5/4 963/5/4 855/5/4 854/5/4
f 855/5/6 963/5/6 956/5/6 848/5/6
f 957/4/5 964/4/5 856/4/5 849/4/5
f 857/4/6 965/4/6 958/4/6 850/4/6
f 964/11/5 966/11/5 858/11/5 856/11/5
f 859/11/6 967/11/6 965/11/6 857/11/6
f 966/4/5 968/4/5 860/4/5 858/4/5
f 861/4/6 969/4/6 967/4/6 859/4/6
f 968/4/5 970/4/5 862/4/5 860/4/5
f 863/4/6 971/4/6 969/4/6 861/4/6
f 972/4/4 973/4/4 865/4/4 864/4/4
f 970/4/5 972/4/5 864/4/5 862/4/5
f 865/4/6 973/4/6 971/4/6 863/4/6
f 866/4/3 974/4/3 975/4/3 867/4/3
f 975/4/5 976/4/5 868/4/5 867/4/5
f 869/4/6 977/4/6 974/4/6 866/4/6
f 976/4/5 978/4/5 870/4/5 868/4/5
f 871/4/6 979/4/6 977/4/6 869/4/6
f 978/4/5 980/4/5 872/4/5 870/4/5
f 873/4/6 981/4/6 979/4/6 871/4/6
f 980/4/5 982/4/5 874/4/5 872/4/5
f 875/4/6 983/4/6 981/4/6 873/4/6
f 982/4/5 984/4/5 876/4/5 874/4/5
f 877/4/6 985/4/6 983/4/6 875/4/6
f 984/4/5 986/4/5 878/4/5 876/4/5
f 879/4/6 987/4/6 985/4/6 877/4/6
f 880/5/3 988/5/3 989/5/3 881/5/3
f 989/5/5 990/5/5 882/5/5 881/5/5
f 883/5/3 991/5/3 988/5/3 880/5/3
f 884/5/3 992/5/3 991/5/3 883/5/3
f 885/5/3 993/5/3 992/5/3 884/5/3
f 886/5/6 994/5/6 993/5/6 885/5/6
f 986/4/5 995/4/5 887/4/5 878/4/5
f 888/4/6 996/4/6 987/4/6 879/4/6
f 889/53/3 997/53/3 998/53/3 890/53/3
f 998/53/5 999/53/5 891/53/5 890/53/5
f 892/53/3 1000/53/3 997/53/3 889/53/3
f 893/53/6 1001/53/6 1000/53/6 892/53/6
f 894/53/3 1002/53/3 1003/53/3 895/53/3
f 1003/53/5 1004/53/5 896/53/5 895/53/5
f 897/53/3 1005/53/3 1002/53/3 894/53/3
f 898/53/6 1006/53/6 1005/53/6 897/53/6
f 990/5/5 1007/5/5 899/5/5 882/5/5
f 900/5/6 1008/5/6 994/5/6 886/5/6
f 995/4/5 1009/4/5 901/4/5 887/4/5
f 902/37/3 1010/37/3 996/37/3 888/37/3
f 903/37/3 1011/37/3 1010/37/3 902/37/3
f 904/37/3 1012/37/3 1011/37/3 903/37/3
f 905/37/3 1013/37/3 1012/37/3 904/37/3
f 891/37/3 999/37/3 1013/37/3 905/37/3
f 906/37/3 1014/37/3 1001/37/3 893/37/3
f 907/37/3 1015/37/3 1014/37/3 906/37/3
f 908/37/3 1016/37/3 1015/37/3 907/37/3
f 909/37/3 1017/37/3 1016/37/3 908/37/3
f 910/37/3 1018/37/3 1017/37/3 909/37/3
f 911/37/3 1019/37/3 1018/37/3 910/37/3
f 912/37/3 1020/37/3 1019/37/3 911/37/3
f 913/37/3 1021/37/3 1020/37/3 912/37/3
f 914/37/3 1022/37/3 1021/37/3 913/37/3
f 915/36/3 1023/36/3 1022/36/3 914/36/3
f 916/37/3 1024/37/3 1023/37/3 915/37/3
f 917/37/3 1025/37/3 1024/37/3 916/37/3
f 918/37/3 1026/37/3 1025/37/3 917/37/3
f 896/37/3 1004/37/3 1026/37/3 918/37/3
f 919/37/3 1027/37/3 1006/37/3 898/37/3
f 920/37/3 1028/37/3 1027/37/3 919/37/3
f 921/37/3 1029/37/3 1028/37/3 920/37/3
f 899/37/3 1007/37/3 1029/37/3 921/37/3
f 922/5/6 1030/5/6 1008/5/6 900/5/6
f 1009/4/5 1031/4/5 923/4/5 901/4/5
f 1032/37/4 1033/37/4 925/37/4 924/37/4
f 1033/37/4 1034/37/4 926/37/4 925/37/4
f 1034/37/4 1035/37/4 927/37/4 926/37/4
f 1035/37/4 1036/37/4 928/37/4 927/37/4
f 1036/37/4 1037/37/4 929/37/4 928/37/4
f 1037/38/4 1038/38/4 930/38/4 929/38/4
f 1038/37/4 1039/37/4 931/37/4 930/37/4
f 1039/37/4 1040/37/4 932/37/4 931/37/4
f 1040/37/4 1041/37/4 933/37/4 932/37/4
f 1041/37/4 1042/37/4 934/37/4 933/37/4
f 1042/37/4 1043/37/4 935/37/4 934/37/4
f 1043/37/4 1044/37/4 936/37/4 935/37/4
f 1044/37/4 1045/37/4 937/37/4 936/37/4
f 1045/37/4 1046/37/4 938/37/4 937/37/4
f 1046/37/4 1047/37/4 939/37/4 938/37/4
f 1047/37/4 1048/37/4 940/37/4 939/37/4
f 1048/37/4 1049/37/4 941/37/4 940/37/4
f 1049/37/4 1050/37/4 942/37/4 941/37/4
f 1050/37/4 1051/37/4 943/37/4 942/37/4
f 1051/37/4 1052/37/4 944/37/4 943/37/4
f 1052/37/4 1053/37/4 945/37/4 944/37/4
f 1053/36/4 1054/36/4 946/36/4 945/36/4
f 1054/37/4 1055/37/4 947/37/4 946/37/4
f 1055/37/4 1056/37/4 948/37/4 947/37/4
f 1056/37/4 1057/37/4 949/37/4 948/37/4
f 1057/37/4 1058/37/4 950/37/4 949/37/4
f 1058/37/4 1059/37/4 951/37/4 950/37/4
f 952/5/6 1060/5/6 1030/5/6 922/5/6
f 1031/4/5 1061/4/5 953/4/5 923/4/5
f 954/4/6 1062/4/6 1032/4/6 924/4/6
f 1059/5/5 1063/5/5 955/5/5 951/5/5
f 956/5/6 1064/5/6 1060/5/6 952/5/6
f 1061/4/5 1065/4/5 957/4/5 953/4/5
f 958/4/6 1066/4/6 1062/4/6 954/4/6
f 1067/5/4 1068/5/4 960/5/4 959/5/4
f 1063/5/5 1067/5/5 959/5/5 955/5/5
f 1068/5/4 1069/5/4 961/5/4 960/5/4
f 1069/5/4 1070/5/4 962/5/4 961/5/4
f 1070/5/4 1071/5/4 963/5/4 962/5/4
f 963/5/6 1071/5/6 1064/5/6 956/5/6
f 1065/4/5 1072/4/5 964/4/5 957/4/5
f 965/4/6 1073/4/6 1066/4/6 958/4/6
f 1072/4/5 1074/4/5 966/4/5 964/4/5
f 967/4/6 1075/4/6 1073/4/6 965/4/6
f 1074/4/5 1076/4/5 968/4/5 966/4/5
f 969/4/6 1077/4/6 1075/4/6 967/4/6
f 1076/4/5 1078/4/5 970/4/5 968/4/5
f 971/4/6 1079/4/6 1077/4/6 969/4/6
f 1080/4/4 1081/4/4 973/4/4 972/4/4
f 1078/4/5 1080/4/5 972/4/5 970/4/5
f 973/4/6 1081/4/6 1079/4/6 971/4/6
f 974/4/3 1082/4/3 1083/4/3 975/4/3
f 1083/4/5 1084/4/5 976/4/5 975/4/5
f 977/4/6 1085/4/6 1082/4/6 974/4/6
f 1084/4/5 1086/4/5 978/4/5 976/4/5
f 979/4/6 1087/4/6 1085/4/6 977/4/6
f 1086/4/5 1088/4/5 980/4/5 978/4/5
f 981/4/6 1089/4/6 1087/4/6 979/4/6
f 1088/4/5 1090/4/5 982/4/5 980/4/5
f 983/4/6 1091/4/6 1089/4/6 981/4/6
f 1090/4/5 1092/4/5 984/4/5 982/4/5
f 985/4/6 1093/4/6 1091/4/6 983/4/6
f 1092/4/5 1094/4/5 986/4/5 984/4/5
f 987/4/6 1095/4/6 1093/4/6 985/4/6
f 988/5/3 1096/5/3 1097/5/3 989/5/3
f 1097/5/5 1098/5/5 990/5/5 989/5/5
f 991/5/3 1099/5/3 1096/5/3 988/5/3
f 992/5/3 1100/5/3 1099/5/3 991/5/3
f 993/5/3 1101/5/3 1100/5/3 992/5/3
f 994/5/6 1102/5/6 1101/5/6 993/5/6
f 1094/4/5 1103/4/5 995/4/5 986/4/5
f 996/4/6 1104/4/6 1095/4/6 987/4/6
f 997/53/3 1105/53/3 1106/53/3 998/53/3
f 1106/53/5 1107/53/5 999/53/5 998/53/5
f 1000/53/3 1108/53/3 1105/53/3 997/53/3
f 1001/53/6 1109/53/6 1108/53/6 1000/53/6
f 1002/53/3 1110/53/3 1111/53/3 1003/53/3
f 1111/53/5 1112/53/5 1004/53/5 1003/53/5
f 1005/53/3 1113/53/3 1110/53/3 1002/53/3
f 1006/53/6 1114/53/6 1113/53/6 1005/53/6
f 1098/5/5 1115/5/5 1007/5/5 990/5/5
f 1008/5/6 1116/5/6 1102/5/6 994/5/6
f 1103/4/5 1117/4/5 1009/4/5 995/4/5
f 1010/37/3 1118/37/3 1104/37/3 996/37/3
f 1011/37/3 1119/37/3 1118/37/3 1010/37/3
f 1012/37/3 1120/37/3 1119/37/3 1011/37/3
f 1013/37/3 1121/37/3 1120/37/3 1012/37/3
f 999/37/3 1107/37/3 1121/37/3 1013/37/3
f 1014/37/3 1122/37/3 1109/37/3 1001/37/3
f 1015/37/3 1123/37/3 1122/37/3 1014/37/3
f 1016/38/3 1124/38/3 1123/38/3 1015/38/3
f 1017/37/3 1125/37/3 1124/37/3 1016/37/3
f 1018/37/3 1126/37/3 1125/37/3 1017/37/3
f 1019/37/3 1127/37/3 1126/37/3 1018/37/3
f 1020/37/3 1128/37/3 1127/37/3 1019/37/3
f 1021/37/3 1129/37/3 1128/37/3 1020/37/3
f 1022/37/3 1130/37/3 1129/37/3 1021/37/3
f 1023/37/3 1131/37/3 1130/37/3 1022/37/3
f 1024/37/3 1132/37/3 1131/37/3 1023/37/3
f 1025/37/3 1133/37/3 1132/37/3 1024/37/3
f 1026/37/3 1134/37/3 1133/37/3 1025/37/3
f 1004/37/3 1112/37/3 1134/37/3 1026/37/3
f 1027/37/3 1135/37/3 1114/37/3 1006/37/3
f 1028/37/3 1136/37/3 1135/37/3 1027/37/3
f 1029/37/3 1137/37/3 1136/37/3 1028/37/3
f 1007/37/3 1115/37/3 1137/37/3 1029/37/3
f 1030/5/6 1138/5/6 1116/5/6 1008/5/6
f 1117/4/5 1139/4/5 1031/4/5 1009/4/5
f 1140/37/4 1141/37/4 1033/37/4 1032/37/4
f 1141/37/4 1142/37/4 1034/37/4 1033/37/4
f 1142/37/4 1143/37/4 1035/37/4 1034/37/4
f 1143/37/4 1144/37/4 1036/37/4 1035/37/4
f 1144/37/4 1145/37/4 1037/37/4 1036/37/4
f 1145/37/4 1146/37/4 1038/37/4 1037/37/4
f 1146/37/4 1147/37/4 1039/37/4 1038/37/4
f 1147/37/4 1148/37/4 1040/37/4 1039/37/4
f 1148/37/4 1149/37/4 1041/37/4 1040/37/4
f 1149/37/4 1150/37/4 1042/37/4 1041/37/4
f 1150/37/4 1151/37/4 1043/37/4 1042/37/4
f 1151/37/4 1152/37/4 1044/37/4 1043/37/4
f 1152/37/4 1153/37/4 1045/37/4 1044/37/4
f 1153/37/4 1154/37/4 1046/37/4 1045/37/4
f 1154/37/4 1155/37/4 1047/37/4 1046/37/4
f 1155/37/4 1156/37/4 1048/37/4 1047/37/4
f 1156/37/4 1157/37/4 1049/37/4 1048/37/4
f 1157/37/4 1158/37/4 1050/37/4 1049/37/4
f 1158/37/4 1159/37/4 1051/37/4 1050/37/4
f 1159/37/4 1160/37/4 1052/37/4 1051/37/4
f 1160/37/4 1161/37/4 1053/37/4 1052/37/4
f 1161/37/4 1162/37/4 1054/37/4 1053/37/4
f 1162/37/4 1163/37/4 1055/37/4 1054/37/4
f 1163/37/4 1164/37/4 1056/37/4 1055/37/4
f 1164/37/4 1165/37/4 1057/37/4 1056/37/4
f 1165/37/4 1166/37/4 1058/37/4 1057/37/4
f 1166/37/4 1167/37/4 1059/37/4 1058/37/4
f 1060/5/6 1168/5/6 1138/5/6 1030/5/6
f 1139/4/5 1169/4/5 1061/4/5 1031/4/5
f 1062/4/6 1170/4/6 1140/4/6 1032/4/6
f 1167/5/5 1171/5/5 1063/5/5 1059/5/5
f 1064/5/6 1172/5/6 1168/5/6 1060/5/6
f 1169/4/5 1173/4/5 1065/4/5 1061/4/5
f 1066/4/6 1174/4/6 1170/4/6 1062/4/6
f 1175/5/4 1176/5/4 1068/5/4 1067/5/4
f 1171/5/5 1175/5/5 1067/5/5 1063/5/5
f 1176/5/4 1177/5/4 1069/5/4 1068/5/4
f 1177/5/4 1178/5/4 1070/5/4 1069/5/4
f 1178/5/4 1179/5/4 1071/5/4 1070/5/4
f 1071/5/6 1179/5/6 1172/5/6 1064/5/6
f 1173/4/5 1180/4/5 1072/4/5 1065/4/5
f 1073/4/6 1181/4/6 1174/4/6 1066/4/6
f 1180/4/5 1182/4/5 1074/4/5 1072/4/5
f 1075/4/6 1183/4/6 1181/4/6 1073/4/6
f 1182/4/5 1184/4/5 1076/4/5 1074/4/5
f 1077/4/6 1185/4/6 1183/4/6 1075/4/6
f 1184/4/5 1186/4/5 1078/4/5 1076/4/5
f 1079/4/6 1187/4/6 1185/4/6 1077/4/6
f 1188/4/4 1189/4/4 1081/4/4 1080/4/4
f 1186/4/5 1188/4/5 1080/4/5 1078/4/5
f 1081/4/6 1189/4/6 1187/4/6 1079/4/6
f 1082/4/3 1190/4/3 1191/4/3 1083/4/3
f 1191/4/5 1192/4/5 1084/4/5 1083/4/5
f 1085/4/6 1193/4/6 1190/4/6 1082/4/6
f 1192/4/5 1194/4/5 1086/4/5 1084/4/5
f 1087/4/6 1195/4/6 1193/4/6 1085/4/6
f 1194/4/5 1196/4/5 1088/4/5 1086/4/5
f 1089/4/6 1197/4/6 1195/4/6 1087/4/6
f 1196/4/5 1198/4/5 1090/4/5 1088/4/5
f 1091/4/6 1199/4/6 1197/4/6 1089/4/6
f 1198/4/5 1200/4/5 1092/4/5 1090/4/5
f 1093/4/6 1201/4/6 1199/4/6 1091/4/6
f 1200/4/5 1202/4/5 1094/4/5 1092/4/5
f 1095/4/6 1203/4/6 1201/4/6 1093/4/6
f 1096/5/3 1204/5/3 1205/5/3 1097/5/3
f 1205/5/5 1206/5/5 1098/5/5 1097/5/5
f 1099/5/3 1207/5/3 1204/5/3 1096/5/3
f 1100/5/3 1208/5/3 1207/5/3 1099/5/3
f 1101/5/3 1209/5/3 1208/5/3 1100/5/3
f 1102/5/6 1210/5/6 1209/5/6 1101/5/6
f 1202/4/5 1211/4/5 1103/4/5 1094/4/5
f 1104/4/6 1212/4/6 1203/4/6 1095/4/6
f 1105/53/3 1213/53/3 1214/53/3 1106/53/3
f 1214/53/5 1215/53/5 1107/53/5 1106/53/5
f 1108/53/3 1216/53/3 1213/53/3 1105/53/3
f 1109/53/6 1217/53/6 1216/53/6 1108/53/6
f 1110/53/3 1218/53/3 1219/53/3 1111/53/3
f 1219/53/5 1220/53/5 1112/53/5 1111/53/5
f 1113/53/3 1221/53/3 1218/53/3 1110/53/3
f 1114/53/6 1222/53/6 1221/53/6 1113/53/6
f 1206/5/5 1223/5/5 1115/5/5 1098/5/5
f 1116/5/6 1224/5/6 1210/5/6 1102/5/6
f 1211/4/5 1225/4/5 1117/4/5 1103/4/5
f 1118/36/3 1226/36/3 1212/36/3 1104/36/3
f 1119/36/3 1227/36/3 1226/36/3 1118/36/3
f 1120/36/3 1228/36/3 1227/36/3 1119/36/3
f 1121/36/3 1229/36/3 1228/36/3 1120/36/3
f 1107/36/3 1215/36/3 1229/36/3 1121/36/3
f 1122/36/3 1230/36/3 1217/36/3 1109/36/3
f 1123/36/3 1231/36/3 1230/36/3 1122/36/3
f 1124/36/3 1232/36/3 1231/36/3 1123/36/3
f 1125/36/3 1233/36/3 1232/36/3 1124/36/3
f 1126/36/3 1234/36/3 1233/36/3 1125/36/3
f 1127/36/3 1235/36/3 1234/36/3 1126/36/3
f 1128/36/3 1236/36/3 1235/36/3 1127/36/3
f 1129/36/3 1237/36/3 1236/36/3 1128/36/3
f 1130/36/3 1238/36/3 1237/36/3 1129/36/3
f 1131/36/3 1239/36/3 1238/36/3 1130/36/3
f 1132/36/3 1240/36/3 1239/36/3 1131/36/3
f 1133/36/3 1241/36/3 1240/36/3 1132/36/3
f 1134/36/3 1242/36/3 1241/36/3 1133/36/3
f 1112/36/3 1220/36/3 1242/36/3 1134/36/3
f 1135/36/3 1243/36/3 1222/36/3 1114/36/3
f 1136/36/3 1244/36/3 1243/36/3 1135/36/3
f 1137/36/3 1245/36/3 1244/36/3 1136/36/3
f 1115/36/3 1223/36/3 1245/36/3 1137/36/3
f 1138/5/6 1246/5/6 1224/5/6 1116/5/6
f 1225/4/5 1247/4/5 1139/4/5 1117/4/5
f 1248/37/4 1249/37/4 1141/37/4 1140/37/4
f 1249/37/4 1250/37/4 1142/37/4 1141/37/4
f 1250/37/4 1251/37/4 1143/37/4 1142/37/4
f 1251/37/4 1252/37/4 1144/37/4 1143/37/4
f 1252/37/4 1253/37/4 1145/37/4 1144/37/4
f 1253/37/4 1254/37/4 1146/37/4 1145/37/4
f 1254/37/4 1255/37/4 1147/37/4 1146/37/4
f 1255/37/4 1256/37/4 1148/37/4 1147/37/4
f 1256/37/4 1257/37/4 1149/37/4 1148/37/4
f 1257/37/4 1258/37/4 1150/37/4 1149/37/4
f 1258/37/4 1259/37/4 1151/37/4 1150/37/4
f 1259/37/4 1260/37/4 1152/37/4 1151/37/4
f 1260/37/4 1261/37/4 1153/37/4 1152/37/4
f 1261/37/4 1262/37/4 1154/37/4 1153/37/4
f 1262/37/4 1263/37/4 1155/37/4 1154/37/4
f 1263/37/4 1264/37/4 1156/37/4 1155/37/4
f 1264/37/4 1265/37/4 1157/37/4 1156/37/4
f 1265/37/4 1266/37/4 1158/37/4 1157/37/4
f 1266/37/4 1267/37/4 1159/37/4 1158/37/4
f 1267/37/4 1268/37/4 1160/37/4 1159/37/4
f 1268/37/4 1269/37/4 1161/37/4 1160/37/4
f 1269/37/4 1270/37/4 1162/37/4 1161/37/4
f 1270/37/4 1271/37/4 1163/37/4 1162/37/4
f 1271/37/4 1272/37/4 1164/37/4 1163/37/4
f 1272/37/4 1273/37/4 1165/37/4 1164/37/4
f 1273/37/4 1274/37/4 1166/37/4 1165/37/4
f 1274/37/4 1275/37/4 1167/37/4 1166/37/4
f 1168/5/6 1276/5/6 1246/5/6 1138/5/6
f 1247/4/5 1277/4/5 1169/4/5 1139/4/5
f 1170/4/6 1278/4/6 1248/4/6 1140/4/6
f 1275/5/5 1279/5/5 1171/5/5 1167/5/5
f 1172/5/6 1280/5/6 1276/5/6 1168/5/6
f 1277/4/5 1281/4/5 1173/4/5 1169/4/5
f 1174/4/6 1282/4/6 1278/4/6 1170/4/6
f 1283/5/4 1284/5/4 1176/5/4 1175/5/4
f 1279/5/5 1283/5/5 1175/5/5 1171/5/5
f 1284/5/4 1285/5/4 1177/5/4 1176/5/4
f 1285/5/4 1286/5/4 1178/5/4 1177/5/4
f 1286/5/4 1287/5/4 1179/5/4 1178/5/4
f 1179/5/6 1287/5/6 1280/5/6 1172/5/6
f 1281/4/5 1288/4/5 1180/4/5 1173/4/5
f 1181/4/6 1289/4/6 1282/4/6 1174/4/6
f 1288/4/5 1290/4/5 1182/4/5 1180/4/5
f 1183/4/6 1291/4/6 1289/4/6 1181/4/6
f 1290/4/5 1292/4/5 1184/4/5 1182/4/5
f 1185/4/6 1293/4/6 1291/4/6 1183/4/6
f 1292/4/5 1294/4/5 1186/4/5 1184/4/5
f 1187/4/6 1295/4/6 1293/4/6 1185/4/6
f 1296/4/4 1297/4/4 1189/4/4 1188/4/4
f 1294/4/5 1296/4/5 1188/4/5 1186/4/5
f 1189/4/6 1297/4/6 1295/4/6 1187/4/6
f 1190/4/3 1298/4/3 1299/4/3 1191/4/3
f 1299/4/5 1300/4/5 1192/4/5 1191/4/5
f 1193/4/6 1301/4/6 1298/4/6 1190/4/6
f 1300/4/5 1302/4/5 1194/4/5 1192/4/5
f 1195/4/6 1303/4/6 1301/4/6 1193/4/6
f 1302/4/5 1304/4/5 1196/4/5 1194/4/5
f 1197/4/6 1305/4/6 1303/4/6 1195/4/6
f 1304/4/5 1306/4/5 1198/4/5 1196/4/5
f 1199/4/6 1307/4/6 1305/4/6 1197/4/6
f 1306/4/5 1308/4/5 1200/4/5 1198/4/5
f 1201/4/6 1309/4/6 1307/4/6 1199/4/6
f 1308/4/5 1310/4/5 1202/4/5 1200/4/5
f 1203/4/6 1311/4/6 1309/4/6 1201/4/6
f 1204/5/3 1312/5/3 1313/5/3 1205/5/3
f 1313/5/5 1314/5/5 1206/5/5 1205/5/5
f 1207/5/3 1315/5/3 1312/5/3 1204/5/3
f 1208/5/3 1316/5/3 1315/5/3 1207/5/3
f 1209/5/3 1317/5/3 1316/5/3 1208/5/3
f 1210/5/6 1318/5/6 1317/5/6 1209/5/6
f 1310/4/5 1319/4/5 1211/4/5 1202/4/5
f 1212/4/6 1320/4/6 1311/4/6 1203/4/6
f 1213/53/3 1321/53/3 1322/53/3 1214/53/3
f 1322/53/5 1323/53/5 1215/53/5 1214/53/5
f 1216/53/3 1324/53/3 1321/53/3 1213/53/3
f 1217/53/6 1325/53/6 1324/53/6 1216/53/6
f 1218/55/3 1326/55/3 1327/55/3 1219/55/3
f 1327/55/5 1328/55/5 1220/55/5 1219/55/5
f 1221/53/3 1329/53/3 1326/53/3 1218/53/3
f 1222/53/6 1330/53/6 1329/53/6 1221/53/6
f 1314/5/5 1331/5/5 1223/5/5 1206/5/5
f 1224/5/6 1332/5/6 1318/5/6 1210/5/6
f 1319/4/5 1333/4/5 1225/4/5 1211/4/5
f 1226/37/3 1334/37/3 1320/37/3 1212/37/3
f 1227/37/3 1335/37/3 1334/37/3 1226/37/3
f 1228/37/3 1336/37/3 1335/37/3 1227/37/3
f 1229/37/3 1337/37/3 1336/37/3 1228/37/3
f 1215/37/3 1323/37/3 1337/37/3 1229/37/3
f 1230/37/3 1338/37/3 1325/37/3 1217/37/3
f 1231/37/3 1339/37/3 1338/37/3 1230/37/3
f 1232/37/3 1340/37/3 1339/37/3 1231/37/3
f 1233/37/3 1341/37/3 1340/37/3 1232/37/3
f 1234/37/3 1342/37/3 1341/37/3 1233/37/3
f 1235/37/3 1343/37/3 1342/37/3 1234/37/3
f 1236/37/3 1344/37/3 1343/37/3 1235/37/3
f 1237/37/3 1345/37/3 1344/37/3 1236/37/3
f 1238/37/3 1346/37/3 1345/37/3 1237/37/3
f 1239/37/3 1347/37/3 1346/37/3 1238/37/3
f 1240/37/3 1348/37/3 1347/37/3 1239/37/3
f 1241/37/3 1349/37/3 1348/37/3 1240/37/3
f 1242/37/3 1350/37/3 1349/37/3 1241/37/3
f 1220/37/3 1328/37/3 1350/37/3 1242/37/3
f 1243/37/3 1351/37/3 1330/37/3 1222/37/3
f 1244/37/3 1352/37/3 1351/37/3 1243/37/3
f 1245/36/3 1353/36/3 1352/36/3 1244/36/3
f 1223/37/3 1331/37/3 1353/37/3 1245/37/3
f 1246/5/6 1354/5/6 1332/5/6 1224/5/6
f 1333/4/5 1355/4/5 1247/4/5 1225/4/5
f 1356/37/4 1357/37/4 1249/37/4 1248/37/4
f 1357/37/4 1358/37/4 1250/37/4 1249/37/4
f 1358/37/4 1359/37/4 1251/37/4 1250/37/4
f 1359/37/4 1360/37/4 1252/37/4 1251/37/4
f 1360/37/4 1361/37/4 1253/37/4 1252/37/4
f 1361/37/4 1362/37/4 1254/37/4 1253/37/4
f 1362/37/4 1363/37/4 1255/37/4 1254/37/4
f 1363/37/4 1364/37/4 1256/37/4 1255/37/4
f 1364/37/4 1365/37/4 1257/37/4 1256/37/4
f 1365/37/4 1366/37/4 1258/37/4 1257/37/4
f 1366/37/4 1367/37/4 1259/37/4 1258/37/4
f 1367/37/4 1368/37/4 1260/37/4 1259/37/4
f 1368/37/4 1369/37/4 1261/37/4 1260/37/4
f 1369/37/4 1370/37/4 1262/37/4 1261/37/4
f 1370/37/4 1371/37/4 1263/37/4 1262/37/4
f 1371/37/4 1372/37/4 1264/37/4 1263/37/4
f 1372/37/4 1373/37/4 1265/37/4 1264/37/4
f 1373/37/4 1374/37/4 1266/37/4 1265/37/4
f 1374/37/4 1375/37/4 1267/37/4 1266/37/4
f 1375/37/4 1376/37/4 1268/37/4 1267/37/4
f 1376/37/4 1377/37/4 1269/37/4 1268/37/4
f 1377/37/4 1378/37/4 1270/37/4 1269/37/4
f 1378/37/4 1379/37/4 1271/37/4 1270/37/4
f 1379/37/4 1380/37/4 1272/37/4 1271/37/4
f 1380/37/4 1381/37/4 1273/37/4 1272/37/4
f 1381/37/4 1382/37/4 1274/37/4 1273/37/4
f 1382/37/4 1383/37/4 1275/37/4 1274/37/4
f 1276/5/6 1384/5/6 1354/5/6 1246/5/6
f 1355/4/5 1385/4/5 1277/4/5 1247/4/5
f 1278/4/6 1386/4/6 1356/4/6 1248/4/6
f 1383/5/5 1387/5/5 1279/5/5 1275/5/5
f 1280/5/6 1388/5/6 1384/5/6 1276/5/6
f 1385/4/5 1389/4/5 1281/4/5 1277/4/5
f 1282/4/6 1390/4/6 1386/4/6 1278/4/6
f 1391/5/4 1392/5/4 1284/5/4 1283/5/4
f 1387/5/5 1391/5/5 1283/5/5 1279/5/5
f 1392/5/4 1393/5/4 1285/5/4 1284/5/4
f 1393/5/4 1394/5/4 1286/5/4 1285/5/4
f 1394/5/4 1395/5/4 1287/5/4 1286/5/4
f 1287/5/6 1395/5/6 1388/5/6 1280/5/6
f 1389/4/5 1396/4/5 1288/4/5 1281/4/5
f 1289/4/6 1397/4/6 1390/4/6 1282/4/6
f 1396/11/5 1398/11/5 1290/11/5 1288/11/5
f 1291/11/6 1399/11/6 1397/11/6 1289/11/6
f 1398/4/5 1400/4/5 1292/4/5 1290/4/5
f 1293/4/6 1401/4/6 1399/4/6 1291/4/6
f 1400/4/5 1402/4/5 1294/4/5 1292/4/5
f 1295/4/6 1403/4/6 1401/4/6 1293/4/6
f 1404/4/4 1405/4/4 1297/4/4 1296/4/4
f 1402/4/5 1404/4/5 1296/4/5 1294/4/5
f 1297/4/6 1405/4/6 1403/4/6 1295/4/6
f 1298/4/3 1406/4/3 1407/4/3 1299/4/3
f 1407/4/5 1408/4/5 1300/4/5 1299/4/5
f 1301/4/6 1409/4/6 1406/4/6 1298/4/6
f 1408/4/5 1410/4/5 1302/4/5 1300/4/5
f 1303/4/6 1411/4/6 1409/4/6 1301/4/6
f 1410/4/5 1412/4/5 1304/4/5 1302/4/5
f 1305/4/6 1413/4/6 1411/4/6 1303/4/6
f 1412/4/5 1414/4/5 1306/4/5 1304/4/5
f 1307/4/6 1415/4/6 1413/4/6 1305/4/6
f 1414/4/5 1416/4/5 1308/4/5 1306/4/5
f 1309/4/6 1417/4/6 1415/4/6 1307/4/6
f 1416/5/5 1418/5/5 1310/5/5 1308/5/5
f 1311/5/6 1419/5/6 1417/5/6 1309/5/6
f 1420/54/1 1421/54/1 1422/54/1 1423/54/1
f 1422/54/3 1424/54/3 1425/54/3 1423/54/3
f 1425/54/5 1426/54/5 1420/54/5 1423/54/5
f 1421/54/1 1427/54/1 1428/54/1 1422/54/1
f 1428/54/3 1429/54/3 1424/54/3 1422/54/3
f 1427/54/6 1430/54/6 1429/54/6 1428/54/6
f 1312/5/3 1431/5/3 1432/5/3 1313/5/3
f 1432/5/5 1433/5/5 1314/5/5 1313/5/5
f 1315/5/3 1434/5/3 1431/5/3 1312/5/3
f 1316/5/3 1435/5/3 1434/5/3 1315/5/3
f 1317/5/3 1436/5/3 1435/5/3 1316/5/3
f 1318/5/6 1437/5/6 1436/5/6 1317/5/6
f 1418/4/5 1438/4/5 1319/4/5 1310/4/5
f 1320/4/6 1439/4/6 1419/4/6 1311/4/6
f 1321/53/3 1440/53/3 1441/53/3 1322/53/3
f 1441/53/5 1442/53/5 1323/53/5 1322/53/5
f 1324/53/3 1443/53/3 1440/53/3 1321/53/3
f 1325/53/6 1444/53/6 1443/53/6 1324/53/6
f 1342/54/1 1343/54/1 1421/54/1 1420/54/1
f 1426/54/5 1445/54/5 1342/54/5 1420/54/5
f 1343/55/1 1344/55/1 1427/55/1 1421/55/1
f 1344/55/6 1446/55/6 1430/55/6 1427/55/6
f 1326/53/3 1447/53/3 1448/53/3 1327/53/3
f 1448/53/5 1449/53/5 1328/53/5 1327/53/5
f 1329/53/3 1450/53/3 1447/53/3 1326/53/3
f 1330/53/6 1451/53/6 1450/53/6 1329/53/6
f 1433/5/5 1452/5/5 1331/5/5 1314/5/5
f 1332/5/6 1453/5/6 1437/5/6 1318/5/6
f 1438/4/5 1454/4/5 1333/4/5 1319/4/5
f 1334/37/3 1455/37/3 1439/37/3 1320/37/3
f 1335/37/3 1456/37/3 1455/37/3 1334/37/3
f 1336/37/3 1457/37/3 1456/37/3 1335/37/3
f 1337/36/3 1458/36/3 1457/36/3 1336/36/3
f 1323/37/3 1442/37/3 1458/37/3 1337/37/3
f 1338/37/3 1459/37/3 1444/37/3 1325/37/3
f 1339/37/3 1460/37/3 1459/37/3 1338/37/3
f 1340/37/3 1461/37/3 1460/37/3 1339/37/3
f 1341/37/3 1462/37/3 1461/37/3 1340/37/3
f 1342/37/3 1445/37/3 1462/37/3 1341/37/3
f 1345/37/3 1463/37/3 1446/37/3 1344/37/3
f 1346/37/3 1464/37/3 1463/37/3 1345/37/3
f 1347/37/3 1465/37/3 1464/37/3 1346/37/3
f 1348/37/3 1466/37/3 1465/37/3 1347/37/3
f 1349/37/3 1467/37/3 1466/37/3 1348/37/3
f 1350/37/3 1468/37/3 1467/37/3 1349/37/3
f 1328/37/3 1449/37/3 1468/37/3 1350/37/3
f 1351/37/3 1469/37/3 1451/37/3 1330/37/3
f 1352/37/3 1470/37/3 1469/37/3 1351/37/3
f 1353/37/3 1471/37/3 1470/37/3 1352/37/3
f 1331/37/3 1452/37/3 1471/37/3 1353/37/3
f 1354/5/6 1472/5/6 1453/5/6 1332/5/6
f 1454/4/5 1473/4/5 1355/4/5 1333/4/5
f 1474/37/4 1475/37/4 1357/37/4 1356/37/4
f 1475/37/4 1476/37/4 1358/37/4 1357/37/4
f 1476/37/4 1477/37/4 1359/37/4 1358/37/4
f 1477/37/4 1478/37/4 1360/37/4 1359/37/4
f 1478/37/4 1479/37/4 1361/37/4 1360/37/4
f 1479/37/4 1480/37/4 1362/37/4 1361/37/4
f 1480/37/4 1481/37/4 1363/37/4 1362/37/4
f 1481/37/4 1482/37/4 1364/37/4 1363/37/4
f 1482/37/4 1483/37/4 1365/37/4 1364/37/4
f 1483/37/4 1484/37/4 1366/37/4 1365/37/4
f 1484/37/4 1485/37/4 1367/37/4 1366/37/4
f 1485/37/4 1486/37/4 1368/37/4 1367/37/4
f 1486/37/4 1487/37/4 1369/37/4 1368/37/4
f 1487/37/4 1488/37/4 1370/37/4 1369/37/4
f 1488/37/4 1489/37/4 1371/37/4 1370/37/4
f 1489/37/4 1490/37/4 1372/37/4 1371/37/4
f 1490/37/4 1491/37/4 1373/37/4 1372/37/4
f 1491/37/4 1492/37/4 1374/37/4 1373/37/4
f 1492/37/4 1493/37/4 1375/37/4 1374/37/4
f 1493/37/4 1494/37/4 1376/37/4 1375/37/4
f 1494/37/4 1495/37/4 1377/37/4 1376/37/4
f 1495/37/4 1496/37/4 1378/37/4 1377/37/4
f 1496/37/4 1497/37/4 1379/37/4 1378/37/4
f 1497/37/4 1498/37/4 1380/37/4 1379/37/4
f 1498/37/4 1499/37/4 1381/37/4 1380/37/4
f 1499/37/4 1500/37/4 1382/37/4 1381/37/4
f 1500/38/4 1501/38/4 1383/38/4 1382/38/4
f 1384/5/6 1502/5/6 1472/5/6 1354/5/6
f 1473/4/5 1503/4/5 1385/4/5 1355/4/5
f 1386/4/6 1504/4/6 1474/4/6 1356/4/6
f 1501/5/5 1505/5/5 1387/5/5 1383/5/5
f 1388/5/6 1506/5/6 1502/5/6 1384/5/6
f 1503/4/5 1507/4/5 1389/4/5 1385/4/5
f 1390/4/6 1508/4/6 1504/4/6 1386/4/6
f 1509/5/4 1510/5/4 1392/5/4 1391/5/4
f 1505/5/5 1509/5/5 1391/5/5 1387/5/5
f 1510/5/4 1511/5/4 1393/5/4 1392/5/4
f 1511/5/4 1512/5/4 1394/5/4 1393/5/4
f 1512/5/4 1513/5/4 1395/5/4 1394/5/4
f 1395/5/6 1513/5/6 1506/5/6 1388/5/6
f 1507/4/5 1514/4/5 1396/4/5 1389/4/5
f 1397/4/6 1515/4/6 1508/4/6 1390/4/6
f 1514/4/5 1516/4/5 1398/4/5 1396/4/5
f 1399/4/6 1517/4/6 1515/4/6 1397/4/6
f 1516/4/5 1518/4/5 1400/4/5 1398/4/5
f 1401/4/6 1519/4/6 1517/4/6 1399/4/6
f 1518/4/5 1520/4/5 1402/4/5 1400/4/5
f 1403/4/6 1521/4/6 1519/4/6 1401/4/6
f 1522/4/4 1523/4/4 1405/4/4 1404/4/4
f 1520/4/5 1522/4/5 1404/4/5 1402/4/5
f 1405/4/6 1523/4/6 1521/4/6 1403/4/6
f 1406/4/3 1524/4/3 1525/4/3 1407/4/3
f 1525/4/5 1526/4/5 1408/4/5 1407/4/5
f 1409/4/6 1527/4/6 1524/4/6 1406/4/6
f 1526/4/5 1528/4/5 1410/4/5 1408/4/5
f 1411/4/6 1529/4/6 1527/4/6 1409/4/6
f 1528/4/5 1530/4/5 1412/4/5 1410/4/5
f 1413/4/6 1531/4/6 1529/4/6 1411/4/6
f 1530/4/5 1532/4/5 1414/4/5 1412/4/5
f 1415/4/6 1533/4/6 1531/4/6 1413/4/6
f 1532/4/5 1534/4/5 1416/4/5 1414/4/5
f 1417/4/6 1535/4/6 1533/4/6 1415/4/6
f 1534/4/5 1536/4/5 1418/4/5 1416/4/5
f 1419/4/6 1537/4/6 1535/4/6 1417/4/6
f 1538/54/2 1539/54/2 1540/54/2 1541/54/2
f 1424/54/3 1538/54/3 1541/54/3 1425/54/3
f 1541/54/5 1540/54/5 1426/54/5 1425/54/5
f 1542/54/2 1543/54/2 1539/54/2 1538/54/2
f 1429/54/3 1542/54/3 1538/54/3 1424/54/3
f 1430/54/6 1543/54/6 1542/54/6 1429/54/6
f 1431/5/3 1544/5/3 1545/5/3 1432/5/3
f 1545/5/5 1546/5/5 1433/5/5 1432/5/5
f 1434/5/3 1547/5/3 1544/5/3 1431/5/3
f 1435/5/3 1548/5/3 1547/5/3 1434/5/3
f 1436/5/3 1549/5/3 1548/5/3 1435/5/3
f 1437/5/6 1550/5/6 1549/5/6 1436/5/6
f 1536/4/5 1551/4/5 1438/4/5 1418/4/5
f 1439/4/6 1552/4/6 1537/4/6 1419/4/6
f 1440/53/3 1553/53/3 1554/53/3 1441/53/3
f 1554/53/5 1555/53/5 1442/53/5 1441/53/5
f 1443/53/3 1556/53/3 1553/53/3 1440/53/3
f 1444/53/6 1557/53/6 1556/53/6 1443/53/6
f 1539/53/2 1558/53/2 1559/53/2 1540/53/2
f 1540/53/5 1559/53/5 1445/53/5 1426/53/5
f 1543/54/2 1560/54/2 1558/54/2 1539/54/2
f 1446/54/6 1560/54/6 1543/54/6 1430/54/6
f 1447/53/3 1561/53/3 1562/53/3 1448/53/3
f 1562/53/5 1563/53/5 1449/53/5 1448/53/5
f 1450/53/3 1564/53/3 1561/53/3 1447/53/3
f 1451/53/6 1565/53/6 1564/53/6 1450/53/6
f 1546/5/5 1566/5/5 1452/5/5 1433/5/5
f 1453/5/6 1567/5/6 1550/5/6 1437/5/6
f 1551/4/5 1568/4/5 1454/4/5 1438/4/5
f 1455/36/3 1569/36/3 1552/36/3 1439/36/3
f 1456/36/3 1570/36/3 1569/36/3 1455/36/3
f 1457/36/3 1571/36/3 1570/36/3 1456/36/3
f 1458/36/3 1572/36/3 1571/36/3 1457/36/3
f 1442/36/3 1555/36/3 1572/36/3 1458/36/3
f 1459/36/3 1573/36/3 1557/36/3 1444/36/3
f 1460/36/3 1574/36/3 1573/36/3 1459/36/3
f 1461/36/3 1575/36/3 1574/36/3 1460/36/3
f 1462/36/3 1576/36/3 1575/36/3 1461/36/3
f 1445/36/3 1559/36/3 1576/36/3 1462/36/3
f 1463/36/3 1577/36/3 1560/36/3 1446/36/3
f 1464/36/3 1578/36/3 1577/36/3 1463/36/3
f 1465/36/3 1579/36/3 1578/36/3 1464/36/3
f 1466/36/3 1580/36/3 1579/36/3 1465/36/3
f 1467/36/3 1581/36/3 1580/36/3 1466/36/3
f 1468/36/3 1582/36/3 1581/36/3 1467/36/3
f 1449/36/3 1563/36/3 1582/36/3 1468/36/3
f 1469/36/3 1583/36/3 1565/36/3 1451/36/3
f 1470/36/3 1584/36/3 1583/36/3 1469/36/3
f 1471/36/3 1585/36/3 1584/36/3 1470/36/3
f 1452/36/3 1566/36/3 1585/36/3 1471/36/3
f 1472/5/6 1586/5/6 1567/5/6 1453/5/6
f 1568/4/5 1587/4/5 1473/4/5 1454/4/5
f 1588/37/4 1589/37/4 1475/37/4 1474/37/4
f 1589/37/4 1590/37/4 1476/37/4 1475/37/4
f 1590/37/4 1591/37/4 1477/37/4 1476/37/4
f 1591/37/4 1592/37/4 1478/37/4 1477/37/4
f 1592/37/4 1593/37/4 1479/37/4 1478/37/4
f 1593/37/4 1594/37/4 1480/37/4 1479/37/4
f 1594/37/4 1595/37/4 1481/37/4 1480/37/4
f 1595/37/4 1596/37/4 1482/37/4 1481/37/4
f 1596/37/4 1597/37/4 1483/37/4 1482/37/4
f 1597/37/4 1598/37/4 1484/37/4 1483/37/4
f 1598/37/4 1599/37/4 1485/37/4 1484/37/4
f 1599/37/4 1600/37/4 1486/37/4 1485/37/4
f 1600/37/4 1601/37/4 1487/37/4 1486/37/4
f 1601/37/4 1602/37/4 1488/37/4 1487/37/4
f 1602/37/4 1603/37/4 1489/37/4 1488/37/4
f 1603/37/4 1604/37/4 1490/37/4 1489/37/4
f 1604/37/4 1605/37/4 1491/37/4 1490/37/4
f 1605/37/4 1606/37/4 1492/37/4 1491/37/4
f 1606/38/4 1607/38/4 1493/38/4 1492/38/4
f 1607/37/4 1608/37/4 1494/37/4 1493/37/4
f 1608/37/4 1609/37/4 1495/37/4 1494/37/4
f 1609/37/4 1610/37/4 1496/37/4 1495/37/4
f 1610/37/4 1611/37/4 1497/37/4 1496/37/4
f 1611/37/4 1612/37/4 1498/37/4 1497/37/4
f 1612/37/4 1613/37/4 1499/37/4 1498/37/4
f 1613/37/4 1614/37/4 1500/37/4 1499/37/4
f 1614/37/4 1615/37/4 1501/37/4 1500/37/4
f 1502/5/6 1616/5/6 1586/5/6 1472/5/6
f 1587/4/5 1617/4/5 1503/4/5 1473/4/5
f 1504/4/6 1618/4/6 1588/4/6 1474/4/6
f 1615/5/5 1619/5/5 1505/5/5 1501/5/5
f 1506/5/6 1620/5/6 1616/5/6 1502/5/6
f 1617/4/5 1621/4/5 1507/4/5 1503/4/5
f 1508/4/6 1622/4/6 1618/4/6 1504/4/6
f 1623/5/4 1624/5/4 1510/5/4 1509/5/4
f 1619/5/5 1623/5/5 1509/5/5 1505/5/5
f 1624/5/4 1625/5/4 1511/5/4 1510/5/4
f 1625/5/4 1626/5/4 1512/5/4 1511/5/4
f 1626/5/4 1627/5/4 1513/5/4 1512/5/4
f 1513/5/6 1627/5/6 1620/5/6 1506/5/6
f 1621/4/5 1628/4/5 1514/4/5 1507/4/5
f 1515/4/6 1629/4/6 1622/4/6 1508/4/6
f 1628/4/5 1630/4/5 1516/4/5 1514/4/5
f 1517/4/6 1631/4/6 1629/4/6 1515/4/6
f 1630/4/5 1632/4/5 1518/4/5 1516/4/5
f 1519/4/6 1633/4/6 1631/4/6 1517/4/6
f 1632/4/5 1634/4/5 1520/4/5 1518/4/5
f 1521/4/6 1635/4/6 1633/4/6 1519/4/6
f 1636/4/4 1637/4/4 1523/4/4 1522/4/4
f 1634/4/5 1636/4/5 1522/4/5 1520/4/5
f 1523/4/6 1637/4/6 1635/4/6 1521/4/6
f 1524/4/3 1638/4/3 1639/4/3 1525/4/3
f 1639/4/5 1640/4/5 1526/4/5 1525/4/5
f 1527/4/6 1641/4/6 1638/4/6 1524/4/6
f 1640/4/5 1642/4/5 1528/4/5 1526/4/5
f 1529/4/6 1643/4/6 1641/4/6 1527/4/6
f 1642/4/5 1644/4/5 1530/4/5 1528/4/5
f 1531/4/6 1645/4/6 1643/4/6 1529/4/6
f 1644/4/5 1646/4/5 1532/4/5 1530/4/5
f 1533/4/6 1647/4/6 1645/4/6 1531/4/6
f 1646/4/5 1648/4/5 1534/4/5 1532/4/5
f 1535/4/6 1649/4/6 1647/4/6 1533/4/6
f 1648/4/5 1650/4/5 1536/4/5 1534/4/5
f 1537/4/6 1651/4/6 1649/4/6 1535/4/6
f 1544/5/3 1652/5/3 1653/5/3 1545/5/3
f 1653/5/5 1654/5/5 1546/5/5 1545/5/5
f 1547/5/3 1655/5/3 1652/5/3 1544/5/3
f 1548/5/3 1656/5/3 1655/5/3 1547/5/3
f 1549/5/3 1657/5/3 1656/5/3 1548/5/3
f 1550/5/6 1658/5/6 1657/5/6 1549/5/6
f 1650/4/5 1659/4/5 1551/4/5 1536/4/5
f 1552/4/6 1660/4/6 1651/4/6 1537/4/6
f 1553/53/3 1661/53/3 1662/53/3 1554/53/3
f 1662/53/5 1663/53/5 1555/53/5 1554/53/5
f 1556/53/3 1664/53/3 1661/53/3 1553/53/3
f 1557/53/6 1665/53/6 1664/53/6 1556/53/6
f 1561/53/3 1666/53/3 1667/53/3 1562/53/3
f 1667/53/5 1668/53/5 1563/53/5 1562/53/5
f 1564/53/3 1669/53/3 1666/53/3 1561/53/3
f 1565/53/6 1670/53/6 1669/53/6 1564/53/6
f 1654/5/5 1671/5/5 1566/5/5 1546/5/5
f 1567/5/6 1672/5/6 1658/5/6 1550/5/6
f 1659/4/5 1673/4/5 1568/4/5 1551/4/5
f 1569/37/3 1674/37/3 1660/37/3 1552/37/3
f 1570/37/3 1675/37/3 1674/37/3 1569/37/3
f 1571/37/3 1676/37/3 1675/37/3 1570/37/3
f 1572/37/3 1677/37/3 1676/37/3 1571/37/3
f 1555/37/3 1663/37/3 1677/37/3 1572/37/3
f 1573/37/3 1678/37/3 1665/37/3 1557/37/3
f 1574/37/3 1679/37/3 1678/37/3 1573/37/3
f 1575/38/3 1680/38/3 1679/38/3 1574/38/3
f 1576/37/3 1681/37/3 1680/37/3 1575/37/3
f 1559/37/3 1682/37/3 1681/37/3 1576/37/3
f 1558/37/3 1683/37/3 1682/37/3 1559/37/3
f 1560/37/3 1684/37/3 1683/37/3 1558/37/3
f 1577/37/3 1685/37/3 1684/37/3 1560/37/3
f 1578/37/3 1686/37/3 1685/37/3 1577/37/3
f 1579/37/3 1687/37/3 1686/37/3 1578/37/3
f 1580/37/3 1688/37/3 1687/37/3 1579/37/3
f 1581/37/3 1689/37/3 1688/37/3 1580/37/3
f 1582/37/3 1690/37/3 1689/37/3 1581/37/3
f 1563/37/3 1668/37/3 1690/37/3 1582/37/3
f 1583/37/3 1691/37/3 1670/37/3 1565/37/3
f 1584/37/3 1692/37/3 1691/37/3 1583/37/3
f 1585/37/3 1693/37/3 1692/37/3 1584/37/3
f 1566/37/3 1671/37/3 1693/37/3 1585/37/3
f 1586/5/6 1694/5/6 1672/5/6 1567/5/6
f 1673/4/5 1695/4/5 1587/4/5 1568/4/5
f 1696/37/4 1697/37/4 1589/37/4 1588/37/4
f 1697/37/4 1698/37/4 1590/37/4 1589/37/4
f 1698/37/4 1699/37/4 1591/37/4 1590/37/4
f 1699/37/4 1700/37/4 1592/37/4 1591/37/4
f 1700/37/4 1701/37/4 1593/37/4 1592/37/4
f 1701/37/4 1702/37/4 1594/37/4 1593/37/4
f 1702/37/4 1703/37/4 1595/37/4 1594/37/4
f 1703/37/4 1704/37/4 1596/37/4 1595/37/4
f 1704/37/4 1705/37/4 1597/37/4 1596/37/4
f 1705/37/4 1706/37/4 1598/37/4 1597/37/4
f 1706/37/4 1707/37/4 1599/37/4 1598/37/4
f 1707/37/4 1708/37/4 1600/37/4 1599/37/4
f 1708/37/4 1709/37/4 1601/37/4 1600/37/4
f 1709/37/4 1710/37/4 1602/37/4 1601/37/4
f 1710/37/4 1711/37/4 1603/37/4 1602/37/4
f 1711/37/4 1712/37/4 1604/37/4 1603/37/4
f 1712/37/4 1713/37/4 1605/37/4 1604/37/4
f 1713/37/4 1714/37/4 1606/37/4 1605/37/4
f 1714/37/4 1715/37/4 1607/37/4 1606/37/4
f 1715/37/4 1716/37/4 1608/37/4 1607/37/4
f 1716/37/4 1717/37/4 1609/37/4 1608/37/4
f 1717/37/4 1718/37/4 1610/37/4 1609/37/4
f 1718/37/4 1719/37/4 1611/37/4 1610/37/4
f 1719/37/4 1720/37/4 1612/37/4 1611/37/4
f 1720/37/4 1721/37/4 1613/37/4 1612/37/4
f 1721/37/4 1722/37/4 1614/37/4 1613/37/4
f 1722/37/4 1723/37/4 1615/37/4 1614/37/4
f 1616/5/6 1724/5/6 1694/5/6 1586/5/6
f 1695/4/5 1725/4/5 1617/4/5 1587/4/5
f 1618/4/6 1726/4/6 1696/4/6 1588/4/6
f 1723/5/5 1727/5/5 1619/5/5 1615/5/5
f 1620/5/6 1728/5/6 1724/5/6 1616/5/6
f 1725/4/5 1729/4/5 1621/4/5 1617/4/5
f 1622/4/6 1730/4/6 1726/4/6 1618/4/6
f 1731/5/4 1732/5/4 1624/5/4 1623/5/4
f 1727/5/5 1731/5/5 1623/5/5 1619/5/5
f 1732/5/4 1733/5/4 1625/5/4 1624/5/4
f 1733/5/4 1734/5/4 1626/5/4 1625/5/4
f 1734/5/4 1735/5/4 1627/5/4 1626/5/4
f 1627/5/6 1735/5/6 1728/5/6 1620/5/6
f 1729/4/5 1736/4/5 1628/4/5 1621/4/5
f 1629/4/6 1737/4/6 1730/4/6 1622/4/6
f 1736/4/5 1738/4/5 1630/4/5 1628/4/5
f 1631/4/6 1739/4/6 1737/4/6 1629/4/6
f 1738/4/5 1740/4/5 1632/4/5 1630/4/5
f 1633/4/6 1741/4/6 1739/4/6 1631/4/6
f 1740/4/5 1742/4/5 1634/4/5 1632/4/5
f 1635/4/6 1743/4/6 1741/4/6 1633/4/6
f 1744/4/4 1745/4/4 1637/4/4 1636/4/4
f 1742/4/5 1744/4/5 1636/4/5 1634/4/5
f 1637/4/6 1745/4/6 1743/4/6 1635/4/6
f 1638/4/3 1746/4/3 1747/4/3 1639/4/3
f 1747/4/5 1748/4/5 1640/4/5 1639/4/5
f 1641/4/6 1749/4/6 1746/4/6 1638/4/6
f 1748/4/5 1750/4/5 1642/4/5 1640/4/5
f 1643/4/6 1751/4/6 1749/4/6 1641/4/6
f 1750/4/5 1752/4/5 1644/4/5 1642/4/5
f 1645/4/6 1753/4/6 1751/4/6 1643/4/6
f 1752/4/5 1754/4/5 1646/4/5 1644/4/5
f 1647/4/6 1755/4/6 1753/4/6 1645/4/6
f 1754/4/5 1756/4/5 1648/4/5 1646/4/5
f 1649/4/6 1757/4/6 1755/4/6 1647/4/6
f 1756/4/5 1758/4/5 1650/4/5 1648/4/5
f 1651/4/1 1759/4/1 1760/4/1 1649/4/1
f 1760/4/3 1761/4/3 1757/4/3 1649/4/3
f 1759/4/1 1762/4/1 1763/4/1 1760/4/1
f 1763/4/3 1764/4/3 1761/4/3 1760/4/3
f 1762/4/1 1765/4/1 1766/4/1 1763/4/1
f 1766/4/3 1767/4/3 1764/4/3 1763/4/3
f 1765/4/1 1768/4/1 1769/4/1 1766/4/1
f 1769/4/3 1770/4/3 1767/4/3 1766/4/3
f 1768/4/1 1662/4/1 1771/4/1 1769/4/1
f 1771/4/3 1772/4/3 1770/4/3 1769/4/3
f 1662/4/1 1661/4/1 1773/4/1 1771/4/1
f 1773/4/3 1774/4/3 1772/4/3 1771/4/3
f 1661/4/1 1664/4/1 1775/4/1 1773/4/1
f 1775/4/3 1776/4/3 1774/4/3 1773/4/3
f 1664/4/1 1777/4/1 1778/4/1 1775/4/1
f 1778/4/3 1779/4/3 1776/4/3 1775/4/3
f 1777/4/1 1780/4/1 1781/4/1 1778/4/1
f 1781/4/3 1782/4/3 1779/4/3 1778/4/3
f 1780/4/1 1783/4/1 1784/4/1 1781/4/1
f 1784/4/3 1785/4/3 1782/4/3 1781/4/3
f 1783/4/1 1786/4/1 1787/4/1 1784/4/1
f 1787/4/3 1788/4/3 1785/4/3 1784/4/3
f 1786/4/1 1789/4/1 1790/4/1 1787/4/1
f 1790/4/3 1791/4/3 1788/4/3 1787/4/3
f 1789/4/1 1792/4/1 1793/4/1 1790/4/1
f 1793/4/3 1794/4/3 1791/4/3 1790/4/3
f 1792/4/1 1795/4/1 1796/4/1 1793/4/1
f 1796/4/3 1797/4/3 1794/4/3 1793/4/3
f 1795/4/1 1798/4/1 1799/4/1 1796/4/1
f 1799/4/3 1800/4/3 1797/4/3 1796/4/3
f 1798/4/1 1801/4/1 1802/4/1 1799/4/1
f 1802/4/3 1803/4/3 1800/4/3 1799/4/3
f 1801/4/1 1804/4/1 1805/4/1 1802/4/1
f 1805/4/3 1806/4/3 1803/4/3 1802/4/3
f 1804/4/1 1807/4/1 1808/4/1 1805/4/1
f 1808/4/3 1809/4/3 1806/4/3 1805/4/3
f 1807/4/1 1810/4/1 1811/4/1 1808/4/1
f 1811/4/3 1812/4/3 1809/4/3 1808/4/3
f 1810/4/1 1813/4/1 1814/4/1 1811/4/1
f 1814/4/3 1815/4/3 1812/4/3 1811/4/3
f 1813/4/1 1667/4/1 1816/4/1 1814/4/1
f 1816/4/3 1817/4/3 1815/4/3 1814/4/3
f 1667/4/1 1666/4/1 1818/4/1 1816/4/1
f 1818/4/3 1819/4/3 1817/4/3 1816/4/3
f 1666/4/1 1669/4/1 1820/4/1 1818/4/1
f 1820/4/3 1821/4/3 1819/4/3 1818/4/3
f 1669/4/1 1822/4/1 1823/4/1 1820/4/1
f 1823/4/3 1824/4/3 1821/4/3 1820/4/3
f 1822/4/1 1825/4/1 1826/4/1 1823/4/1
f 1826/4/3 1827/4/3 1824/4/3 1823/4/3
f 1825/4/1 1828/4/1 1829/4/1 1826/4/1
f 1829/4/3 1830/4/3 1827/4/3 1826/4/3
f 1828/4/1 1654/4/1 1653/4/1 1829/4/1
f 1653/4/3 1831/4/3 1830/4/3 1829/4/3
f 1652/5/3 1832/5/3 1831/5/3 1653/5/3
f 1655/5/3 1833/5/3 1832/5/3 1652/5/3
f 1656/5/3 1834/5/3 1833/5/3 1655/5/3
f 1657/5/3 1835/5/3 1834/5/3 1656/5/3
f 1658/5/6 1836/5/6 1835/5/6 1657/5/6
f 1758/4/5 1837/4/5 1659/4/5 1650/4/5
f 1660/4/1 1674/4/1 1759/4/1 1651/4/1
f 1674/4/1 1675/4/1 1762/4/1 1759/4/1
f 1675/4/1 1676/4/1 1765/4/1 1762/4/1
f 1676/4/1 1677/4/1 1768/4/1 1765/4/1
f 1677/4/1 1663/4/1 1662/4/1 1768/4/1
f 1665/4/1 1678/4/1 1777/4/1 1664/4/1
f 1678/4/1 1679/4/1 1780/4/1 1777/4/1
f 1679/4/1 1680/4/1 1783/4/1 1780/4/1
f 1680/4/1 1681/4/1 1786/4/1 1783/4/1
f 1681/4/1 1682/4/1 1789/4/1 1786/4/1
f 1682/4/1 1683/4/1 1792/4/1 1789/4/1
f 1683/4/1 1684/4/1 1795/4/1 1792/4/1
f 1684/4/1 1685/4/1 1798/4/1 1795/4/1
f 1685/4/1 1686/4/1 1801/4/1 1798/4/1
f 1686/4/1 1687/4/1 1804/4/1 1801/4/1
f 1687/4/1 1688/4/1 1807/4/1 1804/4/1
f 1688/4/1 1689/4/1 1810/4/1 1807/4/1
f 1689/4/1 1690/4/1 1813/4/1 1810/4/1
f 1690/4/1 1668/4/1 1667/4/1 1813/4/1
f 1670/4/1 1691/4/1 1822/4/1 1669/4/1
f 1691/4/1 1692/4/1 1825/4/1 1822/4/1
f 1692/4/1 1693/4/1 1828/4/1 1825/4/1
f 1693/4/1 1671/4/1 1654/4/1 1828/4/1
f 1672/5/6 1838/5/6 1836/5/6 1658/5/6
f 1837/4/5 1839/4/5 1673/4/5 1659/4/5
f 1694/5/6 1840/5/6 1838/5/6 1672/5/6
f 1839/4/5 1841/4/5 1695/4/5 1673/4/5
f 1724/5/6 1842/5/6 1840/5/6 1694/5/6
f 1841/4/5 1843/4/5 1725/4/5 1695/4/5
f 1726/4/1 1844/4/1 1697/4/1 1696/4/1
f 1844/4/1 1845/4/1 1698/4/1 1697/4/1
f 1845/4/1 1846/4/1 1699/4/1 1698/4/1
f 1846/4/1 1847/4/1 1700/4/1 1699/4/1
f 1847/4/1 1848/4/1 1701/4/1 1700/4/1
f 1848/4/1 1849/4/1 1702/4/1 1701/4/1
f 1849/4/1 1850/4/1 1703/4/1 1702/4/1
f 1850/4/1 1851/4/1 1704/4/1 1703/4/1
f 1851/4/1 1852/4/1 1705/4/1 1704/4/1
f 1852/4/1 1853/4/1 1706/4/1 1705/4/1
f 1853/4/1 1854/4/1 1707/4/1 1706/4/1
f 1854/4/1 1855/4/1 1708/4/1 1707/4/1
f 1855/4/1 1856/4/1 1709/4/1 1708/4/1
f 1856/4/1 1857/4/1 1710/4/1 1709/4/1
f 1857/4/1 1858/4/1 1711/4/1 1710/4/1
f 1858/4/1 1859/4/1 1712/4/1 1711/4/1
f 1859/4/1 1860/4/1 1713/4/1 1712/4/1
f 1860/4/1 1861/4/1 1714/4/1 1713/4/1
f 1861/4/1 1862/4/1 1715/4/1 1714/4/1
f 1862/4/1 1863/4/1 1716/4/1 1715/4/1
f 1863/4/1 1864/4/1 1717/4/1 1716/4/1
f 1864/4/1 1865/4/1 1718/4/1 1717/4/1
f 1865/4/1 1866/4/1 1719/4/1 1718/4/1
f 1866/4/1 1867/4/1 1720/4/1 1719/4/1
f 1867/4/1 1868/4/1 1721/4/1 1720/4/1
f 1868/4/1 1869/4/1 1722/4/1 1721/4/1
f 1869/4/1 1727/4/1 1723/4/1 1722/4/1
f 1728/5/6 1870/5/6 1842/5/6 1724/5/6
f 1843/4/5 1871/4/5 1729/4/5 1725/4/5
f 1730/4/1 1872/4/1 1844/4/1 1726/4/1
f 1873/4/4 1874/4/4 1872/4/4 1730/4/4
f 1872/4/1 1875/4/1 1845/4/1 1844/4/1
f 1874/4/4 1876/4/4 1875/4/4 1872/4/4
f 1875/4/1 1877/4/1 1846/4/1 1845/4/1
f 1876/4/4 1878/4/4 1877/4/4 1875/4/4
f 1877/4/1 1879/4/1 1847/4/1 1846/4/1
f 1878/4/4 1880/4/4 1879/4/4 1877/4/4
f 1879/4/1 1881/4/1 1848/4/1 1847/4/1
f 1880/4/4 1882/4/4 1881/4/4 1879/4/4
f 1881/4/1 1883/4/1 1849/4/1 1848/4/1
f 1882/4/4 1884/4/4 1883/4/4 1881/4/4
f 1883/4/1 1885/4/1 1850/4/1 1849/4/1
f 1884/4/4 1886/4/4 1885/4/4 1883/4/4
f 1885/4/1 1887/4/1 1851/4/1 1850/4/1
f 1886/4/4 1888/4/4 1887/4/4 1885/4/4
f 1887/4/1 1889/4/1 1852/4/1 1851/4/1
f 1888/4/4 1890/4/4 1889/4/4 1887/4/4
f 1889/4/1 1891/4/1 1853/4/1 1852/4/1
f 1890/4/4 1892/4/4 1891/4/4 1889/4/4
f 1891/4/1 1893/4/1 1854/4/1 1853/4/1
f 1892/4/4 1894/4/4 1893/4/4 1891/4/4
f 1893/4/1 1895/4/1 1855/4/1 1854/4/1
f 1894/4/4 1896/4/4 1895/4/4 1893/4/4
f 1895/4/1 1897/4/1 1856/4/1 1855/4/1
f 1896/4/4 1898/4/4 1897/4/4 1895/4/4
f 1897/4/1 1899/4/1 1857/4/1 1856/4/1
f 1898/4/4 1900/4/4 1899/4/4 1897/4/4
f 1899/4/1 1901/4/1 1858/4/1 1857/4/1
f 1900/4/4 1902/4/4 1901/4/4 1899/4/4
f 1901/4/1 1903/4/1 1859/4/1 1858/4/1
f 1902/4/4 1904/4/4 1903/4/4 1901/4/4
f 1903/4/1 1905/4/1 1860/4/1 1859/4/1
f 1904/4/4 1906/4/4 1905/4/4 1903/4/4
f 1905/4/1 1907/4/1 1861/4/1 1860/4/1
f 1906/4/4 1908/4/4 1907/4/4 1905/4/4
f 1907/4/1 1909/4/1 1862/4/1 1861/4/1
f 1908/4/4 1910/4/4 1909/4/4 1907/4/4
f 1909/4/1 1911/4/1 1863/4/1 1862/4/1
f 1910/4/4 1912/4/4 1911/4/4 1909/4/4
f 1911/4/1 1913/4/1 1864/4/1 1863/4/1
f 1912/4/4 1914/4/4 1913/4/4 1911/4/4
f 1913/4/1 1915/4/1 1865/4/1 1864/4/1
f 1914/4/4 1916/4/4 1915/4/4 1913/4/4
f 1915/4/1 1917/4/1 1866/4/1 1865/4/1
f 1916/4/4 1918/4/4 1917/4/4 1915/4/4
f 1917/4/1 1919/4/1 1867/4/1 1866/4/1
f 1918/4/4 1920/4/4 1919/4/4 1917/4/4
f 1919/4/1 1921/4/1 1868/4/1 1867/4/1
f 1920/4/4 1922/4/4 1921/4/4 1919/4/4
f 1921/4/1 1923/4/1 1869/4/1 1868/4/1
f 1922/4/4 1924/4/4 1923/4/4 1921/4/4
f 1923/4/1 1731/4/1 1727/4/1 1869/4/1
f 1924/4/4 1925/4/4 1731/4/4 1923/4/4
f 1925/5/4 1926/5/4 1732/5/4 1731/5/4
f 1926/5/4 1927/5/4 1733/5/4 1732/5/4
f 1927/5/4 1928/5/4 1734/5/4 1733/5/4
f 1928/5/4 1929/5/4 1735/5/4 1734/5/4
f 1735/5/6 1929/5/6 1870/5/6 1728/5/6
f 1871/4/5 1930/4/5 1736/4/5 1729/4/5
f 1737/4/6 1931/4/6 1873/4/6 1730/4/6
f 1930/4/5 1932/4/5 1738/4/5 1736/4/5
f 1739/4/6 1933/4/6 1931/4/6 1737/4/6
f 1932/4/5 1934/4/5 1740/4/5 1738/4/5
f 1741/4/6 1935/4/6 1933/4/6 1739/4/6
f 1934/4/5 1936/4/5 1742/4/5 1740/4/5
f 1743/4/6 1937/4/6 1935/4/6 1741/4/6
f 1938/4/4 1939/4/4 1745/4/4 1744/4/4
f 1936/4/5 1938/4/5 1744/4/5 1742/4/5
f 1745/4/6 1939/4/6 1937/4/6 1743/4/6
f 1746/4/3 1940/4/3 1941/4/3 1747/4/3
f 1941/4/5 1942/4/5 1748/4/5 1747/4/5
f 1749/4/6 1943/4/6 1940/4/6 1746/4/6
f 1942/4/5 1944/4/5 1750/4/5 1748/4/5
f 1751/4/6 1945/4/6 1943/4/6 1749/4/6
f 1944/4/5 1946/4/5 1752/4/5 1750/4/5
f 1753/4/6 1947/4/6 1945/4/6 1751/4/6
f 1946/4/5 1948/4/5 1754/4/5 1752/4/5
f 1755/4/6 1949/4/6 1947/4/6 1753/4/6
f 1948/4/5 1950/4/5 1756/4/5 1754/4/5
f 1757/4/6 1951/4/6 1949/4/6 1755/4/6
f 1950/4/5 1952/4/5 1758/4/5 1756/4/5
f 1761/4/3 1953/4/3 1951/4/3 1757/4/3
f 1764/4/3 1954/4/3 1953/4/3 1761/4/3
f 1767/4/3 1955/4/3 1954/4/3 1764/4/3
f 1770/4/3 1956/4/3 1955/4/3 1767/4/3
f 1772/4/3 1957/4/3 1956/4/3 1770/4/3
f 1774/4/3 1958/4/3 1957/4/3 1772/4/3
f 1776/4/3 1959/4/3 1958/4/3 1774/4/3
f 1779/4/3 1960/4/3 1959/4/3 1776/4/3
f 1782/4/3 1961/4/3 1960/4/3 1779/4/3
f 1785/4/3 1962/4/3 1961/4/3 1782/4/3
f 1788/4/3 1963/4/3 1962/4/3 1785/4/3
f 1791/4/3 1964/4/3 1963/4/3 1788/4/3
f 1794/4/3 1965/4/3 1964/4/3 1791/4/3
f 1797/4/3 1966/4/3 1965/4/3 1794/4/3
f 1800/4/3 1967/4/3 1966/4/3 1797/4/3
f 1803/4/3 1968/4/3 1967/4/3 1800/4/3
f 1806/4/3 1969/4/3 1968/4/3 1803/4/3
f 1809/4/3 1970/4/3 1969/4/3 1806/4/3
f 1812/4/3 1971/4/3 1970/4/3 1809/4/3
f 1815/4/3 1972/4/3 1971/4/3 1812/4/3
f 1817/4/3 1973/4/3 1972/4/3 1815/4/3
f 1819/4/3 1974/4/3 1973/4/3 1817/4/3
f 1821/4/3 1975/4/3 1974/4/3 1819/4/3
f 1824/4/3 1976/4/3 1975/4/3 1821/4/3
f 1827/4/3 1977/4/3 1976/4/3 1824/4/3
f 1830/4/3 1978/4/3 1977/4/3 1827/4/3
f 1831/4/3 1979/4/3 1978/4/3 1830/4/3
f 1832/5/3 1980/5/3 1979/5/3 1831/5/3
f 1833/5/3 1981/5/3 1980/5/3 1832/5/3
f 1834/5/3 1982/5/3 1981/5/3 1833/5/3
f 1835/5/3 1983/5/3 1982/5/3 1834/5/3
f 1836/5/6 1984/5/6 1983/5/6 1835/5/6
f 1952/4/5 1985/4/5 1837/4/5 1758/4/5
f 1838/5/6 1986/5/6 1984/5/6 1836/5/6
f 1985/4/5 1987/4/5 1839/4/5 1837/4/5
f 1840/5/6 1988/5/6 1986/5/6 1838/5/6
f 1987/4/5 1989/4/5 1841/4/5 1839/4/5
f 1842/5/6 1990/5/6 1988/5/6 1840/5/6
f 1989/4/5 1991/4/5 1843/4/5 1841/4/5
f 1870/5/6 1992/5/6 1990/5/6 1842/5/6
f 1991/4/5 1993/4/5 1871/4/5 1843/4/5
f 1994/4/4 1995/4/4 1874/4/4 1873/4/4
f 1995/4/4 1996/4/4 1876/4/4 1874/4/4
f 1996/4/4 1997/4/4 1878/4/4 1876/4/4
f 1997/4/4 1998/4/4 1880/4/4 1878/4/4
f 1998/4/4 1999/4/4 1882/4/4 1880/4/4
f 1999/4/4 2000/4/4 1884/4/4 1882/4/4
f 2000/4/4 2001/4/4 1886/4/4 1884/4/4
f 2001/4/4 2002/4/4 1888/4/4 1886/4/4
f 2002/4/4 2003/4/4 1890/4/4 1888/4/4
f 2003/4/4 2004/4/4 1892/4/4 1890/4/4
f 2004/4/4 2005/4/4 1894/4/4 1892/4/4
f 2005/4/4 2006/4/4 1896/4/4 1894/4/4
f 2006/4/4 2007/4/4 1898/4/4 1896/4/4
f 2007/4/4 2008/4/4 1900/4/4 1898/4/4
f 2008/4/4 2009/4/4 1902/4/4 1900/4/4
f 2009/4/4 2010/4/4 1904/4/4 1902/4/4
f 2010/4/4 2011/4/4 1906/4/4 1904/4/4
f 2011/4/4 2012/4/4 1908/4/4 1906/4/4
f 2012/4/4 2013/4/4 1910/4/4 1908/4/4
f 2013/4/4 2014/4/4 1912/4/4 1910/4/4
f 2014/4/4 2015/4/4 1914/4/4 1912/4/4
f 2015/4/4 2016/4/4 1916/4/4 1914/4/4
f 2016/4/4 2017/4/4 1918/4/4 1916/4/4
f 2017/4/4 2018/4/4 1920/4/4 1918/4/4
f 2018/4/4 2019/4/4 1922/4/4 1920/4/4
f 2019/4/4 2020/4/4 1924/4/4 1922/4/4
f 2020/4/4 2021/4/4 1925/4/4 1924/4/4
f 2021/5/4 2022/5/4 1926/5/4 1925/5/4
f 2022/5/4 2023/5/4 1927/5/4 1926/5/4
f 2023/5/4 2024/5/4 1928/5/4 1927/5/4
f 2024/5/4 2025/5/4 1929/5/4 1928/5/4
f 1929/5/6 2025/5/6 1992/5/6 1870/5/6
f 1993/4/5 2026/4/5 1930/4/5 1871/4/5
f 1931/4/6 2027/4/6 1994/4/6 1873/4/6
f 2026/4/5 2028/4/5 1932/4/5 1930/4/5
f 1933/4/6 2029/4/6 2027/4/6 1931/4/6
f 2028/4/5 2030/4/5 1934/4/5 1932/4/5
f 1935/4/6 2031/4/6 2029/4/6 1933/4/6
f 2030/4/5 2032/4/5 1936/4/5 1934/4/5
f 1937/4/6 2033/4/6 2031/4/6 1935/4/6
f 2034/4/4 2035/4/4 1939/4/4 1938/4/4
f 2032/4/5 2034/4/5 1938/4/5 1936/4/5
f 1939/4/6 2035/4/6 2033/4/6 1937/4/6
f 2036/4/2 2037/4/2 2038/4/2 2039/4/2
f 1940/4/3 2036/4/3 2039/4/3 1941/4/3
f 2039/4/5 2038/4/5 1942/4/5 1941/4/5
f 1943/4/6 2037/4/6 2036/4/6 1940/4/6
f 2037/4/2 2040/4/2 2041/4/2 2038/4/2
f 2038/4/5 2041/4/5 1944/4/5 1942/4/5
f 1945/4/6 2040/4/6 2037/4/6 1943/4/6
f 2040/4/2 2042/4/2 2043/4/2 2041/4/2
f 2041/4/5 2043/4/5 1946/4/5 1944/4/5
f 1947/4/6 2042/4/6 2040/4/6 1945/4/6
f 2042/4/2 2044/4/2 2045/4/2 2043/4/2
f 2043/4/5 2045/4/5 1948/4/5 1946/4/5
f 1949/4/6 2044/4/6 2042/4/6 1947/4/6
f 2044/4/2 2046/4/2 2047/4/2 2045/4/2
f 2045/4/5 2047/4/5 1950/4/5 1948/4/5
f 1951/4/6 2046/4/6 2044/4/6 1949/4/6
f 2046/4/2 2048/4/2 2049/4/2 2047/4/2
f 2047/4/5 2049/4/5 1952/4/5 1950/4/5
f 2050/4/2 2051/4/2 2048/4/2 2046/4/2
f 1953/4/3 2050/4/3 2046/4/3 1951/4/3
f 2052/4/2 2053/4/2 2051/4/2 2050/4/2
f 1954/4/3 2052/4/3 2050/4/3 1953/4/3
f 2054/4/2 2055/4/2 2053/4/2 2052/4/2
f 1955/4/3 2054/4/3 2052/4/3 1954/4/3
f 2056/4/2 2057/4/2 2055/4/2 2054/4/2
f 1956/4/3 2056/4/3 2054/4/3 1955/4/3
f 2058/4/2 2059/4/2 2057/4/2 2056/4/2
f 1957/4/3 2058/4/3 2056/4/3 1956/4/3
f 2060/4/2 2061/4/2 2059/4/2 2058/4/2
f 1958/4/3 2060/4/3 2058/4/3 1957/4/3
f 2062/4/2 2063/4/2 2061/4/2 2060/4/2
f 1959/4/3 2062/4/3 2060/4/3 1958/4/3
f 2064/4/2 2065/4/2 2063/4/2 2062/4/2
f 1960/4/3 2064/4/3 2062/4/3 1959/4/3
f 2066/4/2 2067/4/2 2065/4/2 2064/4/2
f 1961/4/3 2066/4/3 2064/4/3 1960/4/3
f 2068/4/2 2069/4/2 2067/4/2 2066/4/2
f 1962/4/3 2068/4/3 2066/4/3 1961/4/3
f 2070/4/2 2071/4/2 2069/4/2 2068/4/2
f 1963/4/3 2070/4/3 2068/4/3 1962/4/3
f 2072/4/2 2073/4/2 2071/4/2 2070/4/2
f 1964/4/3 2072/4/3 2070/4/3 1963/4/3
f 2074/4/2 2075/4/2 2073/4/2 2072/4/2
f 1965/4/3 2074/4/3 2072/4/3 1964/4/3
f 2076/4/2 2077/4/2 2075/4/2 2074/4/2
f 1966/4/3 2076/4/3 2074/4/3 1965/4/3
f 2078/4/2 2079/4/2 2077/4/2 2076/4/2
f 1967/4/3 2078/4/3 2076/4/3 1966/4/3
f 2080/4/2 2081/4/2 2079/4/2 2078/4/2
f 1968/4/3 2080/4/3 2078/4/3 1967/4/3
f 2082/4/2 2083/4/2 2081/4/2 2080/4/2
f 1969/4/3 2082/4/3 2080/4/3 1968/4/3
f 2084/4/2 2085/4/2 2083/4/2 2082/4/2
f 1970/4/3 2084/4/3 2082/4/3 1969/4/3
f 2086/4/2 2087/4/2 2085/4/2 2084/4/2
f 1971/4/3 2086/4/3 2084/4/3 1970/4/3
f 2088/4/2 2089/4/2 2087/4/2 2086/4/2
f 1972/4/3 2088/4/3 2086/4/3 1971/4/3
f 2090/4/2 2091/4/2 2089/4/2 2088/4/2
f 1973/4/3 2090/4/3 2088/4/3 1972/4/3
f 2092/4/2 2093/4/2 2091/4/2 2090/4/2
f 1974/4/3 2092/4/3 2090/4/3 1973/4/3
f 2094/4/2 2095/4/2 2093/4/2 2092/4/2
f 1975/4/3 2094/4/3 2092/4/3 1974/4/3
f 2096/4/2 2097/4/2 2095/4/2 2094/4/2
f 1976/4/3 2096/4/3 2094/4/3 1975/4/3
f 2098/4/2 2099/4/2 2097/4/2 2096/4/2
f 1977/4/3 2098/4/3 2096/4/3 1976/4/3
f 2100/4/2 2101/4/2 2099/4/2 2098/4/2
f 1978/4/3 2100/4/3 2098/4/3 1977/4/3
f 2102/4/2 2103/4/2 2101/4/2 2100/4/2
f 1979/4/3 2102/4/3 2100/4/3 1978/4/3
f 2104/5/2 2105/5/2 2103/5/2 2102/5/2
f 1980/5/3 2104/5/3 2102/5/3 1979/5/3
f 2106/5/2 2107/5/2 2105/5/2 2104/5/2
f 1981/5/3 2106/5/3 2104/5/3 1980/5/3
f 2108/5/2 2109/5/2 2107/5/2 2106/5/2
f 1982/5/3 2108/5/3 2106/5/3 1981/5/3
f 2110/5/2 2111/5/2 2109/5/2 2108/5/2
f 1983/5/3 2110/5/3 2108/5/3 1982/5/3
f 1984/5/6 2111/5/6 2110/5/6 1983/5/6
f 2048/4/2 2112/4/2 2113/4/2 2049/4/2
f 2049/4/5 2113/4/5 1985/4/5 1952/4/5
f 2051/4/2 2114/4/2 2112/4/2 2048/4/2
f 2053/4/2 2115/4/2 2114/4/2 2051/4/2
f 2055/4/2 2116/4/2 2115/4/2 2053/4/2
f 2057/4/2 2117/4/2 2116/4/2 2055/4/2
f 2059/4/2 2118/4/2 2117/4/2 2057/4/2
f 2061/4/2 2119/4/2 2118/4/2 2059/4/2
f 2063/4/2 2120/4/2 2119/4/2 2061/4/2
f 2065/4/2 2121/4/2 2120/4/2 2063/4/2
f 2067/4/2 2122/4/2 2121/4/2 2065/4/2
f 2069/4/2 2123/4/2 2122/4/2 2067/4/2
f 2071/4/2 2124/4/2 2123/4/2 2069/4/2
f 2073/4/2 2125/4/2 2124/4/2 2071/4/2
f 2075/4/2 2126/4/2 2125/4/2 2073/4/2
f 2077/4/2 2127/4/2 2126/4/2 2075/4/2
f 2079/4/2 2128/4/2 2127/4/2 2077/4/2
f 2081/4/2 2129/4/2 2128/4/2 2079/4/2
f 2083/4/2 2130/4/2 2129/4/2 2081/4/2
f 2085/4/2 2131/4/2 2130/4/2 2083/4/2
f 2087/4/2 2132/4/2 2131/4/2 2085/4/2
f 2089/4/2 2133/4/2 2132/4/2 2087/4/2
f 2091/4/2 2134/4/2 2133/4/2 2089/4/2
f 2093/4/2 2135/4/2 2134/4/2 2091/4/2
f 2095/4/2 2136/4/2 2135/4/2 2093/4/2
f 2097/4/2 2137/4/2 2136/4/2 2095/4/2
f 2099/4/2 2138/4/2 2137/4/2 2097/4/2
f 2101/4/2 2139/4/2 2138/4/2 2099/4/2
f 2103/4/2 2140/4/2 2139/4/2 2101/4/2
f 2105/5/2 2141/5/2 2140/5/2 2103/5/2
f 2107/5/2 2142/5/2 2141/5/2 2105/5/2
f 2109/5/2 2143/5/2 2142/5/2 2107/5/2
f 2111/5/2 2144/5/2 2143/5/2 2109/5/2
f 1986/5/6 2144/5/6 2111/5/6 1984/5/6
f 2112/4/2 2145/4/2 2146/4/2 2113/4/2
f 2113/4/5 2146/4/5 1987/4/5 1985/4/5
f 2114/4/2 2147/4/2 2145/4/2 2112/4/2
f 2115/4/2 2148/4/2 2147/4/2 2114/4/2
f 2116/4/2 2149/4/2 2148/4/2 2115/4/2
f 2117/4/2 2150/4/2 2149/4/2 2116/4/2
f 2118/4/2 2151/4/2 2150/4/2 2117/4/2
f 2119/4/2 2152/4/2 2151/4/2 2118/4/2
f 2120/4/2 2153/4/2 2152/4/2 2119/4/2
f 2121/4/2 2154/4/2 2153/4/2 2120/4/2
f 2122/4/2 2155/4/2 2154/4/2 2121/4/2
f 2123/4/2 2156/4/2 2155/4/2 2122/4/2
f 2124/4/2 2157/4/2 2156/4/2 2123/4/2
f 2125/4/2 2158/4/2 2157/4/2 2124/4/2
f 2126/4/2 2159/4/2 2158/4/2 2125/4/2
f 2127/4/2 2160/4/2 2159/4/2 2126/4/2
f 2128/4/2 2161/4/2 2160/4/2 2127/4/2
f 2129/4/2 2162/4/2 2161/4/2 2128/4/2
f 2130/4/2 2163/4/2 2162/4/2 2129/4/2
f 2131/5/2 2164/5/2 2163/5/2 2130/5/2
f 2132/4/2 2165/4/2 2164/4/2 2131/4/2
f 2133/4/2 2166/4/2 2165/4/2 2132/4/2
f 2134/4/2 2167/4/2 2166/4/2 2133/4/2
f 2135/4/2 2168/4/2 2167/4/2 2134/4/2
f 2136/4/2 2169/4/2 2168/4/2 2135/4/2
f 2137/4/2 2170/4/2 2169/4/2 2136/4/2
f 2138/4/2 2171/4/2 2170/4/2 2137/4/2
f 2139/4/2 2172/4/2 2171/4/2 2138/4/2
f 2140/4/2 2173/4/2 2172/4/2 2139/4/2
f 2141/5/2 2174/5/2 2173/5/2 2140/5/2
f 2142/5/2 2175/5/2 2174/5/2 2141/5/2
f 2143/5/2 2176/5/2 2175/5/2 2142/5/2
f 2144/5/2 2177/5/2 2176/5/2 2143/5/2
f 1988/5/6 2177/5/6 2144/5/6 1986/5/6
f 2145/4/2 2178/4/2 2179/4/2 2146/4/2
f 2146/4/5 2179/4/5 1989/4/5 1987/4/5
f 2147/4/2 2180/4/2 2178/4/2 2145/4/2
f 2148/4/2 2181/4/2 2180/4/2 2147/4/2
f 2149/4/2 2182/4/2 2181/4/2 2148/4/2
f 2150/4/2 2183/4/2 2182/4/2 2149/4/2
f 2151/4/2 2184/4/2 2183/4/2 2150/4/2
f 2152/4/2 2185/4/2 2184/4/2 2151/4/2
f 2153/4/2 2186/4/2 2185/4/2 2152/4/2
f 2154/4/2 2187/4/2 2186/4/2 2153/4/2
f 2155/4/2 2188/4/2 2187/4/2 2154/4/2
f 2156/4/2 2189/4/2 2188/4/2 2155/4/2
f 2157/4/2 2190/4/2 2189/4/2 2156/4/2
f 2158/4/2 2191/4/2 2190/4/2 2157/4/2
f 2159/4/2 2192/4/2 2191/4/2 2158/4/2
f 2160/4/2 2193/4/2 2192/4/2 2159/4/2
f 2161/4/2 2194/4/2 2193/4/2 2160/4/2
f 2162/4/2 2195/4/2 2194/4/2 2161/4/2
f 2163/4/2 2196/4/2 2195/4/2 2162/4/2
f 2164/4/2 2197/4/2 2196/4/2 2163/4/2
f 2165/4/2 2198/4/2 2197/4/2 2164/4/2
f 2166/4/2 2199/4/2 2198/4/2 2165/4/2
f 2167/4/2 2200/4/2 2199/4/2 2166/4/2
f 2168/4/2 2201/4/2 2200/4/2 2167/4/2
f 2169/4/2 2202/4/2 2201/4/2 2168/4/2
f 2170/4/2 2203/4/2 2202/4/2 2169/4/2
f 2171/4/2 2204/4/2 2203/4/2 2170/4/2
f 2172/4/2 2205/4/2 2204/4/2 2171/4/2
f 2173/4/2 2206/4/2 2205/4/2 2172/4/2
f 2174/5/2 2207/5/2 2206/5/2 2173/5/2
f 2175/5/2 2208/5/2 2207/5/2 2174/5/2
f 2176/5/2 2209/5/2 2208/5/2 2175/5/2
f 2177/5/2 2210/5/2 2209/5/2 2176/5/2
f 1990/5/6 2210/5/6 2177/5/6 1988/5/6
f 2178/4/2 2211/4/2 2212/4/2 2179/4/2
f 2179/4/5 2212/4/5 1991/4/5 1989/4/5
f 2180/4/2 2213/4/2 2211/4/2 2178/4/2
f 2181/4/2 2214/4/2 2213/4/2 2180/4/2
f 2182/4/2 2215/4/2 2214/4/2 2181/4/2
f 2183/4/2 2216/4/2 2215/4/2 2182/4/2
f 2184/4/2 2217/4/2 2216/4/2 2183/4/2
f 2185/4/2 2218/4/2 2217/4/2 2184/4/2
f 2186/4/2 2219/4/2 2218/4/2 2185/4/2
f 2187/4/2 2220/4/2 2219/4/2 2186/4/2
f 2188/4/2 2221/4/2 2220/4/2 2187/4/2
f 2189/4/2 2222/4/2 2221/4/2 2188/4/2
f 2190/4/2 2223/4/2 2222/4/2 2189/4/2
f 2191/4/2 2224/4/2 2223/4/2 2190/4/2
f 2192/4/2 2225/4/2 2224/4/2 2191/4/2
f 2193/4/2 2226/4/2 2225/4/2 2192/4/2
f 2194/4/2 2227/4/2 2226/4/2 2193/4/2
f 2195/4/2 2228/4/2 2227/4/2 2194/4/2
f 2196/4/2 2229/4/2 2228/4/2 2195/4/2
f 2197/4/2 2230/4/2 2229/4/2 2196/4/2
f 2198/4/2 2231/4/2 2230/4/2 2197/4/2
f 2199/4/2 2232/4/2 2231/4/2 2198/4/2
f 2200/4/2 2233/4/2 2232/4/2 2199/4/2
f 2201/4/2 2234/4/2 2233/4/2 2200/4/2
f 2202/4/2 2235/4/2 2234/4/2 2201/4/2
f 2203/4/2 2236/4/2 2235/4/2 2202/4/2
f 2204/4/2 2237/4/2 2236/4/2 2203/4/2
f 2205/4/2 2238/4/2 2237/4/2 2204/4/2
f 2206/4/2 2239/4/2 2238/4/2 2205/4/2
f 2207/5/2 2240/5/2 2239/5/2 2206/5/2
f 2208/5/2 2241/5/2 2240/5/2 2207/5/2
f 2209/5/2 2242/5/2 2241/5/2 2208/5/2
f 2210/5/2 2243/5/2 2242/5/2 2209/5/2
f 1992/5/6 2243/5/6 2210/5/6 1990/5/6
f 2211/4/2 2244/4/2 2245/4/2 2212/4/2
f 2212/4/5 2245/4/5 1993/4/5 1991/4/5
f 2213/4/2 2246/4/2 2244/4/2 2211/4/2
f 2244/4/4 2246/4/4 1995/4/4 1994/4/4
f 2214/4/2 2247/4/2 2246/4/2 2213/4/2
f 2246/4/4 2247/4/4 1996/4/4 1995/4/4
f 2215/4/2 2248/4/2 2247/4/2 2214/4/2
f 2247/4/4 2248/4/4 1997/4/4 1996/4/4
f 2216/4/2 2249/4/2 2248/4/2 2215/4/2
f 2248/4/4 2249/4/4 1998/4/4 1997/4/4
f 2217/4/2 2250/4/2 2249/4/2 2216/4/2
f 2249/4/4 2250/4/4 1999/4/4 1998/4/4
f 2218/4/2 2251/4/2 2250/4/2 2217/4/2
f 2250/4/4 2251/4/4 2000/4/4 1999/4/4
f 2219/4/2 2252/4/2 2251/4/2 2218/4/2
f 2251/4/4 2252/4/4 2001/4/4 2000/4/4
f 2220/4/2 2253/4/2 2252/4/2 2219/4/2
f 2252/4/4 2253/4/4 2002/4/4 2001/4/4
f 2221/4/2 2254/4/2 2253/4/2 2220/4/2
f 2253/4/4 2254/4/4 2003/4/4 2002/4/4
f 2222/4/2 2255/4/2 2254/4/2 2221/4/2
f 2254/4/4 2255/4/4 2004/4/4 2003/4/4
f 2223/4/2 2256/4/2 2255/4/2 2222/4/2
f 2255/4/4 2256/4/4 2005/4/4 2004/4/4
f 2224/4/2 2257/4/2 2256/4/2 2223/4/2
f 2256/4/4 2257/4/4 2006/4/4 2005/4/4
f 2225/4/2 2258/4/2 2257/4/2 2224/4/2
f 2257/4/4 2258/4/4 2007/4/4 2006/4/4
f 2226/4/2 2259/4/2 2258/4/2 2225/4/2
f 2258/4/4 2259/4/4 2008/4/4 2007/4/4
f 2227/4/2 2260/4/2 2259/4/2 2226/4/2
f 2259/4/4 2260/4/4 2009/4/4 2008/4/4
f 2228/4/2 2261/4/2 2260/4/2 2227/4/2
f 2260/4/4 2261/4/4 2010/4/4 2009/4/4
f 2229/4/2 2262/4/2 2261/4/2 2228/4/2
f 2261/4/4 2262/4/4 2011/4/4 2010/4/4
f 2230/4/2 2263/4/2 2262/4/2 2229/4/2
f 2262/4/4 2263/4/4 2012/4/4 2011/4/4
f 2231/4/2 2264/4/2 2263/4/2 2230/4/2
f 2263/4/4 2264/4/4 2013/4/4 2012/4/4
f 2232/4/2 2265/4/2 2264/4/2 2231/4/2
f 2264/4/4 2265/4/4 2014/4/4 2013/4/4
f 2233/4/2 2266/4/2 2265/4/2 2232/4/2
f 2265/4/4 2266/4/4 2015/4/4 2014/4/4
f 2234/4/2 2267/4/2 2266/4/2 2233/4/2
f 2266/4/4 2267/4/4 2016/4/4 2015/4/4
f 2235/4/2 2268/4/2 2267/4/2 2234/4/2
f 2267/4/4 2268/4/4 2017/4/4 2016/4/4
f 2236/4/2 2269/4/2 2268/4/2 2235/4/2
f 2268/4/4 2269/4/4 2018/4/4 2017/4/4
f 2237/4/2 2270/4/2 2269/4/2 2236/4/2
f 2269/4/4 2270/4/4 2019/4/4 2018/4/4
f 2238/4/2 2271/4/2 2270/4/2 2237/4/2
f 2270/4/4 2271/4/4 2020/4/4 2019/4/4
f 2239/4/2 2272/4/2 2271/4/2 2238/4/2
f 2271/4/4 2272/4/4 2021/4/4 2020/4/4
f 2240/5/2 2273/5/2 2272/5/2 2239/5/2
f 2272/5/4 2273/5/4 2022/5/4 2021/5/4
f 2241/5/2 2274/5/2 2273/5/2 2240/5/2
f 2273/5/4 2274/5/4 2023/5/4 2022/5/4
f 2242/5/2 2275/5/2 2274/5/2 2241/5/2
f 2274/5/4 2275/5/4 2024/5/4 2023/5/4
f 2243/5/2 2276/5/2 2275/5/2 2242/5/2
f 2275/5/4 2276/5/4 2025/5/4 2024/5/4
f 2025/5/6 2276/5/6 2243/5/6 1992/5/6
f 2244/4/2 2277/4/2 2278/4/2 2245/4/2
f 2245/4/5 2278/4/5 2026/4/5 1993/4/5
f 2027/4/6 2277/4/6 2244/4/6 1994/4/6
f 2277/5/2 2279/5/2 2280/5/2 2278/5/2
f 2278/5/5 2280/5/5 2028/5/5 2026/5/5
f 2029/5/6 2279/5/6 2277/5/6 2027/5/6
f 2279/4/2 2281/4/2 2282/4/2 2280/4/2
f 2280/4/5 2282/4/5 2030/4/5 2028/4/5
f 2031/4/6 2281/4/6 2279/4/6 2029/4/6
f 2281/4/2 2283/4/2 2284/4/2 2282/4/2
f 2282/4/5 2284/4/5 2032/4/5 2030/4/5
f 2033/4/6 2283/4/6 2281/4/6 2031/4/6
f 2283/4/2 2285/4/2 2286/4/2 2284/4/2
f 2286/4/4 2285/4/4 2035/4/4 2034/4/4
f 2284/4/5 2286/4/5 2034/4/5 2032/4/5
f 2035/4/6 2285/4/6 2283/4/6 2033/4/6
