# Dungine pillar_round; 1 voxel = 1/16 unit; Y-up floor-center origin
mtllib pillar_round.mtl
o pillar_round
s off
v -0.500000 0.000000 -0.437500
v -0.500000 0.062500 -0.437500
v -0.500000 0.062500 -0.500000
v -0.500000 0.000000 -0.500000
v -0.437500 0.062500 -0.500000
v -0.437500 0.000000 -0.500000
v -0.437500 0.000000 -0.437500
v -0.500000 0.125000 -0.437500
v -0.500000 0.125000 -0.500000
v -0.437500 0.125000 -0.500000
v -0.437500 0.125000 -0.437500
v -0.500000 0.000000 -0.375000
v -0.500000 0.062500 -0.375000
v -0.437500 0.000000 -0.375000
v -0.500000 0.125000 -0.375000
v -0.437500 0.125000 -0.375000
v -0.500000 0.000000 -0.312500
v -0.500000 0.062500 -0.312500
v -0.437500 0.000000 -0.312500
v -0.500000 0.125000 -0.312500
v -0.437500 0.125000 -0.312500
v -0.500000 0.000000 -0.250000
v -0.500000 0.062500 -0.250000
v -0.437500 0.000000 -0.250000
v -0.500000 0.125000 -0.250000
v -0.437500 0.125000 -0.250000
v -0.500000 0.000000 -0.187500
v -0.500000 0.062500 -0.187500
v -0.437500 0.000000 -0.187500
v -0.500000 0.125000 -0.187500
v -0.437500 0.125000 -0.187500
v -0.500000 0.000000 -0.125000
v -0.500000 0.062500 -0.125000
v -0.437500 0.000000 -0.125000
v -0.500000 0.125000 -0.125000
v -0.437500 0.125000 -0.125000
v -0.500000 0.000000 -0.062500
v -0.500000 0.062500 -0.062500
v -0.437500 0.000000 -0.062500
v -0.500000 0.125000 -0.062500
v -0.437500 0.125000 -0.062500
v -0.500000 0.000000 0.000000
v -0.500000 0.062500 0.000000
v -0.437500 0.000000 0.000000
v -0.500000 0.125000 0.000000
v -0.437500 0.125000 0.000000
v -0.500000 0.000000 0.062500
v -0.500000 0.062500 0.062500
v -0.437500 0.000000 0.062500
v -0.500000 0.125000 0.062500
v -0.437500 0.125000 0.062500
v -0.500000 0.000000 0.125000
v -0.500000 0.062500 0.125000
v -0.437500 0.000000 0.125000
v -0.500000 0.125000 0.125000
v -0.437500 0.125000 0.125000
v -0.500000 0.000000 0.187500
v -0.500000 0.062500 0.187500
v -0.437500 0.000000 0.187500
v -0.500000 0.125000 0.187500
v -0.437500 0.125000 0.187500
v -0.500000 0.000000 0.250000
v -0.500000 0.062500 0.250000
v -0.437500 0.000000 0.250000
v -0.500000 0.125000 0.250000
v -0.437500 0.125000 0.250000
v -0.500000 0.000000 0.312500
v -0.500000 0.062500 0.312500
v -0.437500 0.000000 0.312500
v -0.500000 0.125000 0.312500
v -0.437500 0.125000 0.312500
v -0.500000 0.000000 0.375000
v -0.500000 0.062500 0.375000
v -0.437500 0.000000 0.375000
v -0.500000 0.125000 0.375000
v -0.437500 0.125000 0.375000
v -0.500000 0.000000 0.437500
v -0.500000 0.062500 0.437500
v -0.437500 0.000000 0.437500
v -0.500000 0.125000 0.437500
v -0.437500 0.125000 0.437500
v -0.500000 0.000000 0.500000
v -0.500000 0.062500 0.500000
v -0.437500 0.000000 0.500000
v -0.437500 0.062500 0.500000
v -0.500000 0.125000 0.500000
v -0.437500 0.125000 0.500000
v -0.375000 0.062500 -0.500000
v -0.375000 0.000000 -0.500000
v -0.375000 0.000000 -0.437500
v -0.375000 0.125000 -0.500000
v -0.375000 0.125000 -0.437500
v -0.375000 0.062500 -0.437500
v -0.375000 0.000000 -0.375000
v -0.375000 0.125000 -0.375000
v -0.375000 0.062500 -0.375000
v -0.437500 0.187500 -0.375000
v -0.437500 0.187500 -0.437500
v -0.375000 0.187500 -0.437500
v -0.437500 0.250000 -0.375000
v -0.437500 0.250000 -0.437500
v -0.375000 0.250000 -0.437500
v -0.375000 0.250000 -0.375000
v -0.437500 2.312500 -0.375000
v -0.437500 2.375000 -0.375000
v -0.437500 2.375000 -0.437500
v -0.437500 2.312500 -0.437500
v -0.375000 2.375000 -0.437500
v -0.375000 2.312500 -0.437500
v -0.375000 2.312500 -0.375000
v -0.437500 2.437500 -0.375000
v -0.437500 2.437500 -0.437500
v -0.375000 2.437500 -0.437500
v -0.437500 2.500000 -0.375000
v -0.437500 2.500000 -0.437500
v -0.375000 2.500000 -0.437500
v -0.375000 2.500000 -0.375000
v -0.375000 0.000000 -0.312500
v -0.437500 0.187500 -0.312500
v -0.437500 0.250000 -0.312500
v -0.375000 0.250000 -0.312500
v -0.437500 2.312500 -0.312500
v -0.437500 2.375000 -0.312500
v -0.375000 2.312500 -0.312500
v -0.437500 2.437500 -0.312500
v -0.437500 2.500000 -0.312500
v -0.375000 2.500000 -0.312500
v -0.375000 0.000000 -0.250000
v -0.437500 0.187500 -0.250000
v -0.437500 0.250000 -0.250000
v -0.375000 0.250000 -0.250000
v -0.437500 2.312500 -0.250000
v -0.437500 2.375000 -0.250000
v -0.375000 2.312500 -0.250000
v -0.437500 2.437500 -0.250000
v -0.437500 2.500000 -0.250000
v -0.375000 2.500000 -0.250000
v -0.375000 0.000000 -0.187500
v -0.437500 0.187500 -0.187500
v -0.437500 0.250000 -0.187500
v -0.375000 0.250000 -0.187500
v -0.437500 2.312500 -0.187500
v -0.437500 2.375000 -0.187500
v -0.375000 2.312500 -0.187500
v -0.437500 2.437500 -0.187500
v -0.437500 2.500000 -0.187500
v -0.375000 2.500000 -0.187500
v -0.375000 0.000000 -0.125000
v -0.437500 0.187500 -0.125000
v -0.437500 0.250000 -0.125000
v -0.375000 0.250000 -0.125000
v -0.437500 2.312500 -0.125000
v -0.437500 2.375000 -0.125000
v -0.375000 2.312500 -0.125000
v -0.437500 2.437500 -0.125000
v -0.437500 2.500000 -0.125000
v -0.375000 2.500000 -0.125000
v -0.375000 0.000000 -0.062500
v -0.437500 0.187500 -0.062500
v -0.437500 0.250000 -0.062500
v -0.375000 0.250000 -0.062500
v -0.437500 2.312500 -0.062500
v -0.437500 2.375000 -0.062500
v -0.375000 2.312500 -0.062500
v -0.437500 2.437500 -0.062500
v -0.437500 2.500000 -0.062500
v -0.375000 2.500000 -0.062500
v -0.375000 0.000000 0.000000
v -0.437500 0.187500 0.000000
v -0.437500 0.250000 0.000000
v -0.375000 0.250000 0.000000
v -0.437500 2.312500 0.000000
v -0.437500 2.375000 0.000000
v -0.375000 2.312500 0.000000
v -0.437500 2.437500 0.000000
v -0.437500 2.500000 0.000000
v -0.375000 2.500000 0.000000
v -0.375000 0.000000 0.062500
v -0.437500 0.187500 0.062500
v -0.437500 0.250000 0.062500
v -0.375000 0.250000 0.062500
v -0.437500 2.312500 0.062500
v -0.437500 2.375000 0.062500
v -0.375000 2.312500 0.062500
v -0.437500 2.437500 0.062500
v -0.437500 2.500000 0.062500
v -0.375000 2.500000 0.062500
v -0.375000 0.000000 0.125000
v -0.437500 0.187500 0.125000
v -0.437500 0.250000 0.125000
v -0.375000 0.250000 0.125000
v -0.437500 2.312500 0.125000
v -0.437500 2.375000 0.125000
v -0.375000 2.312500 0.125000
v -0.437500 2.437500 0.125000
v -0.437500 2.500000 0.125000
v -0.375000 2.500000 0.125000
v -0.375000 0.000000 0.187500
v -0.437500 0.187500 0.187500
v -0.437500 0.250000 0.187500
v -0.375000 0.250000 0.187500
v -0.437500 2.312500 0.187500
v -0.437500 2.375000 0.187500
v -0.375000 2.312500 0.187500
v -0.437500 2.437500 0.187500
v -0.437500 2.500000 0.187500
v -0.375000 2.500000 0.187500
v -0.375000 0.000000 0.250000
v -0.437500 0.187500 0.250000
v -0.437500 0.250000 0.250000
v -0.375000 0.250000 0.250000
v -0.437500 2.312500 0.250000
v -0.437500 2.375000 0.250000
v -0.375000 2.312500 0.250000
v -0.437500 2.437500 0.250000
v -0.437500 2.500000 0.250000
v -0.375000 2.500000 0.250000
v -0.375000 0.000000 0.312500
v -0.437500 0.187500 0.312500
v -0.437500 0.250000 0.312500
v -0.375000 0.250000 0.312500
v -0.437500 2.312500 0.312500
v -0.437500 2.375000 0.312500
v -0.375000 2.312500 0.312500
v -0.437500 2.437500 0.312500
v -0.437500 2.500000 0.312500
v -0.375000 2.500000 0.312500
v -0.375000 0.000000 0.375000
v -0.437500 0.187500 0.375000
v -0.437500 0.250000 0.375000
v -0.375000 0.250000 0.375000
v -0.437500 2.312500 0.375000
v -0.437500 2.375000 0.375000
v -0.375000 2.312500 0.375000
v -0.437500 2.437500 0.375000
v -0.437500 2.500000 0.375000
v -0.375000 2.500000 0.375000
v -0.375000 0.000000 0.437500
v -0.437500 0.187500 0.437500
v -0.375000 0.125000 0.437500
v -0.375000 0.187500 0.437500
v -0.437500 0.250000 0.437500
v -0.375000 0.250000 0.437500
v -0.437500 2.312500 0.437500
v -0.437500 2.375000 0.437500
v -0.375000 2.312500 0.437500
v -0.375000 2.375000 0.437500
v -0.437500 2.437500 0.437500
v -0.375000 2.437500 0.437500
v -0.437500 2.500000 0.437500
v -0.375000 2.500000 0.437500
v -0.375000 0.000000 0.500000
v -0.375000 0.062500 0.500000
v -0.375000 0.125000 0.500000
v -0.312500 0.062500 -0.500000
v -0.312500 0.000000 -0.500000
v -0.312500 0.000000 -0.437500
v -0.312500 0.062500 -0.437500
v -0.312500 0.000000 -0.375000
v -0.312500 0.062500 -0.375000
v -0.312500 0.187500 -0.437500
v -0.312500 0.125000 -0.437500
v -0.312500 0.125000 -0.375000
v -0.312500 0.250000 -0.437500
v -0.312500 0.250000 -0.375000
v -0.312500 2.375000 -0.437500
v -0.312500 2.312500 -0.437500
v -0.312500 2.312500 -0.375000
v -0.312500 2.437500 -0.437500
v -0.312500 2.500000 -0.437500
v -0.312500 2.500000 -0.375000
v -0.312500 0.000000 -0.312500
v -0.312500 0.250000 -0.312500
v -0.312500 2.312500 -0.312500
v -0.312500 2.500000 -0.312500
v -0.312500 0.000000 -0.250000
v -0.312500 0.250000 -0.250000
v -0.312500 2.312500 -0.250000
v -0.312500 2.500000 -0.250000
v -0.312500 0.000000 -0.187500
v -0.312500 0.250000 -0.187500
v -0.312500 2.312500 -0.187500
v -0.312500 2.500000 -0.187500
v -0.312500 0.000000 -0.125000
v -0.312500 0.250000 -0.125000
v -0.312500 2.312500 -0.125000
v -0.312500 2.500000 -0.125000
v -0.312500 0.000000 -0.062500
v -0.312500 0.250000 -0.062500
v -0.312500 2.312500 -0.062500
v -0.312500 2.500000 -0.062500
v -0.312500 0.000000 0.000000
v -0.312500 0.250000 0.000000
v -0.312500 2.312500 0.000000
v -0.312500 2.500000 0.000000
v -0.312500 0.000000 0.062500
v -0.312500 0.250000 0.062500
v -0.312500 2.312500 0.062500
v -0.312500 2.500000 0.062500
v -0.312500 0.000000 0.125000
v -0.312500 0.250000 0.125000
v -0.312500 2.312500 0.125000
v -0.312500 2.500000 0.125000
v -0.312500 0.000000 0.187500
v -0.312500 0.250000 0.187500
v -0.312500 2.312500 0.187500
v -0.312500 2.500000 0.187500
v -0.312500 0.000000 0.250000
v -0.312500 0.250000 0.250000
v -0.312500 2.312500 0.250000
v -0.312500 2.500000 0.250000
v -0.312500 0.000000 0.312500
v -0.312500 0.250000 0.312500
v -0.312500 2.312500 0.312500
v -0.312500 2.500000 0.312500
v -0.312500 0.000000 0.375000
v -0.312500 0.250000 0.375000
v -0.312500 2.312500 0.375000
v -0.312500 2.500000 0.375000
v -0.312500 0.000000 0.437500
v -0.312500 0.125000 0.437500
v -0.312500 0.187500 0.437500
v -0.312500 0.250000 0.437500
v -0.312500 2.312500 0.437500
v -0.312500 2.375000 0.437500
v -0.312500 2.437500 0.437500
v -0.312500 2.500000 0.437500
v -0.312500 0.000000 0.500000
v -0.312500 0.062500 0.500000
v -0.312500 0.125000 0.500000
v -0.250000 0.062500 -0.500000
v -0.250000 0.000000 -0.500000
v -0.250000 0.000000 -0.437500
v -0.250000 0.062500 -0.437500
v -0.250000 0.000000 -0.375000
v -0.250000 0.062500 -0.375000
v -0.250000 0.187500 -0.437500
v -0.250000 0.125000 -0.437500
v -0.250000 0.125000 -0.375000
v -0.250000 0.250000 -0.437500
v -0.250000 0.250000 -0.375000
v -0.250000 2.375000 -0.437500
v -0.250000 2.312500 -0.437500
v -0.250000 2.312500 -0.375000
v -0.250000 2.437500 -0.437500
v -0.250000 2.500000 -0.437500
v -0.250000 2.500000 -0.375000
v -0.250000 0.000000 -0.312500
v -0.250000 0.250000 -0.312500
v -0.250000 2.312500 -0.312500
v -0.250000 2.500000 -0.312500
v -0.250000 0.000000 -0.250000
v -0.250000 0.250000 -0.250000
v -0.250000 2.312500 -0.250000
v -0.250000 2.500000 -0.250000
v -0.250000 0.000000 -0.187500
v -0.250000 0.250000 -0.187500
v -0.250000 2.312500 -0.187500
v -0.250000 2.500000 -0.187500
v -0.250000 0.000000 -0.125000
v -0.312500 0.312500 -0.125000
v -0.312500 0.312500 -0.187500
v -0.250000 0.312500 -0.187500
v -0.312500 0.375000 -0.125000
v -0.312500 0.375000 -0.187500
v -0.250000 0.375000 -0.187500
v -0.312500 0.437500 -0.125000
v -0.312500 0.437500 -0.187500
v -0.250000 0.437500 -0.187500
v -0.312500 0.500000 -0.125000
v -0.312500 0.500000 -0.187500
v -0.250000 0.500000 -0.187500
v -0.312500 0.562500 -0.125000
v -0.312500 0.562500 -0.187500
v -0.250000 0.562500 -0.187500
v -0.312500 0.625000 -0.125000
v -0.312500 0.625000 -0.187500
v -0.250000 0.625000 -0.187500
v -0.312500 0.687500 -0.125000
v -0.312500 0.687500 -0.187500
v -0.250000 0.687500 -0.187500
v -0.312500 0.750000 -0.125000
v -0.312500 0.750000 -0.187500
v -0.250000 0.750000 -0.187500
v -0.312500 0.812500 -0.125000
v -0.312500 0.812500 -0.187500
v -0.250000 0.812500 -0.187500
v -0.312500 0.875000 -0.125000
v -0.312500 0.875000 -0.187500
v -0.250000 0.875000 -0.187500
v -0.312500 0.937500 -0.125000
v -0.312500 0.937500 -0.187500
v -0.250000 0.937500 -0.187500
v -0.312500 1.000000 -0.125000
v -0.312500 1.000000 -0.187500
v -0.250000 1.000000 -0.187500
v -0.312500 1.062500 -0.125000
v -0.312500 1.062500 -0.187500
v -0.250000 1.062500 -0.187500
v -0.312500 1.125000 -0.125000
v -0.312500 1.125000 -0.187500
v -0.250000 1.125000 -0.187500
v -0.312500 1.187500 -0.125000
v -0.312500 1.187500 -0.187500
v -0.250000 1.187500 -0.187500
v -0.312500 1.250000 -0.125000
v -0.312500 1.250000 -0.187500
v -0.250000 1.250000 -0.187500
v -0.312500 1.312500 -0.125000
v -0.312500 1.312500 -0.187500
v -0.250000 1.312500 -0.187500
v -0.312500 1.375000 -0.125000
v -0.312500 1.375000 -0.187500
v -0.250000 1.375000 -0.187500
v -0.312500 1.437500 -0.125000
v -0.312500 1.437500 -0.187500
v -0.250000 1.437500 -0.187500
v -0.312500 1.500000 -0.125000
v -0.312500 1.500000 -0.187500
v -0.250000 1.500000 -0.187500
v -0.312500 1.562500 -0.125000
v -0.312500 1.562500 -0.187500
v -0.250000 1.562500 -0.187500
v -0.312500 1.625000 -0.125000
v -0.312500 1.625000 -0.187500
v -0.250000 1.625000 -0.187500
v -0.312500 1.687500 -0.125000
v -0.312500 1.687500 -0.187500
v -0.250000 1.687500 -0.187500
v -0.312500 1.750000 -0.125000
v -0.312500 1.750000 -0.187500
v -0.250000 1.750000 -0.187500
v -0.312500 1.812500 -0.125000
v -0.312500 1.812500 -0.187500
v -0.250000 1.812500 -0.187500
v -0.312500 1.875000 -0.125000
v -0.312500 1.875000 -0.187500
v -0.250000 1.875000 -0.187500
v -0.312500 1.937500 -0.125000
v -0.312500 1.937500 -0.187500
v -0.250000 1.937500 -0.187500
v -0.312500 2.000000 -0.125000
v -0.312500 2.000000 -0.187500
v -0.250000 2.000000 -0.187500
v -0.312500 2.062500 -0.125000
v -0.312500 2.062500 -0.187500
v -0.250000 2.062500 -0.187500
v -0.312500 2.125000 -0.125000
v -0.312500 2.125000 -0.187500
v -0.250000 2.125000 -0.187500
v -0.312500 2.187500 -0.125000
v -0.312500 2.187500 -0.187500
v -0.250000 2.187500 -0.187500
v -0.312500 2.250000 -0.125000
v -0.312500 2.250000 -0.187500
v -0.250000 2.250000 -0.187500
v -0.250000 2.500000 -0.125000
v -0.250000 0.000000 -0.062500
v -0.312500 0.312500 -0.062500
v -0.312500 0.375000 -0.062500
v -0.312500 0.437500 -0.062500
v -0.312500 0.500000 -0.062500
v -0.312500 0.562500 -0.062500
v -0.312500 0.625000 -0.062500
v -0.312500 0.687500 -0.062500
v -0.312500 0.750000 -0.062500
v -0.312500 0.812500 -0.062500
v -0.312500 0.875000 -0.062500
v -0.312500 0.937500 -0.062500
v -0.312500 1.000000 -0.062500
v -0.312500 1.062500 -0.062500
v -0.312500 1.125000 -0.062500
v -0.312500 1.187500 -0.062500
v -0.312500 1.250000 -0.062500
v -0.312500 1.312500 -0.062500
v -0.312500 1.375000 -0.062500
v -0.312500 1.437500 -0.062500
v -0.312500 1.500000 -0.062500
v -0.312500 1.562500 -0.062500
v -0.312500 1.625000 -0.062500
v -0.312500 1.687500 -0.062500
v -0.312500 1.750000 -0.062500
v -0.312500 1.812500 -0.062500
v -0.312500 1.875000 -0.062500
v -0.312500 1.937500 -0.062500
v -0.312500 2.000000 -0.062500
v -0.312500 2.062500 -0.062500
v -0.312500 2.125000 -0.062500
v -0.312500 2.187500 -0.062500
v -0.312500 2.250000 -0.062500
v -0.250000 2.500000 -0.062500
v -0.250000 0.000000 0.000000
v -0.312500 0.312500 0.000000
v -0.312500 0.375000 0.000000
v -0.312500 0.437500 0.000000
v -0.312500 0.500000 0.000000
v -0.312500 0.562500 0.000000
v -0.312500 0.625000 0.000000
v -0.312500 0.687500 0.000000
v -0.312500 0.750000 0.000000
v -0.312500 0.812500 0.000000
v -0.312500 0.875000 0.000000
v -0.312500 0.937500 0.000000
v -0.312500 1.000000 0.000000
v -0.312500 1.062500 0.000000
v -0.312500 1.125000 0.000000
v -0.312500 1.187500 0.000000
v -0.312500 1.250000 0.000000
v -0.312500 1.312500 0.000000
v -0.312500 1.375000 0.000000
v -0.312500 1.437500 0.000000
v -0.312500 1.500000 0.000000
v -0.312500 1.562500 0.000000
v -0.312500 1.625000 0.000000
v -0.312500 1.687500 0.000000
v -0.312500 1.750000 0.000000
v -0.312500 1.812500 0.000000
v -0.312500 1.875000 0.000000
v -0.312500 1.937500 0.000000
v -0.312500 2.000000 0.000000
v -0.312500 2.062500 0.000000
v -0.312500 2.125000 0.000000
v -0.312500 2.187500 0.000000
v -0.312500 2.250000 0.000000
v -0.250000 2.500000 0.000000
v -0.250000 0.000000 0.062500
v -0.312500 0.312500 0.062500
v -0.312500 0.375000 0.062500
v -0.312500 0.437500 0.062500
v -0.312500 0.500000 0.062500
v -0.312500 0.562500 0.062500
v -0.312500 0.625000 0.062500
v -0.312500 0.687500 0.062500
v -0.312500 0.750000 0.062500
v -0.312500 0.812500 0.062500
v -0.312500 0.875000 0.062500
v -0.312500 0.937500 0.062500
v -0.312500 1.000000 0.062500
v -0.312500 1.062500 0.062500
v -0.312500 1.125000 0.062500
v -0.312500 1.187500 0.062500
v -0.312500 1.250000 0.062500
v -0.312500 1.312500 0.062500
v -0.312500 1.375000 0.062500
v -0.312500 1.437500 0.062500
v -0.312500 1.500000 0.062500
v -0.312500 1.562500 0.062500
v -0.312500 1.625000 0.062500
v -0.312500 1.687500 0.062500
v -0.312500 1.750000 0.062500
v -0.312500 1.812500 0.062500
v -0.312500 1.875000 0.062500
v -0.312500 1.937500 0.062500
v -0.312500 2.000000 0.062500
v -0.312500 2.062500 0.062500
v -0.312500 2.125000 0.062500
v -0.312500 2.187500 0.062500
v -0.312500 2.250000 0.062500
v -0.250000 2.500000 0.062500
v -0.250000 0.000000 0.125000
v -0.312500 0.312500 0.125000
v -0.312500 0.375000 0.125000
v -0.312500 0.437500 0.125000
v -0.312500 0.500000 0.125000
v -0.312500 0.562500 0.125000
v -0.312500 0.625000 0.125000
v -0.312500 0.687500 0.125000
v -0.312500 0.750000 0.125000
v -0.312500 0.812500 0.125000
v -0.312500 0.875000 0.125000
v -0.312500 0.937500 0.125000
v -0.312500 1.000000 0.125000
v -0.312500 1.062500 0.125000
v -0.312500 1.125000 0.125000
v -0.312500 1.187500 0.125000
v -0.312500 1.250000 0.125000
v -0.312500 1.312500 0.125000
v -0.312500 1.375000 0.125000
v -0.312500 1.437500 0.125000
v -0.312500 1.500000 0.125000
v -0.312500 1.562500 0.125000
v -0.312500 1.625000 0.125000
v -0.312500 1.687500 0.125000
v -0.312500 1.750000 0.125000
v -0.312500 1.812500 0.125000
v -0.312500 1.875000 0.125000
v -0.312500 1.937500 0.125000
v -0.312500 2.000000 0.125000
v -0.312500 2.062500 0.125000
v -0.312500 2.125000 0.125000
v -0.312500 2.187500 0.125000
v -0.312500 2.250000 0.125000
v -0.250000 2.500000 0.125000
v -0.250000 0.000000 0.187500
v -0.312500 0.312500 0.187500
v -0.250000 0.250000 0.187500
v -0.250000 0.312500 0.187500
v -0.312500 0.375000 0.187500
v -0.250000 0.375000 0.187500
v -0.312500 0.437500 0.187500
v -0.250000 0.437500 0.187500
v -0.312500 0.500000 0.187500
v -0.250000 0.500000 0.187500
v -0.312500 0.562500 0.187500
v -0.250000 0.562500 0.187500
v -0.312500 0.625000 0.187500
v -0.250000 0.625000 0.187500
v -0.312500 0.687500 0.187500
v -0.250000 0.687500 0.187500
v -0.312500 0.750000 0.187500
v -0.250000 0.750000 0.187500
v -0.312500 0.812500 0.187500
v -0.250000 0.812500 0.187500
v -0.312500 0.875000 0.187500
v -0.250000 0.875000 0.187500
v -0.312500 0.937500 0.187500
v -0.250000 0.937500 0.187500
v -0.312500 1.000000 0.187500
v -0.250000 1.000000 0.187500
v -0.312500 1.062500 0.187500
v -0.250000 1.062500 0.187500
v -0.312500 1.125000 0.187500
v -0.250000 1.125000 0.187500
v -0.312500 1.187500 0.187500
v -0.250000 1.187500 0.187500
v -0.312500 1.250000 0.187500
v -0.250000 1.250000 0.187500
v -0.312500 1.312500 0.187500
v -0.250000 1.312500 0.187500
v -0.312500 1.375000 0.187500
v -0.250000 1.375000 0.187500
v -0.312500 1.437500 0.187500
v -0.250000 1.437500 0.187500
v -0.312500 1.500000 0.187500
v -0.250000 1.500000 0.187500
v -0.312500 1.562500 0.187500
v -0.250000 1.562500 0.187500
v -0.312500 1.625000 0.187500
v -0.250000 1.625000 0.187500
v -0.312500 1.687500 0.187500
v -0.250000 1.687500 0.187500
v -0.312500 1.750000 0.187500
v -0.250000 1.750000 0.187500
v -0.312500 1.812500 0.187500
v -0.250000 1.812500 0.187500
v -0.312500 1.875000 0.187500
v -0.250000 1.875000 0.187500
v -0.312500 1.937500 0.187500
v -0.250000 1.937500 0.187500
v -0.312500 2.000000 0.187500
v -0.250000 2.000000 0.187500
v -0.312500 2.062500 0.187500
v -0.250000 2.062500 0.187500
v -0.312500 2.125000 0.187500
v -0.250000 2.125000 0.187500
v -0.312500 2.187500 0.187500
v -0.250000 2.187500 0.187500
v -0.312500 2.250000 0.187500
v -0.250000 2.250000 0.187500
v -0.250000 2.312500 0.187500
v -0.250000 2.500000 0.187500
v -0.250000 0.000000 0.250000
v -0.250000 0.250000 0.250000
v -0.250000 2.312500 0.250000
v -0.250000 2.500000 0.250000
v -0.250000 0.000000 0.312500
v -0.250000 0.250000 0.312500
v -0.250000 2.312500 0.312500
v -0.250000 2.500000 0.312500
v -0.250000 0.000000 0.375000
v -0.250000 0.250000 0.375000
v -0.250000 2.312500 0.375000
v -0.250000 2.500000 0.375000
v -0.250000 0.000000 0.437500
v -0.250000 0.125000 0.437500
v -0.250000 0.187500 0.437500
v -0.250000 0.250000 0.437500
v -0.250000 2.312500 0.437500
v -0.250000 2.375000 0.437500
v -0.250000 2.437500 0.437500
v -0.250000 2.500000 0.437500
v -0.250000 0.000000 0.500000
v -0.250000 0.062500 0.500000
v -0.250000 0.125000 0.500000
v -0.187500 0.062500 -0.500000
v -0.187500 0.000000 -0.500000
v -0.187500 0.000000 -0.437500
v -0.250000 0.125000 -0.500000
v -0.187500 0.125000 -0.500000
v -0.187500 0.125000 -0.437500
v -0.187500 0.000000 -0.375000
v -0.187500 0.187500 -0.437500
v -0.187500 0.250000 -0.437500
v -0.187500 0.250000 -0.375000
v -0.187500 2.375000 -0.437500
v -0.187500 2.312500 -0.437500
v -0.187500 2.312500 -0.375000
v -0.187500 2.437500 -0.437500
v -0.187500 2.500000 -0.437500
v -0.187500 2.500000 -0.375000
v -0.187500 0.000000 -0.312500
v -0.187500 0.250000 -0.312500
v -0.187500 2.312500 -0.312500
v -0.187500 2.500000 -0.312500
v -0.187500 0.000000 -0.250000
v -0.187500 0.250000 -0.250000
v -0.187500 2.312500 -0.250000
v -0.187500 2.500000 -0.250000
v -0.187500 0.000000 -0.187500
v -0.250000 0.312500 -0.250000
v -0.187500 0.312500 -0.250000
v -0.250000 0.375000 -0.250000
v -0.187500 0.375000 -0.250000
v -0.250000 0.437500 -0.250000
v -0.187500 0.437500 -0.250000
v -0.250000 0.500000 -0.250000
v -0.187500 0.500000 -0.250000
v -0.250000 0.562500 -0.250000
v -0.187500 0.562500 -0.250000
v -0.250000 0.625000 -0.250000
v -0.187500 0.625000 -0.250000
v -0.250000 0.687500 -0.250000
v -0.187500 0.687500 -0.250000
v -0.250000 0.750000 -0.250000
v -0.187500 0.750000 -0.250000
v -0.250000 0.812500 -0.250000
v -0.187500 0.812500 -0.250000
v -0.250000 0.875000 -0.250000
v -0.187500 0.875000 -0.250000
v -0.250000 0.937500 -0.250000
v -0.187500 0.937500 -0.250000
v -0.250000 1.000000 -0.250000
v -0.187500 1.000000 -0.250000
v -0.250000 1.062500 -0.250000
v -0.187500 1.062500 -0.250000
v -0.250000 1.125000 -0.250000
v -0.187500 1.125000 -0.250000
v -0.250000 1.187500 -0.250000
v -0.187500 1.187500 -0.250000
v -0.250000 1.250000 -0.250000
v -0.187500 1.250000 -0.250000
v -0.250000 1.312500 -0.250000
v -0.187500 1.312500 -0.250000
v -0.250000 1.375000 -0.250000
v -0.187500 1.375000 -0.250000
v -0.250000 1.437500 -0.250000
v -0.187500 1.437500 -0.250000
v -0.250000 1.500000 -0.250000
v -0.187500 1.500000 -0.250000
v -0.250000 1.562500 -0.250000
v -0.187500 1.562500 -0.250000
v -0.250000 1.625000 -0.250000
v -0.187500 1.625000 -0.250000
v -0.250000 1.687500 -0.250000
v -0.187500 1.687500 -0.250000
v -0.250000 1.750000 -0.250000
v -0.187500 1.750000 -0.250000
v -0.250000 1.812500 -0.250000
v -0.187500 1.812500 -0.250000
v -0.250000 1.875000 -0.250000
v -0.187500 1.875000 -0.250000
v -0.250000 1.937500 -0.250000
v -0.187500 1.937500 -0.250000
v -0.250000 2.000000 -0.250000
v -0.187500 2.000000 -0.250000
v -0.250000 2.062500 -0.250000
v -0.187500 2.062500 -0.250000
v -0.250000 2.125000 -0.250000
v -0.187500 2.125000 -0.250000
v -0.250000 2.187500 -0.250000
v -0.187500 2.187500 -0.250000
v -0.250000 2.250000 -0.250000
v -0.187500 2.250000 -0.250000
v -0.187500 2.500000 -0.187500
v -0.187500 0.000000 -0.125000
v -0.187500 2.500000 -0.125000
v -0.187500 0.000000 -0.062500
v -0.187500 2.500000 -0.062500
v -0.187500 0.000000 0.000000
v -0.187500 2.500000 0.000000
v -0.187500 0.000000 0.062500
v -0.187500 2.500000 0.062500
v -0.187500 0.000000 0.125000
v -0.187500 2.500000 0.125000
v -0.187500 0.000000 0.187500
v -0.187500 2.500000 0.187500
v -0.187500 0.000000 0.250000
v -0.250000 0.312500 0.250000
v -0.187500 0.250000 0.250000
v -0.187500 0.312500 0.250000
v -0.250000 0.375000 0.250000
v -0.187500 0.375000 0.250000
v -0.250000 0.437500 0.250000
v -0.187500 0.437500 0.250000
v -0.250000 0.500000 0.250000
v -0.187500 0.500000 0.250000
v -0.250000 0.562500 0.250000
v -0.187500 0.562500 0.250000
v -0.250000 0.625000 0.250000
v -0.187500 0.625000 0.250000
v -0.250000 0.687500 0.250000
v -0.187500 0.687500 0.250000
v -0.250000 0.750000 0.250000
v -0.187500 0.750000 0.250000
v -0.250000 0.812500 0.250000
v -0.187500 0.812500 0.250000
v -0.250000 0.875000 0.250000
v -0.187500 0.875000 0.250000
v -0.250000 0.937500 0.250000
v -0.187500 0.937500 0.250000
v -0.250000 1.000000 0.250000
v -0.187500 1.000000 0.250000
v -0.250000 1.062500 0.250000
v -0.187500 1.062500 0.250000
v -0.250000 1.125000 0.250000
v -0.187500 1.125000 0.250000
v -0.250000 1.187500 0.250000
v -0.187500 1.187500 0.250000
v -0.250000 1.250000 0.250000
v -0.187500 1.250000 0.250000
v -0.250000 1.312500 0.250000
v -0.187500 1.312500 0.250000
v -0.250000 1.375000 0.250000
v -0.187500 1.375000 0.250000
v -0.250000 1.437500 0.250000
v -0.187500 1.437500 0.250000
v -0.250000 1.500000 0.250000
v -0.187500 1.500000 0.250000
v -0.250000 1.562500 0.250000
v -0.187500 1.562500 0.250000
v -0.250000 1.625000 0.250000
v -0.187500 1.625000 0.250000
v -0.250000 1.687500 0.250000
v -0.187500 1.687500 0.250000
v -0.250000 1.750000 0.250000
v -0.187500 1.750000 0.250000
v -0.250000 1.812500 0.250000
v -0.187500 1.812500 0.250000
v -0.250000 1.875000 0.250000
v -0.187500 1.875000 0.250000
v -0.250000 1.937500 0.250000
v -0.187500 1.937500 0.250000
v -0.250000 2.000000 0.250000
v -0.187500 2.000000 0.250000
v -0.250000 2.062500 0.250000
v -0.187500 2.062500 0.250000
v -0.250000 2.125000 0.250000
v -0.187500 2.125000 0.250000
v -0.250000 2.187500 0.250000
v -0.187500 2.187500 0.250000
v -0.250000 2.250000 0.250000
v -0.187500 2.250000 0.250000
v -0.187500 2.312500 0.250000
v -0.187500 2.500000 0.250000
v -0.187500 0.000000 0.312500
v -0.187500 0.250000 0.312500
v -0.187500 2.312500 0.312500
v -0.187500 2.500000 0.312500
v -0.187500 0.000000 0.375000
v -0.187500 0.250000 0.375000
v -0.187500 2.312500 0.375000
v -0.187500 2.500000 0.375000
v -0.187500 0.000000 0.437500
v -0.187500 0.125000 0.437500
v -0.187500 0.187500 0.437500
v -0.187500 0.250000 0.437500
v -0.187500 2.312500 0.437500
v -0.187500 2.375000 0.437500
v -0.187500 2.437500 0.437500
v -0.187500 2.500000 0.437500
v -0.187500 0.000000 0.500000
v -0.187500 0.062500 0.500000
v -0.187500 0.125000 0.500000
v -0.125000 0.062500 -0.500000
v -0.125000 0.000000 -0.500000
v -0.125000 0.000000 -0.437500
v -0.125000 0.125000 -0.500000
v -0.125000 0.125000 -0.437500
v -0.125000 0.000000 -0.375000
v -0.125000 0.187500 -0.437500
v -0.125000 0.250000 -0.437500
v -0.125000 0.250000 -0.375000
v -0.125000 2.375000 -0.437500
v -0.125000 2.312500 -0.437500
v -0.125000 2.312500 -0.375000
v -0.125000 2.437500 -0.437500
v -0.125000 2.500000 -0.437500
v -0.125000 2.500000 -0.375000
v -0.125000 0.000000 -0.312500
v -0.125000 0.250000 -0.312500
v -0.125000 2.312500 -0.312500
v -0.125000 2.500000 -0.312500
v -0.125000 0.000000 -0.250000
v -0.187500 0.312500 -0.312500
v -0.125000 0.312500 -0.312500
v -0.187500 0.375000 -0.312500
v -0.125000 0.375000 -0.312500
v -0.187500 0.437500 -0.312500
v -0.125000 0.437500 -0.312500
v -0.187500 0.500000 -0.312500
v -0.125000 0.500000 -0.312500
v -0.187500 0.562500 -0.312500
v -0.125000 0.562500 -0.312500
v -0.187500 0.625000 -0.312500
v -0.125000 0.625000 -0.312500
v -0.187500 0.687500 -0.312500
v -0.125000 0.687500 -0.312500
v -0.187500 0.750000 -0.312500
v -0.125000 0.750000 -0.312500
v -0.187500 0.812500 -0.312500
v -0.125000 0.812500 -0.312500
v -0.187500 0.875000 -0.312500
v -0.125000 0.875000 -0.312500
v -0.187500 0.937500 -0.312500
v -0.125000 0.937500 -0.312500
v -0.187500 1.000000 -0.312500
v -0.125000 1.000000 -0.312500
v -0.187500 1.062500 -0.312500
v -0.125000 1.062500 -0.312500
v -0.187500 1.125000 -0.312500
v -0.125000 1.125000 -0.312500
v -0.187500 1.187500 -0.312500
v -0.125000 1.187500 -0.312500
v -0.187500 1.250000 -0.312500
v -0.125000 1.250000 -0.312500
v -0.187500 1.312500 -0.312500
v -0.125000 1.312500 -0.312500
v -0.187500 1.375000 -0.312500
v -0.125000 1.375000 -0.312500
v -0.187500 1.437500 -0.312500
v -0.125000 1.437500 -0.312500
v -0.187500 1.500000 -0.312500
v -0.125000 1.500000 -0.312500
v -0.187500 1.562500 -0.312500
v -0.125000 1.562500 -0.312500
v -0.187500 1.625000 -0.312500
v -0.125000 1.625000 -0.312500
v -0.187500 1.687500 -0.312500
v -0.125000 1.687500 -0.312500
v -0.187500 1.750000 -0.312500
v -0.125000 1.750000 -0.312500
v -0.187500 1.812500 -0.312500
v -0.125000 1.812500 -0.312500
v -0.187500 1.875000 -0.312500
v -0.125000 1.875000 -0.312500
v -0.187500 1.937500 -0.312500
v -0.125000 1.937500 -0.312500
v -0.187500 2.000000 -0.312500
v -0.125000 2.000000 -0.312500
v -0.187500 2.062500 -0.312500
v -0.125000 2.062500 -0.312500
v -0.187500 2.125000 -0.312500
v -0.125000 2.125000 -0.312500
v -0.187500 2.187500 -0.312500
v -0.125000 2.187500 -0.312500
v -0.187500 2.250000 -0.312500
v -0.125000 2.250000 -0.312500
v -0.125000 2.500000 -0.250000
v -0.125000 0.000000 -0.187500
v -0.125000 2.500000 -0.187500
v -0.125000 0.000000 -0.125000
v -0.125000 2.500000 -0.125000
v -0.125000 0.000000 -0.062500
v -0.125000 2.500000 -0.062500
v -0.125000 0.000000 0.000000
v -0.125000 2.500000 0.000000
v -0.125000 0.000000 0.062500
v -0.125000 2.500000 0.062500
v -0.125000 0.000000 0.125000
v -0.125000 2.500000 0.125000
v -0.125000 0.000000 0.187500
v -0.125000 2.500000 0.187500
v -0.125000 0.000000 0.250000
v -0.125000 2.500000 0.250000
v -0.125000 0.000000 0.312500
v -0.187500 0.312500 0.312500
v -0.125000 0.250000 0.312500
v -0.125000 0.312500 0.312500
v -0.187500 0.375000 0.312500
v -0.125000 0.375000 0.312500
v -0.187500 0.437500 0.312500
v -0.125000 0.437500 0.312500
v -0.187500 0.500000 0.312500
v -0.125000 0.500000 0.312500
v -0.187500 0.562500 0.312500
v -0.125000 0.562500 0.312500
v -0.187500 0.625000 0.312500
v -0.125000 0.625000 0.312500
v -0.187500 0.687500 0.312500
v -0.125000 0.687500 0.312500
v -0.187500 0.750000 0.312500
v -0.125000 0.750000 0.312500
v -0.187500 0.812500 0.312500
v -0.125000 0.812500 0.312500
v -0.187500 0.875000 0.312500
v -0.125000 0.875000 0.312500
v -0.187500 0.937500 0.312500
v -0.125000 0.937500 0.312500
v -0.187500 1.000000 0.312500
v -0.125000 1.000000 0.312500
v -0.187500 1.062500 0.312500
v -0.125000 1.062500 0.312500
v -0.187500 1.125000 0.312500
v -0.125000 1.125000 0.312500
v -0.187500 1.187500 0.312500
v -0.125000 1.187500 0.312500
v -0.187500 1.250000 0.312500
v -0.125000 1.250000 0.312500
v -0.187500 1.312500 0.312500
v -0.125000 1.312500 0.312500
v -0.187500 1.375000 0.312500
v -0.125000 1.375000 0.312500
v -0.187500 1.437500 0.312500
v -0.125000 1.437500 0.312500
v -0.187500 1.500000 0.312500
v -0.125000 1.500000 0.312500
v -0.187500 1.562500 0.312500
v -0.125000 1.562500 0.312500
v -0.187500 1.625000 0.312500
v -0.125000 1.625000 0.312500
v -0.187500 1.687500 0.312500
v -0.125000 1.687500 0.312500
v -0.187500 1.750000 0.312500
v -0.125000 1.750000 0.312500
v -0.187500 1.812500 0.312500
v -0.125000 1.812500 0.312500
v -0.187500 1.875000 0.312500
v -0.125000 1.875000 0.312500
v -0.187500 1.937500 0.312500
v -0.125000 1.937500 0.312500
v -0.187500 2.000000 0.312500
v -0.125000 2.000000 0.312500
v -0.187500 2.062500 0.312500
v -0.125000 2.062500 0.312500
v -0.187500 2.125000 0.312500
v -0.125000 2.125000 0.312500
v -0.187500 2.187500 0.312500
v -0.125000 2.187500 0.312500
v -0.187500 2.250000 0.312500
v -0.125000 2.250000 0.312500
v -0.125000 2.312500 0.312500
v -0.125000 2.500000 0.312500
v -0.125000 0.000000 0.375000
v -0.125000 0.250000 0.375000
v -0.125000 2.312500 0.375000
v -0.125000 2.500000 0.375000
v -0.125000 0.000000 0.437500
v -0.125000 0.125000 0.437500
v -0.125000 0.187500 0.437500
v -0.125000 0.250000 0.437500
v -0.125000 2.312500 0.437500
v -0.125000 2.375000 0.437500
v -0.125000 2.437500 0.437500
v -0.125000 2.500000 0.437500
v -0.125000 0.000000 0.500000
v -0.125000 0.062500 0.500000
v -0.125000 0.125000 0.500000
v -0.062500 0.062500 -0.500000
v -0.062500 0.000000 -0.500000
v -0.062500 0.000000 -0.437500
v -0.062500 0.125000 -0.500000
v -0.062500 0.125000 -0.437500
v -0.062500 0.000000 -0.375000
v -0.062500 0.187500 -0.437500
v -0.062500 0.250000 -0.437500
v -0.062500 0.250000 -0.375000
v -0.062500 2.375000 -0.437500
v -0.062500 2.312500 -0.437500
v -0.062500 2.312500 -0.375000
v -0.062500 2.437500 -0.437500
v -0.062500 2.500000 -0.437500
v -0.062500 2.500000 -0.375000
v -0.062500 0.000000 -0.312500
v -0.062500 0.250000 -0.312500
v -0.062500 2.312500 -0.312500
v -0.062500 2.500000 -0.312500
v -0.062500 0.000000 -0.250000
v -0.062500 0.312500 -0.312500
v -0.062500 0.375000 -0.312500
v -0.062500 0.437500 -0.312500
v -0.062500 0.500000 -0.312500
v -0.062500 0.562500 -0.312500
v -0.062500 0.625000 -0.312500
v -0.062500 0.687500 -0.312500
v -0.062500 0.750000 -0.312500
v -0.062500 0.812500 -0.312500
v -0.062500 0.875000 -0.312500
v -0.062500 0.937500 -0.312500
v -0.062500 1.000000 -0.312500
v -0.062500 1.062500 -0.312500
v -0.062500 1.125000 -0.312500
v -0.062500 1.187500 -0.312500
v -0.062500 1.250000 -0.312500
v -0.062500 1.312500 -0.312500
v -0.062500 1.375000 -0.312500
v -0.062500 1.437500 -0.312500
v -0.062500 1.500000 -0.312500
v -0.062500 1.562500 -0.312500
v -0.062500 1.625000 -0.312500
v -0.062500 1.687500 -0.312500
v -0.062500 1.750000 -0.312500
v -0.062500 1.812500 -0.312500
v -0.062500 1.875000 -0.312500
v -0.062500 1.937500 -0.312500
v -0.062500 2.000000 -0.312500
v -0.062500 2.062500 -0.312500
v -0.062500 2.125000 -0.312500
v -0.062500 2.187500 -0.312500
v -0.062500 2.250000 -0.312500
v -0.062500 2.500000 -0.250000
v -0.062500 0.000000 -0.187500
v -0.062500 2.500000 -0.187500
v -0.062500 0.000000 -0.125000
v -0.062500 2.500000 -0.125000
v -0.062500 0.000000 -0.062500
v -0.062500 2.500000 -0.062500
v -0.062500 0.000000 0.000000
v -0.062500 2.500000 0.000000
v -0.062500 0.000000 0.062500
v -0.062500 2.500000 0.062500
v -0.062500 0.000000 0.125000
v -0.062500 2.500000 0.125000
v -0.062500 0.000000 0.187500
v -0.062500 2.500000 0.187500
v -0.062500 0.000000 0.250000
v -0.062500 2.500000 0.250000
v -0.062500 0.000000 0.312500
v -0.062500 0.250000 0.312500
v -0.062500 0.312500 0.312500
v -0.062500 0.375000 0.312500
v -0.062500 0.437500 0.312500
v -0.062500 0.500000 0.312500
v -0.062500 0.562500 0.312500
v -0.062500 0.625000 0.312500
v -0.062500 0.687500 0.312500
v -0.062500 0.750000 0.312500
v -0.062500 0.812500 0.312500
v -0.062500 0.875000 0.312500
v -0.062500 0.937500 0.312500
v -0.062500 1.000000 0.312500
v -0.062500 1.062500 0.312500
v -0.062500 1.125000 0.312500
v -0.062500 1.187500 0.312500
v -0.062500 1.250000 0.312500
v -0.062500 1.312500 0.312500
v -0.062500 1.375000 0.312500
v -0.062500 1.437500 0.312500
v -0.062500 1.500000 0.312500
v -0.062500 1.562500 0.312500
v -0.062500 1.625000 0.312500
v -0.062500 1.687500 0.312500
v -0.062500 1.750000 0.312500
v -0.062500 1.812500 0.312500
v -0.062500 1.875000 0.312500
v -0.062500 1.937500 0.312500
v -0.062500 2.000000 0.312500
v -0.062500 2.062500 0.312500
v -0.062500 2.125000 0.312500
v -0.062500 2.187500 0.312500
v -0.062500 2.250000 0.312500
v -0.062500 2.312500 0.312500
v -0.062500 2.500000 0.312500
v -0.062500 0.000000 0.375000
v -0.062500 0.250000 0.375000
v -0.062500 2.312500 0.375000
v -0.062500 2.500000 0.375000
v -0.062500 0.000000 0.437500
v -0.062500 0.125000 0.437500
v -0.062500 0.187500 0.437500
v -0.062500 0.250000 0.437500
v -0.062500 2.312500 0.437500
v -0.062500 2.375000 0.437500
v -0.062500 2.437500 0.437500
v -0.062500 2.500000 0.437500
v -0.062500 0.000000 0.500000
v -0.062500 0.062500 0.500000
v -0.062500 0.125000 0.500000
v 0.000000 0.062500 -0.500000
v 0.000000 0.000000 -0.500000
v 0.000000 0.000000 -0.437500
v 0.000000 0.125000 -0.500000
v 0.000000 0.125000 -0.437500
v 0.000000 0.000000 -0.375000
v 0.000000 0.187500 -0.437500
v 0.000000 0.250000 -0.437500
v 0.000000 0.250000 -0.375000
v 0.000000 2.375000 -0.437500
v 0.000000 2.312500 -0.437500
v 0.000000 2.312500 -0.375000
v 0.000000 2.437500 -0.437500
v 0.000000 2.500000 -0.437500
v 0.000000 2.500000 -0.375000
v 0.000000 0.000000 -0.312500
v 0.000000 0.250000 -0.312500
v 0.000000 2.312500 -0.312500
v 0.000000 2.500000 -0.312500
v 0.000000 0.000000 -0.250000
v 0.000000 0.312500 -0.312500
v 0.000000 0.375000 -0.312500
v 0.000000 0.437500 -0.312500
v 0.000000 0.500000 -0.312500
v 0.000000 0.562500 -0.312500
v 0.000000 0.625000 -0.312500
v 0.000000 0.687500 -0.312500
v 0.000000 0.750000 -0.312500
v 0.000000 0.812500 -0.312500
v 0.000000 0.875000 -0.312500
v 0.000000 0.937500 -0.312500
v 0.000000 1.000000 -0.312500
v 0.000000 1.062500 -0.312500
v 0.000000 1.125000 -0.312500
v 0.000000 1.187500 -0.312500
v 0.000000 1.250000 -0.312500
v 0.000000 1.312500 -0.312500
v 0.000000 1.375000 -0.312500
v 0.000000 1.437500 -0.312500
v 0.000000 1.500000 -0.312500
v 0.000000 1.562500 -0.312500
v 0.000000 1.625000 -0.312500
v 0.000000 1.687500 -0.312500
v 0.000000 1.750000 -0.312500
v 0.000000 1.812500 -0.312500
v 0.000000 1.875000 -0.312500
v 0.000000 1.937500 -0.312500
v 0.000000 2.000000 -0.312500
v 0.000000 2.062500 -0.312500
v 0.000000 2.125000 -0.312500
v 0.000000 2.187500 -0.312500
v 0.000000 2.250000 -0.312500
v 0.000000 2.500000 -0.250000
v 0.000000 0.000000 -0.187500
v 0.000000 2.500000 -0.187500
v 0.000000 0.000000 -0.125000
v 0.000000 2.500000 -0.125000
v 0.000000 0.000000 -0.062500
v 0.000000 2.500000 -0.062500
v 0.000000 0.000000 0.000000
v 0.000000 2.500000 0.000000
v 0.000000 0.000000 0.062500
v 0.000000 2.500000 0.062500
v 0.000000 0.000000 0.125000
v 0.000000 2.500000 0.125000
v 0.000000 0.000000 0.187500
v 0.000000 2.500000 0.187500
v 0.000000 0.000000 0.250000
v 0.000000 2.500000 0.250000
v 0.000000 0.000000 0.312500
v 0.000000 0.250000 0.312500
v 0.000000 0.312500 0.312500
v 0.000000 0.375000 0.312500
v 0.000000 0.437500 0.312500
v 0.000000 0.500000 0.312500
v 0.000000 0.562500 0.312500
v 0.000000 0.625000 0.312500
v 0.000000 0.687500 0.312500
v 0.000000 0.750000 0.312500
v 0.000000 0.812500 0.312500
v 0.000000 0.875000 0.312500
v 0.000000 0.937500 0.312500
v 0.000000 1.000000 0.312500
v 0.000000 1.062500 0.312500
v 0.000000 1.125000 0.312500
v 0.000000 1.187500 0.312500
v 0.000000 1.250000 0.312500
v 0.000000 1.312500 0.312500
v 0.000000 1.375000 0.312500
v 0.000000 1.437500 0.312500
v 0.000000 1.500000 0.312500
v 0.000000 1.562500 0.312500
v 0.000000 1.625000 0.312500
v 0.000000 1.687500 0.312500
v 0.000000 1.750000 0.312500
v 0.000000 1.812500 0.312500
v 0.000000 1.875000 0.312500
v 0.000000 1.937500 0.312500
v 0.000000 2.000000 0.312500
v 0.000000 2.062500 0.312500
v 0.000000 2.125000 0.312500
v 0.000000 2.187500 0.312500
v 0.000000 2.250000 0.312500
v 0.000000 2.312500 0.312500
v 0.000000 2.500000 0.312500
v 0.000000 0.000000 0.375000
v 0.000000 0.250000 0.375000
v 0.000000 2.312500 0.375000
v 0.000000 2.500000 0.375000
v 0.000000 0.000000 0.437500
v 0.000000 0.125000 0.437500
v 0.000000 0.187500 0.437500
v 0.000000 0.250000 0.437500
v 0.000000 2.312500 0.437500
v 0.000000 2.375000 0.437500
v 0.000000 2.437500 0.437500
v 0.000000 2.500000 0.437500
v 0.000000 0.000000 0.500000
v 0.000000 0.062500 0.500000
v 0.000000 0.125000 0.500000
v 0.062500 0.062500 -0.500000
v 0.062500 0.000000 -0.500000
v 0.062500 0.000000 -0.437500
v 0.062500 0.125000 -0.500000
v 0.062500 0.125000 -0.437500
v 0.062500 0.000000 -0.375000
v 0.062500 0.187500 -0.437500
v 0.062500 0.250000 -0.437500
v 0.062500 0.250000 -0.375000
v 0.062500 2.375000 -0.437500
v 0.062500 2.312500 -0.437500
v 0.062500 2.312500 -0.375000
v 0.062500 2.437500 -0.437500
v 0.062500 2.500000 -0.437500
v 0.062500 2.500000 -0.375000
v 0.062500 0.000000 -0.312500
v 0.062500 0.250000 -0.312500
v 0.062500 2.312500 -0.312500
v 0.062500 2.500000 -0.312500
v 0.062500 0.000000 -0.250000
v 0.062500 0.312500 -0.312500
v 0.062500 0.375000 -0.312500
v 0.062500 0.437500 -0.312500
v 0.062500 0.500000 -0.312500
v 0.062500 0.562500 -0.312500
v 0.062500 0.625000 -0.312500
v 0.062500 0.687500 -0.312500
v 0.062500 0.750000 -0.312500
v 0.062500 0.812500 -0.312500
v 0.062500 0.875000 -0.312500
v 0.062500 0.937500 -0.312500
v 0.062500 1.000000 -0.312500
v 0.062500 1.062500 -0.312500
v 0.062500 1.125000 -0.312500
v 0.062500 1.187500 -0.312500
v 0.062500 1.250000 -0.312500
v 0.062500 1.312500 -0.312500
v 0.062500 1.375000 -0.312500
v 0.062500 1.437500 -0.312500
v 0.062500 1.500000 -0.312500
v 0.062500 1.562500 -0.312500
v 0.062500 1.625000 -0.312500
v 0.062500 1.687500 -0.312500
v 0.062500 1.750000 -0.312500
v 0.062500 1.812500 -0.312500
v 0.062500 1.875000 -0.312500
v 0.062500 1.937500 -0.312500
v 0.062500 2.000000 -0.312500
v 0.062500 2.062500 -0.312500
v 0.062500 2.125000 -0.312500
v 0.062500 2.187500 -0.312500
v 0.062500 2.250000 -0.312500
v 0.062500 2.500000 -0.250000
v 0.062500 0.000000 -0.187500
v 0.062500 2.500000 -0.187500
v 0.062500 0.000000 -0.125000
v 0.062500 2.500000 -0.125000
v 0.062500 0.000000 -0.062500
v 0.062500 2.500000 -0.062500
v 0.062500 0.000000 0.000000
v 0.062500 2.500000 0.000000
v 0.062500 0.000000 0.062500
v 0.062500 2.500000 0.062500
v 0.062500 0.000000 0.125000
v 0.062500 2.500000 0.125000
v 0.062500 0.000000 0.187500
v 0.062500 2.500000 0.187500
v 0.062500 0.000000 0.250000
v 0.062500 2.500000 0.250000
v 0.062500 0.000000 0.312500
v 0.062500 0.250000 0.312500
v 0.062500 0.312500 0.312500
v 0.062500 0.375000 0.312500
v 0.062500 0.437500 0.312500
v 0.062500 0.500000 0.312500
v 0.062500 0.562500 0.312500
v 0.062500 0.625000 0.312500
v 0.062500 0.687500 0.312500
v 0.062500 0.750000 0.312500
v 0.062500 0.812500 0.312500
v 0.062500 0.875000 0.312500
v 0.062500 0.937500 0.312500
v 0.062500 1.000000 0.312500
v 0.062500 1.062500 0.312500
v 0.062500 1.125000 0.312500
v 0.062500 1.187500 0.312500
v 0.062500 1.250000 0.312500
v 0.062500 1.312500 0.312500
v 0.062500 1.375000 0.312500
v 0.062500 1.437500 0.312500
v 0.062500 1.500000 0.312500
v 0.062500 1.562500 0.312500
v 0.062500 1.625000 0.312500
v 0.062500 1.687500 0.312500
v 0.062500 1.750000 0.312500
v 0.062500 1.812500 0.312500
v 0.062500 1.875000 0.312500
v 0.062500 1.937500 0.312500
v 0.062500 2.000000 0.312500
v 0.062500 2.062500 0.312500
v 0.062500 2.125000 0.312500
v 0.062500 2.187500 0.312500
v 0.062500 2.250000 0.312500
v 0.062500 2.312500 0.312500
v 0.062500 2.500000 0.312500
v 0.062500 0.000000 0.375000
v 0.062500 0.250000 0.375000
v 0.062500 2.312500 0.375000
v 0.062500 2.500000 0.375000
v 0.062500 0.000000 0.437500
v 0.062500 0.125000 0.437500
v 0.062500 0.187500 0.437500
v 0.062500 0.250000 0.437500
v 0.062500 2.312500 0.437500
v 0.062500 2.375000 0.437500
v 0.062500 2.437500 0.437500
v 0.062500 2.500000 0.437500
v 0.062500 0.000000 0.500000
v 0.062500 0.062500 0.500000
v 0.062500 0.125000 0.500000
v 0.125000 0.062500 -0.500000
v 0.125000 0.000000 -0.500000
v 0.125000 0.000000 -0.437500
v 0.125000 0.125000 -0.500000
v 0.125000 0.125000 -0.437500
v 0.125000 0.000000 -0.375000
v 0.125000 0.187500 -0.437500
v 0.125000 0.250000 -0.437500
v 0.125000 0.250000 -0.375000
v 0.125000 2.375000 -0.437500
v 0.125000 2.312500 -0.437500
v 0.125000 2.312500 -0.375000
v 0.125000 2.437500 -0.437500
v 0.125000 2.500000 -0.437500
v 0.125000 2.500000 -0.375000
v 0.125000 0.000000 -0.312500
v 0.125000 0.250000 -0.312500
v 0.125000 2.312500 -0.312500
v 0.125000 2.500000 -0.312500
v 0.125000 0.000000 -0.250000
v 0.125000 0.312500 -0.312500
v 0.125000 0.375000 -0.312500
v 0.125000 0.437500 -0.312500
v 0.125000 0.500000 -0.312500
v 0.125000 0.562500 -0.312500
v 0.125000 0.625000 -0.312500
v 0.125000 0.687500 -0.312500
v 0.125000 0.750000 -0.312500
v 0.125000 0.812500 -0.312500
v 0.125000 0.875000 -0.312500
v 0.125000 0.937500 -0.312500
v 0.125000 1.000000 -0.312500
v 0.125000 1.062500 -0.312500
v 0.125000 1.125000 -0.312500
v 0.125000 1.187500 -0.312500
v 0.125000 1.250000 -0.312500
v 0.125000 1.312500 -0.312500
v 0.125000 1.375000 -0.312500
v 0.125000 1.437500 -0.312500
v 0.125000 1.500000 -0.312500
v 0.125000 1.562500 -0.312500
v 0.125000 1.625000 -0.312500
v 0.125000 1.687500 -0.312500
v 0.125000 1.750000 -0.312500
v 0.125000 1.812500 -0.312500
v 0.125000 1.875000 -0.312500
v 0.125000 1.937500 -0.312500
v 0.125000 2.000000 -0.312500
v 0.125000 2.062500 -0.312500
v 0.125000 2.125000 -0.312500
v 0.125000 2.187500 -0.312500
v 0.125000 2.250000 -0.312500
v 0.125000 2.500000 -0.250000
v 0.125000 0.000000 -0.187500
v 0.125000 2.500000 -0.187500
v 0.125000 0.000000 -0.125000
v 0.125000 2.500000 -0.125000
v 0.125000 0.000000 -0.062500
v 0.125000 2.500000 -0.062500
v 0.125000 0.000000 0.000000
v 0.125000 2.500000 0.000000
v 0.125000 0.000000 0.062500
v 0.125000 2.500000 0.062500
v 0.125000 0.000000 0.125000
v 0.125000 2.500000 0.125000
v 0.125000 0.000000 0.187500
v 0.125000 2.500000 0.187500
v 0.125000 0.000000 0.250000
v 0.125000 2.500000 0.250000
v 0.125000 0.000000 0.312500
v 0.125000 0.250000 0.312500
v 0.125000 0.312500 0.312500
v 0.125000 0.375000 0.312500
v 0.125000 0.437500 0.312500
v 0.125000 0.500000 0.312500
v 0.125000 0.562500 0.312500
v 0.125000 0.625000 0.312500
v 0.125000 0.687500 0.312500
v 0.125000 0.750000 0.312500
v 0.125000 0.812500 0.312500
v 0.125000 0.875000 0.312500
v 0.125000 0.937500 0.312500
v 0.125000 1.000000 0.312500
v 0.125000 1.062500 0.312500
v 0.125000 1.125000 0.312500
v 0.125000 1.187500 0.312500
v 0.125000 1.250000 0.312500
v 0.125000 1.312500 0.312500
v 0.125000 1.375000 0.312500
v 0.125000 1.437500 0.312500
v 0.125000 1.500000 0.312500
v 0.125000 1.562500 0.312500
v 0.125000 1.625000 0.312500
v 0.125000 1.687500 0.312500
v 0.125000 1.750000 0.312500
v 0.125000 1.812500 0.312500
v 0.125000 1.875000 0.312500
v 0.125000 1.937500 0.312500
v 0.125000 2.000000 0.312500
v 0.125000 2.062500 0.312500
v 0.125000 2.125000 0.312500
v 0.125000 2.187500 0.312500
v 0.125000 2.250000 0.312500
v 0.125000 2.312500 0.312500
v 0.125000 2.500000 0.312500
v 0.125000 0.000000 0.375000
v 0.125000 0.250000 0.375000
v 0.125000 2.312500 0.375000
v 0.125000 2.500000 0.375000
v 0.125000 0.000000 0.437500
v 0.125000 0.125000 0.437500
v 0.125000 0.187500 0.437500
v 0.125000 0.250000 0.437500
v 0.125000 2.312500 0.437500
v 0.125000 2.375000 0.437500
v 0.125000 2.437500 0.437500
v 0.125000 2.500000 0.437500
v 0.125000 0.000000 0.500000
v 0.125000 0.062500 0.500000
v 0.125000 0.125000 0.500000
v 0.187500 0.062500 -0.500000
v 0.187500 0.000000 -0.500000
v 0.187500 0.000000 -0.437500
v 0.187500 0.125000 -0.500000
v 0.187500 0.125000 -0.437500
v 0.187500 0.000000 -0.375000
v 0.187500 0.187500 -0.437500
v 0.187500 0.250000 -0.437500
v 0.187500 0.250000 -0.375000
v 0.187500 2.375000 -0.437500
v 0.187500 2.312500 -0.437500
v 0.187500 2.312500 -0.375000
v 0.187500 2.437500 -0.437500
v 0.187500 2.500000 -0.437500
v 0.187500 2.500000 -0.375000
v 0.187500 0.000000 -0.312500
v 0.187500 0.250000 -0.312500
v 0.187500 2.312500 -0.312500
v 0.187500 2.500000 -0.312500
v 0.187500 0.000000 -0.250000
v 0.187500 0.312500 -0.312500
v 0.187500 0.312500 -0.250000
v 0.187500 0.250000 -0.250000
v 0.187500 0.375000 -0.312500
v 0.187500 0.375000 -0.250000
v 0.187500 0.437500 -0.312500
v 0.187500 0.437500 -0.250000
v 0.187500 0.500000 -0.312500
v 0.187500 0.500000 -0.250000
v 0.187500 0.562500 -0.312500
v 0.187500 0.562500 -0.250000
v 0.187500 0.625000 -0.312500
v 0.187500 0.625000 -0.250000
v 0.187500 0.687500 -0.312500
v 0.187500 0.687500 -0.250000
v 0.187500 0.750000 -0.312500
v 0.187500 0.750000 -0.250000
v 0.187500 0.812500 -0.312500
v 0.187500 0.812500 -0.250000
v 0.187500 0.875000 -0.312500
v 0.187500 0.875000 -0.250000
v 0.187500 0.937500 -0.312500
v 0.187500 0.937500 -0.250000
v 0.187500 1.000000 -0.312500
v 0.187500 1.000000 -0.250000
v 0.187500 1.062500 -0.312500
v 0.187500 1.062500 -0.250000
v 0.187500 1.125000 -0.312500
v 0.187500 1.125000 -0.250000
v 0.187500 1.187500 -0.312500
v 0.187500 1.187500 -0.250000
v 0.187500 1.250000 -0.312500
v 0.187500 1.250000 -0.250000
v 0.187500 1.312500 -0.312500
v 0.187500 1.312500 -0.250000
v 0.187500 1.375000 -0.312500
v 0.187500 1.375000 -0.250000
v 0.187500 1.437500 -0.312500
v 0.187500 1.437500 -0.250000
v 0.187500 1.500000 -0.312500
v 0.187500 1.500000 -0.250000
v 0.187500 1.562500 -0.312500
v 0.187500 1.562500 -0.250000
v 0.187500 1.625000 -0.312500
v 0.187500 1.625000 -0.250000
v 0.187500 1.687500 -0.312500
v 0.187500 1.687500 -0.250000
v 0.187500 1.750000 -0.312500
v 0.187500 1.750000 -0.250000
v 0.187500 1.812500 -0.312500
v 0.187500 1.812500 -0.250000
v 0.187500 1.875000 -0.312500
v 0.187500 1.875000 -0.250000
v 0.187500 1.937500 -0.312500
v 0.187500 1.937500 -0.250000
v 0.187500 2.000000 -0.312500
v 0.187500 2.000000 -0.250000
v 0.187500 2.062500 -0.312500
v 0.187500 2.062500 -0.250000
v 0.187500 2.125000 -0.312500
v 0.187500 2.125000 -0.250000
v 0.187500 2.187500 -0.312500
v 0.187500 2.187500 -0.250000
v 0.187500 2.250000 -0.312500
v 0.187500 2.250000 -0.250000
v 0.187500 2.312500 -0.250000
v 0.187500 2.500000 -0.250000
v 0.187500 0.000000 -0.187500
v 0.187500 2.500000 -0.187500
v 0.187500 0.000000 -0.125000
v 0.187500 2.500000 -0.125000
v 0.187500 0.000000 -0.062500
v 0.187500 2.500000 -0.062500
v 0.187500 0.000000 0.000000
v 0.187500 2.500000 0.000000
v 0.187500 0.000000 0.062500
v 0.187500 2.500000 0.062500
v 0.187500 0.000000 0.125000
v 0.187500 2.500000 0.125000
v 0.187500 0.000000 0.187500
v 0.187500 2.500000 0.187500
v 0.187500 0.000000 0.250000
v 0.187500 2.500000 0.250000
v 0.187500 0.000000 0.312500
v 0.187500 0.312500 0.250000
v 0.187500 0.312500 0.312500
v 0.187500 0.250000 0.312500
v 0.187500 0.250000 0.250000
v 0.187500 0.375000 0.250000
v 0.187500 0.375000 0.312500
v 0.187500 0.437500 0.250000
v 0.187500 0.437500 0.312500
v 0.187500 0.500000 0.250000
v 0.187500 0.500000 0.312500
v 0.187500 0.562500 0.250000
v 0.187500 0.562500 0.312500
v 0.187500 0.625000 0.250000
v 0.187500 0.625000 0.312500
v 0.187500 0.687500 0.250000
v 0.187500 0.687500 0.312500
v 0.187500 0.750000 0.250000
v 0.187500 0.750000 0.312500
v 0.187500 0.812500 0.250000
v 0.187500 0.812500 0.312500
v 0.187500 0.875000 0.250000
v 0.187500 0.875000 0.312500
v 0.187500 0.937500 0.250000
v 0.187500 0.937500 0.312500
v 0.187500 1.000000 0.250000
v 0.187500 1.000000 0.312500
v 0.187500 1.062500 0.250000
v 0.187500 1.062500 0.312500
v 0.187500 1.125000 0.250000
v 0.187500 1.125000 0.312500
v 0.187500 1.187500 0.250000
v 0.187500 1.187500 0.312500
v 0.187500 1.250000 0.250000
v 0.187500 1.250000 0.312500
v 0.187500 1.312500 0.250000
v 0.187500 1.312500 0.312500
v 0.187500 1.375000 0.250000
v 0.187500 1.375000 0.312500
v 0.187500 1.437500 0.250000
v 0.187500 1.437500 0.312500
v 0.187500 1.500000 0.250000
v 0.187500 1.500000 0.312500
v 0.187500 1.562500 0.250000
v 0.187500 1.562500 0.312500
v 0.187500 1.625000 0.250000
v 0.187500 1.625000 0.312500
v 0.187500 1.687500 0.250000
v 0.187500 1.687500 0.312500
v 0.187500 1.750000 0.250000
v 0.187500 1.750000 0.312500
v 0.187500 1.812500 0.250000
v 0.187500 1.812500 0.312500
v 0.187500 1.875000 0.250000
v 0.187500 1.875000 0.312500
v 0.187500 1.937500 0.250000
v 0.187500 1.937500 0.312500
v 0.187500 2.000000 0.250000
v 0.187500 2.000000 0.312500
v 0.187500 2.062500 0.250000
v 0.187500 2.062500 0.312500
v 0.187500 2.125000 0.250000
v 0.187500 2.125000 0.312500
v 0.187500 2.187500 0.250000
v 0.187500 2.187500 0.312500
v 0.187500 2.250000 0.250000
v 0.187500 2.250000 0.312500
v 0.187500 2.312500 0.250000
v 0.187500 2.312500 0.312500
v 0.187500 2.500000 0.312500
v 0.187500 0.000000 0.375000
v 0.187500 0.250000 0.375000
v 0.187500 2.312500 0.375000
v 0.187500 2.500000 0.375000
v 0.187500 0.000000 0.437500
v 0.187500 0.125000 0.437500
v 0.187500 0.187500 0.437500
v 0.187500 0.250000 0.437500
v 0.187500 2.312500 0.437500
v 0.187500 2.375000 0.437500
v 0.187500 2.437500 0.437500
v 0.187500 2.500000 0.437500
v 0.187500 0.000000 0.500000
v 0.187500 0.062500 0.500000
v 0.187500 0.125000 0.500000
v 0.250000 0.062500 -0.500000
v 0.250000 0.000000 -0.500000
v 0.250000 0.000000 -0.437500
v 0.250000 0.125000 -0.500000
v 0.250000 0.125000 -0.437500
v 0.250000 0.000000 -0.375000
v 0.250000 0.187500 -0.437500
v 0.250000 0.250000 -0.437500
v 0.250000 0.250000 -0.375000
v 0.250000 2.375000 -0.437500
v 0.250000 2.312500 -0.437500
v 0.250000 2.312500 -0.375000
v 0.250000 2.437500 -0.437500
v 0.250000 2.500000 -0.437500
v 0.250000 2.500000 -0.375000
v 0.250000 0.000000 -0.312500
v 0.250000 0.250000 -0.312500
v 0.250000 2.312500 -0.312500
v 0.250000 2.500000 -0.312500
v 0.250000 0.000000 -0.250000
v 0.250000 0.250000 -0.250000
v 0.250000 2.312500 -0.250000
v 0.250000 2.500000 -0.250000
v 0.250000 0.000000 -0.187500
v 0.250000 0.312500 -0.250000
v 0.250000 0.312500 -0.187500
v 0.250000 0.250000 -0.187500
v 0.250000 0.375000 -0.250000
v 0.250000 0.375000 -0.187500
v 0.250000 0.437500 -0.250000
v 0.250000 0.437500 -0.187500
v 0.250000 0.500000 -0.250000
v 0.250000 0.500000 -0.187500
v 0.250000 0.562500 -0.250000
v 0.250000 0.562500 -0.187500
v 0.250000 0.625000 -0.250000
v 0.250000 0.625000 -0.187500
v 0.250000 0.687500 -0.250000
v 0.250000 0.687500 -0.187500
v 0.250000 0.750000 -0.250000
v 0.250000 0.750000 -0.187500
v 0.250000 0.812500 -0.250000
v 0.250000 0.812500 -0.187500
v 0.250000 0.875000 -0.250000
v 0.250000 0.875000 -0.187500
v 0.250000 0.937500 -0.250000
v 0.250000 0.937500 -0.187500
v 0.250000 1.000000 -0.250000
v 0.250000 1.000000 -0.187500
v 0.250000 1.062500 -0.250000
v 0.250000 1.062500 -0.187500
v 0.250000 1.125000 -0.250000
v 0.250000 1.125000 -0.187500
v 0.250000 1.187500 -0.250000
v 0.250000 1.187500 -0.187500
v 0.250000 1.250000 -0.250000
v 0.250000 1.250000 -0.187500
v 0.250000 1.312500 -0.250000
v 0.250000 1.312500 -0.187500
v 0.250000 1.375000 -0.250000
v 0.250000 1.375000 -0.187500
v 0.250000 1.437500 -0.250000
v 0.250000 1.437500 -0.187500
v 0.250000 1.500000 -0.250000
v 0.250000 1.500000 -0.187500
v 0.250000 1.562500 -0.250000
v 0.250000 1.562500 -0.187500
v 0.250000 1.625000 -0.250000
v 0.250000 1.625000 -0.187500
v 0.250000 1.687500 -0.250000
v 0.250000 1.687500 -0.187500
v 0.250000 1.750000 -0.250000
v 0.250000 1.750000 -0.187500
v 0.250000 1.812500 -0.250000
v 0.250000 1.812500 -0.187500
v 0.250000 1.875000 -0.250000
v 0.250000 1.875000 -0.187500
v 0.250000 1.937500 -0.250000
v 0.250000 1.937500 -0.187500
v 0.250000 2.000000 -0.250000
v 0.250000 2.000000 -0.187500
v 0.250000 2.062500 -0.250000
v 0.250000 2.062500 -0.187500
v 0.250000 2.125000 -0.250000
v 0.250000 2.125000 -0.187500
v 0.250000 2.187500 -0.250000
v 0.250000 2.187500 -0.187500
v 0.250000 2.250000 -0.250000
v 0.250000 2.250000 -0.187500
v 0.250000 2.312500 -0.187500
v 0.250000 2.500000 -0.187500
v 0.250000 0.000000 -0.125000
v 0.250000 2.500000 -0.125000
v 0.250000 0.000000 -0.062500
v 0.250000 2.500000 -0.062500
v 0.250000 0.000000 0.000000
v 0.250000 2.500000 0.000000
v 0.250000 0.000000 0.062500
v 0.250000 2.500000 0.062500
v 0.250000 0.000000 0.125000
v 0.250000 2.500000 0.125000
v 0.250000 0.000000 0.187500
v 0.250000 2.500000 0.187500
v 0.250000 0.000000 0.250000
v 0.250000 0.312500 0.187500
v 0.250000 0.312500 0.250000
v 0.250000 0.250000 0.250000
v 0.250000 0.250000 0.187500
v 0.250000 0.375000 0.187500
v 0.250000 0.375000 0.250000
v 0.250000 0.437500 0.187500
v 0.250000 0.437500 0.250000
v 0.250000 0.500000 0.187500
v 0.250000 0.500000 0.250000
v 0.250000 0.562500 0.187500
v 0.250000 0.562500 0.250000
v 0.250000 0.625000 0.187500
v 0.250000 0.625000 0.250000
v 0.250000 0.687500 0.187500
v 0.250000 0.687500 0.250000
v 0.250000 0.750000 0.187500
v 0.250000 0.750000 0.250000
v 0.250000 0.812500 0.187500
v 0.250000 0.812500 0.250000
v 0.250000 0.875000 0.187500
v 0.250000 0.875000 0.250000
v 0.250000 0.937500 0.187500
v 0.250000 0.937500 0.250000
v 0.250000 1.000000 0.187500
v 0.250000 1.000000 0.250000
v 0.250000 1.062500 0.187500
v 0.250000 1.062500 0.250000
v 0.250000 1.125000 0.187500
v 0.250000 1.125000 0.250000
v 0.250000 1.187500 0.187500
v 0.250000 1.187500 0.250000
v 0.250000 1.250000 0.187500
v 0.250000 1.250000 0.250000
v 0.250000 1.312500 0.187500
v 0.250000 1.312500 0.250000
v 0.250000 1.375000 0.187500
v 0.250000 1.375000 0.250000
v 0.250000 1.437500 0.187500
v 0.250000 1.437500 0.250000
v 0.250000 1.500000 0.187500
v 0.250000 1.500000 0.250000
v 0.250000 1.562500 0.187500
v 0.250000 1.562500 0.250000
v 0.250000 1.625000 0.187500
v 0.250000 1.625000 0.250000
v 0.250000 1.687500 0.187500
v 0.250000 1.687500 0.250000
v 0.250000 1.750000 0.187500
v 0.250000 1.750000 0.250000
v 0.250000 1.812500 0.187500
v 0.250000 1.812500 0.250000
v 0.250000 1.875000 0.187500
v 0.250000 1.875000 0.250000
v 0.250000 1.937500 0.187500
v 0.250000 1.937500 0.250000
v 0.250000 2.000000 0.187500
v 0.250000 2.000000 0.250000
v 0.250000 2.062500 0.187500
v 0.250000 2.062500 0.250000
v 0.250000 2.125000 0.187500
v 0.250000 2.125000 0.250000
v 0.250000 2.187500 0.187500
v 0.250000 2.187500 0.250000
v 0.250000 2.250000 0.187500
v 0.250000 2.250000 0.250000
v 0.250000 2.312500 0.187500
v 0.250000 2.312500 0.250000
v 0.250000 2.500000 0.250000
v 0.250000 0.000000 0.312500
v 0.250000 0.250000 0.312500
v 0.250000 2.312500 0.312500
v 0.250000 2.500000 0.312500
v 0.250000 0.000000 0.375000
v 0.250000 0.250000 0.375000
v 0.250000 2.312500 0.375000
v 0.250000 2.500000 0.375000
v 0.250000 0.000000 0.437500
v 0.250000 0.125000 0.437500
v 0.250000 0.187500 0.437500
v 0.250000 0.250000 0.437500
v 0.250000 2.312500 0.437500
v 0.250000 2.375000 0.437500
v 0.250000 2.437500 0.437500
v 0.250000 2.500000 0.437500
v 0.250000 0.000000 0.500000
v 0.250000 0.062500 0.500000
v 0.250000 0.125000 0.500000
v 0.312500 0.062500 -0.500000
v 0.312500 0.000000 -0.500000
v 0.312500 0.000000 -0.437500
v 0.312500 0.125000 -0.500000
v 0.312500 0.125000 -0.437500
v 0.312500 0.000000 -0.375000
v 0.312500 0.187500 -0.437500
v 0.312500 0.250000 -0.437500
v 0.312500 0.250000 -0.375000
v 0.312500 2.375000 -0.437500
v 0.312500 2.312500 -0.437500
v 0.312500 2.312500 -0.375000
v 0.312500 2.437500 -0.437500
v 0.312500 2.500000 -0.437500
v 0.312500 2.500000 -0.375000
v 0.312500 0.000000 -0.312500
v 0.312500 0.250000 -0.312500
v 0.312500 2.312500 -0.312500
v 0.312500 2.500000 -0.312500
v 0.312500 0.000000 -0.250000
v 0.312500 0.250000 -0.250000
v 0.312500 2.312500 -0.250000
v 0.312500 2.500000 -0.250000
v 0.312500 0.000000 -0.187500
v 0.312500 0.250000 -0.187500
v 0.312500 2.312500 -0.187500
v 0.312500 2.500000 -0.187500
v 0.312500 0.000000 -0.125000
v 0.312500 0.312500 -0.187500
v 0.312500 0.312500 -0.125000
v 0.312500 0.250000 -0.125000
v 0.312500 0.375000 -0.187500
v 0.312500 0.375000 -0.125000
v 0.312500 0.437500 -0.187500
v 0.312500 0.437500 -0.125000
v 0.312500 0.500000 -0.187500
v 0.312500 0.500000 -0.125000
v 0.312500 0.562500 -0.187500
v 0.312500 0.562500 -0.125000
v 0.312500 0.625000 -0.187500
v 0.312500 0.625000 -0.125000
v 0.312500 0.687500 -0.187500
v 0.312500 0.687500 -0.125000
v 0.312500 0.750000 -0.187500
v 0.312500 0.750000 -0.125000
v 0.312500 0.812500 -0.187500
v 0.312500 0.812500 -0.125000
v 0.312500 0.875000 -0.187500
v 0.312500 0.875000 -0.125000
v 0.312500 0.937500 -0.187500
v 0.312500 0.937500 -0.125000
v 0.312500 1.000000 -0.187500
v 0.312500 1.000000 -0.125000
v 0.312500 1.062500 -0.187500
v 0.312500 1.062500 -0.125000
v 0.312500 1.125000 -0.187500
v 0.312500 1.125000 -0.125000
v 0.312500 1.187500 -0.187500
v 0.312500 1.187500 -0.125000
v 0.312500 1.250000 -0.187500
v 0.312500 1.250000 -0.125000
v 0.312500 1.312500 -0.187500
v 0.312500 1.312500 -0.125000
v 0.312500 1.375000 -0.187500
v 0.312500 1.375000 -0.125000
v 0.312500 1.437500 -0.187500
v 0.312500 1.437500 -0.125000
v 0.312500 1.500000 -0.187500
v 0.312500 1.500000 -0.125000
v 0.312500 1.562500 -0.187500
v 0.312500 1.562500 -0.125000
v 0.312500 1.625000 -0.187500
v 0.312500 1.625000 -0.125000
v 0.312500 1.687500 -0.187500
v 0.312500 1.687500 -0.125000
v 0.312500 1.750000 -0.187500
v 0.312500 1.750000 -0.125000
v 0.312500 1.812500 -0.187500
v 0.312500 1.812500 -0.125000
v 0.312500 1.875000 -0.187500
v 0.312500 1.875000 -0.125000
v 0.312500 1.937500 -0.187500
v 0.312500 1.937500 -0.125000
v 0.312500 2.000000 -0.187500
v 0.312500 2.000000 -0.125000
v 0.312500 2.062500 -0.187500
v 0.312500 2.062500 -0.125000
v 0.312500 2.125000 -0.187500
v 0.312500 2.125000 -0.125000
v 0.312500 2.187500 -0.187500
v 0.312500 2.187500 -0.125000
v 0.312500 2.250000 -0.187500
v 0.312500 2.250000 -0.125000
v 0.312500 2.312500 -0.125000
v 0.312500 2.500000 -0.125000
v 0.312500 0.000000 -0.062500
v 0.312500 0.312500 -0.062500
v 0.312500 0.250000 -0.062500
v 0.312500 0.375000 -0.062500
v 0.312500 0.437500 -0.062500
v 0.312500 0.500000 -0.062500
v 0.312500 0.562500 -0.062500
v 0.312500 0.625000 -0.062500
v 0.312500 0.687500 -0.062500
v 0.312500 0.750000 -0.062500
v 0.312500 0.812500 -0.062500
v 0.312500 0.875000 -0.062500
v 0.312500 0.937500 -0.062500
v 0.312500 1.000000 -0.062500
v 0.312500 1.062500 -0.062500
v 0.312500 1.125000 -0.062500
v 0.312500 1.187500 -0.062500
v 0.312500 1.250000 -0.062500
v 0.312500 1.312500 -0.062500
v 0.312500 1.375000 -0.062500
v 0.312500 1.437500 -0.062500
v 0.312500 1.500000 -0.062500
v 0.312500 1.562500 -0.062500
v 0.312500 1.625000 -0.062500
v 0.312500 1.687500 -0.062500
v 0.312500 1.750000 -0.062500
v 0.312500 1.812500 -0.062500
v 0.312500 1.875000 -0.062500
v 0.312500 1.937500 -0.062500
v 0.312500 2.000000 -0.062500
v 0.312500 2.062500 -0.062500
v 0.312500 2.125000 -0.062500
v 0.312500 2.187500 -0.062500
v 0.312500 2.250000 -0.062500
v 0.312500 2.312500 -0.062500
v 0.312500 2.500000 -0.062500
v 0.312500 0.000000 0.000000
v 0.312500 0.312500 0.000000
v 0.312500 0.250000 0.000000
v 0.312500 0.375000 0.000000
v 0.312500 0.437500 0.000000
v 0.312500 0.500000 0.000000
v 0.312500 0.562500 0.000000
v 0.312500 0.625000 0.000000
v 0.312500 0.687500 0.000000
v 0.312500 0.750000 0.000000
v 0.312500 0.812500 0.000000
v 0.312500 0.875000 0.000000
v 0.312500 0.937500 0.000000
v 0.312500 1.000000 0.000000
v 0.312500 1.062500 0.000000
v 0.312500 1.125000 0.000000
v 0.312500 1.187500 0.000000
v 0.312500 1.250000 0.000000
v 0.312500 1.312500 0.000000
v 0.312500 1.375000 0.000000
v 0.312500 1.437500 0.000000
v 0.312500 1.500000 0.000000
v 0.312500 1.562500 0.000000
v 0.312500 1.625000 0.000000
v 0.312500 1.687500 0.000000
v 0.312500 1.750000 0.000000
v 0.312500 1.812500 0.000000
v 0.312500 1.875000 0.000000
v 0.312500 1.937500 0.000000
v 0.312500 2.000000 0.000000
v 0.312500 2.062500 0.000000
v 0.312500 2.125000 0.000000
v 0.312500 2.187500 0.000000
v 0.312500 2.250000 0.000000
v 0.312500 2.312500 0.000000
v 0.312500 2.500000 0.000000
v 0.312500 0.000000 0.062500
v 0.312500 0.312500 0.062500
v 0.312500 0.250000 0.062500
v 0.312500 0.375000 0.062500
v 0.312500 0.437500 0.062500
v 0.312500 0.500000 0.062500
v 0.312500 0.562500 0.062500
v 0.312500 0.625000 0.062500
v 0.312500 0.687500 0.062500
v 0.312500 0.750000 0.062500
v 0.312500 0.812500 0.062500
v 0.312500 0.875000 0.062500
v 0.312500 0.937500 0.062500
v 0.312500 1.000000 0.062500
v 0.312500 1.062500 0.062500
v 0.312500 1.125000 0.062500
v 0.312500 1.187500 0.062500
v 0.312500 1.250000 0.062500
v 0.312500 1.312500 0.062500
v 0.312500 1.375000 0.062500
v 0.312500 1.437500 0.062500
v 0.312500 1.500000 0.062500
v 0.312500 1.562500 0.062500
v 0.312500 1.625000 0.062500
v 0.312500 1.687500 0.062500
v 0.312500 1.750000 0.062500
v 0.312500 1.812500 0.062500
v 0.312500 1.875000 0.062500
v 0.312500 1.937500 0.062500
v 0.312500 2.000000 0.062500
v 0.312500 2.062500 0.062500
v 0.312500 2.125000 0.062500
v 0.312500 2.187500 0.062500
v 0.312500 2.250000 0.062500
v 0.312500 2.312500 0.062500
v 0.312500 2.500000 0.062500
v 0.312500 0.000000 0.125000
v 0.312500 0.312500 0.125000
v 0.312500 0.250000 0.125000
v 0.312500 0.375000 0.125000
v 0.312500 0.437500 0.125000
v 0.312500 0.500000 0.125000
v 0.312500 0.562500 0.125000
v 0.312500 0.625000 0.125000
v 0.312500 0.687500 0.125000
v 0.312500 0.750000 0.125000
v 0.312500 0.812500 0.125000
v 0.312500 0.875000 0.125000
v 0.312500 0.937500 0.125000
v 0.312500 1.000000 0.125000
v 0.312500 1.062500 0.125000
v 0.312500 1.125000 0.125000
v 0.312500 1.187500 0.125000
v 0.312500 1.250000 0.125000
v 0.312500 1.312500 0.125000
v 0.312500 1.375000 0.125000
v 0.312500 1.437500 0.125000
v 0.312500 1.500000 0.125000
v 0.312500 1.562500 0.125000
v 0.312500 1.625000 0.125000
v 0.312500 1.687500 0.125000
v 0.312500 1.750000 0.125000
v 0.312500 1.812500 0.125000
v 0.312500 1.875000 0.125000
v 0.312500 1.937500 0.125000
v 0.312500 2.000000 0.125000
v 0.312500 2.062500 0.125000
v 0.312500 2.125000 0.125000
v 0.312500 2.187500 0.125000
v 0.312500 2.250000 0.125000
v 0.312500 2.312500 0.125000
v 0.312500 2.500000 0.125000
v 0.312500 0.000000 0.187500
v 0.312500 0.312500 0.187500
v 0.312500 0.250000 0.187500
v 0.312500 0.375000 0.187500
v 0.312500 0.437500 0.187500
v 0.312500 0.500000 0.187500
v 0.312500 0.562500 0.187500
v 0.312500 0.625000 0.187500
v 0.312500 0.687500 0.187500
v 0.312500 0.750000 0.187500
v 0.312500 0.812500 0.187500
v 0.312500 0.875000 0.187500
v 0.312500 0.937500 0.187500
v 0.312500 1.000000 0.187500
v 0.312500 1.062500 0.187500
v 0.312500 1.125000 0.187500
v 0.312500 1.187500 0.187500
v 0.312500 1.250000 0.187500
v 0.312500 1.312500 0.187500
v 0.312500 1.375000 0.187500
v 0.312500 1.437500 0.187500
v 0.312500 1.500000 0.187500
v 0.312500 1.562500 0.187500
v 0.312500 1.625000 0.187500
v 0.312500 1.687500 0.187500
v 0.312500 1.750000 0.187500
v 0.312500 1.812500 0.187500
v 0.312500 1.875000 0.187500
v 0.312500 1.937500 0.187500
v 0.312500 2.000000 0.187500
v 0.312500 2.062500 0.187500
v 0.312500 2.125000 0.187500
v 0.312500 2.187500 0.187500
v 0.312500 2.250000 0.187500
v 0.312500 2.312500 0.187500
v 0.312500 2.500000 0.187500
v 0.312500 0.000000 0.250000
v 0.312500 0.250000 0.250000
v 0.312500 2.312500 0.250000
v 0.312500 2.500000 0.250000
v 0.312500 0.000000 0.312500
v 0.312500 0.250000 0.312500
v 0.312500 2.312500 0.312500
v 0.312500 2.500000 0.312500
v 0.312500 0.000000 0.375000
v 0.312500 0.250000 0.375000
v 0.312500 2.312500 0.375000
v 0.312500 2.500000 0.375000
v 0.312500 0.000000 0.437500
v 0.312500 0.125000 0.437500
v 0.312500 0.187500 0.437500
v 0.312500 0.250000 0.437500
v 0.312500 2.312500 0.437500
v 0.312500 2.375000 0.437500
v 0.312500 2.437500 0.437500
v 0.312500 2.500000 0.437500
v 0.312500 0.000000 0.500000
v 0.312500 0.062500 0.500000
v 0.312500 0.125000 0.500000
v 0.375000 0.062500 -0.500000
v 0.375000 0.000000 -0.500000
v 0.375000 0.000000 -0.437500
v 0.375000 0.125000 -0.500000
v 0.375000 0.125000 -0.437500
v 0.375000 0.000000 -0.375000
v 0.375000 0.187500 -0.437500
v 0.375000 0.250000 -0.437500
v 0.375000 0.250000 -0.375000
v 0.375000 2.375000 -0.437500
v 0.375000 2.312500 -0.437500
v 0.375000 2.312500 -0.375000
v 0.375000 2.437500 -0.437500
v 0.375000 2.500000 -0.437500
v 0.375000 2.500000 -0.375000
v 0.375000 0.000000 -0.312500
v 0.375000 0.250000 -0.312500
v 0.375000 2.312500 -0.312500
v 0.375000 2.500000 -0.312500
v 0.375000 0.000000 -0.250000
v 0.375000 0.250000 -0.250000
v 0.375000 2.312500 -0.250000
v 0.375000 2.500000 -0.250000
v 0.375000 0.000000 -0.187500
v 0.375000 0.250000 -0.187500
v 0.375000 2.312500 -0.187500
v 0.375000 2.500000 -0.187500
v 0.375000 0.000000 -0.125000
v 0.375000 0.250000 -0.125000
v 0.375000 2.312500 -0.125000
v 0.375000 2.500000 -0.125000
v 0.375000 0.000000 -0.062500
v 0.375000 0.250000 -0.062500
v 0.375000 2.312500 -0.062500
v 0.375000 2.500000 -0.062500
v 0.375000 0.000000 0.000000
v 0.375000 0.250000 0.000000
v 0.375000 2.312500 0.000000
v 0.375000 2.500000 0.000000
v 0.375000 0.000000 0.062500
v 0.375000 0.250000 0.062500
v 0.375000 2.312500 0.062500
v 0.375000 2.500000 0.062500
v 0.375000 0.000000 0.125000
v 0.375000 0.250000 0.125000
v 0.375000 2.312500 0.125000
v 0.375000 2.500000 0.125000
v 0.375000 0.000000 0.187500
v 0.375000 0.250000 0.187500
v 0.375000 2.312500 0.187500
v 0.375000 2.500000 0.187500
v 0.375000 0.000000 0.250000
v 0.375000 0.250000 0.250000
v 0.375000 2.312500 0.250000
v 0.375000 2.500000 0.250000
v 0.375000 0.000000 0.312500
v 0.375000 0.250000 0.312500
v 0.375000 2.312500 0.312500
v 0.375000 2.500000 0.312500
v 0.375000 0.000000 0.375000
v 0.375000 0.250000 0.375000
v 0.375000 2.312500 0.375000
v 0.375000 2.500000 0.375000
v 0.375000 0.000000 0.437500
v 0.375000 0.125000 0.437500
v 0.375000 0.187500 0.437500
v 0.375000 0.250000 0.437500
v 0.375000 2.312500 0.437500
v 0.375000 2.375000 0.437500
v 0.375000 2.437500 0.437500
v 0.375000 2.500000 0.437500
v 0.375000 0.000000 0.500000
v 0.375000 0.062500 0.500000
v 0.375000 0.125000 0.500000
v 0.437500 0.062500 -0.500000
v 0.437500 0.000000 -0.500000
v 0.437500 0.000000 -0.437500
v 0.437500 0.125000 -0.500000
v 0.437500 0.125000 -0.437500
v 0.437500 0.000000 -0.375000
v 0.437500 0.187500 -0.437500
v 0.437500 0.187500 -0.375000
v 0.437500 0.125000 -0.375000
v 0.437500 0.250000 -0.437500
v 0.437500 0.250000 -0.375000
v 0.437500 2.375000 -0.437500
v 0.437500 2.375000 -0.375000
v 0.437500 2.312500 -0.375000
v 0.437500 2.312500 -0.437500
v 0.437500 2.437500 -0.437500
v 0.437500 2.437500 -0.375000
v 0.437500 2.500000 -0.437500
v 0.437500 2.500000 -0.375000
v 0.437500 0.000000 -0.312500
v 0.437500 0.187500 -0.312500
v 0.437500 0.125000 -0.312500
v 0.437500 0.250000 -0.312500
v 0.437500 2.375000 -0.312500
v 0.437500 2.312500 -0.312500
v 0.437500 2.437500 -0.312500
v 0.437500 2.500000 -0.312500
v 0.437500 0.000000 -0.250000
v 0.437500 0.187500 -0.250000
v 0.437500 0.125000 -0.250000
v 0.437500 0.250000 -0.250000
v 0.437500 2.375000 -0.250000
v 0.437500 2.312500 -0.250000
v 0.437500 2.437500 -0.250000
v 0.437500 2.500000 -0.250000
v 0.437500 0.000000 -0.187500
v 0.437500 0.187500 -0.187500
v 0.437500 0.125000 -0.187500
v 0.437500 0.250000 -0.187500
v 0.437500 2.375000 -0.187500
v 0.437500 2.312500 -0.187500
v 0.437500 2.437500 -0.187500
v 0.437500 2.500000 -0.187500
v 0.437500 0.000000 -0.125000
v 0.437500 0.187500 -0.125000
v 0.437500 0.125000 -0.125000
v 0.437500 0.250000 -0.125000
v 0.437500 2.375000 -0.125000
v 0.437500 2.312500 -0.125000
v 0.437500 2.437500 -0.125000
v 0.437500 2.500000 -0.125000
v 0.437500 0.000000 -0.062500
v 0.437500 0.187500 -0.062500
v 0.437500 0.125000 -0.062500
v 0.437500 0.250000 -0.062500
v 0.437500 2.375000 -0.062500
v 0.437500 2.312500 -0.062500
v 0.437500 2.437500 -0.062500
v 0.437500 2.500000 -0.062500
v 0.437500 0.000000 0.000000
v 0.437500 0.187500 0.000000
v 0.437500 0.125000 0.000000
v 0.437500 0.250000 0.000000
v 0.437500 2.375000 0.000000
v 0.437500 2.312500 0.000000
v 0.437500 2.437500 0.000000
v 0.437500 2.500000 0.000000
v 0.437500 0.000000 0.062500
v 0.437500 0.187500 0.062500
v 0.437500 0.125000 0.062500
v 0.437500 0.250000 0.062500
v 0.437500 2.375000 0.062500
v 0.437500 2.312500 0.062500
v 0.437500 2.437500 0.062500
v 0.437500 2.500000 0.062500
v 0.437500 0.000000 0.125000
v 0.437500 0.187500 0.125000
v 0.437500 0.125000 0.125000
v 0.437500 0.250000 0.125000
v 0.437500 2.375000 0.125000
v 0.437500 2.312500 0.125000
v 0.437500 2.437500 0.125000
v 0.437500 2.500000 0.125000
v 0.437500 0.000000 0.187500
v 0.437500 0.187500 0.187500
v 0.437500 0.125000 0.187500
v 0.437500 0.250000 0.187500
v 0.437500 2.375000 0.187500
v 0.437500 2.312500 0.187500
v 0.437500 2.437500 0.187500
v 0.437500 2.500000 0.187500
v 0.437500 0.000000 0.250000
v 0.437500 0.187500 0.250000
v 0.437500 0.125000 0.250000
v 0.437500 0.250000 0.250000
v 0.437500 2.375000 0.250000
v 0.437500 2.312500 0.250000
v 0.437500 2.437500 0.250000
v 0.437500 2.500000 0.250000
v 0.437500 0.000000 0.312500
v 0.437500 0.187500 0.312500
v 0.437500 0.125000 0.312500
v 0.437500 0.250000 0.312500
v 0.437500 2.375000 0.312500
v 0.437500 2.312500 0.312500
v 0.437500 2.437500 0.312500
v 0.437500 2.500000 0.312500
v 0.437500 0.000000 0.375000
v 0.437500 0.187500 0.375000
v 0.437500 0.125000 0.375000
v 0.437500 0.250000 0.375000
v 0.437500 2.375000 0.375000
v 0.437500 2.312500 0.375000
v 0.437500 2.437500 0.375000
v 0.437500 2.500000 0.375000
v 0.437500 0.000000 0.437500
v 0.437500 0.187500 0.437500
v 0.437500 0.125000 0.437500
v 0.437500 0.250000 0.437500
v 0.437500 2.375000 0.437500
v 0.437500 2.312500 0.437500
v 0.437500 2.437500 0.437500
v 0.437500 2.500000 0.437500
v 0.437500 0.000000 0.500000
v 0.437500 0.062500 0.500000
v 0.437500 0.125000 0.500000
v 0.500000 0.062500 -0.500000
v 0.500000 0.062500 -0.437500
v 0.500000 0.000000 -0.437500
v 0.500000 0.000000 -0.500000
v 0.500000 0.125000 -0.500000
v 0.500000 0.125000 -0.437500
v 0.500000 0.062500 -0.375000
v 0.500000 0.000000 -0.375000
v 0.500000 0.125000 -0.375000
v 0.500000 0.062500 -0.312500
v 0.500000 0.000000 -0.312500
v 0.500000 0.125000 -0.312500
v 0.500000 0.062500 -0.250000
v 0.500000 0.000000 -0.250000
v 0.500000 0.125000 -0.250000
v 0.500000 0.062500 -0.187500
v 0.500000 0.000000 -0.187500
v 0.500000 0.125000 -0.187500
v 0.500000 0.062500 -0.125000
v 0.500000 0.000000 -0.125000
v 0.500000 0.125000 -0.125000
v 0.500000 0.062500 -0.062500
v 0.500000 0.000000 -0.062500
v 0.500000 0.125000 -0.062500
v 0.500000 0.062500 0.000000
v 0.500000 0.000000 0.000000
v 0.500000 0.125000 0.000000
v 0.500000 0.062500 0.062500
v 0.500000 0.000000 0.062500
v 0.500000 0.125000 0.062500
v 0.500000 0.062500 0.125000
v 0.500000 0.000000 0.125000
v 0.500000 0.125000 0.125000
v 0.500000 0.062500 0.187500
v 0.500000 0.000000 0.187500
v 0.500000 0.125000 0.187500
v 0.500000 0.062500 0.250000
v 0.500000 0.000000 0.250000
v 0.500000 0.125000 0.250000
v 0.500000 0.062500 0.312500
v 0.500000 0.000000 0.312500
v 0.500000 0.125000 0.312500
v 0.500000 0.062500 0.375000
v 0.500000 0.000000 0.375000
v 0.500000 0.125000 0.375000
v 0.500000 0.062500 0.437500
v 0.500000 0.000000 0.437500
v 0.500000 0.125000 0.437500
v 0.500000 0.062500 0.500000
v 0.500000 0.000000 0.500000
v 0.500000 0.125000 0.500000
vt 0.03125000 0.96875000
vt 0.09375000 0.96875000
vt 0.15625000 0.96875000
vt 0.21875000 0.96875000
vt 0.28125000 0.96875000
vt 0.34375000 0.96875000
vt 0.40625000 0.96875000
vt 0.46875000 0.96875000
vt 0.53125000 0.96875000
vt 0.59375000 0.96875000
vt 0.65625000 0.96875000
vt 0.71875000 0.96875000
vt 0.78125000 0.96875000
vt 0.84375000 0.96875000
vt 0.90625000 0.96875000
vt 0.96875000 0.96875000
vt 0.03125000 0.90625000
vt 0.09375000 0.90625000
vt 0.15625000 0.90625000
vt 0.21875000 0.90625000
vt 0.28125000 0.90625000
vt 0.34375000 0.90625000
vt 0.40625000 0.90625000
vt 0.46875000 0.90625000
vt 0.53125000 0.90625000
vt 0.59375000 0.90625000
vt 0.65625000 0.90625000
vt 0.71875000 0.90625000
vt 0.78125000 0.90625000
vt 0.84375000 0.90625000
vt 0.90625000 0.90625000
vt 0.96875000 0.90625000
vt 0.03125000 0.84375000
vt 0.09375000 0.84375000
vt 0.15625000 0.84375000
vt 0.21875000 0.84375000
vt 0.28125000 0.84375000
vt 0.34375000 0.84375000
vt 0.40625000 0.84375000
vt 0.46875000 0.84375000
vt 0.53125000 0.84375000
vt 0.59375000 0.84375000
vt 0.65625000 0.84375000
vt 0.71875000 0.84375000
vt 0.78125000 0.84375000
vt 0.84375000 0.84375000
vt 0.90625000 0.84375000
vt 0.96875000 0.84375000
vt 0.03125000 0.78125000
vt 0.09375000 0.78125000
vt 0.15625000 0.78125000
vt 0.21875000 0.78125000
vt 0.28125000 0.78125000
vt 0.34375000 0.78125000
vt 0.40625000 0.78125000
vt 0.46875000 0.78125000
vt 0.53125000 0.78125000
vt 0.59375000 0.78125000
vt 0.65625000 0.78125000
vt 0.71875000 0.78125000
vt 0.78125000 0.78125000
vt 0.84375000 0.78125000
vt 0.90625000 0.78125000
vt 0.96875000 0.78125000
vt 0.03125000 0.71875000
vt 0.09375000 0.71875000
vt 0.15625000 0.71875000
vt 0.21875000 0.71875000
vt 0.28125000 0.71875000
vt 0.34375000 0.71875000
vt 0.40625000 0.71875000
vt 0.46875000 0.71875000
vt 0.53125000 0.71875000
vt 0.59375000 0.71875000
vt 0.65625000 0.71875000
vt 0.71875000 0.71875000
vt 0.78125000 0.71875000
vt 0.84375000 0.71875000
vt 0.90625000 0.71875000
vt 0.96875000 0.71875000
vt 0.03125000 0.65625000
vt 0.09375000 0.65625000
vt 0.15625000 0.65625000
vt 0.21875000 0.65625000
vt 0.28125000 0.65625000
vt 0.34375000 0.65625000
vt 0.40625000 0.65625000
vt 0.46875000 0.65625000
vt 0.53125000 0.65625000
vt 0.59375000 0.65625000
vt 0.65625000 0.65625000
vt 0.71875000 0.65625000
vt 0.78125000 0.65625000
vt 0.84375000 0.65625000
vt 0.90625000 0.65625000
vt 0.96875000 0.65625000
vt 0.03125000 0.59375000
vt 0.09375000 0.59375000
vt 0.15625000 0.59375000
vt 0.21875000 0.59375000
vt 0.28125000 0.59375000
vt 0.34375000 0.59375000
vt 0.40625000 0.59375000
vt 0.46875000 0.59375000
vt 0.53125000 0.59375000
vt 0.59375000 0.59375000
vt 0.65625000 0.59375000
vt 0.71875000 0.59375000
vt 0.78125000 0.59375000
vt 0.84375000 0.59375000
vt 0.90625000 0.59375000
vt 0.96875000 0.59375000
vt 0.03125000 0.53125000
vt 0.09375000 0.53125000
vt 0.15625000 0.53125000
vt 0.21875000 0.53125000
vt 0.28125000 0.53125000
vt 0.34375000 0.53125000
vt 0.40625000 0.53125000
vt 0.46875000 0.53125000
vt 0.53125000 0.53125000
vt 0.59375000 0.53125000
vt 0.65625000 0.53125000
vt 0.71875000 0.53125000
vt 0.78125000 0.53125000
vt 0.84375000 0.53125000
vt 0.90625000 0.53125000
vt 0.96875000 0.53125000
vt 0.03125000 0.46875000
vt 0.09375000 0.46875000
vt 0.15625000 0.46875000
vt 0.21875000 0.46875000
vt 0.28125000 0.46875000
vt 0.34375000 0.46875000
vt 0.40625000 0.46875000
vt 0.46875000 0.46875000
vt 0.53125000 0.46875000
vt 0.59375000 0.46875000
vt 0.65625000 0.46875000
vt 0.71875000 0.46875000
vt 0.78125000 0.46875000
vt 0.84375000 0.46875000
vt 0.90625000 0.46875000
vt 0.96875000 0.46875000
vt 0.03125000 0.40625000
vt 0.09375000 0.40625000
vt 0.15625000 0.40625000
vt 0.21875000 0.40625000
vt 0.28125000 0.40625000
vt 0.34375000 0.40625000
vt 0.40625000 0.40625000
vt 0.46875000 0.40625000
vt 0.53125000 0.40625000
vt 0.59375000 0.40625000
vt 0.65625000 0.40625000
vt 0.71875000 0.40625000
vt 0.78125000 0.40625000
vt 0.84375000 0.40625000
vt 0.90625000 0.40625000
vt 0.96875000 0.40625000
vt 0.03125000 0.34375000
vt 0.09375000 0.34375000
vt 0.15625000 0.34375000
vt 0.21875000 0.34375000
vt 0.28125000 0.34375000
vt 0.34375000 0.34375000
vt 0.40625000 0.34375000
vt 0.46875000 0.34375000
vt 0.53125000 0.34375000
vt 0.59375000 0.34375000
vt 0.65625000 0.34375000
vt 0.71875000 0.34375000
vt 0.78125000 0.34375000
vt 0.84375000 0.34375000
vt 0.90625000 0.34375000
vt 0.96875000 0.34375000
vt 0.03125000 0.28125000
vt 0.09375000 0.28125000
vt 0.15625000 0.28125000
vt 0.21875000 0.28125000
vt 0.28125000 0.28125000
vt 0.34375000 0.28125000
vt 0.40625000 0.28125000
vt 0.46875000 0.28125000
vt 0.53125000 0.28125000
vt 0.59375000 0.28125000
vt 0.65625000 0.28125000
vt 0.71875000 0.28125000
vt 0.78125000 0.28125000
vt 0.84375000 0.28125000
vt 0.90625000 0.28125000
vt 0.96875000 0.28125000
vt 0.03125000 0.21875000
vt 0.09375000 0.21875000
vt 0.15625000 0.21875000
vt 0.21875000 0.21875000
vt 0.28125000 0.21875000
vt 0.34375000 0.21875000
vt 0.40625000 0.21875000
vt 0.46875000 0.21875000
vt 0.53125000 0.21875000
vt 0.59375000 0.21875000
vt 0.65625000 0.21875000
vt 0.71875000 0.21875000
vt 0.78125000 0.21875000
vt 0.84375000 0.21875000
vt 0.90625000 0.21875000
vt 0.96875000 0.21875000
vt 0.03125000 0.15625000
vt 0.09375000 0.15625000
vt 0.15625000 0.15625000
vt 0.21875000 0.15625000
vt 0.28125000 0.15625000
vt 0.34375000 0.15625000
vt 0.40625000 0.15625000
vt 0.46875000 0.15625000
vt 0.53125000 0.15625000
vt 0.59375000 0.15625000
vt 0.65625000 0.15625000
vt 0.71875000 0.15625000
vt 0.78125000 0.15625000
vt 0.84375000 0.15625000
vt 0.90625000 0.15625000
vt 0.96875000 0.15625000
vt 0.03125000 0.09375000
vt 0.09375000 0.09375000
vt 0.15625000 0.09375000
vt 0.21875000 0.09375000
vt 0.28125000 0.09375000
vt 0.34375000 0.09375000
vt 0.40625000 0.09375000
vt 0.46875000 0.09375000
vt 0.53125000 0.09375000
vt 0.59375000 0.09375000
vt 0.65625000 0.09375000
vt 0.71875000 0.09375000
vt 0.78125000 0.09375000
vt 0.84375000 0.09375000
vt 0.90625000 0.09375000
vt 0.96875000 0.09375000
vt 0.03125000 0.03125000
vt 0.09375000 0.03125000
vt 0.15625000 0.03125000
vt 0.21875000 0.03125000
vt 0.28125000 0.03125000
vt 0.34375000 0.03125000
vt 0.40625000 0.03125000
vt 0.46875000 0.03125000
vt 0.53125000 0.03125000
vt 0.59375000 0.03125000
vt 0.65625000 0.03125000
vt 0.71875000 0.03125000
vt 0.78125000 0.03125000
vt 0.84375000 0.03125000
vt 0.90625000 0.03125000
vt 0.96875000 0.03125000
vn -1 0 0
vn 1 0 0
vn 0 0 -1
vn 0 0 1
vn 0 -1 0
vn 0 1 0
g palette
usemtl palette
f 1/4/1 2/4/1 3/4/1 4/4/1
f 3/4/3 5/4/3 6/4/3 4/4/3
f 6/4/5 7/4/5 1/4/5 4/4/5
f 2/4/1 8/4/1 9/4/1 3/4/1
f 9/4/3 10/4/3 5/4/3 3/4/3
f 8/4/6 11/4/6 10/4/6 9/4/6
f 12/4/1 13/4/1 2/4/1 1/4/1
f 7/4/5 14/4/5 12/4/5 1/4/5
f 13/4/1 15/4/1 8/4/1 2/4/1
f 15/4/6 16/4/6 11/4/6 8/4/6
f 17/4/1 18/4/1 13/4/1 12/4/1
f 14/4/5 19/4/5 17/4/5 12/4/5
f 18/4/1 20/4/1 15/4/1 13/4/1
f 20/4/6 21/4/6 16/4/6 15/4/6
f 22/4/1 23/4/1 18/4/1 17/4/1
f 19/4/5 24/4/5 22/4/5 17/4/5
f 23/4/1 25/4/1 20/4/1 18/4/1
f 25/4/6 26/4/6 21/4/6 20/4/6
f 27/4/1 28/4/1 23/4/1 22/4/1
f 24/4/5 29/4/5 27/4/5 22/4/5
f 28/4/1 30/4/1 25/4/1 23/4/1
f 30/4/6 31/4/6 26/4/6 25/4/6
f 32/4/1 33/4/1 28/4/1 27/4/1
f 29/4/5 34/4/5 32/4/5 27/4/5
f 33/4/1 35/4/1 30/4/1 28/4/1
f 35/4/6 36/4/6 31/4/6 30/4/6
f 37/4/1 38/4/1 33/4/1 32/4/1
f 34/4/5 39/4/5 37/4/5 32/4/5
f 38/4/1 40/4/1 35/4/1 33/4/1
f 40/4/6 41/4/6 36/4/6 35/4/6
f 42/4/1 43/4/1 38/4/1 37/4/1
f 39/4/5 44/4/5 42/4/5 37/4/5
f 43/4/1 45/4/1 40/4/1 38/4/1
f 45/4/6 46/4/6 41/4/6 40/4/6
f 47/4/1 48/4/1 43/4/1 42/4/1
f 44/4/5 49/4/5 47/4/5 42/4/5
f 48/4/1 50/4/1 45/4/1 43/4/1
f 50/4/6 51/4/6 46/4/6 45/4/6
f 52/4/1 53/4/1 48/4/1 47/4/1
f 49/4/5 54/4/5 52/4/5 47/4/5
f 53/4/1 55/4/1 50/4/1 48/4/1
f 55/4/6 56/4/6 51/4/6 50/4/6
f 57/4/1 58/4/1 53/4/1 52/4/1
f 54/4/5 59/4/5 57/4/5 52/4/5
f 58/4/1 60/4/1 55/4/1 53/4/1
f 60/4/6 61/4/6 56/4/6 55/4/6
f 62/4/1 63/4/1 58/4/1 57/4/1
f 59/4/5 64/4/5 62/4/5 57/4/5
f 63/4/1 65/4/1 60/4/1 58/4/1
f 65/4/6 66/4/6 61/4/6 60/4/6
f 67/4/1 68/4/1 63/4/1 62/4/1
f 64/4/5 69/4/5 67/4/5 62/4/5
f 68/4/1 70/4/1 65/4/1 63/4/1
f 70/4/6 71/4/6 66/4/6 65/4/6
f 72/4/1 73/4/1 68/4/1 67/4/1
f 69/4/5 74/4/5 72/4/5 67/4/5
f 73/4/1 75/4/1 70/4/1 68/4/1
f 75/4/6 76/4/6 71/4/6 70/4/6
f 77/4/1 78/4/1 73/4/1 72/4/1
f 74/4/5 79/4/5 77/4/5 72/4/5
f 78/4/1 80/4/1 75/4/1 73/4/1
f 80/4/6 81/4/6 76/4/6 75/4/6
f 82/4/1 83/4/1 78/4/1 77/4/1
f 84/4/4 85/4/4 83/4/4 82/4/4
f 79/4/5 84/4/5 82/4/5 77/4/5
f 83/4/1 86/4/1 80/4/1 78/4/1
f 85/4/4 87/4/4 86/4/4 83/4/4
f 86/4/6 87/4/6 81/4/6 80/4/6
f 5/4/3 88/4/3 89/4/3 6/4/3
f 89/4/5 90/4/5 7/4/5 6/4/5
f 91/4/2 92/4/2 93/4/2 88/4/2
f 10/4/3 91/4/3 88/4/3 5/4/3
f 11/4/6 92/4/6 91/4/6 10/4/6
f 90/4/5 94/4/5 14/4/5 7/4/5
f 92/4/2 95/4/2 96/4/2 93/4/2
f 16/5/1 97/5/1 98/5/1 11/5/1
f 98/5/3 99/5/3 92/5/3 11/5/3
f 97/5/1 100/5/1 101/5/1 98/5/1
f 101/5/3 102/5/3 99/5/3 98/5/3
f 100/5/6 103/5/6 102/5/6 101/5/6
f 104/5/1 105/5/1 106/5/1 107/5/1
f 106/5/3 108/5/3 109/5/3 107/5/3
f 109/5/5 110/5/5 104/5/5 107/5/5
f 105/5/1 111/5/1 112/5/1 106/5/1
f 112/5/3 113/5/3 108/5/3 106/5/3
f 111/5/1 114/5/1 115/5/1 112/5/1
f 115/5/3 116/5/3 113/5/3 112/5/3
f 114/5/6 117/5/6 116/5/6 115/5/6
f 94/4/5 118/4/5 19/4/5 14/4/5
f 21/5/1 119/5/1 97/5/1 16/5/1
f 119/5/1 120/5/1 100/5/1 97/5/1
f 120/5/6 121/5/6 103/5/6 100/5/6
f 122/5/1 123/5/1 105/5/1 104/5/1
f 110/5/5 124/5/5 122/5/5 104/5/5
f 123/5/1 125/5/1 111/5/1 105/5/1
f 125/5/1 126/5/1 114/5/1 111/5/1
f 126/5/6 127/5/6 117/5/6 114/5/6
f 118/4/5 128/4/5 24/4/5 19/4/5
f 26/5/1 129/5/1 119/5/1 21/5/1
f 129/5/1 130/5/1 120/5/1 119/5/1
f 130/5/6 131/5/6 121/5/6 120/5/6
f 132/5/1 133/5/1 123/5/1 122/5/1
f 124/5/5 134/5/5 132/5/5 122/5/5
f 133/5/1 135/5/1 125/5/1 123/5/1
f 135/5/1 136/5/1 126/5/1 125/5/1
f 136/5/6 137/5/6 127/5/6 126/5/6
f 128/4/5 138/4/5 29/4/5 24/4/5
f 31/5/1 139/5/1 129/5/1 26/5/1
f 139/5/1 140/5/1 130/5/1 129/5/1
f 140/5/6 141/5/6 131/5/6 130/5/6
f 142/5/1 143/5/1 133/5/1 132/5/1
f 134/5/5 144/5/5 142/5/5 132/5/5
f 143/5/1 145/5/1 135/5/1 133/5/1
f 145/5/1 146/5/1 136/5/1 135/5/1
f 146/5/6 147/5/6 137/5/6 136/5/6
f 138/4/5 148/4/5 34/4/5 29/4/5
f 36/5/1 149/5/1 139/5/1 31/5/1
f 149/5/1 150/5/1 140/5/1 139/5/1
f 150/5/6 151/5/6 141/5/6 140/5/6
f 152/5/1 153/5/1 143/5/1 142/5/1
f 144/5/5 154/5/5 152/5/5 142/5/5
f 153/5/1 155/5/1 145/5/1 143/5/1
f 155/5/1 156/5/1 146/5/1 145/5/1
f 156/5/6 157/5/6 147/5/6 146/5/6
f 148/4/5 158/4/5 39/4/5 34/4/5
f 41/5/1 159/5/1 149/5/1 36/5/1
f 159/5/1 160/5/1 150/5/1 149/5/1
f 160/5/6 161/5/6 151/5/6 150/5/6
f 162/5/1 163/5/1 153/5/1 152/5/1
f 154/5/5 164/5/5 162/5/5 152/5/5
f 163/5/1 165/5/1 155/5/1 153/5/1
f 165/5/1 166/5/1 156/5/1 155/5/1
f 166/5/6 167/5/6 157/5/6 156/5/6
f 158/4/5 168/4/5 44/4/5 39/4/5
f 46/5/1 169/5/1 159/5/1 41/5/1
f 169/5/1 170/5/1 160/5/1 159/5/1
f 170/5/6 171/5/6 161/5/6 160/5/6
f 172/5/1 173/5/1 163/5/1 162/5/1
f 164/5/5 174/5/5 172/5/5 162/5/5
f 173/5/1 175/5/1 165/5/1 163/5/1
f 175/5/1 176/5/1 166/5/1 165/5/1
f 176/5/6 177/5/6 167/5/6 166/5/6
f 168/4/5 178/4/5 49/4/5 44/4/5
f 51/5/1 179/5/1 169/5/1 46/5/1
f 179/5/1 180/5/1 170/5/1 169/5/1
f 180/5/6 181/5/6 171/5/6 170/5/6
f 182/5/1 183/5/1 173/5/1 172/5/1
f 174/5/5 184/5/5 182/5/5 172/5/5
f 183/5/1 185/5/1 175/5/1 173/5/1
f 185/5/1 186/5/1 176/5/1 175/5/1
f 186/5/6 187/5/6 177/5/6 176/5/6
f 178/4/5 188/4/5 54/4/5 49/4/5
f 56/5/1 189/5/1 179/5/1 51/5/1
f 189/5/1 190/5/1 180/5/1 179/5/1
f 190/5/6 191/5/6 181/5/6 180/5/6
f 192/5/1 193/5/1 183/5/1 182/5/1
f 184/5/5 194/5/5 192/5/5 182/5/5
f 193/5/1 195/5/1 185/5/1 183/5/1
f 195/5/1 196/5/1 186/5/1 185/5/1
f 196/5/6 197/5/6 187/5/6 186/5/6
f 188/4/5 198/4/5 59/4/5 54/4/5
f 61/5/1 199/5/1 189/5/1 56/5/1
f 199/5/1 200/5/1 190/5/1 189/5/1
f 200/5/6 201/5/6 191/5/6 190/5/6
f 202/5/1 203/5/1 193/5/1 192/5/1
f 194/5/5 204/5/5 202/5/5 192/5/5
f 203/5/1 205/5/1 195/5/1 193/5/1
f 205/5/1 206/5/1 196/5/1 195/5/1
f 206/5/6 207/5/6 197/5/6 196/5/6
f 198/4/5 208/4/5 64/4/5 59/4/5
f 66/5/1 209/5/1 199/5/1 61/5/1
f 209/5/1 210/5/1 200/5/1 199/5/1
f 210/5/6 211/5/6 201/5/6 200/5/6
f 212/5/1 213/5/1 203/5/1 202/5/1
f 204/5/5 214/5/5 212/5/5 202/5/5
f 213/5/1 215/5/1 205/5/1 203/5/1
f 215/5/1 216/5/1 206/5/1 205/5/1
f 216/5/6 217/5/6 207/5/6 206/5/6
f 208/4/5 218/4/5 69/4/5 64/4/5
f 71/5/1 219/5/1 209/5/1 66/5/1
f 219/5/1 220/5/1 210/5/1 209/5/1
f 220/5/6 221/5/6 211/5/6 210/5/6
f 222/5/1 223/5/1 213/5/1 212/5/1
f 214/5/5 224/5/5 222/5/5 212/5/5
f 223/5/1 225/5/1 215/5/1 213/5/1
f 225/5/1 226/5/1 216/5/1 215/5/1
f 226/5/6 227/5/6 217/5/6 216/5/6
f 218/4/5 228/4/5 74/4/5 69/4/5
f 76/5/1 229/5/1 219/5/1 71/5/1
f 229/5/1 230/5/1 220/5/1 219/5/1
f 230/5/6 231/5/6 221/5/6 220/5/6
f 232/5/1 233/5/1 223/5/1 222/5/1
f 224/5/5 234/5/5 232/5/5 222/5/5
f 233/5/1 235/5/1 225/5/1 223/5/1
f 235/5/1 236/5/1 226/5/1 225/5/1
f 236/5/6 237/5/6 227/5/6 226/5/6
f 228/4/5 238/4/5 79/4/5 74/4/5
f 81/5/1 239/5/1 229/5/1 76/5/1
f 240/5/4 241/5/4 239/5/4 81/5/4
f 239/5/1 242/5/1 230/5/1 229/5/1
f 241/5/4 243/5/4 242/5/4 239/5/4
f 242/5/6 243/5/6 231/5/6 230/5/6
f 244/5/1 245/5/1 233/5/1 232/5/1
f 246/5/4 247/5/4 245/5/4 244/5/4
f 234/5/5 246/5/5 244/5/5 232/5/5
f 245/5/1 248/5/1 235/5/1 233/5/1
f 247/5/4 249/5/4 248/5/4 245/5/4
f 248/5/1 250/5/1 236/5/1 235/5/1
f 249/5/4 251/5/4 250/5/4 248/5/4
f 250/5/6 251/5/6 237/5/6 236/5/6
f 252/4/4 253/4/4 85/4/4 84/4/4
f 238/4/5 252/4/5 84/4/5 79/4/5
f 253/4/4 254/4/4 87/4/4 85/4/4
f 87/4/6 254/4/6 240/4/6 81/4/6
f 88/4/3 255/4/3 256/4/3 89/4/3
f 256/4/5 257/4/5 90/4/5 89/4/5
f 93/4/6 258/4/6 255/4/6 88/4/6
f 257/4/5 259/4/5 94/4/5 90/4/5
f 96/4/6 260/4/6 258/4/6 93/4/6
f 99/5/3 261/5/3 262/5/3 92/5/3
f 262/5/5 263/5/5 95/5/5 92/5/5
f 102/5/3 264/5/3 261/5/3 99/5/3
f 103/5/6 265/5/6 264/5/6 102/5/6
f 108/5/3 266/5/3 267/5/3 109/5/3
f 267/5/5 268/5/5 110/5/5 109/5/5
f 113/5/3 269/5/3 266/5/3 108/5/3
f 116/5/3 270/5/3 269/5/3 113/5/3
f 117/5/6 271/5/6 270/5/6 116/5/6
f 259/4/5 272/4/5 118/4/5 94/4/5
f 95/4/3 263/4/3 260/4/3 96/4/3
f 121/5/6 273/5/6 265/5/6 103/5/6
f 268/5/5 274/5/5 124/5/5 110/5/5
f 127/5/6 275/5/6 271/5/6 117/5/6
f 272/4/5 276/4/5 128/4/5 118/4/5
f 131/5/6 277/5/6 273/5/6 121/5/6
f 274/5/5 278/5/5 134/5/5 124/5/5
f 137/5/6 279/5/6 275/5/6 127/5/6
f 276/4/5 280/4/5 138/4/5 128/4/5
f 141/5/6 281/5/6 277/5/6 131/5/6
f 278/5/5 282/5/5 144/5/5 134/5/5
f 147/5/6 283/5/6 279/5/6 137/5/6
f 280/4/5 284/4/5 148/4/5 138/4/5
f 151/5/6 285/5/6 281/5/6 141/5/6
f 282/5/5 286/5/5 154/5/5 144/5/5
f 157/5/6 287/5/6 283/5/6 147/5/6
f 284/4/5 288/4/5 158/4/5 148/4/5
f 161/5/6 289/5/6 285/5/6 151/5/6
f 286/5/5 290/5/5 164/5/5 154/5/5
f 167/5/6 291/5/6 287/5/6 157/5/6
f 288/4/5 292/4/5 168/4/5 158/4/5
f 171/5/6 293/5/6 289/5/6 161/5/6
f 290/5/5 294/5/5 174/5/5 164/5/5
f 177/5/6 295/5/6 291/5/6 167/5/6
f 292/4/5 296/4/5 178/4/5 168/4/5
f 181/5/6 297/5/6 293/5/6 171/5/6
f 294/5/5 298/5/5 184/5/5 174/5/5
f 187/11/6 299/11/6 295/11/6 177/11/6
f 296/4/5 300/4/5 188/4/5 178/4/5
f 191/5/6 301/5/6 297/5/6 181/5/6
f 298/5/5 302/5/5 194/5/5 184/5/5
f 197/5/6 303/5/6 299/5/6 187/5/6
f 300/4/5 304/4/5 198/4/5 188/4/5
f 201/5/6 305/5/6 301/5/6 191/5/6
f 302/5/5 306/5/5 204/5/5 194/5/5
f 207/5/6 307/5/6 303/5/6 197/5/6
f 304/4/5 308/4/5 208/4/5 198/4/5
f 211/5/6 309/5/6 305/5/6 201/5/6
f 306/5/5 310/5/5 214/5/5 204/5/5
f 217/5/6 311/5/6 307/5/6 207/5/6
f 308/4/5 312/4/5 218/4/5 208/4/5
f 221/5/6 313/5/6 309/5/6 211/5/6
f 310/5/5 314/5/5 224/5/5 214/5/5
f 227/5/6 315/5/6 311/5/6 217/5/6
f 312/4/5 316/4/5 228/4/5 218/4/5
f 231/5/6 317/5/6 313/5/6 221/5/6
f 314/5/5 318/5/5 234/5/5 224/5/5
f 237/5/6 319/5/6 315/5/6 227/5/6
f 316/4/5 320/4/5 238/4/5 228/4/5
f 321/5/4 322/5/4 241/5/4 240/5/4
f 322/5/4 323/5/4 243/5/4 241/5/4
f 243/5/6 323/5/6 317/5/6 231/5/6
f 324/5/4 325/5/4 247/5/4 246/5/4
f 318/5/5 324/5/5 246/5/5 234/5/5
f 325/5/4 326/5/4 249/5/4 247/5/4
f 326/5/4 327/5/4 251/5/4 249/5/4
f 251/5/6 327/5/6 319/5/6 237/5/6
f 328/11/4 329/11/4 253/11/4 252/11/4
f 320/11/5 328/11/5 252/11/5 238/11/5
f 329/4/4 330/4/4 254/4/4 253/4/4
f 254/4/6 330/4/6 321/4/6 240/4/6
f 255/4/3 331/4/3 332/4/3 256/4/3
f 332/4/5 333/4/5 257/4/5 256/4/5
f 258/4/6 334/4/6 331/4/6 255/4/6
f 333/4/5 335/4/5 259/4/5 257/4/5
f 260/4/6 336/4/6 334/4/6 258/4/6
f 261/5/3 337/5/3 338/5/3 262/5/3
f 338/5/5 339/5/5 263/5/5 262/5/5
f 264/5/3 340/5/3 337/5/3 261/5/3
f 265/5/6 341/5/6 340/5/6 264/5/6
f 266/5/3 342/5/3 343/5/3 267/5/3
f 343/5/5 344/5/5 268/5/5 267/5/5
f 269/5/3 345/5/3 342/5/3 266/5/3
f 270/5/3 346/5/3 345/5/3 269/5/3
f 271/5/6 347/5/6 346/5/6 270/5/6
f 335/4/5 348/4/5 272/4/5 259/4/5
f 263/4/3 339/4/3 336/4/3 260/4/3
f 273/5/6 349/5/6 341/5/6 265/5/6
f 344/5/5 350/5/5 274/5/5 268/5/5
f 275/5/6 351/5/6 347/5/6 271/5/6
f 348/4/5 352/4/5 276/4/5 272/4/5
f 277/5/6 353/5/6 349/5/6 273/5/6
f 350/5/5 354/5/5 278/5/5 274/5/5
f 279/5/6 355/5/6 351/5/6 275/5/6
f 352/4/5 356/4/5 280/4/5 276/4/5
f 281/5/6 357/5/6 353/5/6 277/5/6
f 354/5/5 358/5/5 282/5/5 278/5/5
f 283/5/6 359/5/6 355/5/6 279/5/6
f 356/4/5 360/4/5 284/4/5 280/4/5
f 285/4/1 361/4/1 362/4/1 281/4/1
f 362/4/3 363/4/3 357/4/3 281/4/3
f 361/4/1 364/4/1 365/4/1 362/4/1
f 365/4/3 366/4/3 363/4/3 362/4/3
f 364/4/1 367/4/1 368/4/1 365/4/1
f 368/4/3 369/4/3 366/4/3 365/4/3
f 367/4/1 370/4/1 371/4/1 368/4/1
f 371/4/3 372/4/3 369/4/3 368/4/3
f 370/4/1 373/4/1 374/4/1 371/4/1
f 374/4/3 375/4/3 372/4/3 371/4/3
f 373/4/1 376/4/1 377/4/1 374/4/1
f 377/4/3 378/4/3 375/4/3 374/4/3
f 376/4/1 379/4/1 380/4/1 377/4/1
f 380/4/3 381/4/3 378/4/3 377/4/3
f 379/4/1 382/4/1 383/4/1 380/4/1
f 383/4/3 384/4/3 381/4/3 380/4/3
f 382/4/1 385/4/1 386/4/1 383/4/1
f 386/4/3 387/4/3 384/4/3 383/4/3
f 385/4/1 388/4/1 389/4/1 386/4/1
f 389/4/3 390/4/3 387/4/3 386/4/3
f 388/4/1 391/4/1 392/4/1 389/4/1
f 392/4/3 393/4/3 390/4/3 389/4/3
f 391/4/1 394/4/1 395/4/1 392/4/1
f 395/4/3 396/4/3 393/4/3 392/4/3
f 394/4/1 397/4/1 398/4/1 395/4/1
f 398/4/3 399/4/3 396/4/3 395/4/3
f 397/4/1 400/4/1 401/4/1 398/4/1
f 401/4/3 402/4/3 399/4/3 398/4/3
f 400/4/1 403/4/1 404/4/1 401/4/1
f 404/4/3 405/4/3 402/4/3 401/4/3
f 403/4/1 406/4/1 407/4/1 404/4/1
f 407/4/3 408/4/3 405/4/3 404/4/3
f 406/4/1 409/4/1 410/4/1 407/4/1
f 410/4/3 411/4/3 408/4/3 407/4/3
f 409/4/1 412/4/1 413/4/1 410/4/1
f 413/4/3 414/4/3 411/4/3 410/4/3
f 412/4/1 415/4/1 416/4/1 413/4/1
f 416/4/3 417/4/3 414/4/3 413/4/3
f 415/4/1 418/4/1 419/4/1 416/4/1
f 419/4/3 420/4/3 417/4/3 416/4/3
f 418/4/1 421/4/1 422/4/1 419/4/1
f 422/4/3 423/4/3 420/4/3 419/4/3
f 421/4/1 424/4/1 425/4/1 422/4/1
f 425/4/3 426/4/3 423/4/3 422/4/3
f 424/4/1 427/4/1 428/4/1 425/4/1
f 428/4/3 429/4/3 426/4/3 425/4/3
f 427/4/1 430/4/1 431/4/1 428/4/1
f 431/4/3 432/4/3 429/4/3 428/4/3
f 430/4/1 433/4/1 434/4/1 431/4/1
f 434/4/3 435/4/3 432/4/3 431/4/3
f 433/4/1 436/4/1 437/4/1 434/4/1
f 437/4/3 438/4/3 435/4/3 434/4/3
f 436/4/1 439/4/1 440/4/1 437/4/1
f 440/4/3 441/4/3 438/4/3 437/4/3
f 439/4/1 442/4/1 443/4/1 440/4/1
f 443/4/3 444/4/3 441/4/3 440/4/3
f 442/4/1 445/4/1 446/4/1 443/4/1
f 446/4/3 447/4/3 444/4/3 443/4/3
f 445/4/1 448/4/1 449/4/1 446/4/1
f 449/4/3 450/4/3 447/4/3 446/4/3
f 448/4/1 451/4/1 452/4/1 449/4/1
f 452/4/3 453/4/3 450/4/3 449/4/3
f 451/4/1 454/4/1 455/4/1 452/4/1
f 455/4/3 456/4/3 453/4/3 452/4/3
f 454/4/1 286/4/1 282/4/1 455/4/1
f 282/4/3 358/4/3 456/4/3 455/4/3
f 287/5/6 457/5/6 359/5/6 283/5/6
f 360/4/5 458/4/5 288/4/5 284/4/5
f 289/4/1 459/4/1 361/4/1 285/4/1
f 459/4/1 460/4/1 364/4/1 361/4/1
f 460/4/1 461/4/1 367/4/1 364/4/1
f 461/4/1 462/4/1 370/4/1 367/4/1
f 462/4/1 463/4/1 373/4/1 370/4/1
f 463/4/1 464/4/1 376/4/1 373/4/1
f 464/4/1 465/4/1 379/4/1 376/4/1
f 465/4/1 466/4/1 382/4/1 379/4/1
f 466/4/1 467/4/1 385/4/1 382/4/1
f 467/4/1 468/4/1 388/4/1 385/4/1
f 468/4/1 469/4/1 391/4/1 388/4/1
f 469/5/1 470/5/1 394/5/1 391/5/1
f 470/4/1 471/4/1 397/4/1 394/4/1
f 471/4/1 472/4/1 400/4/1 397/4/1
f 472/4/1 473/4/1 403/4/1 400/4/1
f 473/4/1 474/4/1 406/4/1 403/4/1
f 474/4/1 475/4/1 409/4/1 406/4/1
f 475/4/1 476/4/1 412/4/1 409/4/1
f 476/4/1 477/4/1 415/4/1 412/4/1
f 477/4/1 478/4/1 418/4/1 415/4/1
f 478/4/1 479/4/1 421/4/1 418/4/1
f 479/4/1 480/4/1 424/4/1 421/4/1
f 480/4/1 481/4/1 427/4/1 424/4/1
f 481/4/1 482/4/1 430/4/1 427/4/1
f 482/4/1 483/4/1 433/4/1 430/4/1
f 483/4/1 484/4/1 436/4/1 433/4/1
f 484/4/1 485/4/1 439/4/1 436/4/1
f 485/4/1 486/4/1 442/4/1 439/4/1
f 486/4/1 487/4/1 445/4/1 442/4/1
f 487/4/1 488/4/1 448/4/1 445/4/1
f 488/4/1 489/4/1 451/4/1 448/4/1
f 489/4/1 490/4/1 454/4/1 451/4/1
f 490/4/1 290/4/1 286/4/1 454/4/1
f 291/5/6 491/5/6 457/5/6 287/5/6
f 458/4/5 492/4/5 292/4/5 288/4/5
f 293/4/1 493/4/1 459/4/1 289/4/1
f 493/4/1 494/4/1 460/4/1 459/4/1
f 494/4/1 495/4/1 461/4/1 460/4/1
f 495/4/1 496/4/1 462/4/1 461/4/1
f 496/4/1 497/4/1 463/4/1 462/4/1
f 497/4/1 498/4/1 464/4/1 463/4/1
f 498/4/1 499/4/1 465/4/1 464/4/1
f 499/4/1 500/4/1 466/4/1 465/4/1
f 500/4/1 501/4/1 467/4/1 466/4/1
f 501/11/1 502/11/1 468/11/1 467/11/1
f 502/4/1 503/4/1 469/4/1 468/4/1
f 503/4/1 504/4/1 470/4/1 469/4/1
f 504/4/1 505/4/1 471/4/1 470/4/1
f 505/4/1 506/4/1 472/4/1 471/4/1
f 506/4/1 507/4/1 473/4/1 472/4/1
f 507/4/1 508/4/1 474/4/1 473/4/1
f 508/4/1 509/4/1 475/4/1 474/4/1
f 509/4/1 510/4/1 476/4/1 475/4/1
f 510/4/1 511/4/1 477/4/1 476/4/1
f 511/4/1 512/4/1 478/4/1 477/4/1
f 512/4/1 513/4/1 479/4/1 478/4/1
f 513/4/1 514/4/1 480/4/1 479/4/1
f 514/4/1 515/4/1 481/4/1 480/4/1
f 515/4/1 516/4/1 482/4/1 481/4/1
f 516/4/1 517/4/1 483/4/1 482/4/1
f 517/4/1 518/4/1 484/4/1 483/4/1
f 518/4/1 519/4/1 485/4/1 484/4/1
f 519/4/1 520/4/1 486/4/1 485/4/1
f 520/4/1 521/4/1 487/4/1 486/4/1
f 521/4/1 522/4/1 488/4/1 487/4/1
f 522/4/1 523/4/1 489/4/1 488/4/1
f 523/4/1 524/4/1 490/4/1 489/4/1
f 524/4/1 294/4/1 290/4/1 490/4/1
f 295/5/6 525/5/6 491/5/6 291/5/6
f 492/4/5 526/4/5 296/4/5 292/4/5
f 297/4/1 527/4/1 493/4/1 293/4/1
f 527/4/1 528/4/1 494/4/1 493/4/1
f 528/4/1 529/4/1 495/4/1 494/4/1
f 529/4/1 530/4/1 496/4/1 495/4/1
f 530/4/1 531/4/1 497/4/1 496/4/1
f 531/4/1 532/4/1 498/4/1 497/4/1
f 532/4/1 533/4/1 499/4/1 498/4/1
f 533/4/1 534/4/1 500/4/1 499/4/1
f 534/4/1 535/4/1 501/4/1 500/4/1
f 535/4/1 536/4/1 502/4/1 501/4/1
f 536/4/1 537/4/1 503/4/1 502/4/1
f 537/4/1 538/4/1 504/4/1 503/4/1
f 538/4/1 539/4/1 505/4/1 504/4/1
f 539/4/1 540/4/1 506/4/1 505/4/1
f 540/4/1 541/4/1 507/4/1 506/4/1
f 541/4/1 542/4/1 508/4/1 507/4/1
f 542/4/1 543/4/1 509/4/1 508/4/1
f 543/4/1 544/4/1 510/4/1 509/4/1
f 544/4/1 545/4/1 511/4/1 510/4/1
f 545/4/1 546/4/1 512/4/1 511/4/1
f 546/4/1 547/4/1 513/4/1 512/4/1
f 547/4/1 548/4/1 514/4/1 513/4/1
f 548/4/1 549/4/1 515/4/1 514/4/1
f 549/4/1 550/4/1 516/4/1 515/4/1
f 550/4/1 551/4/1 517/4/1 516/4/1
f 551/4/1 552/4/1 518/4/1 517/4/1
f 552/4/1 553/4/1 519/4/1 518/4/1
f 553/4/1 554/4/1 520/4/1 519/4/1
f 554/4/1 555/4/1 521/4/1 520/4/1
f 555/4/1 556/4/1 522/4/1 521/4/1
f 556/4/1 557/4/1 523/4/1 522/4/1
f 557/4/1 558/4/1 524/4/1 523/4/1
f 558/4/1 298/4/1 294/4/1 524/4/1
f 299/5/6 559/5/6 525/5/6 295/5/6
f 526/4/5 560/4/5 300/4/5 296/4/5
f 301/4/1 561/4/1 527/4/1 297/4/1
f 561/4/1 562/4/1 528/4/1 527/4/1
f 562/4/1 563/4/1 529/4/1 528/4/1
f 563/4/1 564/4/1 530/4/1 529/4/1
f 564/4/1 565/4/1 531/4/1 530/4/1
f 565/4/1 566/4/1 532/4/1 531/4/1
f 566/4/1 567/4/1 533/4/1 532/4/1
f 567/4/1 568/4/1 534/4/1 533/4/1
f 568/4/1 569/4/1 535/4/1 534/4/1
f 569/4/1 570/4/1 536/4/1 535/4/1
f 570/4/1 571/4/1 537/4/1 536/4/1
f 571/4/1 572/4/1 538/4/1 537/4/1
f 572/4/1 573/4/1 539/4/1 538/4/1
f 573/4/1 574/4/1 540/4/1 539/4/1
f 574/4/1 575/4/1 541/4/1 540/4/1
f 575/5/1 576/5/1 542/5/1 541/5/1
f 576/4/1 577/4/1 543/4/1 542/4/1
f 577/4/1 578/4/1 544/4/1 543/4/1
f 578/4/1 579/4/1 545/4/1 544/4/1
f 579/4/1 580/4/1 546/4/1 545/4/1
f 580/4/1 581/4/1 547/4/1 546/4/1
f 581/4/1 582/4/1 548/4/1 547/4/1
f 582/4/1 583/4/1 549/4/1 548/4/1
f 583/11/1 584/11/1 550/11/1 549/11/1
f 584/4/1 585/4/1 551/4/1 550/4/1
f 585/4/1 586/4/1 552/4/1 551/4/1
f 586/4/1 587/4/1 553/4/1 552/4/1
f 587/4/1 588/4/1 554/4/1 553/4/1
f 588/4/1 589/4/1 555/4/1 554/4/1
f 589/4/1 590/4/1 556/4/1 555/4/1
f 590/4/1 591/4/1 557/4/1 556/4/1
f 591/4/1 592/4/1 558/4/1 557/4/1
f 592/4/1 302/4/1 298/4/1 558/4/1
f 303/5/6 593/5/6 559/5/6 299/5/6
f 560/4/5 594/4/5 304/4/5 300/4/5
f 305/4/1 595/4/1 561/4/1 301/4/1
f 596/4/4 597/4/4 595/4/4 305/4/4
f 595/4/1 598/4/1 562/4/1 561/4/1
f 597/4/4 599/4/4 598/4/4 595/4/4
f 598/4/1 600/4/1 563/4/1 562/4/1
f 599/4/4 601/4/4 600/4/4 598/4/4
f 600/4/1 602/4/1 564/4/1 563/4/1
f 601/4/4 603/4/4 602/4/4 600/4/4
f 602/4/1 604/4/1 565/4/1 564/4/1
f 603/4/4 605/4/4 604/4/4 602/4/4
f 604/4/1 606/4/1 566/4/1 565/4/1
f 605/4/4 607/4/4 606/4/4 604/4/4
f 606/4/1 608/4/1 567/4/1 566/4/1
f 607/4/4 609/4/4 608/4/4 606/4/4
f 608/4/1 610/4/1 568/4/1 567/4/1
f 609/4/4 611/4/4 610/4/4 608/4/4
f 610/4/1 612/4/1 569/4/1 568/4/1
f 611/4/4 613/4/4 612/4/4 610/4/4
f 612/4/1 614/4/1 570/4/1 569/4/1
f 613/4/4 615/4/4 614/4/4 612/4/4
f 614/4/1 616/4/1 571/4/1 570/4/1
f 615/4/4 617/4/4 616/4/4 614/4/4
f 616/4/1 618/4/1 572/4/1 571/4/1
f 617/4/4 619/4/4 618/4/4 616/4/4
f 618/4/1 620/4/1 573/4/1 572/4/1
f 619/4/4 621/4/4 620/4/4 618/4/4
f 620/4/1 622/4/1 574/4/1 573/4/1
f 621/4/4 623/4/4 622/4/4 620/4/4
f 622/4/1 624/4/1 575/4/1 574/4/1
f 623/4/4 625/4/4 624/4/4 622/4/4
f 624/4/1 626/4/1 576/4/1 575/4/1
f 625/4/4 627/4/4 626/4/4 624/4/4
f 626/4/1 628/4/1 577/4/1 576/4/1
f 627/4/4 629/4/4 628/4/4 626/4/4
f 628/4/1 630/4/1 578/4/1 577/4/1
f 629/4/4 631/4/4 630/4/4 628/4/4
f 630/4/1 632/4/1 579/4/1 578/4/1
f 631/4/4 633/4/4 632/4/4 630/4/4
f 632/4/1 634/4/1 580/4/1 579/4/1
f 633/4/4 635/4/4 634/4/4 632/4/4
f 634/4/1 636/4/1 581/4/1 580/4/1
f 635/4/4 637/4/4 636/4/4 634/4/4
f 636/4/1 638/4/1 582/4/1 581/4/1
f 637/4/4 639/4/4 638/4/4 636/4/4
f 638/4/1 640/4/1 583/4/1 582/4/1
f 639/4/4 641/4/4 640/4/4 638/4/4
f 640/4/1 642/4/1 584/4/1 583/4/1
f 641/4/4 643/4/4 642/4/4 640/4/4
f 642/4/1 644/4/1 585/4/1 584/4/1
f 643/4/4 645/4/4 644/4/4 642/4/4
f 644/4/1 646/4/1 586/4/1 585/4/1
f 645/4/4 647/4/4 646/4/4 644/4/4
f 646/4/1 648/4/1 587/4/1 586/4/1
f 647/4/4 649/4/4 648/4/4 646/4/4
f 648/4/1 650/4/1 588/4/1 587/4/1
f 649/4/4 651/4/4 650/4/4 648/4/4
f 650/4/1 652/4/1 589/4/1 588/4/1
f 651/4/4 653/4/4 652/4/4 650/4/4
f 652/4/1 654/4/1 590/4/1 589/4/1
f 653/4/4 655/4/4 654/4/4 652/4/4
f 654/4/1 656/4/1 591/4/1 590/4/1
f 655/4/4 657/4/4 656/4/4 654/4/4
f 656/4/1 658/4/1 592/4/1 591/4/1
f 657/4/4 659/4/4 658/4/4 656/4/4
f 658/4/1 306/4/1 302/4/1 592/4/1
f 659/4/4 660/4/4 306/4/4 658/4/4
f 307/5/6 661/5/6 593/5/6 303/5/6
f 594/4/5 662/4/5 308/4/5 304/4/5
f 309/5/6 663/5/6 596/5/6 305/5/6
f 660/5/5 664/5/5 310/5/5 306/5/5
f 311/5/6 665/5/6 661/5/6 307/5/6
f 662/4/5 666/4/5 312/4/5 308/4/5
f 313/5/6 667/5/6 663/5/6 309/5/6
f 664/5/5 668/5/5 314/5/5 310/5/5
f 315/5/6 669/5/6 665/5/6 311/5/6
f 666/4/5 670/4/5 316/4/5 312/4/5
f 317/5/6 671/5/6 667/5/6 313/5/6
f 668/5/5 672/5/5 318/5/5 314/5/5
f 319/5/6 673/5/6 669/5/6 315/5/6
f 670/4/5 674/4/5 320/4/5 316/4/5
f 675/5/4 676/5/4 322/5/4 321/5/4
f 676/5/4 677/5/4 323/5/4 322/5/4
f 323/5/6 677/5/6 671/5/6 317/5/6
f 678/5/4 679/5/4 325/5/4 324/5/4
f 672/5/5 678/5/5 324/5/5 318/5/5
f 679/5/4 680/5/4 326/5/4 325/5/4
f 680/5/4 681/5/4 327/5/4 326/5/4
f 327/5/6 681/5/6 673/5/6 319/5/6
f 682/4/4 683/4/4 329/4/4 328/4/4
f 674/4/5 682/4/5 328/4/5 320/4/5
f 683/4/4 684/4/4 330/4/4 329/4/4
f 330/4/6 684/4/6 675/4/6 321/4/6
f 331/4/3 685/4/3 686/4/3 332/4/3
f 686/4/5 687/4/5 333/4/5 332/4/5
f 334/4/1 338/4/1 688/4/1 331/4/1
f 688/4/3 689/4/3 685/4/3 331/4/3
f 338/4/6 690/4/6 689/4/6 688/4/6
f 687/4/5 691/4/5 335/4/5 333/4/5
f 336/4/1 339/4/1 338/4/1 334/4/1
f 337/5/3 692/5/3 690/5/3 338/5/3
f 340/5/3 693/5/3 692/5/3 337/5/3
f 341/5/6 694/5/6 693/5/6 340/5/6
f 342/5/3 695/5/3 696/5/3 343/5/3
f 696/5/5 697/5/5 344/5/5 343/5/5
f 345/5/3 698/5/3 695/5/3 342/5/3
f 346/5/3 699/5/3 698/5/3 345/5/3
f 347/5/6 700/5/6 699/5/6 346/5/6
f 691/4/5 701/4/5 348/4/5 335/4/5
f 349/5/6 702/5/6 694/5/6 341/5/6
f 697/5/5 703/5/5 350/5/5 344/5/5
f 351/5/6 704/5/6 700/5/6 347/5/6
f 701/4/5 705/4/5 352/4/5 348/4/5
f 353/5/6 706/5/6 702/5/6 349/5/6
f 703/5/5 707/5/5 354/5/5 350/5/5
f 355/5/6 708/5/6 704/5/6 351/5/6
f 705/4/5 709/4/5 356/4/5 352/4/5
f 357/4/1 363/4/1 710/4/1 353/4/1
f 710/4/3 711/4/3 706/4/3 353/4/3
f 363/4/1 366/4/1 712/4/1 710/4/1
f 712/4/3 713/4/3 711/4/3 710/4/3
f 366/4/1 369/4/1 714/4/1 712/4/1
f 714/4/3 715/4/3 713/4/3 712/4/3
f 369/4/1 372/4/1 716/4/1 714/4/1
f 716/4/3 717/4/3 715/4/3 714/4/3
f 372/4/1 375/4/1 718/4/1 716/4/1
f 718/4/3 719/4/3 717/4/3 716/4/3
f 375/4/1 378/4/1 720/4/1 718/4/1
f 720/4/3 721/4/3 719/4/3 718/4/3
f 378/4/1 381/4/1 722/4/1 720/4/1
f 722/4/3 723/4/3 721/4/3 720/4/3
f 381/4/1 384/4/1 724/4/1 722/4/1
f 724/4/3 725/4/3 723/4/3 722/4/3
f 384/4/1 387/4/1 726/4/1 724/4/1
f 726/4/3 727/4/3 725/4/3 724/4/3
f 387/4/1 390/4/1 728/4/1 726/4/1
f 728/4/3 729/4/3 727/4/3 726/4/3
f 390/11/1 393/11/1 730/11/1 728/11/1
f 730/11/3 731/11/3 729/11/3 728/11/3
f 393/4/1 396/4/1 732/4/1 730/4/1
f 732/4/3 733/4/3 731/4/3 730/4/3
f 396/4/1 399/4/1 734/4/1 732/4/1
f 734/4/3 735/4/3 733/4/3 732/4/3
f 399/4/1 402/4/1 736/4/1 734/4/1
f 736/4/3 737/4/3 735/4/3 734/4/3
f 402/4/1 405/4/1 738/4/1 736/4/1
f 738/4/3 739/4/3 737/4/3 736/4/3
f 405/4/1 408/4/1 740/4/1 738/4/1
f 740/4/3 741/4/3 739/4/3 738/4/3
f 408/4/1 411/4/1 742/4/1 740/4/1
f 742/4/3 743/4/3 741/4/3 740/4/3
f 411/4/1 414/4/1 744/4/1 742/4/1
f 744/4/3 745/4/3 743/4/3 742/4/3
f 414/4/1 417/4/1 746/4/1 744/4/1
f 746/4/3 747/4/3 745/4/3 744/4/3
f 417/4/1 420/4/1 748/4/1 746/4/1
f 748/4/3 749/4/3 747/4/3 746/4/3
f 420/4/1 423/4/1 750/4/1 748/4/1
f 750/4/3 751/4/3 749/4/3 748/4/3
f 423/4/1 426/4/1 752/4/1 750/4/1
f 752/4/3 753/4/3 751/4/3 750/4/3
f 426/4/1 429/4/1 754/4/1 752/4/1
f 754/4/3 755/4/3 753/4/3 752/4/3
f 429/4/1 432/4/1 756/4/1 754/4/1
f 756/4/3 757/4/3 755/4/3 754/4/3
f 432/4/1 435/4/1 758/4/1 756/4/1
f 758/4/3 759/4/3 757/4/3 756/4/3
f 435/4/1 438/4/1 760/4/1 758/4/1
f 760/4/3 761/4/3 759/4/3 758/4/3
f 438/4/1 441/4/1 762/4/1 760/4/1
f 762/4/3 763/4/3 761/4/3 760/4/3
f 441/4/1 444/4/1 764/4/1 762/4/1
f 764/4/3 765/4/3 763/4/3 762/4/3
f 444/4/1 447/4/1 766/4/1 764/4/1
f 766/4/3 767/4/3 765/4/3 764/4/3
f 447/4/1 450/4/1 768/4/1 766/4/1
f 768/4/3 769/4/3 767/4/3 766/4/3
f 450/4/1 453/4/1 770/4/1 768/4/1
f 770/4/3 771/4/3 769/4/3 768/4/3
f 453/4/1 456/4/1 772/4/1 770/4/1
f 772/4/3 773/4/3 771/4/3 770/4/3
f 456/4/1 358/4/1 354/4/1 772/4/1
f 354/4/3 707/4/3 773/4/3 772/4/3
f 359/5/6 774/5/6 708/5/6 355/5/6
f 709/4/5 775/4/5 360/4/5 356/4/5
f 457/5/6 776/5/6 774/5/6 359/5/6
f 775/4/5 777/4/5 458/4/5 360/4/5
f 491/5/6 778/5/6 776/5/6 457/5/6
f 777/4/5 779/4/5 492/4/5 458/4/5
f 525/5/6 780/5/6 778/5/6 491/5/6
f 779/4/5 781/4/5 526/4/5 492/4/5
f 559/5/6 782/5/6 780/5/6 525/5/6
f 781/4/5 783/4/5 560/4/5 526/4/5
f 593/5/6 784/5/6 782/5/6 559/5/6
f 783/4/5 785/4/5 594/4/5 560/4/5
f 661/5/6 786/5/6 784/5/6 593/5/6
f 785/4/5 787/4/5 662/4/5 594/4/5
f 663/4/1 788/4/1 597/4/1 596/4/1
f 789/4/4 790/4/4 788/4/4 663/4/4
f 788/4/1 791/4/1 599/4/1 597/4/1
f 790/4/4 792/4/4 791/4/4 788/4/4
f 791/4/1 793/4/1 601/4/1 599/4/1
f 792/4/4 794/4/4 793/4/4 791/4/4
f 793/4/1 795/4/1 603/4/1 601/4/1
f 794/4/4 796/4/4 795/4/4 793/4/4
f 795/4/1 797/4/1 605/4/1 603/4/1
f 796/4/4 798/4/4 797/4/4 795/4/4
f 797/4/1 799/4/1 607/4/1 605/4/1
f 798/4/4 800/4/4 799/4/4 797/4/4
f 799/4/1 801/4/1 609/4/1 607/4/1
f 800/4/4 802/4/4 801/4/4 799/4/4
f 801/4/1 803/4/1 611/4/1 609/4/1
f 802/4/4 804/4/4 803/4/4 801/4/4
f 803/4/1 805/4/1 613/4/1 611/4/1
f 804/4/4 806/4/4 805/4/4 803/4/4
f 805/4/1 807/4/1 615/4/1 613/4/1
f 806/4/4 808/4/4 807/4/4 805/4/4
f 807/4/1 809/4/1 617/4/1 615/4/1
f 808/4/4 810/4/4 809/4/4 807/4/4
f 809/4/1 811/4/1 619/4/1 617/4/1
f 810/4/4 812/4/4 811/4/4 809/4/4
f 811/4/1 813/4/1 621/4/1 619/4/1
f 812/4/4 814/4/4 813/4/4 811/4/4
f 813/4/1 815/4/1 623/4/1 621/4/1
f 814/4/4 816/4/4 815/4/4 813/4/4
f 815/4/1 817/4/1 625/4/1 623/4/1
f 816/4/4 818/4/4 817/4/4 815/4/4
f 817/4/1 819/4/1 627/4/1 625/4/1
f 818/4/4 820/4/4 819/4/4 817/4/4
f 819/4/1 821/4/1 629/4/1 627/4/1
f 820/4/4 822/4/4 821/4/4 819/4/4
f 821/4/1 823/4/1 631/4/1 629/4/1
f 822/4/4 824/4/4 823/4/4 821/4/4
f 823/4/1 825/4/1 633/4/1 631/4/1
f 824/4/4 826/4/4 825/4/4 823/4/4
f 825/4/1 827/4/1 635/4/1 633/4/1
f 826/4/4 828/4/4 827/4/4 825/4/4
f 827/4/1 829/4/1 637/4/1 635/4/1
f 828/4/4 830/4/4 829/4/4 827/4/4
f 829/4/1 831/4/1 639/4/1 637/4/1
f 830/4/4 832/4/4 831/4/4 829/4/4
f 831/4/1 833/4/1 641/4/1 639/4/1
f 832/4/4 834/4/4 833/4/4 831/4/4
f 833/4/1 835/4/1 643/4/1 641/4/1
f 834/4/4 836/4/4 835/4/4 833/4/4
f 835/4/1 837/4/1 645/4/1 643/4/1
f 836/4/4 838/4/4 837/4/4 835/4/4
f 837/4/1 839/4/1 647/4/1 645/4/1
f 838/4/4 840/4/4 839/4/4 837/4/4
f 839/4/1 841/4/1 649/4/1 647/4/1
f 840/4/4 842/4/4 841/4/4 839/4/4
f 841/4/1 843/4/1 651/4/1 649/4/1
f 842/4/4 844/4/4 843/4/4 841/4/4
f 843/4/1 845/4/1 653/4/1 651/4/1
f 844/4/4 846/4/4 845/4/4 843/4/4
f 845/4/1 847/4/1 655/4/1 653/4/1
f 846/4/4 848/4/4 847/4/4 845/4/4
f 847/4/1 849/4/1 657/4/1 655/4/1
f 848/4/4 850/4/4 849/4/4 847/4/4
f 849/4/1 851/4/1 659/4/1 657/4/1
f 850/4/4 852/4/4 851/4/4 849/4/4
f 851/4/1 664/4/1 660/4/1 659/4/1
f 852/4/4 853/4/4 664/4/4 851/4/4
f 665/5/6 854/5/6 786/5/6 661/5/6
f 787/4/5 855/4/5 666/4/5 662/4/5
f 667/5/6 856/5/6 789/5/6 663/5/6
f 853/5/5 857/5/5 668/5/5 664/5/5
f 669/5/6 858/5/6 854/5/6 665/5/6
f 855/4/5 859/4/5 670/4/5 666/4/5
f 671/5/6 860/5/6 856/5/6 667/5/6
f 857/5/5 861/5/5 672/5/5 668/5/5
f 673/5/6 862/5/6 858/5/6 669/5/6
f 859/4/5 863/4/5 674/4/5 670/4/5
f 864/5/4 865/5/4 676/5/4 675/5/4
f 865/5/4 866/5/4 677/5/4 676/5/4
f 677/5/6 866/5/6 860/5/6 671/5/6
f 867/5/4 868/5/4 679/5/4 678/5/4
f 861/5/5 867/5/5 678/5/5 672/5/5
f 868/5/4 869/5/4 680/5/4 679/5/4
f 869/5/4 870/5/4 681/5/4 680/5/4
f 681/5/6 870/5/6 862/5/6 673/5/6
f 871/4/4 872/4/4 683/4/4 682/4/4
f 863/4/5 871/4/5 682/4/5 674/4/5
f 872/4/4 873/4/4 684/4/4 683/4/4
f 684/4/6 873/4/6 864/4/6 675/4/6
f 685/4/3 874/4/3 875/4/3 686/4/3
f 875/4/5 876/4/5 687/4/5 686/4/5
f 689/4/3 877/4/3 874/4/3 685/4/3
f 690/4/6 878/4/6 877/4/6 689/4/6
f 876/4/5 879/4/5 691/4/5 687/4/5
f 692/5/3 880/5/3 878/5/3 690/5/3
f 693/5/3 881/5/3 880/5/3 692/5/3
f 694/5/6 882/5/6 881/5/6 693/5/6
f 695/5/3 883/5/3 884/5/3 696/5/3
f 884/5/5 885/5/5 697/5/5 696/5/5
f 698/5/3 886/5/3 883/5/3 695/5/3
f 699/5/3 887/5/3 886/5/3 698/5/3
f 700/5/6 888/5/6 887/5/6 699/5/6
f 879/4/5 889/4/5 701/4/5 691/4/5
f 702/5/6 890/5/6 882/5/6 694/5/6
f 885/5/5 891/5/5 703/5/5 697/5/5
f 704/5/6 892/5/6 888/5/6 700/5/6
f 889/4/5 893/4/5 705/4/5 701/4/5
f 706/4/1 711/4/1 894/4/1 702/4/1
f 894/4/3 895/4/3 890/4/3 702/4/3
f 711/4/1 713/4/1 896/4/1 894/4/1
f 896/4/3 897/4/3 895/4/3 894/4/3
f 713/4/1 715/4/1 898/4/1 896/4/1
f 898/4/3 899/4/3 897/4/3 896/4/3
f 715/4/1 717/4/1 900/4/1 898/4/1
f 900/4/3 901/4/3 899/4/3 898/4/3
f 717/4/1 719/4/1 902/4/1 900/4/1
f 902/4/3 903/4/3 901/4/3 900/4/3
f 719/4/1 721/4/1 904/4/1 902/4/1
f 904/4/3 905/4/3 903/4/3 902/4/3
f 721/4/1 723/4/1 906/4/1 904/4/1
f 906/4/3 907/4/3 905/4/3 904/4/3
f 723/4/1 725/4/1 908/4/1 906/4/1
f 908/4/3 909/4/3 907/4/3 906/4/3
f 725/4/1 727/4/1 910/4/1 908/4/1
f 910/4/3 911/4/3 909/4/3 908/4/3
f 727/4/1 729/4/1 912/4/1 910/4/1
f 912/4/3 913/4/3 911/4/3 910/4/3
f 729/4/1 731/4/1 914/4/1 912/4/1
f 914/4/3 915/4/3 913/4/3 912/4/3
f 731/4/1 733/4/1 916/4/1 914/4/1
f 916/4/3 917/4/3 915/4/3 914/4/3
f 733/4/1 735/4/1 918/4/1 916/4/1
f 918/4/3 919/4/3 917/4/3 916/4/3
f 735/4/1 737/4/1 920/4/1 918/4/1
f 920/4/3 921/4/3 919/4/3 918/4/3
f 737/4/1 739/4/1 922/4/1 920/4/1
f 922/4/3 923/4/3 921/4/3 920/4/3
f 739/4/1 741/4/1 924/4/1 922/4/1
f 924/4/3 925/4/3 923/4/3 922/4/3
f 741/4/1 743/4/1 926/4/1 924/4/1
f 926/4/3 927/4/3 925/4/3 924/4/3
f 743/4/1 745/4/1 928/4/1 926/4/1
f 928/4/3 929/4/3 927/4/3 926/4/3
f 745/4/1 747/4/1 930/4/1 928/4/1
f 930/4/3 931/4/3 929/4/3 928/4/3
f 747/4/1 749/4/1 932/4/1 930/4/1
f 932/4/3 933/4/3 931/4/3 930/4/3
f 749/4/1 751/4/1 934/4/1 932/4/1
f 934/4/3 935/4/3 933/4/3 932/4/3
f 751/4/1 753/4/1 936/4/1 934/4/1
f 936/4/3 937/4/3 935/4/3 934/4/3
f 753/4/1 755/4/1 938/4/1 936/4/1
f 938/4/3 939/4/3 937/4/3 936/4/3
f 755/4/1 757/4/1 940/4/1 938/4/1
f 940/4/3 941/4/3 939/4/3 938/4/3
f 757/4/1 759/4/1 942/4/1 940/4/1
f 942/4/3 943/4/3 941/4/3 940/4/3
f 759/4/1 761/4/1 944/4/1 942/4/1
f 944/4/3 945/4/3 943/4/3 942/4/3
f 761/4/1 763/4/1 946/4/1 944/4/1
f 946/4/3 947/4/3 945/4/3 944/4/3
f 763/4/1 765/4/1 948/4/1 946/4/1
f 948/4/3 949/4/3 947/4/3 946/4/3
f 765/4/1 767/4/1 950/4/1 948/4/1
f 950/4/3 951/4/3 949/4/3 948/4/3
f 767/4/1 769/4/1 952/4/1 950/4/1
f 952/4/3 953/4/3 951/4/3 950/4/3
f 769/4/1 771/4/1 954/4/1 952/4/1
f 954/4/3 955/4/3 953/4/3 952/4/3
f 771/4/1 773/4/1 956/4/1 954/4/1
f 956/4/3 957/4/3 955/4/3 954/4/3
f 773/4/1 707/4/1 703/4/1 956/4/1
f 703/4/3 891/4/3 957/4/3 956/4/3
f 708/5/6 958/5/6 892/5/6 704/5/6
f 893/4/5 959/4/5 709/4/5 705/4/5
f 774/5/6 960/5/6 958/5/6 708/5/6
f 959/4/5 961/4/5 775/4/5 709/4/5
f 776/5/6 962/5/6 960/5/6 774/5/6
f 961/4/5 963/4/5 777/4/5 775/4/5
f 778/5/6 964/5/6 962/5/6 776/5/6
f 963/4/5 965/4/5 779/4/5 777/4/5
f 780/5/6 966/5/6 964/5/6 778/5/6
f 965/4/5 967/4/5 781/4/5 779/4/5
f 782/5/6 968/5/6 966/5/6 780/5/6
f 967/4/5 969/4/5 783/4/5 781/4/5
f 784/5/6 970/5/6 968/5/6 782/5/6
f 969/4/5 971/4/5 785/4/5 783/4/5
f 786/5/6 972/5/6 970/5/6 784/5/6
f 971/4/5 973/4/5 787/4/5 785/4/5
f 854/5/6 974/5/6 972/5/6 786/5/6
f 973/4/5 975/4/5 855/4/5 787/4/5
f 856/4/1 976/4/1 790/4/1 789/4/1
f 977/4/4 978/4/4 976/4/4 856/4/4
f 976/4/1 979/4/1 792/4/1 790/4/1
f 978/4/4 980/4/4 979/4/4 976/4/4
f 979/4/1 981/4/1 794/4/1 792/4/1
f 980/4/4 982/4/4 981/4/4 979/4/4
f 981/4/1 983/4/1 796/4/1 794/4/1
f 982/4/4 984/4/4 983/4/4 981/4/4
f 983/4/1 985/4/1 798/4/1 796/4/1
f 984/4/4 986/4/4 985/4/4 983/4/4
f 985/4/1 987/4/1 800/4/1 798/4/1
f 986/4/4 988/4/4 987/4/4 985/4/4
f 987/4/1 989/4/1 802/4/1 800/4/1
f 988/4/4 990/4/4 989/4/4 987/4/4
f 989/4/1 991/4/1 804/4/1 802/4/1
f 990/4/4 992/4/4 991/4/4 989/4/4
f 991/4/1 993/4/1 806/4/1 804/4/1
f 992/4/4 994/4/4 993/4/4 991/4/4
f 993/4/1 995/4/1 808/4/1 806/4/1
f 994/4/4 996/4/4 995/4/4 993/4/4
f 995/4/1 997/4/1 810/4/1 808/4/1
f 996/4/4 998/4/4 997/4/4 995/4/4
f 997/4/1 999/4/1 812/4/1 810/4/1
f 998/4/4 1000/4/4 999/4/4 997/4/4
f 999/4/1 1001/4/1 814/4/1 812/4/1
f 1000/4/4 1002/4/4 1001/4/4 999/4/4
f 1001/4/1 1003/4/1 816/4/1 814/4/1
f 1002/4/4 1004/4/4 1003/4/4 1001/4/4
f 1003/4/1 1005/4/1 818/4/1 816/4/1
f 1004/4/4 1006/4/4 1005/4/4 1003/4/4
f 1005/4/1 1007/4/1 820/4/1 818/4/1
f 1006/4/4 1008/4/4 1007/4/4 1005/4/4
f 1007/4/1 1009/4/1 822/4/1 820/4/1
f 1008/4/4 1010/4/4 1009/4/4 1007/4/4
f 1009/4/1 1011/4/1 824/4/1 822/4/1
f 1010/4/4 1012/4/4 1011/4/4 1009/4/4
f 1011/4/1 1013/4/1 826/4/1 824/4/1
f 1012/4/4 1014/4/4 1013/4/4 1011/4/4
f 1013/4/1 1015/4/1 828/4/1 826/4/1
f 1014/4/4 1016/4/4 1015/4/4 1013/4/4
f 1015/4/1 1017/4/1 830/4/1 828/4/1
f 1016/4/4 1018/4/4 1017/4/4 1015/4/4
f 1017/4/1 1019/4/1 832/4/1 830/4/1
f 1018/4/4 1020/4/4 1019/4/4 1017/4/4
f 1019/4/1 1021/4/1 834/4/1 832/4/1
f 1020/4/4 1022/4/4 1021/4/4 1019/4/4
f 1021/4/1 1023/4/1 836/4/1 834/4/1
f 1022/4/4 1024/4/4 1023/4/4 1021/4/4
f 1023/4/1 1025/4/1 838/4/1 836/4/1
f 1024/4/4 1026/4/4 1025/4/4 1023/4/4
f 1025/4/1 1027/4/1 840/4/1 838/4/1
f 1026/4/4 1028/4/4 1027/4/4 1025/4/4
f 1027/4/1 1029/4/1 842/4/1 840/4/1
f 1028/4/4 1030/4/4 1029/4/4 1027/4/4
f 1029/4/1 1031/4/1 844/4/1 842/4/1
f 1030/4/4 1032/4/4 1031/4/4 1029/4/4
f 1031/4/1 1033/4/1 846/4/1 844/4/1
f 1032/4/4 1034/4/4 1033/4/4 1031/4/4
f 1033/4/1 1035/4/1 848/4/1 846/4/1
f 1034/4/4 1036/4/4 1035/4/4 1033/4/4
f 1035/4/1 1037/4/1 850/4/1 848/4/1
f 1036/4/4 1038/4/4 1037/4/4 1035/4/4
f 1037/4/1 1039/4/1 852/4/1 850/4/1
f 1038/4/4 1040/4/4 1039/4/4 1037/4/4
f 1039/4/1 857/4/1 853/4/1 852/4/1
f 1040/4/4 1041/4/4 857/4/4 1039/4/4
f 858/5/6 1042/5/6 974/5/6 854/5/6
f 975/4/5 1043/4/5 859/4/5 855/4/5
f 860/5/6 1044/5/6 977/5/6 856/5/6
f 1041/5/5 1045/5/5 861/5/5 857/5/5
f 862/5/6 1046/5/6 1042/5/6 858/5/6
f 1043/4/5 1047/4/5 863/4/5 859/4/5
f 1048/5/4 1049/5/4 865/5/4 864/5/4
f 1049/5/4 1050/5/4 866/5/4 865/5/4
f 866/5/6 1050/5/6 1044/5/6 860/5/6
f 1051/5/4 1052/5/4 868/5/4 867/5/4
f 1045/5/5 1051/5/5 867/5/5 861/5/5
f 1052/5/4 1053/5/4 869/5/4 868/5/4
f 1053/5/4 1054/5/4 870/5/4 869/5/4
f 870/5/6 1054/5/6 1046/5/6 862/5/6
f 1055/4/4 1056/4/4 872/4/4 871/4/4
f 1047/4/5 1055/4/5 871/4/5 863/4/5
f 1056/4/4 1057/4/4 873/4/4 872/4/4
f 873/4/6 1057/4/6 1048/4/6 864/4/6
f 874/4/3 1058/4/3 1059/4/3 875/4/3
f 1059/4/5 1060/4/5 876/4/5 875/4/5
f 877/4/3 1061/4/3 1058/4/3 874/4/3
f 878/4/6 1062/4/6 1061/4/6 877/4/6
f 1060/4/5 1063/4/5 879/4/5 876/4/5
f 880/5/3 1064/5/3 1062/5/3 878/5/3
f 881/5/3 1065/5/3 1064/5/3 880/5/3
f 882/5/6 1066/5/6 1065/5/6 881/5/6
f 883/5/3 1067/5/3 1068/5/3 884/5/3
f 1068/5/5 1069/5/5 885/5/5 884/5/5
f 886/5/3 1070/5/3 1067/5/3 883/5/3
f 887/5/3 1071/5/3 1070/5/3 886/5/3
f 888/5/6 1072/5/6 1071/5/6 887/5/6
f 1063/4/5 1073/4/5 889/4/5 879/4/5
f 890/5/6 1074/5/6 1066/5/6 882/5/6
f 1069/5/5 1075/5/5 891/5/5 885/5/5
f 892/5/6 1076/5/6 1072/5/6 888/5/6
f 1073/4/5 1077/4/5 893/4/5 889/4/5
f 895/4/3 1078/4/3 1074/4/3 890/4/3
f 897/4/3 1079/4/3 1078/4/3 895/4/3
f 899/4/3 1080/4/3 1079/4/3 897/4/3
f 901/4/3 1081/4/3 1080/4/3 899/4/3
f 903/4/3 1082/4/3 1081/4/3 901/4/3
f 905/4/3 1083/4/3 1082/4/3 903/4/3
f 907/4/3 1084/4/3 1083/4/3 905/4/3
f 909/4/3 1085/4/3 1084/4/3 907/4/3
f 911/4/3 1086/4/3 1085/4/3 909/4/3
f 913/4/3 1087/4/3 1086/4/3 911/4/3
f 915/4/3 1088/4/3 1087/4/3 913/4/3
f 917/4/3 1089/4/3 1088/4/3 915/4/3
f 919/4/3 1090/4/3 1089/4/3 917/4/3
f 921/4/3 1091/4/3 1090/4/3 919/4/3
f 923/4/3 1092/4/3 1091/4/3 921/4/3
f 925/4/3 1093/4/3 1092/4/3 923/4/3
f 927/4/3 1094/4/3 1093/4/3 925/4/3
f 929/4/3 1095/4/3 1094/4/3 927/4/3
f 931/4/3 1096/4/3 1095/4/3 929/4/3
f 933/4/3 1097/4/3 1096/4/3 931/4/3
f 935/4/3 1098/4/3 1097/4/3 933/4/3
f 937/4/3 1099/4/3 1098/4/3 935/4/3
f 939/4/3 1100/4/3 1099/4/3 937/4/3
f 941/4/3 1101/4/3 1100/4/3 939/4/3
f 943/4/3 1102/4/3 1101/4/3 941/4/3
f 945/4/3 1103/4/3 1102/4/3 943/4/3
f 947/4/3 1104/4/3 1103/4/3 945/4/3
f 949/4/3 1105/4/3 1104/4/3 947/4/3
f 951/4/3 1106/4/3 1105/4/3 949/4/3
f 953/4/3 1107/4/3 1106/4/3 951/4/3
f 955/4/3 1108/4/3 1107/4/3 953/4/3
f 957/4/3 1109/4/3 1108/4/3 955/4/3
f 891/4/3 1075/4/3 1109/4/3 957/4/3
f 958/5/6 1110/5/6 1076/5/6 892/5/6
f 1077/4/5 1111/4/5 959/4/5 893/4/5
f 960/5/6 1112/5/6 1110/5/6 958/5/6
f 1111/4/5 1113/4/5 961/4/5 959/4/5
f 962/5/6 1114/5/6 1112/5/6 960/5/6
f 1113/4/5 1115/4/5 963/4/5 961/4/5
f 964/5/6 1116/5/6 1114/5/6 962/5/6
f 1115/4/5 1117/4/5 965/4/5 963/4/5
f 966/5/6 1118/5/6 1116/5/6 964/5/6
f 1117/4/5 1119/4/5 967/4/5 965/4/5
f 968/5/6 1120/5/6 1118/5/6 966/5/6
f 1119/4/5 1121/4/5 969/4/5 967/4/5
f 970/5/6 1122/5/6 1120/5/6 968/5/6
f 1121/4/5 1123/4/5 971/4/5 969/4/5
f 972/5/6 1124/5/6 1122/5/6 970/5/6
f 1123/4/5 1125/4/5 973/4/5 971/4/5
f 974/5/6 1126/5/6 1124/5/6 972/5/6
f 1125/4/5 1127/4/5 975/4/5 973/4/5
f 1128/4/4 1129/4/4 978/4/4 977/4/4
f 1129/4/4 1130/4/4 980/4/4 978/4/4
f 1130/4/4 1131/4/4 982/4/4 980/4/4
f 1131/4/4 1132/4/4 984/4/4 982/4/4
f 1132/4/4 1133/4/4 986/4/4 984/4/4
f 1133/4/4 1134/4/4 988/4/4 986/4/4
f 1134/4/4 1135/4/4 990/4/4 988/4/4
f 1135/4/4 1136/4/4 992/4/4 990/4/4
f 1136/4/4 1137/4/4 994/4/4 992/4/4
f 1137/4/4 1138/4/4 996/4/4 994/4/4
f 1138/4/4 1139/4/4 998/4/4 996/4/4
f 1139/4/4 1140/4/4 1000/4/4 998/4/4
f 1140/4/4 1141/4/4 1002/4/4 1000/4/4
f 1141/4/4 1142/4/4 1004/4/4 1002/4/4
f 1142/4/4 1143/4/4 1006/4/4 1004/4/4
f 1143/4/4 1144/4/4 1008/4/4 1006/4/4
f 1144/4/4 1145/4/4 1010/4/4 1008/4/4
f 1145/4/4 1146/4/4 1012/4/4 1010/4/4
f 1146/4/4 1147/4/4 1014/4/4 1012/4/4
f 1147/4/4 1148/4/4 1016/4/4 1014/4/4
f 1148/4/4 1149/4/4 1018/4/4 1016/4/4
f 1149/4/4 1150/4/4 1020/4/4 1018/4/4
f 1150/4/4 1151/4/4 1022/4/4 1020/4/4
f 1151/4/4 1152/4/4 1024/4/4 1022/4/4
f 1152/4/4 1153/4/4 1026/4/4 1024/4/4
f 1153/4/4 1154/4/4 1028/4/4 1026/4/4
f 1154/4/4 1155/4/4 1030/4/4 1028/4/4
f 1155/4/4 1156/4/4 1032/4/4 1030/4/4
f 1156/4/4 1157/4/4 1034/4/4 1032/4/4
f 1157/4/4 1158/4/4 1036/4/4 1034/4/4
f 1158/4/4 1159/4/4 1038/4/4 1036/4/4
f 1159/4/4 1160/4/4 1040/4/4 1038/4/4
f 1160/4/4 1161/4/4 1041/4/4 1040/4/4
f 1042/5/6 1162/5/6 1126/5/6 974/5/6
f 1127/4/5 1163/4/5 1043/4/5 975/4/5
f 1044/5/6 1164/5/6 1128/5/6 977/5/6
f 1161/5/5 1165/5/5 1045/5/5 1041/5/5
f 1046/5/6 1166/5/6 1162/5/6 1042/5/6
f 1163/4/5 1167/4/5 1047/4/5 1043/4/5
f 1168/5/4 1169/5/4 1049/5/4 1048/5/4
f 1169/5/4 1170/5/4 1050/5/4 1049/5/4
f 1050/5/6 1170/5/6 1164/5/6 1044/5/6
f 1171/5/4 1172/5/4 1052/5/4 1051/5/4
f 1165/5/5 1171/5/5 1051/5/5 1045/5/5
f 1172/5/4 1173/5/4 1053/5/4 1052/5/4
f 1173/5/4 1174/5/4 1054/5/4 1053/5/4
f 1054/5/6 1174/5/6 1166/5/6 1046/5/6
f 1175/4/4 1176/4/4 1056/4/4 1055/4/4
f 1167/4/5 1175/4/5 1055/4/5 1047/4/5
f 1176/4/4 1177/4/4 1057/4/4 1056/4/4
f 1057/4/6 1177/4/6 1168/4/6 1048/4/6
f 1058/4/3 1178/4/3 1179/4/3 1059/4/3
f 1179/4/5 1180/4/5 1060/4/5 1059/4/5
f 1061/4/3 1181/4/3 1178/4/3 1058/4/3
f 1062/4/6 1182/4/6 1181/4/6 1061/4/6
f 1180/4/5 1183/4/5 1063/4/5 1060/4/5
f 1064/5/3 1184/5/3 1182/5/3 1062/5/3
f 1065/5/3 1185/5/3 1184/5/3 1064/5/3
f 1066/5/6 1186/5/6 1185/5/6 1065/5/6
f 1067/5/3 1187/5/3 1188/5/3 1068/5/3
f 1188/5/5 1189/5/5 1069/5/5 1068/5/5
f 1070/5/3 1190/5/3 1187/5/3 1067/5/3
f 1071/5/3 1191/5/3 1190/5/3 1070/5/3
f 1072/5/6 1192/5/6 1191/5/6 1071/5/6
f 1183/4/5 1193/4/5 1073/4/5 1063/4/5
f 1074/5/6 1194/5/6 1186/5/6 1066/5/6
f 1189/5/5 1195/5/5 1075/5/5 1069/5/5
f 1076/5/6 1196/5/6 1192/5/6 1072/5/6
f 1193/4/5 1197/4/5 1077/4/5 1073/4/5
f 1078/4/3 1198/4/3 1194/4/3 1074/4/3
f 1079/4/3 1199/4/3 1198/4/3 1078/4/3
f 1080/4/3 1200/4/3 1199/4/3 1079/4/3
f 1081/4/3 1201/4/3 1200/4/3 1080/4/3
f 1082/4/3 1202/4/3 1201/4/3 1081/4/3
f 1083/4/3 1203/4/3 1202/4/3 1082/4/3
f 1084/4/3 1204/4/3 1203/4/3 1083/4/3
f 1085/4/3 1205/4/3 1204/4/3 1084/4/3
f 1086/4/3 1206/4/3 1205/4/3 1085/4/3
f 1087/4/3 1207/4/3 1206/4/3 1086/4/3
f 1088/4/3 1208/4/3 1207/4/3 1087/4/3
f 1089/4/3 1209/4/3 1208/4/3 1088/4/3
f 1090/4/3 1210/4/3 1209/4/3 1089/4/3
f 1091/4/3 1211/4/3 1210/4/3 1090/4/3
f 1092/4/3 1212/4/3 1211/4/3 1091/4/3
f 1093/4/3 1213/4/3 1212/4/3 1092/4/3
f 1094/4/3 1214/4/3 1213/4/3 1093/4/3
f 1095/4/3 1215/4/3 1214/4/3 1094/4/3
f 1096/4/3 1216/4/3 1215/4/3 1095/4/3
f 1097/4/3 1217/4/3 1216/4/3 1096/4/3
f 1098/4/3 1218/4/3 1217/4/3 1097/4/3
f 1099/4/3 1219/4/3 1218/4/3 1098/4/3
f 1100/4/3 1220/4/3 1219/4/3 1099/4/3
f 1101/4/3 1221/4/3 1220/4/3 1100/4/3
f 1102/4/3 1222/4/3 1221/4/3 1101/4/3
f 1103/4/3 1223/4/3 1222/4/3 1102/4/3
f 1104/4/3 1224/4/3 1223/4/3 1103/4/3
f 1105/4/3 1225/4/3 1224/4/3 1104/4/3
f 1106/4/3 1226/4/3 1225/4/3 1105/4/3
f 1107/4/3 1227/4/3 1226/4/3 1106/4/3
f 1108/4/3 1228/4/3 1227/4/3 1107/4/3
f 1109/4/3 1229/4/3 1228/4/3 1108/4/3
f 1075/4/3 1195/4/3 1229/4/3 1109/4/3
f 1110/5/6 1230/5/6 1196/5/6 1076/5/6
f 1197/4/5 1231/4/5 1111/4/5 1077/4/5
f 1112/5/6 1232/5/6 1230/5/6 1110/5/6
f 1231/4/5 1233/4/5 1113/4/5 1111/4/5
f 1114/5/6 1234/5/6 1232/5/6 1112/5/6
f 1233/4/5 1235/4/5 1115/4/5 1113/4/5
f 1116/5/6 1236/5/6 1234/5/6 1114/5/6
f 1235/4/5 1237/4/5 1117/4/5 1115/4/5
f 1118/5/6 1238/5/6 1236/5/6 1116/5/6
f 1237/4/5 1239/4/5 1119/4/5 1117/4/5
f 1120/5/6 1240/5/6 1238/5/6 1118/5/6
f 1239/4/5 1241/4/5 1121/4/5 1119/4/5
f 1122/5/6 1242/5/6 1240/5/6 1120/5/6
f 1241/4/5 1243/4/5 1123/4/5 1121/4/5
f 1124/5/6 1244/5/6 1242/5/6 1122/5/6
f 1243/4/5 1245/4/5 1125/4/5 1123/4/5
f 1126/5/6 1246/5/6 1244/5/6 1124/5/6
f 1245/4/5 1247/4/5 1127/4/5 1125/4/5
f 1248/4/4 1249/4/4 1129/4/4 1128/4/4
f 1249/4/4 1250/4/4 1130/4/4 1129/4/4
f 1250/4/4 1251/4/4 1131/4/4 1130/4/4
f 1251/4/4 1252/4/4 1132/4/4 1131/4/4
f 1252/4/4 1253/4/4 1133/4/4 1132/4/4
f 1253/4/4 1254/4/4 1134/4/4 1133/4/4
f 1254/4/4 1255/4/4 1135/4/4 1134/4/4
f 1255/4/4 1256/4/4 1136/4/4 1135/4/4
f 1256/4/4 1257/4/4 1137/4/4 1136/4/4
f 1257/4/4 1258/4/4 1138/4/4 1137/4/4
f 1258/4/4 1259/4/4 1139/4/4 1138/4/4
f 1259/4/4 1260/4/4 1140/4/4 1139/4/4
f 1260/4/4 1261/4/4 1141/4/4 1140/4/4
f 1261/4/4 1262/4/4 1142/4/4 1141/4/4
f 1262/4/4 1263/4/4 1143/4/4 1142/4/4
f 1263/4/4 1264/4/4 1144/4/4 1143/4/4
f 1264/4/4 1265/4/4 1145/4/4 1144/4/4
f 1265/4/4 1266/4/4 1146/4/4 1145/4/4
f 1266/4/4 1267/4/4 1147/4/4 1146/4/4
f 1267/4/4 1268/4/4 1148/4/4 1147/4/4
f 1268/4/4 1269/4/4 1149/4/4 1148/4/4
f 1269/4/4 1270/4/4 1150/4/4 1149/4/4
f 1270/4/4 1271/4/4 1151/4/4 1150/4/4
f 1271/4/4 1272/4/4 1152/4/4 1151/4/4
f 1272/4/4 1273/4/4 1153/4/4 1152/4/4
f 1273/4/4 1274/4/4 1154/4/4 1153/4/4
f 1274/4/4 1275/4/4 1155/4/4 1154/4/4
f 1275/4/4 1276/4/4 1156/4/4 1155/4/4
f 1276/4/4 1277/4/4 1157/4/4 1156/4/4
f 1277/4/4 1278/4/4 1158/4/4 1157/4/4
f 1278/4/4 1279/4/4 1159/4/4 1158/4/4
f 1279/4/4 1280/4/4 1160/4/4 1159/4/4
f 1280/4/4 1281/4/4 1161/4/4 1160/4/4
f 1162/5/6 1282/5/6 1246/5/6 1126/5/6
f 1247/4/5 1283/4/5 1163/4/5 1127/4/5
f 1164/5/6 1284/5/6 1248/5/6 1128/5/6
f 1281/5/5 1285/5/5 1165/5/5 1161/5/5
f 1166/5/6 1286/5/6 1282/5/6 1162/5/6
f 1283/4/5 1287/4/5 1167/4/5 1163/4/5
f 1288/5/4 1289/5/4 1169/5/4 1168/5/4
f 1289/5/4 1290/5/4 1170/5/4 1169/5/4
f 1170/5/6 1290/5/6 1284/5/6 1164/5/6
f 1291/5/4 1292/5/4 1172/5/4 1171/5/4
f 1285/5/5 1291/5/5 1171/5/5 1165/5/5
f 1292/5/4 1293/5/4 1173/5/4 1172/5/4
f 1293/5/4 1294/5/4 1174/5/4 1173/5/4
f 1174/5/6 1294/5/6 1286/5/6 1166/5/6
f 1295/4/4 1296/4/4 1176/4/4 1175/4/4
f 1287/4/5 1295/4/5 1175/4/5 1167/4/5
f 1296/4/4 1297/4/4 1177/4/4 1176/4/4
f 1177/4/6 1297/4/6 1288/4/6 1168/4/6
f 1178/4/3 1298/4/3 1299/4/3 1179/4/3
f 1299/4/5 1300/4/5 1180/4/5 1179/4/5
f 1181/4/3 1301/4/3 1298/4/3 1178/4/3
f 1182/4/6 1302/4/6 1301/4/6 1181/4/6
f 1300/4/5 1303/4/5 1183/4/5 1180/4/5
f 1184/5/3 1304/5/3 1302/5/3 1182/5/3
f 1185/5/3 1305/5/3 1304/5/3 1184/5/3
f 1186/5/6 1306/5/6 1305/5/6 1185/5/6
f 1187/5/3 1307/5/3 1308/5/3 1188/5/3
f 1308/5/5 1309/5/5 1189/5/5 1188/5/5
f 1190/5/3 1310/5/3 1307/5/3 1187/5/3
f 1191/5/3 1311/5/3 1310/5/3 1190/5/3
f 1192/5/6 1312/5/6 1311/5/6 1191/5/6
f 1303/4/5 1313/4/5 1193/4/5 1183/4/5
f 1194/5/6 1314/5/6 1306/5/6 1186/5/6
f 1309/5/5 1315/5/5 1195/5/5 1189/5/5
f 1196/5/6 1316/5/6 1312/5/6 1192/5/6
f 1313/4/5 1317/4/5 1197/4/5 1193/4/5
f 1198/4/3 1318/4/3 1314/4/3 1194/4/3
f 1199/4/3 1319/4/3 1318/4/3 1198/4/3
f 1200/4/3 1320/4/3 1319/4/3 1199/4/3
f 1201/4/3 1321/4/3 1320/4/3 1200/4/3
f 1202/4/3 1322/4/3 1321/4/3 1201/4/3
f 1203/4/3 1323/4/3 1322/4/3 1202/4/3
f 1204/4/3 1324/4/3 1323/4/3 1203/4/3
f 1205/4/3 1325/4/3 1324/4/3 1204/4/3
f 1206/4/3 1326/4/3 1325/4/3 1205/4/3
f 1207/4/3 1327/4/3 1326/4/3 1206/4/3
f 1208/4/3 1328/4/3 1327/4/3 1207/4/3
f 1209/4/3 1329/4/3 1328/4/3 1208/4/3
f 1210/4/3 1330/4/3 1329/4/3 1209/4/3
f 1211/4/3 1331/4/3 1330/4/3 1210/4/3
f 1212/4/3 1332/4/3 1331/4/3 1211/4/3
f 1213/4/3 1333/4/3 1332/4/3 1212/4/3
f 1214/4/3 1334/4/3 1333/4/3 1213/4/3
f 1215/4/3 1335/4/3 1334/4/3 1214/4/3
f 1216/4/3 1336/4/3 1335/4/3 1215/4/3
f 1217/4/3 1337/4/3 1336/4/3 1216/4/3
f 1218/4/3 1338/4/3 1337/4/3 1217/4/3
f 1219/4/3 1339/4/3 1338/4/3 1218/4/3
f 1220/4/3 1340/4/3 1339/4/3 1219/4/3
f 1221/4/3 1341/4/3 1340/4/3 1220/4/3
f 1222/4/3 1342/4/3 1341/4/3 1221/4/3
f 1223/4/3 1343/4/3 1342/4/3 1222/4/3
f 1224/4/3 1344/4/3 1343/4/3 1223/4/3
f 1225/4/3 1345/4/3 1344/4/3 1224/4/3
f 1226/4/3 1346/4/3 1345/4/3 1225/4/3
f 1227/4/3 1347/4/3 1346/4/3 1226/4/3
f 1228/4/3 1348/4/3 1347/4/3 1227/4/3
f 1229/4/3 1349/4/3 1348/4/3 1228/4/3
f 1195/4/3 1315/4/3 1349/4/3 1229/4/3
f 1230/5/6 1350/5/6 1316/5/6 1196/5/6
f 1317/4/5 1351/4/5 1231/4/5 1197/4/5
f 1232/5/6 1352/5/6 1350/5/6 1230/5/6
f 1351/4/5 1353/4/5 1233/4/5 1231/4/5
f 1234/5/6 1354/5/6 1352/5/6 1232/5/6
f 1353/4/5 1355/4/5 1235/4/5 1233/4/5
f 1236/5/6 1356/5/6 1354/5/6 1234/5/6
f 1355/4/5 1357/4/5 1237/4/5 1235/4/5
f 1238/5/6 1358/5/6 1356/5/6 1236/5/6
f 1357/4/5 1359/4/5 1239/4/5 1237/4/5
f 1240/5/6 1360/5/6 1358/5/6 1238/5/6
f 1359/4/5 1361/4/5 1241/4/5 1239/4/5
f 1242/5/6 1362/5/6 1360/5/6 1240/5/6
f 1361/4/5 1363/4/5 1243/4/5 1241/4/5
f 1244/5/6 1364/5/6 1362/5/6 1242/5/6
f 1363/4/5 1365/4/5 1245/4/5 1243/4/5
f 1246/5/6 1366/5/6 1364/5/6 1244/5/6
f 1365/4/5 1367/4/5 1247/4/5 1245/4/5
f 1368/4/4 1369/4/4 1249/4/4 1248/4/4
f 1369/4/4 1370/4/4 1250/4/4 1249/4/4
f 1370/4/4 1371/4/4 1251/4/4 1250/4/4
f 1371/4/4 1372/4/4 1252/4/4 1251/4/4
f 1372/4/4 1373/4/4 1253/4/4 1252/4/4
f 1373/4/4 1374/4/4 1254/4/4 1253/4/4
f 1374/4/4 1375/4/4 1255/4/4 1254/4/4
f 1375/4/4 1376/4/4 1256/4/4 1255/4/4
f 1376/4/4 1377/4/4 1257/4/4 1256/4/4
f 1377/4/4 1378/4/4 1258/4/4 1257/4/4
f 1378/4/4 1379/4/4 1259/4/4 1258/4/4
f 1379/4/4 1380/4/4 1260/4/4 1259/4/4
f 1380/4/4 1381/4/4 1261/4/4 1260/4/4
f 1381/4/4 1382/4/4 1262/4/4 1261/4/4
f 1382/4/4 1383/4/4 1263/4/4 1262/4/4
f 1383/4/4 1384/4/4 1264/4/4 1263/4/4
f 1384/4/4 1385/4/4 1265/4/4 1264/4/4
f 1385/4/4 1386/4/4 1266/4/4 1265/4/4
f 1386/4/4 1387/4/4 1267/4/4 1266/4/4
f 1387/4/4 1388/4/4 1268/4/4 1267/4/4
f 1388/4/4 1389/4/4 1269/4/4 1268/4/4
f 1389/4/4 1390/4/4 1270/4/4 1269/4/4
f 1390/4/4 1391/4/4 1271/4/4 1270/4/4
f 1391/4/4 1392/4/4 1272/4/4 1271/4/4
f 1392/4/4 1393/4/4 1273/4/4 1272/4/4
f 1393/4/4 1394/4/4 1274/4/4 1273/4/4
f 1394/4/4 1395/4/4 1275/4/4 1274/4/4
f 1395/4/4 1396/4/4 1276/4/4 1275/4/4
f 1396/4/4 1397/4/4 1277/4/4 1276/4/4
f 1397/4/4 1398/4/4 1278/4/4 1277/4/4
f 1398/4/4 1399/4/4 1279/4/4 1278/4/4
f 1399/4/4 1400/4/4 1280/4/4 1279/4/4
f 1400/4/4 1401/4/4 1281/4/4 1280/4/4
f 1282/5/6 1402/5/6 1366/5/6 1246/5/6
f 1367/4/5 1403/4/5 1283/4/5 1247/4/5
f 1284/5/6 1404/5/6 1368/5/6 1248/5/6
f 1401/5/5 1405/5/5 1285/5/5 1281/5/5
f 1286/5/6 1406/5/6 1402/5/6 1282/5/6
f 1403/4/5 1407/4/5 1287/4/5 1283/4/5
f 1408/5/4 1409/5/4 1289/5/4 1288/5/4
f 1409/5/4 1410/5/4 1290/5/4 1289/5/4
f 1290/5/6 1410/5/6 1404/5/6 1284/5/6
f 1411/5/4 1412/5/4 1292/5/4 1291/5/4
f 1405/5/5 1411/5/5 1291/5/5 1285/5/5
f 1412/5/4 1413/5/4 1293/5/4 1292/5/4
f 1413/5/4 1414/5/4 1294/5/4 1293/5/4
f 1294/5/6 1414/5/6 1406/5/6 1286/5/6
f 1415/4/4 1416/4/4 1296/4/4 1295/4/4
f 1407/4/5 1415/4/5 1295/4/5 1287/4/5
f 1416/4/4 1417/4/4 1297/4/4 1296/4/4
f 1297/4/6 1417/4/6 1408/4/6 1288/4/6
f 1298/4/3 1418/4/3 1419/4/3 1299/4/3
f 1419/4/5 1420/4/5 1300/4/5 1299/4/5
f 1301/4/3 1421/4/3 1418/4/3 1298/4/3
f 1302/4/6 1422/4/6 1421/4/6 1301/4/6
f 1420/4/5 1423/4/5 1303/4/5 1300/4/5
f 1304/5/3 1424/5/3 1422/5/3 1302/5/3
f 1305/5/3 1425/5/3 1424/5/3 1304/5/3
f 1306/5/6 1426/5/6 1425/5/6 1305/5/6
f 1307/5/3 1427/5/3 1428/5/3 1308/5/3
f 1428/5/5 1429/5/5 1309/5/5 1308/5/5
f 1310/5/3 1430/5/3 1427/5/3 1307/5/3
f 1311/5/3 1431/5/3 1430/5/3 1310/5/3
f 1312/5/6 1432/5/6 1431/5/6 1311/5/6
f 1423/4/5 1433/4/5 1313/4/5 1303/4/5
f 1314/5/6 1434/5/6 1426/5/6 1306/5/6
f 1429/5/5 1435/5/5 1315/5/5 1309/5/5
f 1316/5/6 1436/5/6 1432/5/6 1312/5/6
f 1433/4/5 1437/4/5 1317/4/5 1313/4/5
f 1318/4/3 1438/4/3 1434/4/3 1314/4/3
f 1319/4/3 1439/4/3 1438/4/3 1318/4/3
f 1320/4/3 1440/4/3 1439/4/3 1319/4/3
f 1321/4/3 1441/4/3 1440/4/3 1320/4/3
f 1322/4/3 1442/4/3 1441/4/3 1321/4/3
f 1323/4/3 1443/4/3 1442/4/3 1322/4/3
f 1324/4/3 1444/4/3 1443/4/3 1323/4/3
f 1325/4/3 1445/4/3 1444/4/3 1324/4/3
f 1326/4/3 1446/4/3 1445/4/3 1325/4/3
f 1327/4/3 1447/4/3 1446/4/3 1326/4/3
f 1328/4/3 1448/4/3 1447/4/3 1327/4/3
f 1329/4/3 1449/4/3 1448/4/3 1328/4/3
f 1330/4/3 1450/4/3 1449/4/3 1329/4/3
f 1331/4/3 1451/4/3 1450/4/3 1330/4/3
f 1332/4/3 1452/4/3 1451/4/3 1331/4/3
f 1333/4/3 1453/4/3 1452/4/3 1332/4/3
f 1334/4/3 1454/4/3 1453/4/3 1333/4/3
f 1335/4/3 1455/4/3 1454/4/3 1334/4/3
f 1336/4/3 1456/4/3 1455/4/3 1335/4/3
f 1337/4/3 1457/4/3 1456/4/3 1336/4/3
f 1338/4/3 1458/4/3 1457/4/3 1337/4/3
f 1339/4/3 1459/4/3 1458/4/3 1338/4/3
f 1340/4/3 1460/4/3 1459/4/3 1339/4/3
f 1341/4/3 1461/4/3 1460/4/3 1340/4/3
f 1342/4/3 1462/4/3 1461/4/3 1341/4/3
f 1343/4/3 1463/4/3 1462/4/3 1342/4/3
f 1344/4/3 1464/4/3 1463/4/3 1343/4/3
f 1345/4/3 1465/4/3 1464/4/3 1344/4/3
f 1346/4/3 1466/4/3 1465/4/3 1345/4/3
f 1347/4/3 1467/4/3 1466/4/3 1346/4/3
f 1348/4/3 1468/4/3 1467/4/3 1347/4/3
f 1349/4/3 1469/4/3 1468/4/3 1348/4/3
f 1315/5/3 1435/5/3 1469/5/3 1349/5/3
f 1350/5/6 1470/5/6 1436/5/6 1316/5/6
f 1437/4/5 1471/4/5 1351/4/5 1317/4/5
f 1352/5/6 1472/5/6 1470/5/6 1350/5/6
f 1471/4/5 1473/4/5 1353/4/5 1351/4/5
f 1354/5/6 1474/5/6 1472/5/6 1352/5/6
f 1473/4/5 1475/4/5 1355/4/5 1353/4/5
f 1356/5/6 1476/5/6 1474/5/6 1354/5/6
f 1475/4/5 1477/4/5 1357/4/5 1355/4/5
f 1358/5/6 1478/5/6 1476/5/6 1356/5/6
f 1477/4/5 1479/4/5 1359/4/5 1357/4/5
f 1360/5/6 1480/5/6 1478/5/6 1358/5/6
f 1479/4/5 1481/4/5 1361/4/5 1359/4/5
f 1362/5/6 1482/5/6 1480/5/6 1360/5/6
f 1481/4/5 1483/4/5 1363/4/5 1361/4/5
f 1364/5/6 1484/5/6 1482/5/6 1362/5/6
f 1483/4/5 1485/4/5 1365/4/5 1363/4/5
f 1366/5/6 1486/5/6 1484/5/6 1364/5/6
f 1485/4/5 1487/4/5 1367/4/5 1365/4/5
f 1488/4/4 1489/4/4 1369/4/4 1368/4/4
f 1489/4/4 1490/4/4 1370/4/4 1369/4/4
f 1490/4/4 1491/4/4 1371/4/4 1370/4/4
f 1491/4/4 1492/4/4 1372/4/4 1371/4/4
f 1492/4/4 1493/4/4 1373/4/4 1372/4/4
f 1493/4/4 1494/4/4 1374/4/4 1373/4/4
f 1494/4/4 1495/4/4 1375/4/4 1374/4/4
f 1495/4/4 1496/4/4 1376/4/4 1375/4/4
f 1496/4/4 1497/4/4 1377/4/4 1376/4/4
f 1497/4/4 1498/4/4 1378/4/4 1377/4/4
f 1498/4/4 1499/4/4 1379/4/4 1378/4/4
f 1499/4/4 1500/4/4 1380/4/4 1379/4/4
f 1500/4/4 1501/4/4 1381/4/4 1380/4/4
f 1501/4/4 1502/4/4 1382/4/4 1381/4/4
f 1502/4/4 1503/4/4 1383/4/4 1382/4/4
f 1503/4/4 1504/4/4 1384/4/4 1383/4/4
f 1504/4/4 1505/4/4 1385/4/4 1384/4/4
f 1505/4/4 1506/4/4 1386/4/4 1385/4/4
f 1506/4/4 1507/4/4 1387/4/4 1386/4/4
f 1507/4/4 1508/4/4 1388/4/4 1387/4/4
f 1508/4/4 1509/4/4 1389/4/4 1388/4/4
f 1509/4/4 1510/4/4 1390/4/4 1389/4/4
f 1510/4/4 1511/4/4 1391/4/4 1390/4/4
f 1511/4/4 1512/4/4 1392/4/4 1391/4/4
f 1512/4/4 1513/4/4 1393/4/4 1392/4/4
f 1513/4/4 1514/4/4 1394/4/4 1393/4/4
f 1514/4/4 1515/4/4 1395/4/4 1394/4/4
f 1515/4/4 1516/4/4 1396/4/4 1395/4/4
f 1516/4/4 1517/4/4 1397/4/4 1396/4/4
f 1517/4/4 1518/4/4 1398/4/4 1397/4/4
f 1518/4/4 1519/4/4 1399/4/4 1398/4/4
f 1519/4/4 1520/4/4 1400/4/4 1399/4/4
f 1520/4/4 1521/4/4 1401/4/4 1400/4/4
f 1402/5/6 1522/5/6 1486/5/6 1366/5/6
f 1487/4/5 1523/4/5 1403/4/5 1367/4/5
f 1404/5/6 1524/5/6 1488/5/6 1368/5/6
f 1521/5/5 1525/5/5 1405/5/5 1401/5/5
f 1406/5/6 1526/5/6 1522/5/6 1402/5/6
f 1523/4/5 1527/4/5 1407/4/5 1403/4/5
f 1528/5/4 1529/5/4 1409/5/4 1408/5/4
f 1529/5/4 1530/5/4 1410/5/4 1409/5/4
f 1410/5/6 1530/5/6 1524/5/6 1404/5/6
f 1531/5/4 1532/5/4 1412/5/4 1411/5/4
f 1525/5/5 1531/5/5 1411/5/5 1405/5/5
f 1532/5/4 1533/5/4 1413/5/4 1412/5/4
f 1533/5/4 1534/5/4 1414/5/4 1413/5/4
f 1414/5/6 1534/5/6 1526/5/6 1406/5/6
f 1535/4/4 1536/4/4 1416/4/4 1415/4/4
f 1527/4/5 1535/4/5 1415/4/5 1407/4/5
f 1536/4/4 1537/4/4 1417/4/4 1416/4/4
f 1417/4/6 1537/4/6 1528/4/6 1408/4/6
f 1418/4/3 1538/4/3 1539/4/3 1419/4/3
f 1539/4/5 1540/4/5 1420/4/5 1419/4/5
f 1421/4/3 1541/4/3 1538/4/3 1418/4/3
f 1422/4/6 1542/4/6 1541/4/6 1421/4/6
f 1540/4/5 1543/4/5 1423/4/5 1420/4/5
f 1424/5/3 1544/5/3 1542/5/3 1422/5/3
f 1425/5/3 1545/5/3 1544/5/3 1424/5/3
f 1426/5/6 1546/5/6 1545/5/6 1425/5/6
f 1427/5/3 1547/5/3 1548/5/3 1428/5/3
f 1548/5/5 1549/5/5 1429/5/5 1428/5/5
f 1430/5/3 1550/5/3 1547/5/3 1427/5/3
f 1431/5/3 1551/5/3 1550/5/3 1430/5/3
f 1432/5/6 1552/5/6 1551/5/6 1431/5/6
f 1543/4/5 1553/4/5 1433/4/5 1423/4/5
f 1434/5/6 1554/5/6 1546/5/6 1426/5/6
f 1549/5/5 1555/5/5 1435/5/5 1429/5/5
f 1436/5/6 1556/5/6 1552/5/6 1432/5/6
f 1553/4/5 1557/4/5 1437/4/5 1433/4/5
f 1558/4/2 1559/4/2 1560/4/2 1554/4/2
f 1438/4/3 1558/4/3 1554/4/3 1434/4/3
f 1561/4/2 1562/4/2 1559/4/2 1558/4/2
f 1439/4/3 1561/4/3 1558/4/3 1438/4/3
f 1563/4/2 1564/4/2 1562/4/2 1561/4/2
f 1440/4/3 1563/4/3 1561/4/3 1439/4/3
f 1565/4/2 1566/4/2 1564/4/2 1563/4/2
f 1441/4/3 1565/4/3 1563/4/3 1440/4/3
f 1567/4/2 1568/4/2 1566/4/2 1565/4/2
f 1442/4/3 1567/4/3 1565/4/3 1441/4/3
f 1569/4/2 1570/4/2 1568/4/2 1567/4/2
f 1443/4/3 1569/4/3 1567/4/3 1442/4/3
f 1571/4/2 1572/4/2 1570/4/2 1569/4/2
f 1444/4/3 1571/4/3 1569/4/3 1443/4/3
f 1573/4/2 1574/4/2 1572/4/2 1571/4/2
f 1445/4/3 1573/4/3 1571/4/3 1444/4/3
f 1575/4/2 1576/4/2 1574/4/2 1573/4/2
f 1446/4/3 1575/4/3 1573/4/3 1445/4/3
f 1577/4/2 1578/4/2 1576/4/2 1575/4/2
f 1447/4/3 1577/4/3 1575/4/3 1446/4/3
f 1579/4/2 1580/4/2 1578/4/2 1577/4/2
f 1448/4/3 1579/4/3 1577/4/3 1447/4/3
f 1581/4/2 1582/4/2 1580/4/2 1579/4/2
f 1449/4/3 1581/4/3 1579/4/3 1448/4/3
f 1583/4/2 1584/4/2 1582/4/2 1581/4/2
f 1450/4/3 1583/4/3 1581/4/3 1449/4/3
f 1585/4/2 1586/4/2 1584/4/2 1583/4/2
f 1451/4/3 1585/4/3 1583/4/3 1450/4/3
f 1587/4/2 1588/4/2 1586/4/2 1585/4/2
f 1452/4/3 1587/4/3 1585/4/3 1451/4/3
f 1589/4/2 1590/4/2 1588/4/2 1587/4/2
f 1453/4/3 1589/4/3 1587/4/3 1452/4/3
f 1591/4/2 1592/4/2 1590/4/2 1589/4/2
f 1454/4/3 1591/4/3 1589/4/3 1453/4/3
f 1593/4/2 1594/4/2 1592/4/2 1591/4/2
f 1455/4/3 1593/4/3 1591/4/3 1454/4/3
f 1595/4/2 1596/4/2 1594/4/2 1593/4/2
f 1456/4/3 1595/4/3 1593/4/3 1455/4/3
f 1597/4/2 1598/4/2 1596/4/2 1595/4/2
f 1457/4/3 1597/4/3 1595/4/3 1456/4/3
f 1599/4/2 1600/4/2 1598/4/2 1597/4/2
f 1458/4/3 1599/4/3 1597/4/3 1457/4/3
f 1601/4/2 1602/4/2 1600/4/2 1599/4/2
f 1459/4/3 1601/4/3 1599/4/3 1458/4/3
f 1603/4/2 1604/4/2 1602/4/2 1601/4/2
f 1460/4/3 1603/4/3 1601/4/3 1459/4/3
f 1605/4/2 1606/4/2 1604/4/2 1603/4/2
f 1461/4/3 1605/4/3 1603/4/3 1460/4/3
f 1607/4/2 1608/4/2 1606/4/2 1605/4/2
f 1462/4/3 1607/4/3 1605/4/3 1461/4/3
f 1609/4/2 1610/4/2 1608/4/2 1607/4/2
f 1463/4/3 1609/4/3 1607/4/3 1462/4/3
f 1611/4/2 1612/4/2 1610/4/2 1609/4/2
f 1464/4/3 1611/4/3 1609/4/3 1463/4/3
f 1613/4/2 1614/4/2 1612/4/2 1611/4/2
f 1465/4/3 1613/4/3 1611/4/3 1464/4/3
f 1615/4/2 1616/4/2 1614/4/2 1613/4/2
f 1466/4/3 1615/4/3 1613/4/3 1465/4/3
f 1617/4/2 1618/4/2 1616/4/2 1615/4/2
f 1467/4/3 1617/4/3 1615/4/3 1466/4/3
f 1619/4/2 1620/4/2 1618/4/2 1617/4/2
f 1468/4/3 1619/4/3 1617/4/3 1467/4/3
f 1621/4/2 1622/4/2 1620/4/2 1619/4/2
f 1469/4/3 1621/4/3 1619/4/3 1468/4/3
f 1555/4/2 1623/4/2 1622/4/2 1621/4/2
f 1435/4/3 1555/4/3 1621/4/3 1469/4/3
f 1470/5/6 1624/5/6 1556/5/6 1436/5/6
f 1557/4/5 1625/4/5 1471/4/5 1437/4/5
f 1472/5/6 1626/5/6 1624/5/6 1470/5/6
f 1625/4/5 1627/4/5 1473/4/5 1471/4/5
f 1474/5/6 1628/5/6 1626/5/6 1472/5/6
f 1627/4/5 1629/4/5 1475/4/5 1473/4/5
f 1476/5/6 1630/5/6 1628/5/6 1474/5/6
f 1629/4/5 1631/4/5 1477/4/5 1475/4/5
f 1478/5/6 1632/5/6 1630/5/6 1476/5/6
f 1631/4/5 1633/4/5 1479/4/5 1477/4/5
f 1480/5/6 1634/5/6 1632/5/6 1478/5/6
f 1633/4/5 1635/4/5 1481/4/5 1479/4/5
f 1482/5/6 1636/5/6 1634/5/6 1480/5/6
f 1635/4/5 1637/4/5 1483/4/5 1481/4/5
f 1484/5/6 1638/5/6 1636/5/6 1482/5/6
f 1637/4/5 1639/4/5 1485/4/5 1483/4/5
f 1486/5/6 1640/5/6 1638/5/6 1484/5/6
f 1639/4/5 1641/4/5 1487/4/5 1485/4/5
f 1642/4/2 1643/4/2 1644/4/2 1645/4/2
f 1644/4/4 1643/4/4 1489/4/4 1488/4/4
f 1646/4/2 1647/4/2 1643/4/2 1642/4/2
f 1643/4/4 1647/4/4 1490/4/4 1489/4/4
f 1648/4/2 1649/4/2 1647/4/2 1646/4/2
f 1647/4/4 1649/4/4 1491/4/4 1490/4/4
f 1650/4/2 1651/4/2 1649/4/2 1648/4/2
f 1649/4/4 1651/4/4 1492/4/4 1491/4/4
f 1652/4/2 1653/4/2 1651/4/2 1650/4/2
f 1651/4/4 1653/4/4 1493/4/4 1492/4/4
f 1654/4/2 1655/4/2 1653/4/2 1652/4/2
f 1653/4/4 1655/4/4 1494/4/4 1493/4/4
f 1656/4/2 1657/4/2 1655/4/2 1654/4/2
f 1655/4/4 1657/4/4 1495/4/4 1494/4/4
f 1658/4/2 1659/4/2 1657/4/2 1656/4/2
f 1657/4/4 1659/4/4 1496/4/4 1495/4/4
f 1660/4/2 1661/4/2 1659/4/2 1658/4/2
f 1659/4/4 1661/4/4 1497/4/4 1496/4/4
f 1662/4/2 1663/4/2 1661/4/2 1660/4/2
f 1661/4/4 1663/4/4 1498/4/4 1497/4/4
f 1664/4/2 1665/4/2 1663/4/2 1662/4/2
f 1663/4/4 1665/4/4 1499/4/4 1498/4/4
f 1666/4/2 1667/4/2 1665/4/2 1664/4/2
f 1665/4/4 1667/4/4 1500/4/4 1499/4/4
f 1668/4/2 1669/4/2 1667/4/2 1666/4/2
f 1667/4/4 1669/4/4 1501/4/4 1500/4/4
f 1670/4/2 1671/4/2 1669/4/2 1668/4/2
f 1669/4/4 1671/4/4 1502/4/4 1501/4/4
f 1672/4/2 1673/4/2 1671/4/2 1670/4/2
f 1671/4/4 1673/4/4 1503/4/4 1502/4/4
f 1674/4/2 1675/4/2 1673/4/2 1672/4/2
f 1673/4/4 1675/4/4 1504/4/4 1503/4/4
f 1676/4/2 1677/4/2 1675/4/2 1674/4/2
f 1675/4/4 1677/4/4 1505/4/4 1504/4/4
f 1678/4/2 1679/4/2 1677/4/2 1676/4/2
f 1677/4/4 1679/4/4 1506/4/4 1505/4/4
f 1680/4/2 1681/4/2 1679/4/2 1678/4/2
f 1679/4/4 1681/4/4 1507/4/4 1506/4/4
f 1682/4/2 1683/4/2 1681/4/2 1680/4/2
f 1681/4/4 1683/4/4 1508/4/4 1507/4/4
f 1684/4/2 1685/4/2 1683/4/2 1682/4/2
f 1683/4/4 1685/4/4 1509/4/4 1508/4/4
f 1686/4/2 1687/4/2 1685/4/2 1684/4/2
f 1685/4/4 1687/4/4 1510/4/4 1509/4/4
f 1688/4/2 1689/4/2 1687/4/2 1686/4/2
f 1687/4/4 1689/4/4 1511/4/4 1510/4/4
f 1690/4/2 1691/4/2 1689/4/2 1688/4/2
f 1689/4/4 1691/4/4 1512/4/4 1511/4/4
f 1692/4/2 1693/4/2 1691/4/2 1690/4/2
f 1691/4/4 1693/4/4 1513/4/4 1512/4/4
f 1694/4/2 1695/4/2 1693/4/2 1692/4/2
f 1693/4/4 1695/4/4 1514/4/4 1513/4/4
f 1696/4/2 1697/4/2 1695/4/2 1694/4/2
f 1695/4/4 1697/4/4 1515/4/4 1514/4/4
f 1698/4/2 1699/4/2 1697/4/2 1696/4/2
f 1697/4/4 1699/4/4 1516/4/4 1515/4/4
f 1700/4/2 1701/4/2 1699/4/2 1698/4/2
f 1699/4/4 1701/4/4 1517/4/4 1516/4/4
f 1702/4/2 1703/4/2 1701/4/2 1700/4/2
f 1701/4/4 1703/4/4 1518/4/4 1517/4/4
f 1704/4/2 1705/4/2 1703/4/2 1702/4/2
f 1703/4/4 1705/4/4 1519/4/4 1518/4/4
f 1706/4/2 1707/4/2 1705/4/2 1704/4/2
f 1705/4/4 1707/4/4 1520/4/4 1519/4/4
f 1708/4/2 1709/4/2 1707/4/2 1706/4/2
f 1707/4/4 1709/4/4 1521/4/4 1520/4/4
f 1522/5/6 1710/5/6 1640/5/6 1486/5/6
f 1641/4/5 1711/4/5 1523/4/5 1487/4/5
f 1524/5/6 1712/5/6 1644/5/6 1488/5/6
f 1709/5/5 1713/5/5 1525/5/5 1521/5/5
f 1526/5/6 1714/5/6 1710/5/6 1522/5/6
f 1711/4/5 1715/4/5 1527/4/5 1523/4/5
f 1716/5/4 1717/5/4 1529/5/4 1528/5/4
f 1717/5/4 1718/5/4 1530/5/4 1529/5/4
f 1530/5/6 1718/5/6 1712/5/6 1524/5/6
f 1719/5/4 1720/5/4 1532/5/4 1531/5/4
f 1713/5/5 1719/5/5 1531/5/5 1525/5/5
f 1720/5/4 1721/5/4 1533/5/4 1532/5/4
f 1721/5/4 1722/5/4 1534/5/4 1533/5/4
f 1534/5/6 1722/5/6 1714/5/6 1526/5/6
f 1723/4/4 1724/4/4 1536/4/4 1535/4/4
f 1715/4/5 1723/4/5 1535/4/5 1527/4/5
f 1724/4/4 1725/4/4 1537/4/4 1536/4/4
f 1537/4/6 1725/4/6 1716/4/6 1528/4/6
f 1538/4/3 1726/4/3 1727/4/3 1539/4/3
f 1727/4/5 1728/4/5 1540/4/5 1539/4/5
f 1541/4/3 1729/4/3 1726/4/3 1538/4/3
f 1542/4/6 1730/4/6 1729/4/6 1541/4/6
f 1728/4/5 1731/4/5 1543/4/5 1540/4/5
f 1544/5/3 1732/5/3 1730/5/3 1542/5/3
f 1545/5/3 1733/5/3 1732/5/3 1544/5/3
f 1546/5/6 1734/5/6 1733/5/6 1545/5/6
f 1547/5/3 1735/5/3 1736/5/3 1548/5/3
f 1736/5/5 1737/5/5 1549/5/5 1548/5/5
f 1550/5/3 1738/5/3 1735/5/3 1547/5/3
f 1551/5/3 1739/5/3 1738/5/3 1550/5/3
f 1552/5/6 1740/5/6 1739/5/6 1551/5/6
f 1731/4/5 1741/4/5 1553/4/5 1543/4/5
f 1554/5/6 1742/5/6 1734/5/6 1546/5/6
f 1737/5/5 1743/5/5 1555/5/5 1549/5/5
f 1556/5/6 1744/5/6 1740/5/6 1552/5/6
f 1741/4/5 1745/4/5 1557/4/5 1553/4/5
f 1560/5/6 1746/5/6 1742/5/6 1554/5/6
f 1743/5/5 1747/5/5 1623/5/5 1555/5/5
f 1624/5/6 1748/5/6 1744/5/6 1556/5/6
f 1745/4/5 1749/4/5 1625/4/5 1557/4/5
f 1750/4/2 1751/4/2 1752/4/2 1746/4/2
f 1559/4/3 1750/4/3 1746/4/3 1560/4/3
f 1753/4/2 1754/4/2 1751/4/2 1750/4/2
f 1562/4/3 1753/4/3 1750/4/3 1559/4/3
f 1755/4/2 1756/4/2 1754/4/2 1753/4/2
f 1564/4/3 1755/4/3 1753/4/3 1562/4/3
f 1757/4/2 1758/4/2 1756/4/2 1755/4/2
f 1566/4/3 1757/4/3 1755/4/3 1564/4/3
f 1759/4/2 1760/4/2 1758/4/2 1757/4/2
f 1568/4/3 1759/4/3 1757/4/3 1566/4/3
f 1761/4/2 1762/4/2 1760/4/2 1759/4/2
f 1570/4/3 1761/4/3 1759/4/3 1568/4/3
f 1763/4/2 1764/4/2 1762/4/2 1761/4/2
f 1572/4/3 1763/4/3 1761/4/3 1570/4/3
f 1765/4/2 1766/4/2 1764/4/2 1763/4/2
f 1574/4/3 1765/4/3 1763/4/3 1572/4/3
f 1767/4/2 1768/4/2 1766/4/2 1765/4/2
f 1576/4/3 1767/4/3 1765/4/3 1574/4/3
f 1769/4/2 1770/4/2 1768/4/2 1767/4/2
f 1578/4/3 1769/4/3 1767/4/3 1576/4/3
f 1771/11/2 1772/11/2 1770/11/2 1769/11/2
f 1580/11/3 1771/11/3 1769/11/3 1578/11/3
f 1773/4/2 1774/4/2 1772/4/2 1771/4/2
f 1582/4/3 1773/4/3 1771/4/3 1580/4/3
f 1775/4/2 1776/4/2 1774/4/2 1773/4/2
f 1584/4/3 1775/4/3 1773/4/3 1582/4/3
f 1777/4/2 1778/4/2 1776/4/2 1775/4/2
f 1586/4/3 1777/4/3 1775/4/3 1584/4/3
f 1779/4/2 1780/4/2 1778/4/2 1777/4/2
f 1588/4/3 1779/4/3 1777/4/3 1586/4/3
f 1781/4/2 1782/4/2 1780/4/2 1779/4/2
f 1590/4/3 1781/4/3 1779/4/3 1588/4/3
f 1783/4/2 1784/4/2 1782/4/2 1781/4/2
f 1592/4/3 1783/4/3 1781/4/3 1590/4/3
f 1785/4/2 1786/4/2 1784/4/2 1783/4/2
f 1594/4/3 1785/4/3 1783/4/3 1592/4/3
f 1787/4/2 1788/4/2 1786/4/2 1785/4/2
f 1596/4/3 1787/4/3 1785/4/3 1594/4/3
f 1789/4/2 1790/4/2 1788/4/2 1787/4/2
f 1598/4/3 1789/4/3 1787/4/3 1596/4/3
f 1791/4/2 1792/4/2 1790/4/2 1789/4/2
f 1600/4/3 1791/4/3 1789/4/3 1598/4/3
f 1793/4/2 1794/4/2 1792/4/2 1791/4/2
f 1602/4/3 1793/4/3 1791/4/3 1600/4/3
f 1795/4/2 1796/4/2 1794/4/2 1793/4/2
f 1604/4/3 1795/4/3 1793/4/3 1602/4/3
f 1797/4/2 1798/4/2 1796/4/2 1795/4/2
f 1606/4/3 1797/4/3 1795/4/3 1604/4/3
f 1799/11/2 1800/11/2 1798/11/2 1797/11/2
f 1608/11/3 1799/11/3 1797/11/3 1606/11/3
f 1801/4/2 1802/4/2 1800/4/2 1799/4/2
f 1610/4/3 1801/4/3 1799/4/3 1608/4/3
f 1803/4/2 1804/4/2 1802/4/2 1801/4/2
f 1612/4/3 1803/4/3 1801/4/3 1610/4/3
f 1805/4/2 1806/4/2 1804/4/2 1803/4/2
f 1614/4/3 1805/4/3 1803/4/3 1612/4/3
f 1807/4/2 1808/4/2 1806/4/2 1805/4/2
f 1616/4/3 1807/4/3 1805/4/3 1614/4/3
f 1809/4/2 1810/4/2 1808/4/2 1807/4/2
f 1618/4/3 1809/4/3 1807/4/3 1616/4/3
f 1811/4/2 1812/4/2 1810/4/2 1809/4/2
f 1620/4/3 1811/4/3 1809/4/3 1618/4/3
f 1813/4/2 1814/4/2 1812/4/2 1811/4/2
f 1622/4/3 1813/4/3 1811/4/3 1620/4/3
f 1747/4/2 1815/4/2 1814/4/2 1813/4/2
f 1623/4/3 1747/4/3 1813/4/3 1622/4/3
f 1626/5/6 1816/5/6 1748/5/6 1624/5/6
f 1749/4/5 1817/4/5 1627/4/5 1625/4/5
f 1628/5/6 1818/5/6 1816/5/6 1626/5/6
f 1817/4/5 1819/4/5 1629/4/5 1627/4/5
f 1630/5/6 1820/5/6 1818/5/6 1628/5/6
f 1819/4/5 1821/4/5 1631/4/5 1629/4/5
f 1632/5/6 1822/5/6 1820/5/6 1630/5/6
f 1821/4/5 1823/4/5 1633/4/5 1631/4/5
f 1634/5/6 1824/5/6 1822/5/6 1632/5/6
f 1823/4/5 1825/4/5 1635/4/5 1633/4/5
f 1636/5/6 1826/5/6 1824/5/6 1634/5/6
f 1825/4/5 1827/4/5 1637/4/5 1635/4/5
f 1638/5/6 1828/5/6 1826/5/6 1636/5/6
f 1827/4/5 1829/4/5 1639/4/5 1637/4/5
f 1830/4/2 1831/4/2 1832/4/2 1833/4/2
f 1832/4/4 1831/4/4 1642/4/4 1645/4/4
f 1834/4/2 1835/4/2 1831/4/2 1830/4/2
f 1831/4/4 1835/4/4 1646/4/4 1642/4/4
f 1836/4/2 1837/4/2 1835/4/2 1834/4/2
f 1835/4/4 1837/4/4 1648/4/4 1646/4/4
f 1838/4/2 1839/4/2 1837/4/2 1836/4/2
f 1837/4/4 1839/4/4 1650/4/4 1648/4/4
f 1840/4/2 1841/4/2 1839/4/2 1838/4/2
f 1839/4/4 1841/4/4 1652/4/4 1650/4/4
f 1842/4/2 1843/4/2 1841/4/2 1840/4/2
f 1841/4/4 1843/4/4 1654/4/4 1652/4/4
f 1844/4/2 1845/4/2 1843/4/2 1842/4/2
f 1843/4/4 1845/4/4 1656/4/4 1654/4/4
f 1846/4/2 1847/4/2 1845/4/2 1844/4/2
f 1845/4/4 1847/4/4 1658/4/4 1656/4/4
f 1848/4/2 1849/4/2 1847/4/2 1846/4/2
f 1847/4/4 1849/4/4 1660/4/4 1658/4/4
f 1850/4/2 1851/4/2 1849/4/2 1848/4/2
f 1849/4/4 1851/4/4 1662/4/4 1660/4/4
f 1852/4/2 1853/4/2 1851/4/2 1850/4/2
f 1851/4/4 1853/4/4 1664/4/4 1662/4/4
f 1854/4/2 1855/4/2 1853/4/2 1852/4/2
f 1853/4/4 1855/4/4 1666/4/4 1664/4/4
f 1856/4/2 1857/4/2 1855/4/2 1854/4/2
f 1855/4/4 1857/4/4 1668/4/4 1666/4/4
f 1858/4/2 1859/4/2 1857/4/2 1856/4/2
f 1857/4/4 1859/4/4 1670/4/4 1668/4/4
f 1860/4/2 1861/4/2 1859/4/2 1858/4/2
f 1859/4/4 1861/4/4 1672/4/4 1670/4/4
f 1862/4/2 1863/4/2 1861/4/2 1860/4/2
f 1861/4/4 1863/4/4 1674/4/4 1672/4/4
f 1864/4/2 1865/4/2 1863/4/2 1862/4/2
f 1863/4/4 1865/4/4 1676/4/4 1674/4/4
f 1866/4/2 1867/4/2 1865/4/2 1864/4/2
f 1865/4/4 1867/4/4 1678/4/4 1676/4/4
f 1868/4/2 1869/4/2 1867/4/2 1866/4/2
f 1867/4/4 1869/4/4 1680/4/4 1678/4/4
f 1870/4/2 1871/4/2 1869/4/2 1868/4/2
f 1869/4/4 1871/4/4 1682/4/4 1680/4/4
f 1872/4/2 1873/4/2 1871/4/2 1870/4/2
f 1871/4/4 1873/4/4 1684/4/4 1682/4/4
f 1874/4/2 1875/4/2 1873/4/2 1872/4/2
f 1873/4/4 1875/4/4 1686/4/4 1684/4/4
f 1876/4/2 1877/4/2 1875/4/2 1874/4/2
f 1875/4/4 1877/4/4 1688/4/4 1686/4/4
f 1878/4/2 1879/4/2 1877/4/2 1876/4/2
f 1877/4/4 1879/4/4 1690/4/4 1688/4/4
f 1880/4/2 1881/4/2 1879/4/2 1878/4/2
f 1879/4/4 1881/4/4 1692/4/4 1690/4/4
f 1882/4/2 1883/4/2 1881/4/2 1880/4/2
f 1881/4/4 1883/4/4 1694/4/4 1692/4/4
f 1884/4/2 1885/4/2 1883/4/2 1882/4/2
f 1883/4/4 1885/4/4 1696/4/4 1694/4/4
f 1886/4/2 1887/4/2 1885/4/2 1884/4/2
f 1885/4/4 1887/4/4 1698/4/4 1696/4/4
f 1888/4/2 1889/4/2 1887/4/2 1886/4/2
f 1887/4/4 1889/4/4 1700/4/4 1698/4/4
f 1890/4/2 1891/4/2 1889/4/2 1888/4/2
f 1889/4/4 1891/4/4 1702/4/4 1700/4/4
f 1892/4/2 1893/4/2 1891/4/2 1890/4/2
f 1891/4/4 1893/4/4 1704/4/4 1702/4/4
f 1894/4/2 1895/4/2 1893/4/2 1892/4/2
f 1893/4/4 1895/4/4 1706/4/4 1704/4/4
f 1896/4/2 1897/4/2 1895/4/2 1894/4/2
f 1895/4/4 1897/4/4 1708/4/4 1706/4/4
f 1640/5/6 1898/5/6 1828/5/6 1638/5/6
f 1829/4/5 1899/4/5 1641/4/5 1639/4/5
f 1644/5/6 1900/5/6 1832/5/6 1645/5/6
f 1897/5/5 1901/5/5 1709/5/5 1708/5/5
f 1710/5/6 1902/5/6 1898/5/6 1640/5/6
f 1899/4/5 1903/4/5 1711/4/5 1641/4/5
f 1712/5/6 1904/5/6 1900/5/6 1644/5/6
f 1901/5/5 1905/5/5 1713/5/5 1709/5/5
f 1714/5/6 1906/5/6 1902/5/6 1710/5/6
f 1903/4/5 1907/4/5 1715/4/5 1711/4/5
f 1908/5/4 1909/5/4 1717/5/4 1716/5/4
f 1909/5/4 1910/5/4 1718/5/4 1717/5/4
f 1718/5/6 1910/5/6 1904/5/6 1712/5/6
f 1911/5/4 1912/5/4 1720/5/4 1719/5/4
f 1905/5/5 1911/5/5 1719/5/5 1713/5/5
f 1912/5/4 1913/5/4 1721/5/4 1720/5/4
f 1913/5/4 1914/5/4 1722/5/4 1721/5/4
f 1722/5/6 1914/5/6 1906/5/6 1714/5/6
f 1915/4/4 1916/4/4 1724/4/4 1723/4/4
f 1907/4/5 1915/4/5 1723/4/5 1715/4/5
f 1916/4/4 1917/4/4 1725/4/4 1724/4/4
f 1725/4/6 1917/4/6 1908/4/6 1716/4/6
f 1726/4/3 1918/4/3 1919/4/3 1727/4/3
f 1919/4/5 1920/4/5 1728/4/5 1727/4/5
f 1729/4/3 1921/4/3 1918/4/3 1726/4/3
f 1730/4/6 1922/4/6 1921/4/6 1729/4/6
f 1920/4/5 1923/4/5 1731/4/5 1728/4/5
f 1732/5/3 1924/5/3 1922/5/3 1730/5/3
f 1733/5/3 1925/5/3 1924/5/3 1732/5/3
f 1734/5/6 1926/5/6 1925/5/6 1733/5/6
f 1735/11/3 1927/11/3 1928/11/3 1736/11/3
f 1928/11/5 1929/11/5 1737/11/5 1736/11/5
f 1738/5/3 1930/5/3 1927/5/3 1735/5/3
f 1739/5/3 1931/5/3 1930/5/3 1738/5/3
f 1740/5/6 1932/5/6 1931/5/6 1739/5/6
f 1923/4/5 1933/4/5 1741/4/5 1731/4/5
f 1742/5/6 1934/5/6 1926/5/6 1734/5/6
f 1929/5/5 1935/5/5 1743/5/5 1737/5/5
f 1744/5/6 1936/5/6 1932/5/6 1740/5/6
f 1933/4/5 1937/4/5 1745/4/5 1741/4/5
f 1746/5/6 1938/5/6 1934/5/6 1742/5/6
f 1935/5/5 1939/5/5 1747/5/5 1743/5/5
f 1748/5/6 1940/5/6 1936/5/6 1744/5/6
f 1937/4/5 1941/4/5 1749/4/5 1745/4/5
f 1752/5/6 1942/5/6 1938/5/6 1746/5/6
f 1939/5/5 1943/5/5 1815/5/5 1747/5/5
f 1816/5/6 1944/5/6 1940/5/6 1748/5/6
f 1941/4/5 1945/4/5 1817/4/5 1749/4/5
f 1946/4/2 1947/4/2 1948/4/2 1942/4/2
f 1751/4/3 1946/4/3 1942/4/3 1752/4/3
f 1949/4/2 1950/4/2 1947/4/2 1946/4/2
f 1754/4/3 1949/4/3 1946/4/3 1751/4/3
f 1951/4/2 1952/4/2 1950/4/2 1949/4/2
f 1756/4/3 1951/4/3 1949/4/3 1754/4/3
f 1953/4/2 1954/4/2 1952/4/2 1951/4/2
f 1758/4/3 1953/4/3 1951/4/3 1756/4/3
f 1955/4/2 1956/4/2 1954/4/2 1953/4/2
f 1760/4/3 1955/4/3 1953/4/3 1758/4/3
f 1957/4/2 1958/4/2 1956/4/2 1955/4/2
f 1762/4/3 1957/4/3 1955/4/3 1760/4/3
f 1959/4/2 1960/4/2 1958/4/2 1957/4/2
f 1764/4/3 1959/4/3 1957/4/3 1762/4/3
f 1961/4/2 1962/4/2 1960/4/2 1959/4/2
f 1766/4/3 1961/4/3 1959/4/3 1764/4/3
f 1963/4/2 1964/4/2 1962/4/2 1961/4/2
f 1768/4/3 1963/4/3 1961/4/3 1766/4/3
f 1965/4/2 1966/4/2 1964/4/2 1963/4/2
f 1770/4/3 1965/4/3 1963/4/3 1768/4/3
f 1967/4/2 1968/4/2 1966/4/2 1965/4/2
f 1772/4/3 1967/4/3 1965/4/3 1770/4/3
f 1969/4/2 1970/4/2 1968/4/2 1967/4/2
f 1774/4/3 1969/4/3 1967/4/3 1772/4/3
f 1971/4/2 1972/4/2 1970/4/2 1969/4/2
f 1776/4/3 1971/4/3 1969/4/3 1774/4/3
f 1973/4/2 1974/4/2 1972/4/2 1971/4/2
f 1778/4/3 1973/4/3 1971/4/3 1776/4/3
f 1975/4/2 1976/4/2 1974/4/2 1973/4/2
f 1780/4/3 1975/4/3 1973/4/3 1778/4/3
f 1977/4/2 1978/4/2 1976/4/2 1975/4/2
f 1782/4/3 1977/4/3 1975/4/3 1780/4/3
f 1979/4/2 1980/4/2 1978/4/2 1977/4/2
f 1784/4/3 1979/4/3 1977/4/3 1782/4/3
f 1981/4/2 1982/4/2 1980/4/2 1979/4/2
f 1786/4/3 1981/4/3 1979/4/3 1784/4/3
f 1983/4/2 1984/4/2 1982/4/2 1981/4/2
f 1788/4/3 1983/4/3 1981/4/3 1786/4/3
f 1985/4/2 1986/4/2 1984/4/2 1983/4/2
f 1790/4/3 1985/4/3 1983/4/3 1788/4/3
f 1987/4/2 1988/4/2 1986/4/2 1985/4/2
f 1792/4/3 1987/4/3 1985/4/3 1790/4/3
f 1989/4/2 1990/4/2 1988/4/2 1987/4/2
f 1794/4/3 1989/4/3 1987/4/3 1792/4/3
f 1991/4/2 1992/4/2 1990/4/2 1989/4/2
f 1796/4/3 1991/4/3 1989/4/3 1794/4/3
f 1993/4/2 1994/4/2 1992/4/2 1991/4/2
f 1798/4/3 1993/4/3 1991/4/3 1796/4/3
f 1995/4/2 1996/4/2 1994/4/2 1993/4/2
f 1800/4/3 1995/4/3 1993/4/3 1798/4/3
f 1997/4/2 1998/4/2 1996/4/2 1995/4/2
f 1802/4/3 1997/4/3 1995/4/3 1800/4/3
f 1999/4/2 2000/4/2 1998/4/2 1997/4/2
f 1804/4/3 1999/4/3 1997/4/3 1802/4/3
f 2001/4/2 2002/4/2 2000/4/2 1999/4/2
f 1806/4/3 2001/4/3 1999/4/3 1804/4/3
f 2003/4/2 2004/4/2 2002/4/2 2001/4/2
f 1808/4/3 2003/4/3 2001/4/3 1806/4/3
f 2005/4/2 2006/4/2 2004/4/2 2003/4/2
f 1810/4/3 2005/4/3 2003/4/3 1808/4/3
f 2007/4/2 2008/4/2 2006/4/2 2005/4/2
f 1812/4/3 2007/4/3 2005/4/3 1810/4/3
f 2009/4/2 2010/4/2 2008/4/2 2007/4/2
f 1814/4/3 2009/4/3 2007/4/3 1812/4/3
f 1943/4/2 2011/4/2 2010/4/2 2009/4/2
f 1815/4/3 1943/4/3 2009/4/3 1814/4/3
f 1818/5/6 2012/5/6 1944/5/6 1816/5/6
f 1945/4/5 2013/4/5 1819/4/5 1817/4/5
f 1947/4/2 2014/4/2 2015/4/2 1948/4/2
f 1950/4/2 2016/4/2 2014/4/2 1947/4/2
f 1952/4/2 2017/4/2 2016/4/2 1950/4/2
f 1954/4/2 2018/4/2 2017/4/2 1952/4/2
f 1956/4/2 2019/4/2 2018/4/2 1954/4/2
f 1958/4/2 2020/4/2 2019/4/2 1956/4/2
f 1960/4/2 2021/4/2 2020/4/2 1958/4/2
f 1962/4/2 2022/4/2 2021/4/2 1960/4/2
f 1964/4/2 2023/4/2 2022/4/2 1962/4/2
f 1966/4/2 2024/4/2 2023/4/2 1964/4/2
f 1968/4/2 2025/4/2 2024/4/2 1966/4/2
f 1970/4/2 2026/4/2 2025/4/2 1968/4/2
f 1972/4/2 2027/4/2 2026/4/2 1970/4/2
f 1974/4/2 2028/4/2 2027/4/2 1972/4/2
f 1976/4/2 2029/4/2 2028/4/2 1974/4/2
f 1978/4/2 2030/4/2 2029/4/2 1976/4/2
f 1980/4/2 2031/4/2 2030/4/2 1978/4/2
f 1982/4/2 2032/4/2 2031/4/2 1980/4/2
f 1984/4/2 2033/4/2 2032/4/2 1982/4/2
f 1986/4/2 2034/4/2 2033/4/2 1984/4/2
f 1988/4/2 2035/4/2 2034/4/2 1986/4/2
f 1990/4/2 2036/4/2 2035/4/2 1988/4/2
f 1992/4/2 2037/4/2 2036/4/2 1990/4/2
f 1994/4/2 2038/4/2 2037/4/2 1992/4/2
f 1996/4/2 2039/4/2 2038/4/2 1994/4/2
f 1998/4/2 2040/4/2 2039/4/2 1996/4/2
f 2000/4/2 2041/4/2 2040/4/2 1998/4/2
f 2002/4/2 2042/4/2 2041/4/2 2000/4/2
f 2004/4/2 2043/4/2 2042/4/2 2002/4/2
f 2006/4/2 2044/4/2 2043/4/2 2004/4/2
f 2008/4/2 2045/4/2 2044/4/2 2006/4/2
f 2010/4/2 2046/4/2 2045/4/2 2008/4/2
f 2011/4/2 2047/4/2 2046/4/2 2010/4/2
f 1820/5/6 2048/5/6 2012/5/6 1818/5/6
f 2013/4/5 2049/4/5 1821/4/5 1819/4/5
f 2014/4/2 2050/4/2 2051/4/2 2015/4/2
f 2016/4/2 2052/4/2 2050/4/2 2014/4/2
f 2017/4/2 2053/4/2 2052/4/2 2016/4/2
f 2018/4/2 2054/4/2 2053/4/2 2017/4/2
f 2019/4/2 2055/4/2 2054/4/2 2018/4/2
f 2020/4/2 2056/4/2 2055/4/2 2019/4/2
f 2021/4/2 2057/4/2 2056/4/2 2020/4/2
f 2022/4/2 2058/4/2 2057/4/2 2021/4/2
f 2023/4/2 2059/4/2 2058/4/2 2022/4/2
f 2024/4/2 2060/4/2 2059/4/2 2023/4/2
f 2025/4/2 2061/4/2 2060/4/2 2024/4/2
f 2026/4/2 2062/4/2 2061/4/2 2025/4/2
f 2027/4/2 2063/4/2 2062/4/2 2026/4/2
f 2028/4/2 2064/4/2 2063/4/2 2027/4/2
f 2029/4/2 2065/4/2 2064/4/2 2028/4/2
f 2030/4/2 2066/4/2 2065/4/2 2029/4/2
f 2031/4/2 2067/4/2 2066/4/2 2030/4/2
f 2032/4/2 2068/4/2 2067/4/2 2031/4/2
f 2033/4/2 2069/4/2 2068/4/2 2032/4/2
f 2034/4/2 2070/4/2 2069/4/2 2033/4/2
f 2035/4/2 2071/4/2 2070/4/2 2034/4/2
f 2036/4/2 2072/4/2 2071/4/2 2035/4/2
f 2037/4/2 2073/4/2 2072/4/2 2036/4/2
f 2038/4/2 2074/4/2 2073/4/2 2037/4/2
f 2039/4/2 2075/4/2 2074/4/2 2038/4/2
f 2040/4/2 2076/4/2 2075/4/2 2039/4/2
f 2041/4/2 2077/4/2 2076/4/2 2040/4/2
f 2042/4/2 2078/4/2 2077/4/2 2041/4/2
f 2043/4/2 2079/4/2 2078/4/2 2042/4/2
f 2044/4/2 2080/4/2 2079/4/2 2043/4/2
f 2045/4/2 2081/4/2 2080/4/2 2044/4/2
f 2046/4/2 2082/4/2 2081/4/2 2045/4/2
f 2047/4/2 2083/4/2 2082/4/2 2046/4/2
f 1822/5/6 2084/5/6 2048/5/6 1820/5/6
f 2049/4/5 2085/4/5 1823/4/5 1821/4/5
f 2050/4/2 2086/4/2 2087/4/2 2051/4/2
f 2052/4/2 2088/4/2 2086/4/2 2050/4/2
f 2053/4/2 2089/4/2 2088/4/2 2052/4/2
f 2054/4/2 2090/4/2 2089/4/2 2053/4/2
f 2055/4/2 2091/4/2 2090/4/2 2054/4/2
f 2056/4/2 2092/4/2 2091/4/2 2055/4/2
f 2057/4/2 2093/4/2 2092/4/2 2056/4/2
f 2058/4/2 2094/4/2 2093/4/2 2057/4/2
f 2059/4/2 2095/4/2 2094/4/2 2058/4/2
f 2060/4/2 2096/4/2 2095/4/2 2059/4/2
f 2061/4/2 2097/4/2 2096/4/2 2060/4/2
f 2062/4/2 2098/4/2 2097/4/2 2061/4/2
f 2063/4/2 2099/4/2 2098/4/2 2062/4/2
f 2064/4/2 2100/4/2 2099/4/2 2063/4/2
f 2065/4/2 2101/4/2 2100/4/2 2064/4/2
f 2066/4/2 2102/4/2 2101/4/2 2065/4/2
f 2067/4/2 2103/4/2 2102/4/2 2066/4/2
f 2068/5/2 2104/5/2 2103/5/2 2067/5/2
f 2069/4/2 2105/4/2 2104/4/2 2068/4/2
f 2070/4/2 2106/4/2 2105/4/2 2069/4/2
f 2071/4/2 2107/4/2 2106/4/2 2070/4/2
f 2072/4/2 2108/4/2 2107/4/2 2071/4/2
f 2073/4/2 2109/4/2 2108/4/2 2072/4/2
f 2074/4/2 2110/4/2 2109/4/2 2073/4/2
f 2075/4/2 2111/4/2 2110/4/2 2074/4/2
f 2076/4/2 2112/4/2 2111/4/2 2075/4/2
f 2077/4/2 2113/4/2 2112/4/2 2076/4/2
f 2078/4/2 2114/4/2 2113/4/2 2077/4/2
f 2079/4/2 2115/4/2 2114/4/2 2078/4/2
f 2080/4/2 2116/4/2 2115/4/2 2079/4/2
f 2081/4/2 2117/4/2 2116/4/2 2080/4/2
f 2082/4/2 2118/4/2 2117/4/2 2081/4/2
f 2083/4/2 2119/4/2 2118/4/2 2082/4/2
f 1824/5/6 2120/5/6 2084/5/6 1822/5/6
f 2085/4/5 2121/4/5 1825/4/5 1823/4/5
f 2086/4/2 2122/4/2 2123/4/2 2087/4/2
f 2088/4/2 2124/4/2 2122/4/2 2086/4/2
f 2089/4/2 2125/4/2 2124/4/2 2088/4/2
f 2090/4/2 2126/4/2 2125/4/2 2089/4/2
f 2091/4/2 2127/4/2 2126/4/2 2090/4/2
f 2092/4/2 2128/4/2 2127/4/2 2091/4/2
f 2093/4/2 2129/4/2 2128/4/2 2092/4/2
f 2094/4/2 2130/4/2 2129/4/2 2093/4/2
f 2095/11/2 2131/11/2 2130/11/2 2094/11/2
f 2096/4/2 2132/4/2 2131/4/2 2095/4/2
f 2097/4/2 2133/4/2 2132/4/2 2096/4/2
f 2098/4/2 2134/4/2 2133/4/2 2097/4/2
f 2099/4/2 2135/4/2 2134/4/2 2098/4/2
f 2100/4/2 2136/4/2 2135/4/2 2099/4/2
f 2101/4/2 2137/4/2 2136/4/2 2100/4/2
f 2102/4/2 2138/4/2 2137/4/2 2101/4/2
f 2103/4/2 2139/4/2 2138/4/2 2102/4/2
f 2104/4/2 2140/4/2 2139/4/2 2103/4/2
f 2105/4/2 2141/4/2 2140/4/2 2104/4/2
f 2106/4/2 2142/4/2 2141/4/2 2105/4/2
f 2107/4/2 2143/4/2 2142/4/2 2106/4/2
f 2108/4/2 2144/4/2 2143/4/2 2107/4/2
f 2109/4/2 2145/4/2 2144/4/2 2108/4/2
f 2110/4/2 2146/4/2 2145/4/2 2109/4/2
f 2111/4/2 2147/4/2 2146/4/2 2110/4/2
f 2112/4/2 2148/4/2 2147/4/2 2111/4/2
f 2113/4/2 2149/4/2 2148/4/2 2112/4/2
f 2114/4/2 2150/4/2 2149/4/2 2113/4/2
f 2115/4/2 2151/4/2 2150/4/2 2114/4/2
f 2116/4/2 2152/4/2 2151/4/2 2115/4/2
f 2117/4/2 2153/4/2 2152/4/2 2116/4/2
f 2118/4/2 2154/4/2 2153/4/2 2117/4/2
f 2119/4/2 2155/4/2 2154/4/2 2118/4/2
f 1826/5/6 2156/5/6 2120/5/6 1824/5/6
f 2121/4/5 2157/4/5 1827/4/5 1825/4/5
f 2122/4/2 2158/4/2 2159/4/2 2123/4/2
f 2159/4/4 2158/4/4 1830/4/4 1833/4/4
f 2124/5/2 2160/5/2 2158/5/2 2122/5/2
f 2158/5/4 2160/5/4 1834/5/4 1830/5/4
f 2125/4/2 2161/4/2 2160/4/2 2124/4/2
f 2160/4/4 2161/4/4 1836/4/4 1834/4/4
f 2126/4/2 2162/4/2 2161/4/2 2125/4/2
f 2161/4/4 2162/4/4 1838/4/4 1836/4/4
f 2127/4/2 2163/4/2 2162/4/2 2126/4/2
f 2162/4/4 2163/4/4 1840/4/4 1838/4/4
f 2128/4/2 2164/4/2 2163/4/2 2127/4/2
f 2163/4/4 2164/4/4 1842/4/4 1840/4/4
f 2129/4/2 2165/4/2 2164/4/2 2128/4/2
f 2164/4/4 2165/4/4 1844/4/4 1842/4/4
f 2130/4/2 2166/4/2 2165/4/2 2129/4/2
f 2165/4/4 2166/4/4 1846/4/4 1844/4/4
f 2131/4/2 2167/4/2 2166/4/2 2130/4/2
f 2166/4/4 2167/4/4 1848/4/4 1846/4/4
f 2132/4/2 2168/4/2 2167/4/2 2131/4/2
f 2167/4/4 2168/4/4 1850/4/4 1848/4/4
f 2133/4/2 2169/4/2 2168/4/2 2132/4/2
f 2168/4/4 2169/4/4 1852/4/4 1850/4/4
f 2134/4/2 2170/4/2 2169/4/2 2133/4/2
f 2169/4/4 2170/4/4 1854/4/4 1852/4/4
f 2135/4/2 2171/4/2 2170/4/2 2134/4/2
f 2170/4/4 2171/4/4 1856/4/4 1854/4/4
f 2136/4/2 2172/4/2 2171/4/2 2135/4/2
f 2171/4/4 2172/4/4 1858/4/4 1856/4/4
f 2137/4/2 2173/4/2 2172/4/2 2136/4/2
f 2172/4/4 2173/4/4 1860/4/4 1858/4/4
f 2138/4/2 2174/4/2 2173/4/2 2137/4/2
f 2173/4/4 2174/4/4 1862/4/4 1860/4/4
f 2139/4/2 2175/4/2 2174/4/2 2138/4/2
f 2174/4/4 2175/4/4 1864/4/4 1862/4/4
f 2140/4/2 2176/4/2 2175/4/2 2139/4/2
f 2175/4/4 2176/4/4 1866/4/4 1864/4/4
f 2141/4/2 2177/4/2 2176/4/2 2140/4/2
f 2176/4/4 2177/4/4 1868/4/4 1866/4/4
f 2142/4/2 2178/4/2 2177/4/2 2141/4/2
f 2177/4/4 2178/4/4 1870/4/4 1868/4/4
f 2143/4/2 2179/4/2 2178/4/2 2142/4/2
f 2178/4/4 2179/4/4 1872/4/4 1870/4/4
f 2144/4/2 2180/4/2 2179/4/2 2143/4/2
f 2179/4/4 2180/4/4 1874/4/4 1872/4/4
f 2145/4/2 2181/4/2 2180/4/2 2144/4/2
f 2180/4/4 2181/4/4 1876/4/4 1874/4/4
f 2146/4/2 2182/4/2 2181/4/2 2145/4/2
f 2181/4/4 2182/4/4 1878/4/4 1876/4/4
f 2147/4/2 2183/4/2 2182/4/2 2146/4/2
f 2182/4/4 2183/4/4 1880/4/4 1878/4/4
f 2148/4/2 2184/4/2 2183/4/2 2147/4/2
f 2183/4/4 2184/4/4 1882/4/4 1880/4/4
f 2149/4/2 2185/4/2 2184/4/2 2148/4/2
f 2184/4/4 2185/4/4 1884/4/4 1882/4/4
f 2150/4/2 2186/4/2 2185/4/2 2149/4/2
f 2185/4/4 2186/4/4 1886/4/4 1884/4/4
f 2151/4/2 2187/4/2 2186/4/2 2150/4/2
f 2186/4/4 2187/4/4 1888/4/4 1886/4/4
f 2152/5/2 2188/5/2 2187/5/2 2151/5/2
f 2187/5/4 2188/5/4 1890/5/4 1888/5/4
f 2153/4/2 2189/4/2 2188/4/2 2152/4/2
f 2188/4/4 2189/4/4 1892/4/4 1890/4/4
f 2154/4/2 2190/4/2 2189/4/2 2153/4/2
f 2189/4/4 2190/4/4 1894/4/4 1892/4/4
f 2155/4/2 2191/4/2 2190/4/2 2154/4/2
f 2190/4/4 2191/4/4 1896/4/4 1894/4/4
f 1828/5/6 2192/5/6 2156/5/6 1826/5/6
f 2157/4/5 2193/4/5 1829/4/5 1827/4/5
f 1832/5/6 2194/5/6 2159/5/6 1833/5/6
f 2191/5/5 2195/5/5 1897/5/5 1896/5/5
f 1898/5/6 2196/5/6 2192/5/6 1828/5/6
f 2193/4/5 2197/4/5 1899/4/5 1829/4/5
f 1900/5/6 2198/5/6 2194/5/6 1832/5/6
f 2195/5/5 2199/5/5 1901/5/5 1897/5/5
f 1902/5/6 2200/5/6 2196/5/6 1898/5/6
f 2197/4/5 2201/4/5 1903/4/5 1899/4/5
f 1904/5/6 2202/5/6 2198/5/6 1900/5/6
f 2199/5/5 2203/5/5 1905/5/5 1901/5/5
f 1906/5/6 2204/5/6 2200/5/6 1902/5/6
f 2201/4/5 2205/4/5 1907/4/5 1903/4/5
f 2206/5/4 2207/5/4 1909/5/4 1908/5/4
f 2207/5/4 2208/5/4 1910/5/4 1909/5/4
f 1910/5/6 2208/5/6 2202/5/6 1904/5/6
f 2209/5/4 2210/5/4 1912/5/4 1911/5/4
f 2203/5/5 2209/5/5 1911/5/5 1905/5/5
f 2210/5/4 2211/5/4 1913/5/4 1912/5/4
f 2211/5/4 2212/5/4 1914/5/4 1913/5/4
f 1914/5/6 2212/5/6 2204/5/6 1906/5/6
f 2213/4/4 2214/4/4 1916/4/4 1915/4/4
f 2205/4/5 2213/4/5 1915/4/5 1907/4/5
f 2214/4/4 2215/4/4 1917/4/4 1916/4/4
f 1917/4/6 2215/4/6 2206/4/6 1908/4/6
f 1918/4/3 2216/4/3 2217/4/3 1919/4/3
f 2217/4/5 2218/4/5 1920/4/5 1919/4/5
f 1921/4/3 2219/4/3 2216/4/3 1918/4/3
f 1922/4/6 2220/4/6 2219/4/6 1921/4/6
f 2218/4/5 2221/4/5 1923/4/5 1920/4/5
f 1924/5/3 2222/5/3 2220/5/3 1922/5/3
f 1925/5/3 2223/5/3 2222/5/3 1924/5/3
f 1926/5/6 2224/5/6 2223/5/6 1925/5/6
f 1927/5/3 2225/5/3 2226/5/3 1928/5/3
f 2226/5/5 2227/5/5 1929/5/5 1928/5/5
f 1930/5/3 2228/5/3 2225/5/3 1927/5/3
f 1931/5/3 2229/5/3 2228/5/3 1930/5/3
f 1932/5/6 2230/5/6 2229/5/6 1931/5/6
f 2221/4/5 2231/4/5 1933/4/5 1923/4/5
f 1934/5/6 2232/5/6 2224/5/6 1926/5/6
f 2227/5/5 2233/5/5 1935/5/5 1929/5/5
f 1936/5/6 2234/5/6 2230/5/6 1932/5/6
f 2231/4/5 2235/4/5 1937/4/5 1933/4/5
f 1938/5/6 2236/5/6 2232/5/6 1934/5/6
f 2233/5/5 2237/5/5 1939/5/5 1935/5/5
f 1940/5/6 2238/5/6 2234/5/6 1936/5/6
f 2235/4/5 2239/4/5 1941/4/5 1937/4/5
f 1942/5/6 2240/5/6 2236/5/6 1938/5/6
f 2237/5/5 2241/5/5 1943/5/5 1939/5/5
f 1944/5/6 2242/5/6 2238/5/6 1940/5/6
f 2239/4/5 2243/4/5 1945/4/5 1941/4/5
f 1948/5/6 2244/5/6 2240/5/6 1942/5/6
f 2241/5/5 2245/5/5 2011/5/5 1943/5/5
f 2012/5/6 2246/5/6 2242/5/6 1944/5/6
f 2243/4/5 2247/4/5 2013/4/5 1945/4/5
f 2015/5/6 2248/5/6 2244/5/6 1948/5/6
f 2245/5/5 2249/5/5 2047/5/5 2011/5/5
f 2048/5/6 2250/5/6 2246/5/6 2012/5/6
f 2247/4/5 2251/4/5 2049/4/5 2013/4/5
f 2051/5/6 2252/5/6 2248/5/6 2015/5/6
f 2249/5/5 2253/5/5 2083/5/5 2047/5/5
f 2084/5/6 2254/5/6 2250/5/6 2048/5/6
f 2251/4/5 2255/4/5 2085/4/5 2049/4/5
f 2087/5/6 2256/5/6 2252/5/6 2051/5/6
f 2253/5/5 2257/5/5 2119/5/5 2083/5/5
f 2120/5/6 2258/5/6 2254/5/6 2084/5/6
f 2255/4/5 2259/4/5 2121/4/5 2085/4/5
f 2123/5/6 2260/5/6 2256/5/6 2087/5/6
f 2257/5/5 2261/5/5 2155/5/5 2119/5/5
f 2156/5/6 2262/5/6 2258/5/6 2120/5/6
f 2259/4/5 2263/4/5 2157/4/5 2121/4/5
f 2159/5/6 2264/5/6 2260/5/6 2123/5/6
f 2261/5/5 2265/5/5 2191/5/5 2155/5/5
f 2192/5/6 2266/5/6 2262/5/6 2156/5/6
f 2263/4/5 2267/4/5 2193/4/5 2157/4/5
f 2194/5/6 2268/5/6 2264/5/6 2159/5/6
f 2265/5/5 2269/5/5 2195/5/5 2191/5/5
f 2196/5/6 2270/5/6 2266/5/6 2192/5/6
f 2267/4/5 2271/4/5 2197/4/5 2193/4/5
f 2198/5/6 2272/5/6 2268/5/6 2194/5/6
f 2269/5/5 2273/5/5 2199/5/5 2195/5/5
f 2200/5/6 2274/5/6 2270/5/6 2196/5/6
f 2271/4/5 2275/4/5 2201/4/5 2197/4/5
f 2202/5/6 2276/5/6 2272/5/6 2198/5/6
f 2273/5/5 2277/5/5 2203/5/5 2199/5/5
f 2204/5/6 2278/5/6 2274/5/6 2200/5/6
f 2275/4/5 2279/4/5 2205/4/5 2201/4/5
f 2280/5/4 2281/5/4 2207/5/4 2206/5/4
f 2281/5/4 2282/5/4 2208/5/4 2207/5/4
f 2208/5/6 2282/5/6 2276/5/6 2202/5/6
f 2283/5/4 2284/5/4 2210/5/4 2209/5/4
f 2277/5/5 2283/5/5 2209/5/5 2203/5/5
f 2284/5/4 2285/5/4 2211/5/4 2210/5/4
f 2285/5/4 2286/5/4 2212/5/4 2211/5/4
f 2212/5/6 2286/5/6 2278/5/6 2204/5/6
f 2287/4/4 2288/4/4 2214/4/4 2213/4/4
f 2279/4/5 2287/4/5 2213/4/5 2205/4/5
f 2288/4/4 2289/4/4 2215/4/4 2214/4/4
f 2215/4/6 2289/4/6 2280/4/6 2206/4/6
f 2216/4/3 2290/4/3 2291/4/3 2217/4/3
f 2291/4/5 2292/4/5 2218/4/5 2217/4/5
f 2219/4/3 2293/4/3 2290/4/3 2216/4/3
f 2220/4/6 2294/4/6 2293/4/6 2219/4/6
f 2292/4/5 2295/4/5 2221/4/5 2218/4/5
f 2296/5/2 2297/5/2 2298/5/2 2294/5/2
f 2222/5/3 2296/5/3 2294/5/3 2220/5/3
f 2299/5/2 2300/5/2 2297/5/2 2296/5/2
f 2223/5/3 2299/5/3 2296/5/3 2222/5/3
f 2224/5/6 2300/5/6 2299/5/6 2223/5/6
f 2301/5/2 2302/5/2 2303/5/2 2304/5/2
f 2225/5/3 2301/5/3 2304/5/3 2226/5/3
f 2304/5/5 2303/5/5 2227/5/5 2226/5/5
f 2305/5/2 2306/5/2 2302/5/2 2301/5/2
f 2228/5/3 2305/5/3 2301/5/3 2225/5/3
f 2307/5/2 2308/5/2 2306/5/2 2305/5/2
f 2229/5/3 2307/5/3 2305/5/3 2228/5/3
f 2230/5/6 2308/5/6 2307/5/6 2229/5/6
f 2295/4/5 2309/4/5 2231/4/5 2221/4/5
f 2297/5/2 2310/5/2 2311/5/2 2298/5/2
f 2300/5/2 2312/5/2 2310/5/2 2297/5/2
f 2232/5/6 2312/5/6 2300/5/6 2224/5/6
f 2302/5/2 2313/5/2 2314/5/2 2303/5/2
f 2303/5/5 2314/5/5 2233/5/5 2227/5/5
f 2306/5/2 2315/5/2 2313/5/2 2302/5/2
f 2308/5/2 2316/5/2 2315/5/2 2306/5/2
f 2234/5/6 2316/5/6 2308/5/6 2230/5/6
f 2309/4/5 2317/4/5 2235/4/5 2231/4/5
f 2310/5/2 2318/5/2 2319/5/2 2311/5/2
f 2312/5/2 2320/5/2 2318/5/2 2310/5/2
f 2236/5/6 2320/5/6 2312/5/6 2232/5/6
f 2313/5/2 2321/5/2 2322/5/2 2314/5/2
f 2314/5/5 2322/5/5 2237/5/5 2233/5/5
f 2315/5/2 2323/5/2 2321/5/2 2313/5/2
f 2316/5/2 2324/5/2 2323/5/2 2315/5/2
f 2238/5/6 2324/5/6 2316/5/6 2234/5/6
f 2317/4/5 2325/4/5 2239/4/5 2235/4/5
f 2318/5/2 2326/5/2 2327/5/2 2319/5/2
f 2320/5/2 2328/5/2 2326/5/2 2318/5/2
f 2240/5/6 2328/5/6 2320/5/6 2236/5/6
f 2321/5/2 2329/5/2 2330/5/2 2322/5/2
f 2322/5/5 2330/5/5 2241/5/5 2237/5/5
f 2323/5/2 2331/5/2 2329/5/2 2321/5/2
f 2324/5/2 2332/5/2 2331/5/2 2323/5/2
f 2242/5/6 2332/5/6 2324/5/6 2238/5/6
f 2325/4/5 2333/4/5 2243/4/5 2239/4/5
f 2326/5/2 2334/5/2 2335/5/2 2327/5/2
f 2328/5/2 2336/5/2 2334/5/2 2326/5/2
f 2244/5/6 2336/5/6 2328/5/6 2240/5/6
f 2329/5/2 2337/5/2 2338/5/2 2330/5/2
f 2330/5/5 2338/5/5 2245/5/5 2241/5/5
f 2331/5/2 2339/5/2 2337/5/2 2329/5/2
f 2332/5/2 2340/5/2 2339/5/2 2331/5/2
f 2246/5/6 2340/5/6 2332/5/6 2242/5/6
f 2333/4/5 2341/4/5 2247/4/5 2243/4/5
f 2334/5/2 2342/5/2 2343/5/2 2335/5/2
f 2336/5/2 2344/5/2 2342/5/2 2334/5/2
f 2248/5/6 2344/5/6 2336/5/6 2244/5/6
f 2337/5/2 2345/5/2 2346/5/2 2338/5/2
f 2338/5/5 2346/5/5 2249/5/5 2245/5/5
f 2339/5/2 2347/5/2 2345/5/2 2337/5/2
f 2340/5/2 2348/5/2 2347/5/2 2339/5/2
f 2250/5/6 2348/5/6 2340/5/6 2246/5/6
f 2341/4/5 2349/4/5 2251/4/5 2247/4/5
f 2342/5/2 2350/5/2 2351/5/2 2343/5/2
f 2344/5/2 2352/5/2 2350/5/2 2342/5/2
f 2252/5/6 2352/5/6 2344/5/6 2248/5/6
f 2345/5/2 2353/5/2 2354/5/2 2346/5/2
f 2346/5/5 2354/5/5 2253/5/5 2249/5/5
f 2347/5/2 2355/5/2 2353/5/2 2345/5/2
f 2348/5/2 2356/5/2 2355/5/2 2347/5/2
f 2254/5/6 2356/5/6 2348/5/6 2250/5/6
f 2349/4/5 2357/4/5 2255/4/5 2251/4/5
f 2350/5/2 2358/5/2 2359/5/2 2351/5/2
f 2352/5/2 2360/5/2 2358/5/2 2350/5/2
f 2256/5/6 2360/5/6 2352/5/6 2252/5/6
f 2353/5/2 2361/5/2 2362/5/2 2354/5/2
f 2354/5/5 2362/5/5 2257/5/5 2253/5/5
f 2355/5/2 2363/5/2 2361/5/2 2353/5/2
f 2356/5/2 2364/5/2 2363/5/2 2355/5/2
f 2258/5/6 2364/5/6 2356/5/6 2254/5/6
f 2357/4/5 2365/4/5 2259/4/5 2255/4/5
f 2358/5/2 2366/5/2 2367/5/2 2359/5/2
f 2360/5/2 2368/5/2 2366/5/2 2358/5/2
f 2260/5/6 2368/5/6 2360/5/6 2256/5/6
f 2361/5/2 2369/5/2 2370/5/2 2362/5/2
f 2362/5/5 2370/5/5 2261/5/5 2257/5/5
f 2363/5/2 2371/5/2 2369/5/2 2361/5/2
f 2364/5/2 2372/5/2 2371/5/2 2363/5/2
f 2262/5/6 2372/5/6 2364/5/6 2258/5/6
f 2365/4/5 2373/4/5 2263/4/5 2259/4/5
f 2366/5/2 2374/5/2 2375/5/2 2367/5/2
f 2368/5/2 2376/5/2 2374/5/2 2366/5/2
f 2264/5/6 2376/5/6 2368/5/6 2260/5/6
f 2369/5/2 2377/5/2 2378/5/2 2370/5/2
f 2370/5/5 2378/5/5 2265/5/5 2261/5/5
f 2371/5/2 2379/5/2 2377/5/2 2369/5/2
f 2372/5/2 2380/5/2 2379/5/2 2371/5/2
f 2266/5/6 2380/5/6 2372/5/6 2262/5/6
f 2373/4/5 2381/4/5 2267/4/5 2263/4/5
f 2374/5/2 2382/5/2 2383/5/2 2375/5/2
f 2376/5/2 2384/5/2 2382/5/2 2374/5/2
f 2268/5/6 2384/5/6 2376/5/6 2264/5/6
f 2377/5/2 2385/5/2 2386/5/2 2378/5/2
f 2378/5/5 2386/5/5 2269/5/5 2265/5/5
f 2379/5/2 2387/5/2 2385/5/2 2377/5/2
f 2380/5/2 2388/5/2 2387/5/2 2379/5/2
f 2270/5/6 2388/5/6 2380/5/6 2266/5/6
f 2381/4/5 2389/4/5 2271/4/5 2267/4/5
f 2382/5/2 2390/5/2 2391/5/2 2383/5/2
f 2384/5/2 2392/5/2 2390/5/2 2382/5/2
f 2272/5/6 2392/5/6 2384/5/6 2268/5/6
f 2385/5/2 2393/5/2 2394/5/2 2386/5/2
f 2386/5/5 2394/5/5 2273/5/5 2269/5/5
f 2387/5/2 2395/5/2 2393/5/2 2385/5/2
f 2388/5/2 2396/5/2 2395/5/2 2387/5/2
f 2274/5/6 2396/5/6 2388/5/6 2270/5/6
f 2389/4/5 2397/4/5 2275/4/5 2271/4/5
f 2390/5/2 2398/5/2 2399/5/2 2391/5/2
f 2392/5/2 2400/5/2 2398/5/2 2390/5/2
f 2276/5/6 2400/5/6 2392/5/6 2272/5/6
f 2393/5/2 2401/5/2 2402/5/2 2394/5/2
f 2394/5/5 2402/5/5 2277/5/5 2273/5/5
f 2395/5/2 2403/5/2 2401/5/2 2393/5/2
f 2396/5/2 2404/5/2 2403/5/2 2395/5/2
f 2278/5/6 2404/5/6 2396/5/6 2274/5/6
f 2397/4/5 2405/4/5 2279/4/5 2275/4/5
f 2398/5/2 2406/5/2 2407/5/2 2399/5/2
f 2407/5/4 2406/5/4 2281/5/4 2280/5/4
f 2400/5/2 2408/5/2 2406/5/2 2398/5/2
f 2406/5/4 2408/5/4 2282/5/4 2281/5/4
f 2282/5/6 2408/5/6 2400/5/6 2276/5/6
f 2401/5/2 2409/5/2 2410/5/2 2402/5/2
f 2410/5/4 2409/5/4 2284/5/4 2283/5/4
f 2402/5/5 2410/5/5 2283/5/5 2277/5/5
f 2403/5/2 2411/5/2 2409/5/2 2401/5/2
f 2409/5/4 2411/5/4 2285/5/4 2284/5/4
f 2404/5/2 2412/5/2 2411/5/2 2403/5/2
f 2411/5/4 2412/5/4 2286/5/4 2285/5/4
f 2286/5/6 2412/5/6 2404/5/6 2278/5/6
f 2413/4/4 2414/4/4 2288/4/4 2287/4/4
f 2405/4/5 2413/4/5 2287/4/5 2279/4/5
f 2414/4/4 2415/4/4 2289/4/4 2288/4/4
f 2289/4/6 2415/4/6 2407/4/6 2280/4/6
f 2416/4/2 2417/4/2 2418/4/2 2419/4/2
f 2290/4/3 2416/4/3 2419/4/3 2291/4/3
f 2419/4/5 2418/4/5 2292/4/5 2291/4/5
f 2420/4/2 2421/4/2 2417/4/2 2416/4/2
f 2293/4/3 2420/4/3 2416/4/3 2290/4/3
f 2294/4/6 2421/4/6 2420/4/6 2293/4/6
f 2417/4/2 2422/4/2 2423/4/2 2418/4/2
f 2418/4/5 2423/4/5 2295/4/5 2292/4/5
f 2421/4/2 2424/4/2 2422/4/2 2417/4/2
f 2298/4/6 2424/4/6 2421/4/6 2294/4/6
f 2422/4/2 2425/4/2 2426/4/2 2423/4/2
f 2423/4/5 2426/4/5 2309/4/5 2295/4/5
f 2424/4/2 2427/4/2 2425/4/2 2422/4/2
f 2311/4/6 2427/4/6 2424/4/6 2298/4/6
f 2425/4/2 2428/4/2 2429/4/2 2426/4/2
f 2426/4/5 2429/4/5 2317/4/5 2309/4/5
f 2427/4/2 2430/4/2 2428/4/2 2425/4/2
f 2319/4/6 2430/4/6 2427/4/6 2311/4/6
f 2428/4/2 2431/4/2 2432/4/2 2429/4/2
f 2429/4/5 2432/4/5 2325/4/5 2317/4/5
f 2430/4/2 2433/4/2 2431/4/2 2428/4/2
f 2327/4/6 2433/4/6 2430/4/6 2319/4/6
f 2431/4/2 2434/4/2 2435/4/2 2432/4/2
f 2432/4/5 2435/4/5 2333/4/5 2325/4/5
f 2433/4/2 2436/4/2 2434/4/2 2431/4/2
f 2335/4/6 2436/4/6 2433/4/6 2327/4/6
f 2434/4/2 2437/4/2 2438/4/2 2435/4/2
f 2435/4/5 2438/4/5 2341/4/5 2333/4/5
f 2436/4/2 2439/4/2 2437/4/2 2434/4/2
f 2343/4/6 2439/4/6 2436/4/6 2335/4/6
f 2437/4/2 2440/4/2 2441/4/2 2438/4/2
f 2438/4/5 2441/4/5 2349/4/5 2341/4/5
f 2439/4/2 2442/4/2 2440/4/2 2437/4/2
f 2351/4/6 2442/4/6 2439/4/6 2343/4/6
f 2440/4/2 2443/4/2 2444/4/2 2441/4/2
f 2441/4/5 2444/4/5 2357/4/5 2349/4/5
f 2442/4/2 2445/4/2 2443/4/2 2440/4/2
f 2359/4/6 2445/4/6 2442/4/6 2351/4/6
f 2443/4/2 2446/4/2 2447/4/2 2444/4/2
f 2444/4/5 2447/4/5 2365/4/5 2357/4/5
f 2445/4/2 2448/4/2 2446/4/2 2443/4/2
f 2367/4/6 2448/4/6 2445/4/6 2359/4/6
f 2446/4/2 2449/4/2 2450/4/2 2447/4/2
f 2447/4/5 2450/4/5 2373/4/5 2365/4/5
f 2448/4/2 2451/4/2 2449/4/2 2446/4/2
f 2375/4/6 2451/4/6 2448/4/6 2367/4/6
f 2449/4/2 2452/4/2 2453/4/2 2450/4/2
f 2450/4/5 2453/4/5 2381/4/5 2373/4/5
f 2451/4/2 2454/4/2 2452/4/2 2449/4/2
f 2383/4/6 2454/4/6 2451/4/6 2375/4/6
f 2452/4/2 2455/4/2 2456/4/2 2453/4/2
f 2453/4/5 2456/4/5 2389/4/5 2381/4/5
f 2454/4/2 2457/4/2 2455/4/2 2452/4/2
f 2391/4/6 2457/4/6 2454/4/6 2383/4/6
f 2455/4/2 2458/4/2 2459/4/2 2456/4/2
f 2456/4/5 2459/4/5 2397/4/5 2389/4/5
f 2457/4/2 2460/4/2 2458/4/2 2455/4/2
f 2399/4/6 2460/4/6 2457/4/6 2391/4/6
f 2458/4/2 2461/4/2 2462/4/2 2459/4/2
f 2459/4/5 2462/4/5 2405/4/5 2397/4/5
f 2460/4/2 2463/4/2 2461/4/2 2458/4/2
f 2407/4/6 2463/4/6 2460/4/6 2399/4/6
f 2461/4/2 2464/4/2 2465/4/2 2462/4/2
f 2465/4/4 2464/4/4 2414/4/4 2413/4/4
f 2462/4/5 2465/4/5 2413/4/5 2405/4/5
f 2463/4/2 2466/4/2 2464/4/2 2461/4/2
f 2464/4/4 2466/4/4 2415/4/4 2414/4/4
f 2415/4/6 2466/4/6 2463/4/6 2407/4/6
