# Dungine pillar_broken; 1 voxel = 1/16 unit; Y-up floor-center origin
mtllib pillar_broken.mtl
o pillar_broken
s off
v -0.500000 0.000000 -0.437500
v -0.500000 0.062500 -0.437500
v -0.500000 0.062500 -0.500000
v -0.500000 0.000000 -0.500000
v -0.437500 0.062500 -0.500000
v -0.437500 0.000000 -0.500000
v -0.437500 0.000000 -0.437500
v -0.500000 0.125000 -0.437500
v -0.500000 0.125000 -0.500000
v -0.437500 0.125000 -0.500000
v -0.437500 0.125000 -0.437500
v -0.500000 0.000000 -0.375000
v -0.500000 0.062500 -0.375000
v -0.437500 0.000000 -0.375000
v -0.500000 0.125000 -0.375000
v -0.437500 0.125000 -0.375000
v -0.500000 0.000000 -0.312500
v -0.500000 0.062500 -0.312500
v -0.437500 0.000000 -0.312500
v -0.500000 0.125000 -0.312500
v -0.437500 0.125000 -0.312500
v -0.500000 0.000000 -0.250000
v -0.500000 0.062500 -0.250000
v -0.437500 0.000000 -0.250000
v -0.500000 0.125000 -0.250000
v -0.437500 0.125000 -0.250000
v -0.500000 0.000000 -0.187500
v -0.500000 0.062500 -0.187500
v -0.437500 0.000000 -0.187500
v -0.500000 0.125000 -0.187500
v -0.437500 0.125000 -0.187500
v -0.500000 0.000000 -0.125000
v -0.500000 0.062500 -0.125000
v -0.437500 0.000000 -0.125000
v -0.500000 0.125000 -0.125000
v -0.437500 0.125000 -0.125000
v -0.500000 0.000000 -0.062500
v -0.500000 0.062500 -0.062500
v -0.437500 0.000000 -0.062500
v -0.500000 0.125000 -0.062500
v -0.437500 0.125000 -0.062500
v -0.500000 0.000000 0.000000
v -0.500000 0.062500 0.000000
v -0.437500 0.000000 0.000000
v -0.500000 0.125000 0.000000
v -0.437500 0.125000 0.000000
v -0.500000 0.000000 0.062500
v -0.500000 0.062500 0.062500
v -0.437500 0.000000 0.062500
v -0.500000 0.125000 0.062500
v -0.437500 0.125000 0.062500
v -0.500000 0.000000 0.125000
v -0.500000 0.062500 0.125000
v -0.437500 0.000000 0.125000
v -0.500000 0.125000 0.125000
v -0.437500 0.125000 0.125000
v -0.500000 0.000000 0.187500
v -0.500000 0.062500 0.187500
v -0.437500 0.000000 0.187500
v -0.500000 0.125000 0.187500
v -0.437500 0.125000 0.187500
v -0.500000 0.000000 0.250000
v -0.500000 0.062500 0.250000
v -0.437500 0.000000 0.250000
v -0.500000 0.125000 0.250000
v -0.437500 0.125000 0.250000
v -0.500000 0.000000 0.312500
v -0.500000 0.062500 0.312500
v -0.437500 0.000000 0.312500
v -0.500000 0.125000 0.312500
v -0.437500 0.125000 0.312500
v -0.500000 0.000000 0.375000
v -0.500000 0.062500 0.375000
v -0.437500 0.000000 0.375000
v -0.500000 0.125000 0.375000
v -0.437500 0.125000 0.375000
v -0.500000 0.000000 0.437500
v -0.500000 0.062500 0.437500
v -0.437500 0.000000 0.437500
v -0.500000 0.125000 0.437500
v -0.437500 0.125000 0.437500
v -0.500000 0.000000 0.500000
v -0.500000 0.062500 0.500000
v -0.437500 0.000000 0.500000
v -0.437500 0.062500 0.500000
v -0.500000 0.125000 0.500000
v -0.437500 0.125000 0.500000
v -0.375000 0.062500 -0.500000
v -0.375000 0.000000 -0.500000
v -0.375000 0.000000 -0.437500
v -0.375000 0.125000 -0.500000
v -0.375000 0.125000 -0.437500
v -0.375000 0.062500 -0.437500
v -0.375000 0.000000 -0.375000
v -0.375000 0.125000 -0.375000
v -0.375000 0.062500 -0.375000
v -0.437500 0.187500 -0.375000
v -0.437500 0.187500 -0.437500
v -0.375000 0.187500 -0.437500
v -0.437500 0.250000 -0.375000
v -0.437500 0.250000 -0.437500
v -0.375000 0.250000 -0.437500
v -0.375000 0.250000 -0.375000
v -0.375000 0.000000 -0.312500
v -0.437500 0.187500 -0.312500
v -0.437500 0.250000 -0.312500
v -0.375000 0.250000 -0.312500
v -0.375000 0.000000 -0.250000
v -0.437500 0.187500 -0.250000
v -0.437500 0.250000 -0.250000
v -0.375000 0.250000 -0.250000
v -0.375000 0.000000 -0.187500
v -0.437500 0.187500 -0.187500
v -0.437500 0.250000 -0.187500
v -0.375000 0.250000 -0.187500
v -0.375000 0.000000 -0.125000
v -0.437500 0.187500 -0.125000
v -0.437500 0.250000 -0.125000
v -0.375000 0.250000 -0.125000
v -0.375000 0.000000 -0.062500
v -0.437500 0.187500 -0.062500
v -0.437500 0.250000 -0.062500
v -0.375000 0.250000 -0.062500
v -0.375000 0.000000 0.000000
v -0.437500 0.187500 0.000000
v -0.437500 0.250000 0.000000
v -0.375000 0.250000 0.000000
v -0.375000 0.000000 0.062500
v -0.437500 0.187500 0.062500
v -0.437500 0.250000 0.062500
v -0.375000 0.250000 0.062500
v -0.375000 0.000000 0.125000
v -0.437500 0.187500 0.125000
v -0.437500 0.250000 0.125000
v -0.375000 0.250000 0.125000
v -0.375000 0.000000 0.187500
v -0.437500 0.187500 0.187500
v -0.437500 0.250000 0.187500
v -0.375000 0.250000 0.187500
v -0.375000 0.000000 0.250000
v -0.437500 0.187500 0.250000
v -0.437500 0.250000 0.250000
v -0.375000 0.250000 0.250000
v -0.375000 0.000000 0.312500
v -0.437500 0.187500 0.312500
v -0.437500 0.250000 0.312500
v -0.375000 0.250000 0.312500
v -0.375000 0.000000 0.375000
v -0.437500 0.187500 0.375000
v -0.437500 0.250000 0.375000
v -0.375000 0.250000 0.375000
v -0.375000 0.000000 0.437500
v -0.437500 0.187500 0.437500
v -0.375000 0.125000 0.437500
v -0.375000 0.187500 0.437500
v -0.437500 0.250000 0.437500
v -0.375000 0.250000 0.437500
v -0.375000 0.000000 0.500000
v -0.375000 0.062500 0.500000
v -0.375000 0.125000 0.500000
v -0.312500 0.062500 -0.500000
v -0.312500 0.000000 -0.500000
v -0.312500 0.000000 -0.437500
v -0.312500 0.062500 -0.437500
v -0.312500 0.000000 -0.375000
v -0.312500 0.062500 -0.375000
v -0.312500 0.187500 -0.437500
v -0.312500 0.125000 -0.437500
v -0.312500 0.125000 -0.375000
v -0.312500 0.250000 -0.437500
v -0.312500 0.250000 -0.375000
v -0.312500 0.000000 -0.312500
v -0.312500 0.250000 -0.312500
v -0.312500 0.000000 -0.250000
v -0.312500 0.250000 -0.250000
v -0.312500 0.000000 -0.187500
v -0.312500 0.250000 -0.187500
v -0.312500 0.000000 -0.125000
v -0.312500 0.250000 -0.125000
v -0.312500 0.000000 -0.062500
v -0.312500 0.250000 -0.062500
v -0.312500 0.000000 0.000000
v -0.312500 0.250000 0.000000
v -0.312500 0.000000 0.062500
v -0.312500 0.250000 0.062500
v -0.312500 0.000000 0.125000
v -0.312500 0.250000 0.125000
v -0.312500 0.000000 0.187500
v -0.312500 0.250000 0.187500
v -0.312500 0.000000 0.250000
v -0.312500 0.250000 0.250000
v -0.312500 0.000000 0.312500
v -0.312500 0.250000 0.312500
v -0.312500 0.000000 0.375000
v -0.312500 0.250000 0.375000
v -0.312500 0.000000 0.437500
v -0.312500 0.125000 0.437500
v -0.312500 0.187500 0.437500
v -0.312500 0.250000 0.437500
v -0.312500 0.000000 0.500000
v -0.312500 0.062500 0.500000
v -0.312500 0.125000 0.500000
v -0.250000 0.062500 -0.500000
v -0.250000 0.000000 -0.500000
v -0.250000 0.000000 -0.437500
v -0.250000 0.062500 -0.437500
v -0.250000 0.000000 -0.375000
v -0.250000 0.062500 -0.375000
v -0.250000 0.187500 -0.437500
v -0.250000 0.125000 -0.437500
v -0.250000 0.125000 -0.375000
v -0.250000 0.250000 -0.437500
v -0.250000 0.250000 -0.375000
v -0.250000 0.000000 -0.312500
v -0.250000 0.250000 -0.312500
v -0.250000 0.000000 -0.250000
v -0.250000 0.250000 -0.250000
v -0.250000 0.000000 -0.187500
v -0.250000 0.250000 -0.187500
v -0.250000 0.000000 -0.125000
v -0.312500 0.312500 -0.125000
v -0.312500 0.312500 -0.187500
v -0.250000 0.312500 -0.187500
v -0.312500 0.375000 -0.125000
v -0.312500 0.375000 -0.187500
v -0.250000 0.375000 -0.187500
v -0.312500 0.437500 -0.125000
v -0.312500 0.437500 -0.187500
v -0.250000 0.437500 -0.187500
v -0.312500 0.500000 -0.125000
v -0.312500 0.500000 -0.187500
v -0.250000 0.500000 -0.187500
v -0.312500 0.562500 -0.125000
v -0.312500 0.562500 -0.187500
v -0.250000 0.562500 -0.187500
v -0.312500 0.625000 -0.125000
v -0.312500 0.625000 -0.187500
v -0.250000 0.625000 -0.187500
v -0.312500 0.687500 -0.125000
v -0.312500 0.687500 -0.187500
v -0.250000 0.687500 -0.187500
v -0.312500 0.750000 -0.125000
v -0.312500 0.750000 -0.187500
v -0.250000 0.750000 -0.187500
v -0.312500 0.812500 -0.125000
v -0.312500 0.812500 -0.187500
v -0.250000 0.812500 -0.187500
v -0.312500 0.875000 -0.125000
v -0.312500 0.875000 -0.187500
v -0.250000 0.875000 -0.187500
v -0.312500 0.937500 -0.125000
v -0.312500 0.937500 -0.187500
v -0.250000 0.937500 -0.187500
v -0.312500 1.000000 -0.125000
v -0.312500 1.000000 -0.187500
v -0.250000 1.000000 -0.187500
v -0.312500 1.062500 -0.125000
v -0.312500 1.062500 -0.187500
v -0.250000 1.062500 -0.187500
v -0.312500 1.125000 -0.125000
v -0.312500 1.125000 -0.187500
v -0.250000 1.125000 -0.187500
v -0.312500 1.187500 -0.125000
v -0.312500 1.187500 -0.187500
v -0.250000 1.187500 -0.187500
v -0.312500 1.250000 -0.125000
v -0.312500 1.250000 -0.187500
v -0.250000 1.250000 -0.187500
v -0.312500 1.312500 -0.125000
v -0.312500 1.312500 -0.187500
v -0.250000 1.312500 -0.187500
v -0.250000 1.312500 -0.125000
v -0.250000 1.250000 -0.125000
v -0.312500 1.375000 -0.125000
v -0.312500 1.375000 -0.187500
v -0.250000 1.375000 -0.187500
v -0.250000 1.375000 -0.125000
v -0.312500 1.437500 -0.125000
v -0.312500 1.437500 -0.187500
v -0.250000 1.437500 -0.187500
v -0.250000 1.437500 -0.125000
v -0.250000 0.000000 -0.062500
v -0.312500 0.312500 -0.062500
v -0.312500 0.375000 -0.062500
v -0.312500 0.437500 -0.062500
v -0.312500 0.500000 -0.062500
v -0.312500 0.562500 -0.062500
v -0.312500 0.625000 -0.062500
v -0.312500 0.687500 -0.062500
v -0.312500 0.750000 -0.062500
v -0.312500 0.812500 -0.062500
v -0.312500 0.875000 -0.062500
v -0.312500 0.937500 -0.062500
v -0.312500 1.000000 -0.062500
v -0.312500 1.062500 -0.062500
v -0.312500 1.125000 -0.062500
v -0.312500 1.187500 -0.062500
v -0.312500 1.250000 -0.062500
v -0.312500 1.312500 -0.062500
v -0.250000 1.312500 -0.062500
v -0.250000 1.250000 -0.062500
v -0.312500 1.375000 -0.062500
v -0.250000 1.375000 -0.062500
v -0.312500 1.437500 -0.062500
v -0.250000 1.437500 -0.062500
v -0.250000 0.000000 0.000000
v -0.312500 0.312500 0.000000
v -0.312500 0.375000 0.000000
v -0.312500 0.437500 0.000000
v -0.312500 0.500000 0.000000
v -0.312500 0.562500 0.000000
v -0.312500 0.625000 0.000000
v -0.312500 0.687500 0.000000
v -0.312500 0.750000 0.000000
v -0.312500 0.812500 0.000000
v -0.312500 0.875000 0.000000
v -0.312500 0.937500 0.000000
v -0.312500 1.000000 0.000000
v -0.312500 1.062500 0.000000
v -0.312500 1.125000 0.000000
v -0.312500 1.187500 0.000000
v -0.312500 1.250000 0.000000
v -0.312500 1.312500 0.000000
v -0.250000 1.312500 0.000000
v -0.250000 1.250000 0.000000
v -0.312500 1.375000 0.000000
v -0.250000 1.375000 0.000000
v -0.312500 1.437500 0.000000
v -0.250000 1.437500 0.000000
v -0.250000 0.000000 0.062500
v -0.312500 0.312500 0.062500
v -0.312500 0.375000 0.062500
v -0.312500 0.437500 0.062500
v -0.312500 0.500000 0.062500
v -0.312500 0.562500 0.062500
v -0.312500 0.625000 0.062500
v -0.312500 0.687500 0.062500
v -0.312500 0.750000 0.062500
v -0.312500 0.812500 0.062500
v -0.312500 0.875000 0.062500
v -0.312500 0.937500 0.062500
v -0.312500 1.000000 0.062500
v -0.312500 1.062500 0.062500
v -0.312500 1.125000 0.062500
v -0.312500 1.187500 0.062500
v -0.312500 1.250000 0.062500
v -0.312500 1.312500 0.062500
v -0.250000 1.312500 0.062500
v -0.250000 1.250000 0.062500
v -0.312500 1.375000 0.062500
v -0.250000 1.375000 0.062500
v -0.312500 1.437500 0.062500
v -0.250000 1.437500 0.062500
v -0.250000 0.000000 0.125000
v -0.312500 0.312500 0.125000
v -0.312500 0.375000 0.125000
v -0.312500 0.437500 0.125000
v -0.312500 0.500000 0.125000
v -0.312500 0.562500 0.125000
v -0.312500 0.625000 0.125000
v -0.312500 0.687500 0.125000
v -0.312500 0.750000 0.125000
v -0.312500 0.812500 0.125000
v -0.312500 0.875000 0.125000
v -0.312500 0.937500 0.125000
v -0.312500 1.000000 0.125000
v -0.312500 1.062500 0.125000
v -0.312500 1.125000 0.125000
v -0.312500 1.187500 0.125000
v -0.312500 1.250000 0.125000
v -0.312500 1.312500 0.125000
v -0.250000 1.312500 0.125000
v -0.250000 1.250000 0.125000
v -0.312500 1.375000 0.125000
v -0.250000 1.375000 0.125000
v -0.312500 1.437500 0.125000
v -0.250000 1.437500 0.125000
v -0.250000 0.000000 0.187500
v -0.312500 0.312500 0.187500
v -0.250000 0.250000 0.187500
v -0.250000 0.312500 0.187500
v -0.312500 0.375000 0.187500
v -0.250000 0.375000 0.187500
v -0.312500 0.437500 0.187500
v -0.250000 0.437500 0.187500
v -0.312500 0.500000 0.187500
v -0.250000 0.500000 0.187500
v -0.312500 0.562500 0.187500
v -0.250000 0.562500 0.187500
v -0.312500 0.625000 0.187500
v -0.250000 0.625000 0.187500
v -0.312500 0.687500 0.187500
v -0.250000 0.687500 0.187500
v -0.312500 0.750000 0.187500
v -0.250000 0.750000 0.187500
v -0.312500 0.812500 0.187500
v -0.250000 0.812500 0.187500
v -0.312500 0.875000 0.187500
v -0.250000 0.875000 0.187500
v -0.312500 0.937500 0.187500
v -0.250000 0.937500 0.187500
v -0.312500 1.000000 0.187500
v -0.250000 1.000000 0.187500
v -0.312500 1.062500 0.187500
v -0.250000 1.062500 0.187500
v -0.312500 1.125000 0.187500
v -0.250000 1.125000 0.187500
v -0.312500 1.187500 0.187500
v -0.250000 1.187500 0.187500
v -0.312500 1.250000 0.187500
v -0.250000 1.250000 0.187500
v -0.312500 1.312500 0.187500
v -0.250000 1.312500 0.187500
v -0.312500 1.375000 0.187500
v -0.250000 1.375000 0.187500
v -0.312500 1.437500 0.187500
v -0.250000 1.437500 0.187500
v -0.250000 0.000000 0.250000
v -0.250000 0.250000 0.250000
v -0.250000 0.000000 0.312500
v -0.250000 0.250000 0.312500
v -0.250000 0.000000 0.375000
v -0.250000 0.250000 0.375000
v -0.250000 0.000000 0.437500
v -0.250000 0.125000 0.437500
v -0.250000 0.187500 0.437500
v -0.250000 0.250000 0.437500
v -0.250000 0.000000 0.500000
v -0.250000 0.062500 0.500000
v -0.250000 0.125000 0.500000
v -0.187500 0.062500 -0.500000
v -0.187500 0.000000 -0.500000
v -0.187500 0.000000 -0.437500
v -0.250000 0.125000 -0.500000
v -0.187500 0.125000 -0.500000
v -0.187500 0.125000 -0.437500
v -0.187500 0.000000 -0.375000
v -0.187500 0.187500 -0.437500
v -0.187500 0.250000 -0.437500
v -0.187500 0.250000 -0.375000
v -0.187500 0.000000 -0.312500
v -0.187500 0.250000 -0.312500
v -0.187500 0.000000 -0.250000
v -0.187500 0.250000 -0.250000
v -0.187500 0.000000 -0.187500
v -0.250000 0.312500 -0.250000
v -0.187500 0.312500 -0.250000
v -0.250000 0.375000 -0.250000
v -0.187500 0.375000 -0.250000
v -0.250000 0.437500 -0.250000
v -0.187500 0.437500 -0.250000
v -0.250000 0.500000 -0.250000
v -0.187500 0.500000 -0.250000
v -0.250000 0.562500 -0.250000
v -0.187500 0.562500 -0.250000
v -0.250000 0.625000 -0.250000
v -0.187500 0.625000 -0.250000
v -0.250000 0.687500 -0.250000
v -0.187500 0.687500 -0.250000
v -0.250000 0.750000 -0.250000
v -0.187500 0.750000 -0.250000
v -0.250000 0.812500 -0.250000
v -0.187500 0.812500 -0.250000
v -0.250000 0.875000 -0.250000
v -0.187500 0.875000 -0.250000
v -0.250000 0.937500 -0.250000
v -0.187500 0.937500 -0.250000
v -0.250000 1.000000 -0.250000
v -0.187500 1.000000 -0.250000
v -0.250000 1.062500 -0.250000
v -0.187500 1.062500 -0.250000
v -0.250000 1.125000 -0.250000
v -0.187500 1.125000 -0.250000
v -0.250000 1.187500 -0.250000
v -0.187500 1.187500 -0.250000
v -0.250000 1.250000 -0.250000
v -0.187500 1.250000 -0.250000
v -0.187500 1.250000 -0.187500
v -0.187500 0.000000 -0.125000
v -0.187500 1.250000 -0.125000
v -0.187500 0.000000 -0.062500
v -0.187500 1.250000 -0.062500
v -0.187500 0.000000 0.000000
v -0.187500 1.250000 0.000000
v -0.187500 0.000000 0.062500
v -0.187500 1.250000 0.062500
v -0.187500 0.000000 0.125000
v -0.187500 1.250000 0.125000
v -0.187500 0.000000 0.187500
v -0.187500 1.250000 0.187500
v -0.187500 0.000000 0.250000
v -0.250000 0.312500 0.250000
v -0.187500 0.250000 0.250000
v -0.187500 0.312500 0.250000
v -0.250000 0.375000 0.250000
v -0.187500 0.375000 0.250000
v -0.250000 0.437500 0.250000
v -0.187500 0.437500 0.250000
v -0.250000 0.500000 0.250000
v -0.187500 0.500000 0.250000
v -0.250000 0.562500 0.250000
v -0.187500 0.562500 0.250000
v -0.250000 0.625000 0.250000
v -0.187500 0.625000 0.250000
v -0.250000 0.687500 0.250000
v -0.187500 0.687500 0.250000
v -0.250000 0.750000 0.250000
v -0.187500 0.750000 0.250000
v -0.250000 0.812500 0.250000
v -0.187500 0.812500 0.250000
v -0.250000 0.875000 0.250000
v -0.187500 0.875000 0.250000
v -0.250000 0.937500 0.250000
v -0.187500 0.937500 0.250000
v -0.250000 1.000000 0.250000
v -0.187500 1.000000 0.250000
v -0.250000 1.062500 0.250000
v -0.187500 1.062500 0.250000
v -0.250000 1.125000 0.250000
v -0.187500 1.125000 0.250000
v -0.250000 1.187500 0.250000
v -0.187500 1.187500 0.250000
v -0.250000 1.250000 0.250000
v -0.187500 1.250000 0.250000
v -0.187500 0.000000 0.312500
v -0.187500 0.250000 0.312500
v -0.187500 0.000000 0.375000
v -0.187500 0.250000 0.375000
v -0.187500 0.000000 0.437500
v -0.187500 0.125000 0.437500
v -0.187500 0.187500 0.437500
v -0.187500 0.250000 0.437500
v -0.187500 0.000000 0.500000
v -0.187500 0.062500 0.500000
v -0.187500 0.125000 0.500000
v -0.125000 0.062500 -0.500000
v -0.125000 0.000000 -0.500000
v -0.125000 0.000000 -0.437500
v -0.125000 0.125000 -0.500000
v -0.125000 0.125000 -0.437500
v -0.125000 0.000000 -0.375000
v -0.125000 0.187500 -0.437500
v -0.125000 0.250000 -0.437500
v -0.125000 0.250000 -0.375000
v -0.125000 0.000000 -0.312500
v -0.125000 0.250000 -0.312500
v -0.125000 0.000000 -0.250000
v -0.187500 0.312500 -0.312500
v -0.125000 0.312500 -0.312500
v -0.187500 0.375000 -0.312500
v -0.125000 0.375000 -0.312500
v -0.187500 0.437500 -0.312500
v -0.125000 0.437500 -0.312500
v -0.187500 0.500000 -0.312500
v -0.125000 0.500000 -0.312500
v -0.187500 0.562500 -0.312500
v -0.125000 0.562500 -0.312500
v -0.187500 0.625000 -0.312500
v -0.125000 0.625000 -0.312500
v -0.187500 0.687500 -0.312500
v -0.125000 0.687500 -0.312500
v -0.187500 0.750000 -0.312500
v -0.125000 0.750000 -0.312500
v -0.187500 0.812500 -0.312500
v -0.125000 0.812500 -0.312500
v -0.187500 0.875000 -0.312500
v -0.125000 0.875000 -0.312500
v -0.187500 0.937500 -0.312500
v -0.125000 0.937500 -0.312500
v -0.187500 1.000000 -0.312500
v -0.125000 1.000000 -0.312500
v -0.187500 1.062500 -0.312500
v -0.125000 1.062500 -0.312500
v -0.187500 1.125000 -0.312500
v -0.125000 1.125000 -0.312500
v -0.187500 1.187500 -0.312500
v -0.125000 1.187500 -0.312500
v -0.187500 1.250000 -0.312500
v -0.125000 1.250000 -0.312500
v -0.187500 1.312500 -0.250000
v -0.187500 1.312500 -0.312500
v -0.125000 1.312500 -0.312500
v -0.125000 1.312500 -0.250000
v -0.125000 0.000000 -0.187500
v -0.187500 1.312500 -0.187500
v -0.125000 1.312500 -0.187500
v -0.125000 0.000000 -0.125000
v -0.187500 1.312500 -0.125000
v -0.125000 1.312500 -0.125000
v -0.125000 0.000000 -0.062500
v -0.187500 1.312500 -0.062500
v -0.125000 1.312500 -0.062500
v -0.125000 0.000000 0.000000
v -0.187500 1.312500 0.000000
v -0.125000 1.312500 0.000000
v -0.125000 0.000000 0.062500
v -0.187500 1.312500 0.062500
v -0.125000 1.312500 0.062500
v -0.125000 0.000000 0.125000
v -0.187500 1.312500 0.125000
v -0.125000 1.312500 0.125000
v -0.125000 0.000000 0.187500
v -0.187500 1.312500 0.187500
v -0.125000 1.312500 0.187500
v -0.125000 0.000000 0.250000
v -0.187500 1.312500 0.250000
v -0.125000 1.312500 0.250000
v -0.125000 0.000000 0.312500
v -0.187500 0.312500 0.312500
v -0.125000 0.250000 0.312500
v -0.125000 0.312500 0.312500
v -0.187500 0.375000 0.312500
v -0.125000 0.375000 0.312500
v -0.187500 0.437500 0.312500
v -0.125000 0.437500 0.312500
v -0.187500 0.500000 0.312500
v -0.125000 0.500000 0.312500
v -0.187500 0.562500 0.312500
v -0.125000 0.562500 0.312500
v -0.187500 0.625000 0.312500
v -0.125000 0.625000 0.312500
v -0.187500 0.687500 0.312500
v -0.125000 0.687500 0.312500
v -0.187500 0.750000 0.312500
v -0.125000 0.750000 0.312500
v -0.187500 0.812500 0.312500
v -0.125000 0.812500 0.312500
v -0.187500 0.875000 0.312500
v -0.125000 0.875000 0.312500
v -0.187500 0.937500 0.312500
v -0.125000 0.937500 0.312500
v -0.187500 1.000000 0.312500
v -0.125000 1.000000 0.312500
v -0.187500 1.062500 0.312500
v -0.125000 1.062500 0.312500
v -0.187500 1.125000 0.312500
v -0.125000 1.125000 0.312500
v -0.187500 1.187500 0.312500
v -0.125000 1.187500 0.312500
v -0.187500 1.250000 0.312500
v -0.125000 1.250000 0.312500
v -0.187500 1.312500 0.312500
v -0.125000 1.312500 0.312500
v -0.125000 0.000000 0.375000
v -0.125000 0.250000 0.375000
v -0.125000 0.000000 0.437500
v -0.125000 0.125000 0.437500
v -0.125000 0.187500 0.437500
v -0.125000 0.250000 0.437500
v -0.125000 0.000000 0.500000
v -0.125000 0.062500 0.500000
v -0.125000 0.125000 0.500000
v -0.062500 0.062500 -0.500000
v -0.062500 0.000000 -0.500000
v -0.062500 0.000000 -0.437500
v -0.062500 0.125000 -0.500000
v -0.062500 0.125000 -0.437500
v -0.062500 0.000000 -0.375000
v -0.062500 0.187500 -0.437500
v -0.062500 0.250000 -0.437500
v -0.062500 0.250000 -0.375000
v -0.062500 0.000000 -0.312500
v -0.062500 0.250000 -0.312500
v -0.062500 0.000000 -0.250000
v -0.062500 0.312500 -0.312500
v -0.062500 0.375000 -0.312500
v -0.062500 0.437500 -0.312500
v -0.062500 0.500000 -0.312500
v -0.062500 0.562500 -0.312500
v -0.062500 0.625000 -0.312500
v -0.062500 0.687500 -0.312500
v -0.062500 0.750000 -0.312500
v -0.062500 0.812500 -0.312500
v -0.062500 0.875000 -0.312500
v -0.062500 0.937500 -0.312500
v -0.062500 1.000000 -0.312500
v -0.062500 1.062500 -0.312500
v -0.062500 1.125000 -0.312500
v -0.062500 1.187500 -0.312500
v -0.062500 1.250000 -0.312500
v -0.062500 1.312500 -0.312500
v -0.125000 1.375000 -0.250000
v -0.125000 1.375000 -0.312500
v -0.062500 1.375000 -0.312500
v -0.062500 1.375000 -0.250000
v -0.062500 0.000000 -0.187500
v -0.125000 1.375000 -0.187500
v -0.062500 1.375000 -0.187500
v -0.062500 0.000000 -0.125000
v -0.125000 1.375000 -0.125000
v -0.062500 1.375000 -0.125000
v -0.062500 0.000000 -0.062500
v -0.125000 1.375000 -0.062500
v -0.062500 1.375000 -0.062500
v -0.062500 0.000000 0.000000
v -0.125000 1.375000 0.000000
v -0.062500 1.375000 0.000000
v -0.062500 0.000000 0.062500
v -0.125000 1.375000 0.062500
v -0.062500 1.375000 0.062500
v -0.062500 0.000000 0.125000
v -0.125000 1.375000 0.125000
v -0.062500 1.375000 0.125000
v -0.062500 0.000000 0.187500
v -0.125000 1.375000 0.187500
v -0.062500 1.375000 0.187500
v -0.062500 0.000000 0.250000
v -0.125000 1.375000 0.250000
v -0.062500 1.375000 0.250000
v -0.062500 0.000000 0.312500
v -0.062500 0.250000 0.312500
v -0.062500 0.312500 0.312500
v -0.062500 0.375000 0.312500
v -0.062500 0.437500 0.312500
v -0.062500 0.500000 0.312500
v -0.062500 0.562500 0.312500
v -0.062500 0.625000 0.312500
v -0.062500 0.687500 0.312500
v -0.062500 0.750000 0.312500
v -0.062500 0.812500 0.312500
v -0.062500 0.875000 0.312500
v -0.062500 0.937500 0.312500
v -0.062500 1.000000 0.312500
v -0.062500 1.062500 0.312500
v -0.062500 1.125000 0.312500
v -0.062500 1.187500 0.312500
v -0.062500 1.250000 0.312500
v -0.062500 1.312500 0.312500
v -0.125000 1.375000 0.312500
v -0.062500 1.375000 0.312500
v -0.062500 0.000000 0.375000
v -0.062500 0.250000 0.375000
v -0.062500 0.000000 0.437500
v -0.062500 0.125000 0.437500
v -0.062500 0.187500 0.437500
v -0.062500 0.250000 0.437500
v -0.062500 0.000000 0.500000
v -0.062500 0.062500 0.500000
v -0.062500 0.125000 0.500000
v 0.000000 0.062500 -0.500000
v 0.000000 0.000000 -0.500000
v 0.000000 0.000000 -0.437500
v 0.000000 0.125000 -0.500000
v 0.000000 0.125000 -0.437500
v 0.000000 0.000000 -0.375000
v 0.000000 0.187500 -0.437500
v 0.000000 0.250000 -0.437500
v 0.000000 0.250000 -0.375000
v 0.000000 0.000000 -0.312500
v 0.000000 0.250000 -0.312500
v 0.000000 0.000000 -0.250000
v 0.000000 0.312500 -0.312500
v 0.000000 0.375000 -0.312500
v 0.000000 0.437500 -0.312500
v 0.000000 0.500000 -0.312500
v 0.000000 0.562500 -0.312500
v 0.000000 0.625000 -0.312500
v 0.000000 0.687500 -0.312500
v 0.000000 0.750000 -0.312500
v 0.000000 0.812500 -0.312500
v 0.000000 0.875000 -0.312500
v 0.000000 0.937500 -0.312500
v 0.000000 1.000000 -0.312500
v 0.000000 1.062500 -0.312500
v 0.000000 1.125000 -0.312500
v 0.000000 1.187500 -0.312500
v 0.000000 1.250000 -0.312500
v 0.000000 1.312500 -0.312500
v 0.000000 1.312500 -0.250000
v 0.000000 1.250000 -0.250000
v 0.000000 1.375000 -0.312500
v 0.000000 1.375000 -0.250000
v -0.062500 1.437500 -0.250000
v -0.062500 1.437500 -0.312500
v 0.000000 1.437500 -0.312500
v 0.000000 1.437500 -0.250000
v 0.000000 0.000000 -0.187500
v 0.000000 1.312500 -0.187500
v 0.000000 1.250000 -0.187500
v 0.000000 1.375000 -0.187500
v -0.062500 1.437500 -0.187500
v 0.000000 1.437500 -0.187500
v 0.000000 0.000000 -0.125000
v 0.000000 1.312500 -0.125000
v 0.000000 1.250000 -0.125000
v 0.000000 1.375000 -0.125000
v -0.062500 1.437500 -0.125000
v 0.000000 1.437500 -0.125000
v 0.000000 0.000000 -0.062500
v 0.000000 1.312500 -0.062500
v 0.000000 1.250000 -0.062500
v 0.000000 1.375000 -0.062500
v -0.062500 1.437500 -0.062500
v 0.000000 1.437500 -0.062500
v 0.000000 0.000000 0.000000
v 0.000000 1.312500 0.000000
v 0.000000 1.250000 0.000000
v 0.000000 1.375000 0.000000
v -0.062500 1.437500 0.000000
v 0.000000 1.437500 0.000000
v 0.000000 0.000000 0.062500
v 0.000000 1.312500 0.062500
v 0.000000 1.250000 0.062500
v 0.000000 1.375000 0.062500
v -0.062500 1.437500 0.062500
v 0.000000 1.437500 0.062500
v 0.000000 0.000000 0.125000
v 0.000000 1.312500 0.125000
v 0.000000 1.250000 0.125000
v 0.000000 1.375000 0.125000
v -0.062500 1.437500 0.125000
v 0.000000 1.437500 0.125000
v 0.000000 0.000000 0.187500
v 0.000000 1.312500 0.187500
v 0.000000 1.250000 0.187500
v 0.000000 1.375000 0.187500
v -0.062500 1.437500 0.187500
v 0.000000 1.437500 0.187500
v 0.000000 0.000000 0.250000
v 0.000000 1.312500 0.250000
v 0.000000 1.250000 0.250000
v 0.000000 1.375000 0.250000
v -0.062500 1.437500 0.250000
v 0.000000 1.437500 0.250000
v 0.000000 0.000000 0.312500
v 0.000000 0.250000 0.312500
v 0.000000 0.312500 0.312500
v 0.000000 0.375000 0.312500
v 0.000000 0.437500 0.312500
v 0.000000 0.500000 0.312500
v 0.000000 0.562500 0.312500
v 0.000000 0.625000 0.312500
v 0.000000 0.687500 0.312500
v 0.000000 0.750000 0.312500
v 0.000000 0.812500 0.312500
v 0.000000 0.875000 0.312500
v 0.000000 0.937500 0.312500
v 0.000000 1.000000 0.312500
v 0.000000 1.062500 0.312500
v 0.000000 1.125000 0.312500
v 0.000000 1.187500 0.312500
v 0.000000 1.250000 0.312500
v 0.000000 1.312500 0.312500
v 0.000000 1.375000 0.312500
v -0.062500 1.437500 0.312500
v 0.000000 1.437500 0.312500
v 0.000000 0.000000 0.375000
v 0.000000 0.250000 0.375000
v 0.000000 0.000000 0.437500
v 0.000000 0.125000 0.437500
v 0.000000 0.187500 0.437500
v 0.000000 0.250000 0.437500
v 0.000000 0.000000 0.500000
v 0.000000 0.062500 0.500000
v 0.000000 0.125000 0.500000
v 0.062500 0.062500 -0.500000
v 0.062500 0.000000 -0.500000
v 0.062500 0.000000 -0.437500
v 0.062500 0.125000 -0.500000
v 0.062500 0.125000 -0.437500
v 0.062500 0.000000 -0.375000
v 0.062500 0.187500 -0.437500
v 0.062500 0.250000 -0.437500
v 0.062500 0.250000 -0.375000
v 0.062500 0.000000 -0.312500
v 0.062500 0.250000 -0.312500
v 0.062500 0.000000 -0.250000
v 0.062500 0.312500 -0.312500
v 0.062500 0.375000 -0.312500
v 0.062500 0.437500 -0.312500
v 0.062500 0.500000 -0.312500
v 0.062500 0.562500 -0.312500
v 0.062500 0.625000 -0.312500
v 0.062500 0.687500 -0.312500
v 0.062500 0.750000 -0.312500
v 0.062500 0.812500 -0.312500
v 0.062500 0.875000 -0.312500
v 0.062500 0.937500 -0.312500
v 0.062500 1.000000 -0.312500
v 0.062500 1.062500 -0.312500
v 0.062500 1.125000 -0.312500
v 0.062500 1.187500 -0.312500
v 0.062500 1.250000 -0.312500
v 0.062500 1.250000 -0.250000
v 0.062500 0.000000 -0.187500
v 0.062500 1.250000 -0.187500
v 0.062500 0.000000 -0.125000
v 0.062500 1.250000 -0.125000
v 0.062500 0.000000 -0.062500
v 0.062500 1.250000 -0.062500
v 0.062500 0.000000 0.000000
v 0.062500 1.250000 0.000000
v 0.062500 0.000000 0.062500
v 0.062500 1.250000 0.062500
v 0.062500 0.000000 0.125000
v 0.062500 1.250000 0.125000
v 0.062500 0.000000 0.187500
v 0.062500 1.250000 0.187500
v 0.062500 0.000000 0.250000
v 0.062500 1.250000 0.250000
v 0.062500 0.000000 0.312500
v 0.062500 0.250000 0.312500
v 0.062500 0.312500 0.312500
v 0.062500 0.375000 0.312500
v 0.062500 0.437500 0.312500
v 0.062500 0.500000 0.312500
v 0.062500 0.562500 0.312500
v 0.062500 0.625000 0.312500
v 0.062500 0.687500 0.312500
v 0.062500 0.750000 0.312500
v 0.062500 0.812500 0.312500
v 0.062500 0.875000 0.312500
v 0.062500 0.937500 0.312500
v 0.062500 1.000000 0.312500
v 0.062500 1.062500 0.312500
v 0.062500 1.125000 0.312500
v 0.062500 1.187500 0.312500
v 0.062500 1.250000 0.312500
v 0.062500 0.000000 0.375000
v 0.062500 0.250000 0.375000
v 0.062500 0.000000 0.437500
v 0.062500 0.125000 0.437500
v 0.062500 0.187500 0.437500
v 0.062500 0.250000 0.437500
v 0.062500 0.000000 0.500000
v 0.062500 0.062500 0.500000
v 0.062500 0.125000 0.500000
v 0.125000 0.062500 -0.500000
v 0.125000 0.000000 -0.500000
v 0.125000 0.000000 -0.437500
v 0.125000 0.125000 -0.500000
v 0.125000 0.125000 -0.437500
v 0.125000 0.000000 -0.375000
v 0.125000 0.187500 -0.437500
v 0.125000 0.250000 -0.437500
v 0.125000 0.250000 -0.375000
v 0.125000 0.000000 -0.312500
v 0.125000 0.250000 -0.312500
v 0.125000 0.000000 -0.250000
v 0.125000 0.312500 -0.312500
v 0.125000 0.375000 -0.312500
v 0.125000 0.437500 -0.312500
v 0.125000 0.500000 -0.312500
v 0.125000 0.562500 -0.312500
v 0.125000 0.625000 -0.312500
v 0.125000 0.687500 -0.312500
v 0.125000 0.750000 -0.312500
v 0.125000 0.812500 -0.312500
v 0.125000 0.875000 -0.312500
v 0.125000 0.937500 -0.312500
v 0.125000 1.000000 -0.312500
v 0.125000 1.062500 -0.312500
v 0.125000 1.125000 -0.312500
v 0.125000 1.187500 -0.312500
v 0.125000 1.250000 -0.312500
v 0.062500 1.312500 -0.250000
v 0.062500 1.312500 -0.312500
v 0.125000 1.312500 -0.312500
v 0.125000 1.312500 -0.250000
v 0.125000 0.000000 -0.187500
v 0.062500 1.312500 -0.187500
v 0.125000 1.312500 -0.187500
v 0.125000 0.000000 -0.125000
v 0.062500 1.312500 -0.125000
v 0.125000 1.312500 -0.125000
v 0.125000 0.000000 -0.062500
v 0.062500 1.312500 -0.062500
v 0.125000 1.312500 -0.062500
v 0.125000 0.000000 0.000000
v 0.062500 1.312500 0.000000
v 0.125000 1.312500 0.000000
v 0.125000 0.000000 0.062500
v 0.062500 1.312500 0.062500
v 0.125000 1.312500 0.062500
v 0.125000 0.000000 0.125000
v 0.062500 1.312500 0.125000
v 0.125000 1.312500 0.125000
v 0.125000 0.000000 0.187500
v 0.062500 1.312500 0.187500
v 0.125000 1.312500 0.187500
v 0.125000 0.000000 0.250000
v 0.062500 1.312500 0.250000
v 0.125000 1.312500 0.250000
v 0.125000 0.000000 0.312500
v 0.125000 0.250000 0.312500
v 0.125000 0.312500 0.312500
v 0.125000 0.375000 0.312500
v 0.125000 0.437500 0.312500
v 0.125000 0.500000 0.312500
v 0.125000 0.562500 0.312500
v 0.125000 0.625000 0.312500
v 0.125000 0.687500 0.312500
v 0.125000 0.750000 0.312500
v 0.125000 0.812500 0.312500
v 0.125000 0.875000 0.312500
v 0.125000 0.937500 0.312500
v 0.125000 1.000000 0.312500
v 0.125000 1.062500 0.312500
v 0.125000 1.125000 0.312500
v 0.125000 1.187500 0.312500
v 0.125000 1.250000 0.312500
v 0.062500 1.312500 0.312500
v 0.125000 1.312500 0.312500
v 0.125000 0.000000 0.375000
v 0.125000 0.250000 0.375000
v 0.125000 0.000000 0.437500
v 0.125000 0.125000 0.437500
v 0.125000 0.187500 0.437500
v 0.125000 0.250000 0.437500
v 0.125000 0.000000 0.500000
v 0.125000 0.062500 0.500000
v 0.125000 0.125000 0.500000
v 0.187500 0.062500 -0.500000
v 0.187500 0.000000 -0.500000
v 0.187500 0.000000 -0.437500
v 0.187500 0.125000 -0.500000
v 0.187500 0.125000 -0.437500
v 0.187500 0.000000 -0.375000
v 0.187500 0.187500 -0.437500
v 0.187500 0.250000 -0.437500
v 0.187500 0.250000 -0.375000
v 0.187500 0.000000 -0.312500
v 0.187500 0.250000 -0.312500
v 0.187500 0.000000 -0.250000
v 0.187500 0.312500 -0.312500
v 0.187500 0.312500 -0.250000
v 0.187500 0.250000 -0.250000
v 0.187500 0.375000 -0.312500
v 0.187500 0.375000 -0.250000
v 0.187500 0.437500 -0.312500
v 0.187500 0.437500 -0.250000
v 0.187500 0.500000 -0.312500
v 0.187500 0.500000 -0.250000
v 0.187500 0.562500 -0.312500
v 0.187500 0.562500 -0.250000
v 0.187500 0.625000 -0.312500
v 0.187500 0.625000 -0.250000
v 0.187500 0.687500 -0.312500
v 0.187500 0.687500 -0.250000
v 0.187500 0.750000 -0.312500
v 0.187500 0.750000 -0.250000
v 0.187500 0.812500 -0.312500
v 0.187500 0.812500 -0.250000
v 0.187500 0.875000 -0.312500
v 0.187500 0.875000 -0.250000
v 0.187500 0.937500 -0.312500
v 0.187500 0.937500 -0.250000
v 0.187500 1.000000 -0.312500
v 0.187500 1.000000 -0.250000
v 0.187500 1.062500 -0.312500
v 0.187500 1.062500 -0.250000
v 0.187500 1.125000 -0.312500
v 0.187500 1.125000 -0.250000
v 0.187500 1.187500 -0.312500
v 0.187500 1.187500 -0.250000
v 0.187500 1.250000 -0.312500
v 0.187500 1.250000 -0.250000
v 0.187500 1.312500 -0.312500
v 0.187500 1.312500 -0.250000
v 0.125000 1.375000 -0.250000
v 0.125000 1.375000 -0.312500
v 0.187500 1.375000 -0.312500
v 0.187500 1.375000 -0.250000
v 0.187500 0.000000 -0.187500
v 0.125000 1.375000 -0.187500
v 0.187500 1.375000 -0.187500
v 0.187500 0.000000 -0.125000
v 0.125000 1.375000 -0.125000
v 0.187500 1.375000 -0.125000
v 0.187500 0.000000 -0.062500
v 0.125000 1.375000 -0.062500
v 0.187500 1.375000 -0.062500
v 0.187500 0.000000 0.000000
v 0.125000 1.375000 0.000000
v 0.187500 1.375000 0.000000
v 0.187500 0.000000 0.062500
v 0.125000 1.375000 0.062500
v 0.187500 1.375000 0.062500
v 0.187500 0.000000 0.125000
v 0.125000 1.375000 0.125000
v 0.187500 1.375000 0.125000
v 0.187500 0.000000 0.187500
v 0.125000 1.375000 0.187500
v 0.187500 1.375000 0.187500
v 0.187500 0.000000 0.250000
v 0.125000 1.375000 0.250000
v 0.187500 1.375000 0.250000
v 0.187500 0.000000 0.312500
v 0.187500 0.312500 0.250000
v 0.187500 0.312500 0.312500
v 0.187500 0.250000 0.312500
v 0.187500 0.250000 0.250000
v 0.187500 0.375000 0.250000
v 0.187500 0.375000 0.312500
v 0.187500 0.437500 0.250000
v 0.187500 0.437500 0.312500
v 0.187500 0.500000 0.250000
v 0.187500 0.500000 0.312500
v 0.187500 0.562500 0.250000
v 0.187500 0.562500 0.312500
v 0.187500 0.625000 0.250000
v 0.187500 0.625000 0.312500
v 0.187500 0.687500 0.250000
v 0.187500 0.687500 0.312500
v 0.187500 0.750000 0.250000
v 0.187500 0.750000 0.312500
v 0.187500 0.812500 0.250000
v 0.187500 0.812500 0.312500
v 0.187500 0.875000 0.250000
v 0.187500 0.875000 0.312500
v 0.187500 0.937500 0.250000
v 0.187500 0.937500 0.312500
v 0.187500 1.000000 0.250000
v 0.187500 1.000000 0.312500
v 0.187500 1.062500 0.250000
v 0.187500 1.062500 0.312500
v 0.187500 1.125000 0.250000
v 0.187500 1.125000 0.312500
v 0.187500 1.187500 0.250000
v 0.187500 1.187500 0.312500
v 0.187500 1.250000 0.250000
v 0.187500 1.250000 0.312500
v 0.187500 1.312500 0.250000
v 0.187500 1.312500 0.312500
v 0.125000 1.375000 0.312500
v 0.187500 1.375000 0.312500
v 0.187500 0.000000 0.375000
v 0.187500 0.250000 0.375000
v 0.187500 0.000000 0.437500
v 0.187500 0.125000 0.437500
v 0.187500 0.187500 0.437500
v 0.187500 0.250000 0.437500
v 0.187500 0.000000 0.500000
v 0.187500 0.062500 0.500000
v 0.187500 0.125000 0.500000
v 0.250000 0.062500 -0.500000
v 0.250000 0.000000 -0.500000
v 0.250000 0.000000 -0.437500
v 0.250000 0.125000 -0.500000
v 0.250000 0.125000 -0.437500
v 0.250000 0.000000 -0.375000
v 0.250000 0.187500 -0.437500
v 0.250000 0.250000 -0.437500
v 0.250000 0.250000 -0.375000
v 0.250000 0.000000 -0.312500
v 0.250000 0.250000 -0.312500
v 0.250000 0.000000 -0.250000
v 0.250000 0.250000 -0.250000
v 0.250000 0.000000 -0.187500
v 0.250000 0.312500 -0.250000
v 0.250000 0.312500 -0.187500
v 0.250000 0.250000 -0.187500
v 0.250000 0.375000 -0.250000
v 0.250000 0.375000 -0.187500
v 0.250000 0.437500 -0.250000
v 0.250000 0.437500 -0.187500
v 0.250000 0.500000 -0.250000
v 0.250000 0.500000 -0.187500
v 0.250000 0.562500 -0.250000
v 0.250000 0.562500 -0.187500
v 0.250000 0.625000 -0.250000
v 0.250000 0.625000 -0.187500
v 0.250000 0.687500 -0.250000
v 0.250000 0.687500 -0.187500
v 0.250000 0.750000 -0.250000
v 0.250000 0.750000 -0.187500
v 0.250000 0.812500 -0.250000
v 0.250000 0.812500 -0.187500
v 0.250000 0.875000 -0.250000
v 0.250000 0.875000 -0.187500
v 0.250000 0.937500 -0.250000
v 0.250000 0.937500 -0.187500
v 0.250000 1.000000 -0.250000
v 0.250000 1.000000 -0.187500
v 0.250000 1.062500 -0.250000
v 0.250000 1.062500 -0.187500
v 0.250000 1.125000 -0.250000
v 0.250000 1.125000 -0.187500
v 0.250000 1.187500 -0.250000
v 0.250000 1.187500 -0.187500
v 0.250000 1.250000 -0.250000
v 0.250000 1.250000 -0.187500
v 0.250000 1.312500 -0.250000
v 0.250000 1.312500 -0.187500
v 0.250000 1.375000 -0.250000
v 0.250000 1.375000 -0.187500
v 0.187500 1.437500 -0.187500
v 0.187500 1.437500 -0.250000
v 0.250000 1.437500 -0.250000
v 0.250000 1.437500 -0.187500
v 0.250000 0.000000 -0.125000
v 0.250000 1.312500 -0.125000
v 0.250000 1.250000 -0.125000
v 0.250000 1.375000 -0.125000
v 0.187500 1.437500 -0.125000
v 0.250000 1.437500 -0.125000
v 0.250000 0.000000 -0.062500
v 0.250000 1.312500 -0.062500
v 0.250000 1.250000 -0.062500
v 0.250000 1.375000 -0.062500
v 0.187500 1.437500 -0.062500
v 0.250000 1.437500 -0.062500
v 0.250000 0.000000 0.000000
v 0.250000 1.312500 0.000000
v 0.250000 1.250000 0.000000
v 0.250000 1.375000 0.000000
v 0.187500 1.437500 0.000000
v 0.250000 1.437500 0.000000
v 0.250000 0.000000 0.062500
v 0.250000 1.312500 0.062500
v 0.250000 1.250000 0.062500
v 0.250000 1.375000 0.062500
v 0.187500 1.437500 0.062500
v 0.250000 1.437500 0.062500
v 0.250000 0.000000 0.125000
v 0.250000 1.312500 0.125000
v 0.250000 1.250000 0.125000
v 0.250000 1.375000 0.125000
v 0.187500 1.437500 0.125000
v 0.250000 1.437500 0.125000
v 0.250000 0.000000 0.187500
v 0.250000 1.312500 0.187500
v 0.250000 1.250000 0.187500
v 0.250000 1.375000 0.187500
v 0.187500 1.437500 0.187500
v 0.250000 1.437500 0.187500
v 0.250000 0.000000 0.250000
v 0.250000 0.312500 0.187500
v 0.250000 0.312500 0.250000
v 0.250000 0.250000 0.250000
v 0.250000 0.250000 0.187500
v 0.250000 0.375000 0.187500
v 0.250000 0.375000 0.250000
v 0.250000 0.437500 0.187500
v 0.250000 0.437500 0.250000
v 0.250000 0.500000 0.187500
v 0.250000 0.500000 0.250000
v 0.250000 0.562500 0.187500
v 0.250000 0.562500 0.250000
v 0.250000 0.625000 0.187500
v 0.250000 0.625000 0.250000
v 0.250000 0.687500 0.187500
v 0.250000 0.687500 0.250000
v 0.250000 0.750000 0.187500
v 0.250000 0.750000 0.250000
v 0.250000 0.812500 0.187500
v 0.250000 0.812500 0.250000
v 0.250000 0.875000 0.187500
v 0.250000 0.875000 0.250000
v 0.250000 0.937500 0.187500
v 0.250000 0.937500 0.250000
v 0.250000 1.000000 0.187500
v 0.250000 1.000000 0.250000
v 0.250000 1.062500 0.187500
v 0.250000 1.062500 0.250000
v 0.250000 1.125000 0.187500
v 0.250000 1.125000 0.250000
v 0.250000 1.187500 0.187500
v 0.250000 1.187500 0.250000
v 0.250000 1.250000 0.250000
v 0.250000 1.312500 0.250000
v 0.250000 1.375000 0.250000
v 0.187500 1.437500 0.250000
v 0.250000 1.437500 0.250000
v 0.250000 0.000000 0.312500
v 0.250000 0.250000 0.312500
v 0.250000 0.000000 0.375000
v 0.250000 0.250000 0.375000
v 0.250000 0.000000 0.437500
v 0.250000 0.125000 0.437500
v 0.250000 0.187500 0.437500
v 0.250000 0.250000 0.437500
v 0.250000 0.000000 0.500000
v 0.250000 0.062500 0.500000
v 0.250000 0.125000 0.500000
v 0.312500 0.062500 -0.500000
v 0.312500 0.000000 -0.500000
v 0.312500 0.000000 -0.437500
v 0.312500 0.125000 -0.500000
v 0.312500 0.125000 -0.437500
v 0.312500 0.000000 -0.375000
v 0.312500 0.187500 -0.437500
v 0.312500 0.250000 -0.437500
v 0.312500 0.250000 -0.375000
v 0.312500 0.000000 -0.312500
v 0.312500 0.250000 -0.312500
v 0.312500 0.000000 -0.250000
v 0.312500 0.250000 -0.250000
v 0.312500 0.000000 -0.187500
v 0.312500 0.250000 -0.187500
v 0.312500 0.000000 -0.125000
v 0.312500 0.312500 -0.187500
v 0.312500 0.312500 -0.125000
v 0.312500 0.250000 -0.125000
v 0.312500 0.375000 -0.187500
v 0.312500 0.375000 -0.125000
v 0.312500 0.437500 -0.187500
v 0.312500 0.437500 -0.125000
v 0.312500 0.500000 -0.187500
v 0.312500 0.500000 -0.125000
v 0.312500 0.562500 -0.187500
v 0.312500 0.562500 -0.125000
v 0.312500 0.625000 -0.187500
v 0.312500 0.625000 -0.125000
v 0.312500 0.687500 -0.187500
v 0.312500 0.687500 -0.125000
v 0.312500 0.750000 -0.187500
v 0.312500 0.750000 -0.125000
v 0.312500 0.812500 -0.187500
v 0.312500 0.812500 -0.125000
v 0.312500 0.875000 -0.187500
v 0.312500 0.875000 -0.125000
v 0.312500 0.937500 -0.187500
v 0.312500 0.937500 -0.125000
v 0.312500 1.000000 -0.187500
v 0.312500 1.000000 -0.125000
v 0.312500 1.062500 -0.187500
v 0.312500 1.062500 -0.125000
v 0.312500 1.125000 -0.187500
v 0.312500 1.125000 -0.125000
v 0.312500 1.187500 -0.187500
v 0.312500 1.187500 -0.125000
v 0.312500 1.250000 -0.187500
v 0.312500 1.250000 -0.125000
v 0.312500 0.000000 -0.062500
v 0.312500 0.312500 -0.062500
v 0.312500 0.250000 -0.062500
v 0.312500 0.375000 -0.062500
v 0.312500 0.437500 -0.062500
v 0.312500 0.500000 -0.062500
v 0.312500 0.562500 -0.062500
v 0.312500 0.625000 -0.062500
v 0.312500 0.687500 -0.062500
v 0.312500 0.750000 -0.062500
v 0.312500 0.812500 -0.062500
v 0.312500 0.875000 -0.062500
v 0.312500 0.937500 -0.062500
v 0.312500 1.000000 -0.062500
v 0.312500 1.062500 -0.062500
v 0.312500 1.125000 -0.062500
v 0.312500 1.187500 -0.062500
v 0.312500 1.250000 -0.062500
v 0.312500 0.000000 0.000000
v 0.312500 0.312500 0.000000
v 0.312500 0.250000 0.000000
v 0.312500 0.375000 0.000000
v 0.312500 0.437500 0.000000
v 0.312500 0.500000 0.000000
v 0.312500 0.562500 0.000000
v 0.312500 0.625000 0.000000
v 0.312500 0.687500 0.000000
v 0.312500 0.750000 0.000000
v 0.312500 0.812500 0.000000
v 0.312500 0.875000 0.000000
v 0.312500 0.937500 0.000000
v 0.312500 1.000000 0.000000
v 0.312500 1.062500 0.000000
v 0.312500 1.125000 0.000000
v 0.312500 1.187500 0.000000
v 0.312500 1.250000 0.000000
v 0.312500 0.000000 0.062500
v 0.312500 0.312500 0.062500
v 0.312500 0.250000 0.062500
v 0.312500 0.375000 0.062500
v 0.312500 0.437500 0.062500
v 0.312500 0.500000 0.062500
v 0.312500 0.562500 0.062500
v 0.312500 0.625000 0.062500
v 0.312500 0.687500 0.062500
v 0.312500 0.750000 0.062500
v 0.312500 0.812500 0.062500
v 0.312500 0.875000 0.062500
v 0.312500 0.937500 0.062500
v 0.312500 1.000000 0.062500
v 0.312500 1.062500 0.062500
v 0.312500 1.125000 0.062500
v 0.312500 1.187500 0.062500
v 0.312500 1.250000 0.062500
v 0.312500 0.000000 0.125000
v 0.312500 0.312500 0.125000
v 0.312500 0.250000 0.125000
v 0.312500 0.375000 0.125000
v 0.312500 0.437500 0.125000
v 0.312500 0.500000 0.125000
v 0.312500 0.562500 0.125000
v 0.312500 0.625000 0.125000
v 0.312500 0.687500 0.125000
v 0.312500 0.750000 0.125000
v 0.312500 0.812500 0.125000
v 0.312500 0.875000 0.125000
v 0.312500 0.937500 0.125000
v 0.312500 1.000000 0.125000
v 0.312500 1.062500 0.125000
v 0.312500 1.125000 0.125000
v 0.312500 1.187500 0.125000
v 0.312500 1.250000 0.125000
v 0.312500 0.000000 0.187500
v 0.312500 0.312500 0.187500
v 0.312500 0.250000 0.187500
v 0.312500 0.375000 0.187500
v 0.312500 0.437500 0.187500
v 0.312500 0.500000 0.187500
v 0.312500 0.562500 0.187500
v 0.312500 0.625000 0.187500
v 0.312500 0.687500 0.187500
v 0.312500 0.750000 0.187500
v 0.312500 0.812500 0.187500
v 0.312500 0.875000 0.187500
v 0.312500 0.937500 0.187500
v 0.312500 1.000000 0.187500
v 0.312500 1.062500 0.187500
v 0.312500 1.125000 0.187500
v 0.312500 1.187500 0.187500
v 0.312500 1.250000 0.187500
v 0.312500 0.000000 0.250000
v 0.312500 0.250000 0.250000
v 0.312500 0.000000 0.312500
v 0.312500 0.250000 0.312500
v 0.312500 0.000000 0.375000
v 0.312500 0.250000 0.375000
v 0.312500 0.000000 0.437500
v 0.312500 0.125000 0.437500
v 0.312500 0.187500 0.437500
v 0.312500 0.250000 0.437500
v 0.312500 0.000000 0.500000
v 0.312500 0.062500 0.500000
v 0.312500 0.125000 0.500000
v 0.375000 0.062500 -0.500000
v 0.375000 0.000000 -0.500000
v 0.375000 0.000000 -0.437500
v 0.375000 0.125000 -0.500000
v 0.375000 0.125000 -0.437500
v 0.375000 0.000000 -0.375000
v 0.375000 0.187500 -0.437500
v 0.375000 0.250000 -0.437500
v 0.375000 0.250000 -0.375000
v 0.375000 0.000000 -0.312500
v 0.375000 0.250000 -0.312500
v 0.375000 0.000000 -0.250000
v 0.375000 0.250000 -0.250000
v 0.375000 0.000000 -0.187500
v 0.375000 0.250000 -0.187500
v 0.375000 0.000000 -0.125000
v 0.375000 0.250000 -0.125000
v 0.375000 0.000000 -0.062500
v 0.375000 0.250000 -0.062500
v 0.375000 0.000000 0.000000
v 0.375000 0.250000 0.000000
v 0.375000 0.000000 0.062500
v 0.375000 0.250000 0.062500
v 0.375000 0.000000 0.125000
v 0.375000 0.250000 0.125000
v 0.375000 0.000000 0.187500
v 0.375000 0.250000 0.187500
v 0.375000 0.000000 0.250000
v 0.375000 0.250000 0.250000
v 0.375000 0.000000 0.312500
v 0.375000 0.250000 0.312500
v 0.375000 0.000000 0.375000
v 0.375000 0.250000 0.375000
v 0.375000 0.000000 0.437500
v 0.375000 0.125000 0.437500
v 0.375000 0.187500 0.437500
v 0.375000 0.250000 0.437500
v 0.375000 0.000000 0.500000
v 0.375000 0.062500 0.500000
v 0.375000 0.125000 0.500000
v 0.437500 0.062500 -0.500000
v 0.437500 0.000000 -0.500000
v 0.437500 0.000000 -0.437500
v 0.437500 0.125000 -0.500000
v 0.437500 0.125000 -0.437500
v 0.437500 0.000000 -0.375000
v 0.437500 0.187500 -0.437500
v 0.437500 0.187500 -0.375000
v 0.437500 0.125000 -0.375000
v 0.437500 0.250000 -0.437500
v 0.437500 0.250000 -0.375000
v 0.437500 0.000000 -0.312500
v 0.437500 0.187500 -0.312500
v 0.437500 0.125000 -0.312500
v 0.437500 0.250000 -0.312500
v 0.437500 0.000000 -0.250000
v 0.437500 0.187500 -0.250000
v 0.437500 0.125000 -0.250000
v 0.437500 0.250000 -0.250000
v 0.437500 0.000000 -0.187500
v 0.437500 0.187500 -0.187500
v 0.437500 0.125000 -0.187500
v 0.437500 0.250000 -0.187500
v 0.437500 0.000000 -0.125000
v 0.437500 0.187500 -0.125000
v 0.437500 0.125000 -0.125000
v 0.437500 0.250000 -0.125000
v 0.437500 0.000000 -0.062500
v 0.437500 0.187500 -0.062500
v 0.437500 0.125000 -0.062500
v 0.437500 0.250000 -0.062500
v 0.437500 0.000000 0.000000
v 0.437500 0.187500 0.000000
v 0.437500 0.125000 0.000000
v 0.437500 0.250000 0.000000
v 0.437500 0.000000 0.062500
v 0.437500 0.187500 0.062500
v 0.437500 0.125000 0.062500
v 0.437500 0.250000 0.062500
v 0.437500 0.000000 0.125000
v 0.437500 0.187500 0.125000
v 0.437500 0.125000 0.125000
v 0.437500 0.250000 0.125000
v 0.437500 0.000000 0.187500
v 0.437500 0.187500 0.187500
v 0.437500 0.125000 0.187500
v 0.437500 0.250000 0.187500
v 0.437500 0.000000 0.250000
v 0.437500 0.187500 0.250000
v 0.437500 0.125000 0.250000
v 0.437500 0.250000 0.250000
v 0.437500 0.000000 0.312500
v 0.437500 0.187500 0.312500
v 0.437500 0.125000 0.312500
v 0.437500 0.250000 0.312500
v 0.437500 0.000000 0.375000
v 0.437500 0.187500 0.375000
v 0.437500 0.125000 0.375000
v 0.437500 0.250000 0.375000
v 0.437500 0.000000 0.437500
v 0.437500 0.187500 0.437500
v 0.437500 0.125000 0.437500
v 0.437500 0.250000 0.437500
v 0.437500 0.000000 0.500000
v 0.437500 0.062500 0.500000
v 0.437500 0.125000 0.500000
v 0.500000 0.062500 -0.500000
v 0.500000 0.062500 -0.437500
v 0.500000 0.000000 -0.437500
v 0.500000 0.000000 -0.500000
v 0.500000 0.125000 -0.500000
v 0.500000 0.125000 -0.437500
v 0.500000 0.062500 -0.375000
v 0.500000 0.000000 -0.375000
v 0.500000 0.125000 -0.375000
v 0.500000 0.062500 -0.312500
v 0.500000 0.000000 -0.312500
v 0.500000 0.125000 -0.312500
v 0.500000 0.062500 -0.250000
v 0.500000 0.000000 -0.250000
v 0.500000 0.125000 -0.250000
v 0.500000 0.062500 -0.187500
v 0.500000 0.000000 -0.187500
v 0.500000 0.125000 -0.187500
v 0.500000 0.062500 -0.125000
v 0.500000 0.000000 -0.125000
v 0.500000 0.125000 -0.125000
v 0.500000 0.062500 -0.062500
v 0.500000 0.000000 -0.062500
v 0.500000 0.125000 -0.062500
v 0.500000 0.062500 0.000000
v 0.500000 0.000000 0.000000
v 0.500000 0.125000 0.000000
v 0.500000 0.062500 0.062500
v 0.500000 0.000000 0.062500
v 0.500000 0.125000 0.062500
v 0.500000 0.062500 0.125000
v 0.500000 0.000000 0.125000
v 0.500000 0.125000 0.125000
v 0.500000 0.062500 0.187500
v 0.500000 0.000000 0.187500
v 0.500000 0.125000 0.187500
v 0.500000 0.062500 0.250000
v 0.500000 0.000000 0.250000
v 0.500000 0.125000 0.250000
v 0.500000 0.062500 0.312500
v 0.500000 0.000000 0.312500
v 0.500000 0.125000 0.312500
v 0.500000 0.062500 0.375000
v 0.500000 0.000000 0.375000
v 0.500000 0.125000 0.375000
v 0.500000 0.062500 0.437500
v 0.500000 0.000000 0.437500
v 0.500000 0.125000 0.437500
v 0.500000 0.062500 0.500000
v 0.500000 0.000000 0.500000
v 0.500000 0.125000 0.500000
vt 0.03125000 0.96875000
vt 0.09375000 0.96875000
vt 0.15625000 0.96875000
vt 0.21875000 0.96875000
vt 0.28125000 0.96875000
vt 0.34375000 0.96875000
vt 0.40625000 0.96875000
vt 0.46875000 0.96875000
vt 0.53125000 0.96875000
vt 0.59375000 0.96875000
vt 0.65625000 0.96875000
vt 0.71875000 0.96875000
vt 0.78125000 0.96875000
vt 0.84375000 0.96875000
vt 0.90625000 0.96875000
vt 0.96875000 0.96875000
vt 0.03125000 0.90625000
vt 0.09375000 0.90625000
vt 0.15625000 0.90625000
vt 0.21875000 0.90625000
vt 0.28125000 0.90625000
vt 0.34375000 0.90625000
vt 0.40625000 0.90625000
vt 0.46875000 0.90625000
vt 0.53125000 0.90625000
vt 0.59375000 0.90625000
vt 0.65625000 0.90625000
vt 0.71875000 0.90625000
vt 0.78125000 0.90625000
vt 0.84375000 0.90625000
vt 0.90625000 0.90625000
vt 0.96875000 0.90625000
vt 0.03125000 0.84375000
vt 0.09375000 0.84375000
vt 0.15625000 0.84375000
vt 0.21875000 0.84375000
vt 0.28125000 0.84375000
vt 0.34375000 0.84375000
vt 0.40625000 0.84375000
vt 0.46875000 0.84375000
vt 0.53125000 0.84375000
vt 0.59375000 0.84375000
vt 0.65625000 0.84375000
vt 0.71875000 0.84375000
vt 0.78125000 0.84375000
vt 0.84375000 0.84375000
vt 0.90625000 0.84375000
vt 0.96875000 0.84375000
vt 0.03125000 0.78125000
vt 0.09375000 0.78125000
vt 0.15625000 0.78125000
vt 0.21875000 0.78125000
vt 0.28125000 0.78125000
vt 0.34375000 0.78125000
vt 0.40625000 0.78125000
vt 0.46875000 0.78125000
vt 0.53125000 0.78125000
vt 0.59375000 0.78125000
vt 0.65625000 0.78125000
vt 0.71875000 0.78125000
vt 0.78125000 0.78125000
vt 0.84375000 0.78125000
vt 0.90625000 0.78125000
vt 0.96875000 0.78125000
vt 0.03125000 0.71875000
vt 0.09375000 0.71875000
vt 0.15625000 0.71875000
vt 0.21875000 0.71875000
vt 0.28125000 0.71875000
vt 0.34375000 0.71875000
vt 0.40625000 0.71875000
vt 0.46875000 0.71875000
vt 0.53125000 0.71875000
vt 0.59375000 0.71875000
vt 0.65625000 0.71875000
vt 0.71875000 0.71875000
vt 0.78125000 0.71875000
vt 0.84375000 0.71875000
vt 0.90625000 0.71875000
vt 0.96875000 0.71875000
vt 0.03125000 0.65625000
vt 0.09375000 0.65625000
vt 0.15625000 0.65625000
vt 0.21875000 0.65625000
vt 0.28125000 0.65625000
vt 0.34375000 0.65625000
vt 0.40625000 0.65625000
vt 0.46875000 0.65625000
vt 0.53125000 0.65625000
vt 0.59375000 0.65625000
vt 0.65625000 0.65625000
vt 0.71875000 0.65625000
vt 0.78125000 0.65625000
vt 0.84375000 0.65625000
vt 0.90625000 0.65625000
vt 0.96875000 0.65625000
vt 0.03125000 0.59375000
vt 0.09375000 0.59375000
vt 0.15625000 0.59375000
vt 0.21875000 0.59375000
vt 0.28125000 0.59375000
vt 0.34375000 0.59375000
vt 0.40625000 0.59375000
vt 0.46875000 0.59375000
vt 0.53125000 0.59375000
vt 0.59375000 0.59375000
vt 0.65625000 0.59375000
vt 0.71875000 0.59375000
vt 0.78125000 0.59375000
vt 0.84375000 0.59375000
vt 0.90625000 0.59375000
vt 0.96875000 0.59375000
vt 0.03125000 0.53125000
vt 0.09375000 0.53125000
vt 0.15625000 0.53125000
vt 0.21875000 0.53125000
vt 0.28125000 0.53125000
vt 0.34375000 0.53125000
vt 0.40625000 0.53125000
vt 0.46875000 0.53125000
vt 0.53125000 0.53125000
vt 0.59375000 0.53125000
vt 0.65625000 0.53125000
vt 0.71875000 0.53125000
vt 0.78125000 0.53125000
vt 0.84375000 0.53125000
vt 0.90625000 0.53125000
vt 0.96875000 0.53125000
vt 0.03125000 0.46875000
vt 0.09375000 0.46875000
vt 0.15625000 0.46875000
vt 0.21875000 0.46875000
vt 0.28125000 0.46875000
vt 0.34375000 0.46875000
vt 0.40625000 0.46875000
vt 0.46875000 0.46875000
vt 0.53125000 0.46875000
vt 0.59375000 0.46875000
vt 0.65625000 0.46875000
vt 0.71875000 0.46875000
vt 0.78125000 0.46875000
vt 0.84375000 0.46875000
vt 0.90625000 0.46875000
vt 0.96875000 0.46875000
vt 0.03125000 0.40625000
vt 0.09375000 0.40625000
vt 0.15625000 0.40625000
vt 0.21875000 0.40625000
vt 0.28125000 0.40625000
vt 0.34375000 0.40625000
vt 0.40625000 0.40625000
vt 0.46875000 0.40625000
vt 0.53125000 0.40625000
vt 0.59375000 0.40625000
vt 0.65625000 0.40625000
vt 0.71875000 0.40625000
vt 0.78125000 0.40625000
vt 0.84375000 0.40625000
vt 0.90625000 0.40625000
vt 0.96875000 0.40625000
vt 0.03125000 0.34375000
vt 0.09375000 0.34375000
vt 0.15625000 0.34375000
vt 0.21875000 0.34375000
vt 0.28125000 0.34375000
vt 0.34375000 0.34375000
vt 0.40625000 0.34375000
vt 0.46875000 0.34375000
vt 0.53125000 0.34375000
vt 0.59375000 0.34375000
vt 0.65625000 0.34375000
vt 0.71875000 0.34375000
vt 0.78125000 0.34375000
vt 0.84375000 0.34375000
vt 0.90625000 0.34375000
vt 0.96875000 0.34375000
vt 0.03125000 0.28125000
vt 0.09375000 0.28125000
vt 0.15625000 0.28125000
vt 0.21875000 0.28125000
vt 0.28125000 0.28125000
vt 0.34375000 0.28125000
vt 0.40625000 0.28125000
vt 0.46875000 0.28125000
vt 0.53125000 0.28125000
vt 0.59375000 0.28125000
vt 0.65625000 0.28125000
vt 0.71875000 0.28125000
vt 0.78125000 0.28125000
vt 0.84375000 0.28125000
vt 0.90625000 0.28125000
vt 0.96875000 0.28125000
vt 0.03125000 0.21875000
vt 0.09375000 0.21875000
vt 0.15625000 0.21875000
vt 0.21875000 0.21875000
vt 0.28125000 0.21875000
vt 0.34375000 0.21875000
vt 0.40625000 0.21875000
vt 0.46875000 0.21875000
vt 0.53125000 0.21875000
vt 0.59375000 0.21875000
vt 0.65625000 0.21875000
vt 0.71875000 0.21875000
vt 0.78125000 0.21875000
vt 0.84375000 0.21875000
vt 0.90625000 0.21875000
vt 0.96875000 0.21875000
vt 0.03125000 0.15625000
vt 0.09375000 0.15625000
vt 0.15625000 0.15625000
vt 0.21875000 0.15625000
vt 0.28125000 0.15625000
vt 0.34375000 0.15625000
vt 0.40625000 0.15625000
vt 0.46875000 0.15625000
vt 0.53125000 0.15625000
vt 0.59375000 0.15625000
vt 0.65625000 0.15625000
vt 0.71875000 0.15625000
vt 0.78125000 0.15625000
vt 0.84375000 0.15625000
vt 0.90625000 0.15625000
vt 0.96875000 0.15625000
vt 0.03125000 0.09375000
vt 0.09375000 0.09375000
vt 0.15625000 0.09375000
vt 0.21875000 0.09375000
vt 0.28125000 0.09375000
vt 0.34375000 0.09375000
vt 0.40625000 0.09375000
vt 0.46875000 0.09375000
vt 0.53125000 0.09375000
vt 0.59375000 0.09375000
vt 0.65625000 0.09375000
vt 0.71875000 0.09375000
vt 0.78125000 0.09375000
vt 0.84375000 0.09375000
vt 0.90625000 0.09375000
vt 0.96875000 0.09375000
vt 0.03125000 0.03125000
vt 0.09375000 0.03125000
vt 0.15625000 0.03125000
vt 0.21875000 0.03125000
vt 0.28125000 0.03125000
vt 0.34375000 0.03125000
vt 0.40625000 0.03125000
vt 0.46875000 0.03125000
vt 0.53125000 0.03125000
vt 0.59375000 0.03125000
vt 0.65625000 0.03125000
vt 0.71875000 0.03125000
vt 0.78125000 0.03125000
vt 0.84375000 0.03125000
vt 0.90625000 0.03125000
vt 0.96875000 0.03125000
vn -1 0 0
vn 1 0 0
vn 0 0 -1
vn 0 0 1
vn 0 -1 0
vn 0 1 0
g palette
usemtl palette
f 1/4/1 2/4/1 3/4/1 4/4/1
f 3/4/3 5/4/3 6/4/3 4/4/3
f 6/4/5 7/4/5 1/4/5 4/4/5
f 2/4/1 8/4/1 9/4/1 3/4/1
f 9/4/3 10/4/3 5/4/3 3/4/3
f 8/4/6 11/4/6 10/4/6 9/4/6
f 12/4/1 13/4/1 2/4/1 1/4/1
f 7/4/5 14/4/5 12/4/5 1/4/5
f 13/11/1 15/11/1 8/11/1 2/11/1
f 15/11/6 16/11/6 11/11/6 8/11/6
f 17/4/1 18/4/1 13/4/1 12/4/1
f 14/4/5 19/4/5 17/4/5 12/4/5
f 18/4/1 20/4/1 15/4/1 13/4/1
f 20/4/6 21/4/6 16/4/6 15/4/6
f 22/4/1 23/4/1 18/4/1 17/4/1
f 19/4/5 24/4/5 22/4/5 17/4/5
f 23/4/1 25/4/1 20/4/1 18/4/1
f 25/4/6 26/4/6 21/4/6 20/4/6
f 27/4/1 28/4/1 23/4/1 22/4/1
f 24/4/5 29/4/5 27/4/5 22/4/5
f 28/4/1 30/4/1 25/4/1 23/4/1
f 30/4/6 31/4/6 26/4/6 25/4/6
f 32/4/1 33/4/1 28/4/1 27/4/1
f 29/4/5 34/4/5 32/4/5 27/4/5
f 33/4/1 35/4/1 30/4/1 28/4/1
f 35/4/6 36/4/6 31/4/6 30/4/6
f 37/4/1 38/4/1 33/4/1 32/4/1
f 34/4/5 39/4/5 37/4/5 32/4/5
f 38/4/1 40/4/1 35/4/1 33/4/1
f 40/4/6 41/4/6 36/4/6 35/4/6
f 42/4/1 43/4/1 38/4/1 37/4/1
f 39/4/5 44/4/5 42/4/5 37/4/5
f 43/4/1 45/4/1 40/4/1 38/4/1
f 45/4/6 46/4/6 41/4/6 40/4/6
f 47/4/1 48/4/1 43/4/1 42/4/1
f 44/4/5 49/4/5 47/4/5 42/4/5
f 48/11/1 50/11/1 45/11/1 43/11/1
f 50/11/6 51/11/6 46/11/6 45/11/6
f 52/4/1 53/4/1 48/4/1 47/4/1
f 49/4/5 54/4/5 52/4/5 47/4/5
f 53/4/1 55/4/1 50/4/1 48/4/1
f 55/4/6 56/4/6 51/4/6 50/4/6
f 57/4/1 58/4/1 53/4/1 52/4/1
f 54/4/5 59/4/5 57/4/5 52/4/5
f 58/4/1 60/4/1 55/4/1 53/4/1
f 60/4/6 61/4/6 56/4/6 55/4/6
f 62/4/1 63/4/1 58/4/1 57/4/1
f 59/4/5 64/4/5 62/4/5 57/4/5
f 63/4/1 65/4/1 60/4/1 58/4/1
f 65/4/6 66/4/6 61/4/6 60/4/6
f 67/4/1 68/4/1 63/4/1 62/4/1
f 64/4/5 69/4/5 67/4/5 62/4/5
f 68/4/1 70/4/1 65/4/1 63/4/1
f 70/4/6 71/4/6 66/4/6 65/4/6
f 72/4/1 73/4/1 68/4/1 67/4/1
f 69/4/5 74/4/5 72/4/5 67/4/5
f 73/4/1 75/4/1 70/4/1 68/4/1
f 75/4/6 76/4/6 71/4/6 70/4/6
f 77/4/1 78/4/1 73/4/1 72/4/1
f 74/4/5 79/4/5 77/4/5 72/4/5
f 78/4/1 80/4/1 75/4/1 73/4/1
f 80/4/6 81/4/6 76/4/6 75/4/6
f 82/4/1 83/4/1 78/4/1 77/4/1
f 84/4/4 85/4/4 83/4/4 82/4/4
f 79/4/5 84/4/5 82/4/5 77/4/5
f 83/4/1 86/4/1 80/4/1 78/4/1
f 85/4/4 87/4/4 86/4/4 83/4/4
f 86/4/6 87/4/6 81/4/6 80/4/6
f 5/4/3 88/4/3 89/4/3 6/4/3
f 89/4/5 90/4/5 7/4/5 6/4/5
f 91/4/2 92/4/2 93/4/2 88/4/2
f 10/4/3 91/4/3 88/4/3 5/4/3
f 11/4/6 92/4/6 91/4/6 10/4/6
f 90/4/5 94/4/5 14/4/5 7/4/5
f 92/4/2 95/4/2 96/4/2 93/4/2
f 16/5/1 97/5/1 98/5/1 11/5/1
f 98/5/3 99/5/3 92/5/3 11/5/3
f 97/5/1 100/5/1 101/5/1 98/5/1
f 101/5/3 102/5/3 99/5/3 98/5/3
f 100/5/6 103/5/6 102/5/6 101/5/6
f 94/4/5 104/4/5 19/4/5 14/4/5
f 21/5/1 105/5/1 97/5/1 16/5/1
f 105/5/1 106/5/1 100/5/1 97/5/1
f 106/5/6 107/5/6 103/5/6 100/5/6
f 104/4/5 108/4/5 24/4/5 19/4/5
f 26/5/1 109/5/1 105/5/1 21/5/1
f 109/5/1 110/5/1 106/5/1 105/5/1
f 110/5/6 111/5/6 107/5/6 106/5/6
f 108/4/5 112/4/5 29/4/5 24/4/5
f 31/5/1 113/5/1 109/5/1 26/5/1
f 113/5/1 114/5/1 110/5/1 109/5/1
f 114/5/6 115/5/6 111/5/6 110/5/6
f 112/4/5 116/4/5 34/4/5 29/4/5
f 36/5/1 117/5/1 113/5/1 31/5/1
f 117/5/1 118/5/1 114/5/1 113/5/1
f 118/5/6 119/5/6 115/5/6 114/5/6
f 116/4/5 120/4/5 39/4/5 34/4/5
f 41/5/1 121/5/1 117/5/1 36/5/1
f 121/5/1 122/5/1 118/5/1 117/5/1
f 122/5/6 123/5/6 119/5/6 118/5/6
f 120/4/5 124/4/5 44/4/5 39/4/5
f 46/5/1 125/5/1 121/5/1 41/5/1
f 125/5/1 126/5/1 122/5/1 121/5/1
f 126/5/6 127/5/6 123/5/6 122/5/6
f 124/4/5 128/4/5 49/4/5 44/4/5
f 51/5/1 129/5/1 125/5/1 46/5/1
f 129/5/1 130/5/1 126/5/1 125/5/1
f 130/5/6 131/5/6 127/5/6 126/5/6
f 128/4/5 132/4/5 54/4/5 49/4/5
f 56/5/1 133/5/1 129/5/1 51/5/1
f 133/5/1 134/5/1 130/5/1 129/5/1
f 134/5/6 135/5/6 131/5/6 130/5/6
f 132/4/5 136/4/5 59/4/5 54/4/5
f 61/5/1 137/5/1 133/5/1 56/5/1
f 137/5/1 138/5/1 134/5/1 133/5/1
f 138/5/6 139/5/6 135/5/6 134/5/6
f 136/4/5 140/4/5 64/4/5 59/4/5
f 66/5/1 141/5/1 137/5/1 61/5/1
f 141/5/1 142/5/1 138/5/1 137/5/1
f 142/5/6 143/5/6 139/5/6 138/5/6
f 140/4/5 144/4/5 69/4/5 64/4/5
f 71/5/1 145/5/1 141/5/1 66/5/1
f 145/5/1 146/5/1 142/5/1 141/5/1
f 146/5/6 147/5/6 143/5/6 142/5/6
f 144/4/5 148/4/5 74/4/5 69/4/5
f 76/5/1 149/5/1 145/5/1 71/5/1
f 149/5/1 150/5/1 146/5/1 145/5/1
f 150/5/6 151/5/6 147/5/6 146/5/6
f 148/4/5 152/4/5 79/4/5 74/4/5
f 81/5/1 153/5/1 149/5/1 76/5/1
f 154/5/4 155/5/4 153/5/4 81/5/4
f 153/5/1 156/5/1 150/5/1 149/5/1
f 155/5/4 157/5/4 156/5/4 153/5/4
f 156/5/6 157/5/6 151/5/6 150/5/6
f 158/4/4 159/4/4 85/4/4 84/4/4
f 152/4/5 158/4/5 84/4/5 79/4/5
f 159/4/4 160/4/4 87/4/4 85/4/4
f 87/4/6 160/4/6 154/4/6 81/4/6
f 88/4/3 161/4/3 162/4/3 89/4/3
f 162/4/5 163/4/5 90/4/5 89/4/5
f 93/4/6 164/4/6 161/4/6 88/4/6
f 163/4/5 165/4/5 94/4/5 90/4/5
f 96/4/6 166/4/6 164/4/6 93/4/6
f 99/5/3 167/5/3 168/5/3 92/5/3
f 168/5/5 169/5/5 95/5/5 92/5/5
f 102/5/3 170/5/3 167/5/3 99/5/3
f 103/5/6 171/5/6 170/5/6 102/5/6
f 165/4/5 172/4/5 104/4/5 94/4/5
f 95/4/3 169/4/3 166/4/3 96/4/3
f 107/5/6 173/5/6 171/5/6 103/5/6
f 172/4/5 174/4/5 108/4/5 104/4/5
f 111/5/6 175/5/6 173/5/6 107/5/6
f 174/4/5 176/4/5 112/4/5 108/4/5
f 115/5/6 177/5/6 175/5/6 111/5/6
f 176/4/5 178/4/5 116/4/5 112/4/5
f 119/5/6 179/5/6 177/5/6 115/5/6
f 178/4/5 180/4/5 120/4/5 116/4/5
f 123/5/6 181/5/6 179/5/6 119/5/6
f 180/4/5 182/4/5 124/4/5 120/4/5
f 127/5/6 183/5/6 181/5/6 123/5/6
f 182/4/5 184/4/5 128/4/5 124/4/5
f 131/5/6 185/5/6 183/5/6 127/5/6
f 184/4/5 186/4/5 132/4/5 128/4/5
f 135/5/6 187/5/6 185/5/6 131/5/6
f 186/4/5 188/4/5 136/4/5 132/4/5
f 139/5/6 189/5/6 187/5/6 135/5/6
f 188/4/5 190/4/5 140/4/5 136/4/5
f 143/5/6 191/5/6 189/5/6 139/5/6
f 190/4/5 192/4/5 144/4/5 140/4/5
f 147/5/6 193/5/6 191/5/6 143/5/6
f 192/4/5 194/4/5 148/4/5 144/4/5
f 151/5/6 195/5/6 193/5/6 147/5/6
f 194/4/5 196/4/5 152/4/5 148/4/5
f 197/5/4 198/5/4 155/5/4 154/5/4
f 198/5/4 199/5/4 157/5/4 155/5/4
f 157/5/6 199/5/6 195/5/6 151/5/6
f 200/4/4 201/4/4 159/4/4 158/4/4
f 196/4/5 200/4/5 158/4/5 152/4/5
f 201/4/4 202/4/4 160/4/4 159/4/4
f 160/4/6 202/4/6 197/4/6 154/4/6
f 161/4/3 203/4/3 204/4/3 162/4/3
f 204/4/5 205/4/5 163/4/5 162/4/5
f 164/4/6 206/4/6 203/4/6 161/4/6
f 205/4/5 207/4/5 165/4/5 163/4/5
f 166/4/6 208/4/6 206/4/6 164/4/6
f 167/5/3 209/5/3 210/5/3 168/5/3
f 210/5/5 211/5/5 169/5/5 168/5/5
f 170/5/3 212/5/3 209/5/3 167/5/3
f 171/5/6 213/5/6 212/5/6 170/5/6
f 207/4/5 214/4/5 172/4/5 165/4/5
f 169/4/3 211/4/3 208/4/3 166/4/3
f 173/5/6 215/5/6 213/5/6 171/5/6
f 214/4/5 216/4/5 174/4/5 172/4/5
f 175/5/6 217/5/6 215/5/6 173/5/6
f 216/4/5 218/4/5 176/4/5 174/4/5
f 177/5/6 219/5/6 217/5/6 175/5/6
f 218/4/5 220/4/5 178/4/5 176/4/5
f 179/4/1 221/4/1 222/4/1 177/4/1
f 222/4/3 223/4/3 219/4/3 177/4/3
f 221/4/1 224/4/1 225/4/1 222/4/1
f 225/4/3 226/4/3 223/4/3 222/4/3
f 224/4/1 227/4/1 228/4/1 225/4/1
f 228/4/3 229/4/3 226/4/3 225/4/3
f 227/4/1 230/4/1 231/4/1 228/4/1
f 231/4/3 232/4/3 229/4/3 228/4/3
f 230/4/1 233/4/1 234/4/1 231/4/1
f 234/4/3 235/4/3 232/4/3 231/4/3
f 233/4/1 236/4/1 237/4/1 234/4/1
f 237/4/3 238/4/3 235/4/3 234/4/3
f 236/4/1 239/4/1 240/4/1 237/4/1
f 240/4/3 241/4/3 238/4/3 237/4/3
f 239/4/1 242/4/1 243/4/1 240/4/1
f 243/4/3 244/4/3 241/4/3 240/4/3
f 242/4/1 245/4/1 246/4/1 243/4/1
f 246/4/3 247/4/3 244/4/3 243/4/3
f 245/4/1 248/4/1 249/4/1 246/4/1
f 249/4/3 250/4/3 247/4/3 246/4/3
f 248/4/1 251/4/1 252/4/1 249/4/1
f 252/4/3 253/4/3 250/4/3 249/4/3
f 251/4/1 254/4/1 255/4/1 252/4/1
f 255/4/3 256/4/3 253/4/3 252/4/3
f 254/4/1 257/4/1 258/4/1 255/4/1
f 258/4/3 259/4/3 256/4/3 255/4/3
f 257/4/1 260/4/1 261/4/1 258/4/1
f 261/4/3 262/4/3 259/4/3 258/4/3
f 260/4/1 263/4/1 264/4/1 261/4/1
f 264/4/3 265/4/3 262/4/3 261/4/3
f 263/4/1 266/4/1 267/4/1 264/4/1
f 267/4/3 268/4/3 265/4/3 264/4/3
f 266/4/1 269/4/1 270/4/1 267/4/1
f 271/4/2 272/4/2 273/4/2 268/4/2
f 270/4/3 271/4/3 268/4/3 267/4/3
f 269/4/1 274/4/1 275/4/1 270/4/1
f 276/4/2 277/4/2 272/4/2 271/4/2
f 275/4/3 276/4/3 271/4/3 270/4/3
f 274/4/1 278/4/1 279/4/1 275/4/1
f 280/4/2 281/4/2 277/4/2 276/4/2
f 279/4/3 280/4/3 276/4/3 275/4/3
f 278/4/6 281/4/6 280/4/6 279/4/6
f 220/4/5 282/4/5 180/4/5 178/4/5
f 181/4/1 283/4/1 221/4/1 179/4/1
f 283/4/1 284/4/1 224/4/1 221/4/1
f 284/4/1 285/4/1 227/4/1 224/4/1
f 285/4/1 286/4/1 230/4/1 227/4/1
f 286/4/1 287/4/1 233/4/1 230/4/1
f 287/4/1 288/4/1 236/4/1 233/4/1
f 288/4/1 289/4/1 239/4/1 236/4/1
f 289/4/1 290/4/1 242/4/1 239/4/1
f 290/4/1 291/4/1 245/4/1 242/4/1
f 291/4/1 292/4/1 248/4/1 245/4/1
f 292/4/1 293/4/1 251/4/1 248/4/1
f 293/4/1 294/4/1 254/4/1 251/4/1
f 294/4/1 295/4/1 257/4/1 254/4/1
f 295/4/1 296/4/1 260/4/1 257/4/1
f 296/5/1 297/5/1 263/5/1 260/5/1
f 297/4/1 298/4/1 266/4/1 263/4/1
f 298/4/1 299/4/1 269/4/1 266/4/1
f 272/4/2 300/4/2 301/4/2 273/4/2
f 299/4/1 302/4/1 274/4/1 269/4/1
f 277/4/2 303/4/2 300/4/2 272/4/2
f 302/4/1 304/4/1 278/4/1 274/4/1
f 281/4/2 305/4/2 303/4/2 277/4/2
f 304/4/6 305/4/6 281/4/6 278/4/6
f 282/4/5 306/4/5 182/4/5 180/4/5
f 183/4/1 307/4/1 283/4/1 181/4/1
f 307/4/1 308/4/1 284/4/1 283/4/1
f 308/11/1 309/11/1 285/11/1 284/11/1
f 309/4/1 310/4/1 286/4/1 285/4/1
f 310/4/1 311/4/1 287/4/1 286/4/1
f 311/4/1 312/4/1 288/4/1 287/4/1
f 312/4/1 313/4/1 289/4/1 288/4/1
f 313/4/1 314/4/1 290/4/1 289/4/1
f 314/4/1 315/4/1 291/4/1 290/4/1
f 315/4/1 316/4/1 292/4/1 291/4/1
f 316/4/1 317/4/1 293/4/1 292/4/1
f 317/4/1 318/4/1 294/4/1 293/4/1
f 318/4/1 319/4/1 295/4/1 294/4/1
f 319/4/1 320/4/1 296/4/1 295/4/1
f 320/4/1 321/4/1 297/4/1 296/4/1
f 321/4/1 322/4/1 298/4/1 297/4/1
f 322/4/1 323/4/1 299/4/1 298/4/1
f 300/4/2 324/4/2 325/4/2 301/4/2
f 323/4/1 326/4/1 302/4/1 299/4/1
f 303/4/2 327/4/2 324/4/2 300/4/2
f 326/4/1 328/4/1 304/4/1 302/4/1
f 305/4/2 329/4/2 327/4/2 303/4/2
f 328/4/6 329/4/6 305/4/6 304/4/6
f 306/4/5 330/4/5 184/4/5 182/4/5
f 185/4/1 331/4/1 307/4/1 183/4/1
f 331/4/1 332/4/1 308/4/1 307/4/1
f 332/4/1 333/4/1 309/4/1 308/4/1
f 333/4/1 334/4/1 310/4/1 309/4/1
f 334/4/1 335/4/1 311/4/1 310/4/1
f 335/4/1 336/4/1 312/4/1 311/4/1
f 336/4/1 337/4/1 313/4/1 312/4/1
f 337/4/1 338/4/1 314/4/1 313/4/1
f 338/4/1 339/4/1 315/4/1 314/4/1
f 339/4/1 340/4/1 316/4/1 315/4/1
f 340/4/1 341/4/1 317/4/1 316/4/1
f 341/4/1 342/4/1 318/4/1 317/4/1
f 342/4/1 343/4/1 319/4/1 318/4/1
f 343/4/1 344/4/1 320/4/1 319/4/1
f 344/4/1 345/4/1 321/4/1 320/4/1
f 345/4/1 346/4/1 322/4/1 321/4/1
f 346/4/1 347/4/1 323/4/1 322/4/1
f 324/4/2 348/4/2 349/4/2 325/4/2
f 347/4/1 350/4/1 326/4/1 323/4/1
f 327/4/2 351/4/2 348/4/2 324/4/2
f 350/4/1 352/4/1 328/4/1 326/4/1
f 329/4/2 353/4/2 351/4/2 327/4/2
f 352/4/6 353/4/6 329/4/6 328/4/6
f 330/4/5 354/4/5 186/4/5 184/4/5
f 187/4/1 355/4/1 331/4/1 185/4/1
f 355/4/1 356/4/1 332/4/1 331/4/1
f 356/4/1 357/4/1 333/4/1 332/4/1
f 357/4/1 358/4/1 334/4/1 333/4/1
f 358/4/1 359/4/1 335/4/1 334/4/1
f 359/4/1 360/4/1 336/4/1 335/4/1
f 360/4/1 361/4/1 337/4/1 336/4/1
f 361/4/1 362/4/1 338/4/1 337/4/1
f 362/4/1 363/4/1 339/4/1 338/4/1
f 363/4/1 364/4/1 340/4/1 339/4/1
f 364/4/1 365/4/1 341/4/1 340/4/1
f 365/4/1 366/4/1 342/4/1 341/4/1
f 366/4/1 367/4/1 343/4/1 342/4/1
f 367/4/1 368/4/1 344/4/1 343/4/1
f 368/4/1 369/4/1 345/4/1 344/4/1
f 369/4/1 370/4/1 346/4/1 345/4/1
f 370/4/1 371/4/1 347/4/1 346/4/1
f 348/4/2 372/4/2 373/4/2 349/4/2
f 371/4/1 374/4/1 350/4/1 347/4/1
f 351/4/2 375/4/2 372/4/2 348/4/2
f 374/4/1 376/4/1 352/4/1 350/4/1
f 353/4/2 377/4/2 375/4/2 351/4/2
f 376/4/6 377/4/6 353/4/6 352/4/6
f 354/4/5 378/4/5 188/4/5 186/4/5
f 189/4/1 379/4/1 355/4/1 187/4/1
f 380/4/4 381/4/4 379/4/4 189/4/4
f 379/4/1 382/4/1 356/4/1 355/4/1
f 381/4/4 383/4/4 382/4/4 379/4/4
f 382/4/1 384/4/1 357/4/1 356/4/1
f 383/4/4 385/4/4 384/4/4 382/4/4
f 384/4/1 386/4/1 358/4/1 357/4/1
f 385/4/4 387/4/4 386/4/4 384/4/4
f 386/4/1 388/4/1 359/4/1 358/4/1
f 387/4/4 389/4/4 388/4/4 386/4/4
f 388/4/1 390/4/1 360/4/1 359/4/1
f 389/4/4 391/4/4 390/4/4 388/4/4
f 390/4/1 392/4/1 361/4/1 360/4/1
f 391/4/4 393/4/4 392/4/4 390/4/4
f 392/4/1 394/4/1 362/4/1 361/4/1
f 393/4/4 395/4/4 394/4/4 392/4/4
f 394/4/1 396/4/1 363/4/1 362/4/1
f 395/4/4 397/4/4 396/4/4 394/4/4
f 396/4/1 398/4/1 364/4/1 363/4/1
f 397/4/4 399/4/4 398/4/4 396/4/4
f 398/4/1 400/4/1 365/4/1 364/4/1
f 399/4/4 401/4/4 400/4/4 398/4/4
f 400/4/1 402/4/1 366/4/1 365/4/1
f 401/4/4 403/4/4 402/4/4 400/4/4
f 402/4/1 404/4/1 367/4/1 366/4/1
f 403/4/4 405/4/4 404/4/4 402/4/4
f 404/4/1 406/4/1 368/4/1 367/4/1
f 405/4/4 407/4/4 406/4/4 404/4/4
f 406/4/1 408/4/1 369/4/1 368/4/1
f 407/4/4 409/4/4 408/4/4 406/4/4
f 408/4/1 410/4/1 370/4/1 369/4/1
f 409/4/4 411/4/4 410/4/4 408/4/4
f 410/4/1 412/4/1 371/4/1 370/4/1
f 372/4/2 413/4/2 411/4/2 373/4/2
f 411/4/4 413/4/4 412/4/4 410/4/4
f 412/4/1 414/4/1 374/4/1 371/4/1
f 375/4/2 415/4/2 413/4/2 372/4/2
f 413/4/4 415/4/4 414/4/4 412/4/4
f 414/4/1 416/4/1 376/4/1 374/4/1
f 377/4/2 417/4/2 415/4/2 375/4/2
f 415/4/4 417/4/4 416/4/4 414/4/4
f 416/4/6 417/4/6 377/4/6 376/4/6
f 378/4/5 418/4/5 190/4/5 188/4/5
f 191/5/6 419/5/6 380/5/6 189/5/6
f 418/4/5 420/4/5 192/4/5 190/4/5
f 193/5/6 421/5/6 419/5/6 191/5/6
f 420/4/5 422/4/5 194/4/5 192/4/5
f 195/5/6 423/5/6 421/5/6 193/5/6
f 422/4/5 424/4/5 196/4/5 194/4/5
f 425/5/4 426/5/4 198/5/4 197/5/4
f 426/5/4 427/5/4 199/5/4 198/5/4
f 199/5/6 427/5/6 423/5/6 195/5/6
f 428/4/4 429/4/4 201/4/4 200/4/4
f 424/4/5 428/4/5 200/4/5 196/4/5
f 429/4/4 430/4/4 202/4/4 201/4/4
f 202/4/6 430/4/6 425/4/6 197/4/6
f 203/4/3 431/4/3 432/4/3 204/4/3
f 432/4/5 433/4/5 205/4/5 204/4/5
f 206/4/1 210/4/1 434/4/1 203/4/1
f 434/4/3 435/4/3 431/4/3 203/4/3
f 210/4/6 436/4/6 435/4/6 434/4/6
f 433/4/5 437/4/5 207/4/5 205/4/5
f 208/4/1 211/4/1 210/4/1 206/4/1
f 209/5/3 438/5/3 436/5/3 210/5/3
f 212/5/3 439/5/3 438/5/3 209/5/3
f 213/5/6 440/5/6 439/5/6 212/5/6
f 437/4/5 441/4/5 214/4/5 207/4/5
f 215/5/6 442/5/6 440/5/6 213/5/6
f 441/4/5 443/4/5 216/4/5 214/4/5
f 217/5/6 444/5/6 442/5/6 215/5/6
f 443/4/5 445/4/5 218/4/5 216/4/5
f 219/4/1 223/4/1 446/4/1 217/4/1
f 446/4/3 447/4/3 444/4/3 217/4/3
f 223/4/1 226/4/1 448/4/1 446/4/1
f 448/4/3 449/4/3 447/4/3 446/4/3
f 226/4/1 229/4/1 450/4/1 448/4/1
f 450/4/3 451/4/3 449/4/3 448/4/3
f 229/4/1 232/4/1 452/4/1 450/4/1
f 452/4/3 453/4/3 451/4/3 450/4/3
f 232/4/1 235/4/1 454/4/1 452/4/1
f 454/4/3 455/4/3 453/4/3 452/4/3
f 235/4/1 238/4/1 456/4/1 454/4/1
f 456/4/3 457/4/3 455/4/3 454/4/3
f 238/4/1 241/4/1 458/4/1 456/4/1
f 458/4/3 459/4/3 457/4/3 456/4/3
f 241/4/1 244/4/1 460/4/1 458/4/1
f 460/4/3 461/4/3 459/4/3 458/4/3
f 244/4/1 247/4/1 462/4/1 460/4/1
f 462/4/3 463/4/3 461/4/3 460/4/3
f 247/4/1 250/4/1 464/4/1 462/4/1
f 464/4/3 465/4/3 463/4/3 462/4/3
f 250/4/1 253/4/1 466/4/1 464/4/1
f 466/4/3 467/4/3 465/4/3 464/4/3
f 253/4/1 256/4/1 468/4/1 466/4/1
f 468/4/3 469/4/3 467/4/3 466/4/3
f 256/4/1 259/4/1 470/4/1 468/4/1
f 470/4/3 471/4/3 469/4/3 468/4/3
f 259/4/1 262/4/1 472/4/1 470/4/1
f 472/4/3 473/4/3 471/4/3 470/4/3
f 262/4/1 265/4/1 474/4/1 472/4/1
f 474/4/3 475/4/3 473/4/3 472/4/3
f 265/4/1 268/4/1 476/4/1 474/4/1
f 476/4/3 477/4/3 475/4/3 474/4/3
f 268/4/6 478/4/6 477/4/6 476/4/6
f 445/4/5 479/4/5 220/4/5 218/4/5
f 273/4/6 480/4/6 478/4/6 268/4/6
f 479/4/5 481/4/5 282/4/5 220/4/5
f 301/4/6 482/4/6 480/4/6 273/4/6
f 481/4/5 483/4/5 306/4/5 282/4/5
f 325/4/6 484/4/6 482/4/6 301/4/6
f 483/4/5 485/4/5 330/4/5 306/4/5
f 349/4/6 486/4/6 484/4/6 325/4/6
f 485/4/5 487/4/5 354/4/5 330/4/5
f 373/4/6 488/4/6 486/4/6 349/4/6
f 487/4/5 489/4/5 378/4/5 354/4/5
f 411/4/6 490/4/6 488/4/6 373/4/6
f 489/4/5 491/4/5 418/4/5 378/4/5
f 419/4/1 492/4/1 381/4/1 380/4/1
f 493/4/4 494/4/4 492/4/4 419/4/4
f 492/4/1 495/4/1 383/4/1 381/4/1
f 494/4/4 496/4/4 495/4/4 492/4/4
f 495/4/1 497/4/1 385/4/1 383/4/1
f 496/4/4 498/4/4 497/4/4 495/4/4
f 497/11/1 499/11/1 387/11/1 385/11/1
f 498/11/4 500/11/4 499/11/4 497/11/4
f 499/4/1 501/4/1 389/4/1 387/4/1
f 500/4/4 502/4/4 501/4/4 499/4/4
f 501/4/1 503/4/1 391/4/1 389/4/1
f 502/4/4 504/4/4 503/4/4 501/4/4
f 503/4/1 505/4/1 393/4/1 391/4/1
f 504/4/4 506/4/4 505/4/4 503/4/4
f 505/4/1 507/4/1 395/4/1 393/4/1
f 506/4/4 508/4/4 507/4/4 505/4/4
f 507/4/1 509/4/1 397/4/1 395/4/1
f 508/4/4 510/4/4 509/4/4 507/4/4
f 509/4/1 511/4/1 399/4/1 397/4/1
f 510/4/4 512/4/4 511/4/4 509/4/4
f 511/4/1 513/4/1 401/4/1 399/4/1
f 512/4/4 514/4/4 513/4/4 511/4/4
f 513/4/1 515/4/1 403/4/1 401/4/1
f 514/4/4 516/4/4 515/4/4 513/4/4
f 515/4/1 517/4/1 405/4/1 403/4/1
f 516/4/4 518/4/4 517/4/4 515/4/4
f 517/4/1 519/4/1 407/4/1 405/4/1
f 518/4/4 520/4/4 519/4/4 517/4/4
f 519/4/1 521/4/1 409/4/1 407/4/1
f 520/4/4 522/4/4 521/4/4 519/4/4
f 521/4/1 523/4/1 411/4/1 409/4/1
f 522/4/4 524/4/4 523/4/4 521/4/4
f 523/4/6 524/4/6 490/4/6 411/4/6
f 491/4/5 525/4/5 420/4/5 418/4/5
f 421/5/6 526/5/6 493/5/6 419/5/6
f 525/4/5 527/4/5 422/4/5 420/4/5
f 423/5/6 528/5/6 526/5/6 421/5/6
f 527/4/5 529/4/5 424/4/5 422/4/5
f 530/5/4 531/5/4 426/5/4 425/5/4
f 531/5/4 532/5/4 427/5/4 426/5/4
f 427/5/6 532/5/6 528/5/6 423/5/6
f 533/4/4 534/4/4 429/4/4 428/4/4
f 529/4/5 533/4/5 428/4/5 424/4/5
f 534/4/4 535/4/4 430/4/4 429/4/4
f 430/4/6 535/4/6 530/4/6 425/4/6
f 431/4/3 536/4/3 537/4/3 432/4/3
f 537/4/5 538/4/5 433/4/5 432/4/5
f 435/4/3 539/4/3 536/4/3 431/4/3
f 436/4/6 540/4/6 539/4/6 435/4/6
f 538/4/5 541/4/5 437/4/5 433/4/5
f 438/5/3 542/5/3 540/5/3 436/5/3
f 439/5/3 543/5/3 542/5/3 438/5/3
f 440/5/6 544/5/6 543/5/6 439/5/6
f 541/4/5 545/4/5 441/4/5 437/4/5
f 442/5/6 546/5/6 544/5/6 440/5/6
f 545/4/5 547/4/5 443/4/5 441/4/5
f 444/4/1 447/4/1 548/4/1 442/4/1
f 548/4/3 549/4/3 546/4/3 442/4/3
f 447/4/1 449/4/1 550/4/1 548/4/1
f 550/4/3 551/4/3 549/4/3 548/4/3
f 449/4/1 451/4/1 552/4/1 550/4/1
f 552/4/3 553/4/3 551/4/3 550/4/3
f 451/4/1 453/4/1 554/4/1 552/4/1
f 554/4/3 555/4/3 553/4/3 552/4/3
f 453/4/1 455/4/1 556/4/1 554/4/1
f 556/4/3 557/4/3 555/4/3 554/4/3
f 455/4/1 457/4/1 558/4/1 556/4/1
f 558/4/3 559/4/3 557/4/3 556/4/3
f 457/4/1 459/4/1 560/4/1 558/4/1
f 560/4/3 561/4/3 559/4/3 558/4/3
f 459/4/1 461/4/1 562/4/1 560/4/1
f 562/4/3 563/4/3 561/4/3 560/4/3
f 461/4/1 463/4/1 564/4/1 562/4/1
f 564/4/3 565/4/3 563/4/3 562/4/3
f 463/4/1 465/4/1 566/4/1 564/4/1
f 566/4/3 567/4/3 565/4/3 564/4/3
f 465/4/1 467/4/1 568/4/1 566/4/1
f 568/4/3 569/4/3 567/4/3 566/4/3
f 467/4/1 469/4/1 570/4/1 568/4/1
f 570/4/3 571/4/3 569/4/3 568/4/3
f 469/4/1 471/4/1 572/4/1 570/4/1
f 572/4/3 573/4/3 571/4/3 570/4/3
f 471/4/1 473/4/1 574/4/1 572/4/1
f 574/4/3 575/4/3 573/4/3 572/4/3
f 473/4/1 475/4/1 576/4/1 574/4/1
f 576/4/3 577/4/3 575/4/3 574/4/3
f 475/4/1 477/4/1 578/4/1 576/4/1
f 578/4/3 579/4/3 577/4/3 576/4/3
f 477/4/1 580/4/1 581/4/1 578/4/1
f 581/4/3 582/4/3 579/4/3 578/4/3
f 580/4/6 583/4/6 582/4/6 581/4/6
f 547/4/5 584/4/5 445/4/5 443/4/5
f 478/4/1 585/4/1 580/4/1 477/4/1
f 585/4/6 586/4/6 583/4/6 580/4/6
f 584/4/5 587/4/5 479/4/5 445/4/5
f 480/4/1 588/4/1 585/4/1 478/4/1
f 588/4/6 589/4/6 586/4/6 585/4/6
f 587/4/5 590/4/5 481/4/5 479/4/5
f 482/4/1 591/4/1 588/4/1 480/4/1
f 591/4/6 592/4/6 589/4/6 588/4/6
f 590/4/5 593/4/5 483/4/5 481/4/5
f 484/4/1 594/4/1 591/4/1 482/4/1
f 594/4/6 595/4/6 592/4/6 591/4/6
f 593/4/5 596/4/5 485/4/5 483/4/5
f 486/4/1 597/4/1 594/4/1 484/4/1
f 597/4/6 598/4/6 595/4/6 594/4/6
f 596/4/5 599/4/5 487/4/5 485/4/5
f 488/4/1 600/4/1 597/4/1 486/4/1
f 600/4/6 601/4/6 598/4/6 597/4/6
f 599/4/5 602/4/5 489/4/5 487/4/5
f 490/4/1 603/4/1 600/4/1 488/4/1
f 603/4/6 604/4/6 601/4/6 600/4/6
f 602/4/5 605/4/5 491/4/5 489/4/5
f 524/4/1 606/4/1 603/4/1 490/4/1
f 606/4/6 607/4/6 604/4/6 603/4/6
f 605/4/5 608/4/5 525/4/5 491/4/5
f 526/4/1 609/4/1 494/4/1 493/4/1
f 610/4/4 611/4/4 609/4/4 526/4/4
f 609/4/1 612/4/1 496/4/1 494/4/1
f 611/4/4 613/4/4 612/4/4 609/4/4
f 612/4/1 614/4/1 498/4/1 496/4/1
f 613/4/4 615/4/4 614/4/4 612/4/4
f 614/4/1 616/4/1 500/4/1 498/4/1
f 615/4/4 617/4/4 616/4/4 614/4/4
f 616/11/1 618/11/1 502/11/1 500/11/1
f 617/11/4 619/11/4 618/11/4 616/11/4
f 618/4/1 620/4/1 504/4/1 502/4/1
f 619/4/4 621/4/4 620/4/4 618/4/4
f 620/4/1 622/4/1 506/4/1 504/4/1
f 621/4/4 623/4/4 622/4/4 620/4/4
f 622/4/1 624/4/1 508/4/1 506/4/1
f 623/4/4 625/4/4 624/4/4 622/4/4
f 624/4/1 626/4/1 510/4/1 508/4/1
f 625/4/4 627/4/4 626/4/4 624/4/4
f 626/4/1 628/4/1 512/4/1 510/4/1
f 627/4/4 629/4/4 628/4/4 626/4/4
f 628/4/1 630/4/1 514/4/1 512/4/1
f 629/4/4 631/4/4 630/4/4 628/4/4
f 630/4/1 632/4/1 516/4/1 514/4/1
f 631/4/4 633/4/4 632/4/4 630/4/4
f 632/4/1 634/4/1 518/4/1 516/4/1
f 633/4/4 635/4/4 634/4/4 632/4/4
f 634/4/1 636/4/1 520/4/1 518/4/1
f 635/4/4 637/4/4 636/4/4 634/4/4
f 636/4/1 638/4/1 522/4/1 520/4/1
f 637/4/4 639/4/4 638/4/4 636/4/4
f 638/4/1 640/4/1 524/4/1 522/4/1
f 639/4/4 641/4/4 640/4/4 638/4/4
f 640/4/1 642/4/1 606/4/1 524/4/1
f 641/4/4 643/4/4 642/4/4 640/4/4
f 642/4/6 643/4/6 607/4/6 606/4/6
f 608/4/5 644/4/5 527/4/5 525/4/5
f 528/5/6 645/5/6 610/5/6 526/5/6
f 644/4/5 646/4/5 529/4/5 527/4/5
f 647/5/4 648/5/4 531/5/4 530/5/4
f 648/5/4 649/5/4 532/5/4 531/5/4
f 532/5/6 649/5/6 645/5/6 528/5/6
f 650/4/4 651/4/4 534/4/4 533/4/4
f 646/4/5 650/4/5 533/4/5 529/4/5
f 651/4/4 652/4/4 535/4/4 534/4/4
f 535/4/6 652/4/6 647/4/6 530/4/6
f 536/4/3 653/4/3 654/4/3 537/4/3
f 654/4/5 655/4/5 538/4/5 537/4/5
f 539/4/3 656/4/3 653/4/3 536/4/3
f 540/4/6 657/4/6 656/4/6 539/4/6
f 655/4/5 658/4/5 541/4/5 538/4/5
f 542/5/3 659/5/3 657/5/3 540/5/3
f 543/5/3 660/5/3 659/5/3 542/5/3
f 544/5/6 661/5/6 660/5/6 543/5/6
f 658/4/5 662/4/5 545/4/5 541/4/5
f 546/5/6 663/5/6 661/5/6 544/5/6
f 662/4/5 664/4/5 547/4/5 545/4/5
f 549/4/3 665/4/3 663/4/3 546/4/3
f 551/4/3 666/4/3 665/4/3 549/4/3
f 553/4/3 667/4/3 666/4/3 551/4/3
f 555/4/3 668/4/3 667/4/3 553/4/3
f 557/4/3 669/4/3 668/4/3 555/4/3
f 559/4/3 670/4/3 669/4/3 557/4/3
f 561/4/3 671/4/3 670/4/3 559/4/3
f 563/4/3 672/4/3 671/4/3 561/4/3
f 565/4/3 673/4/3 672/4/3 563/4/3
f 567/4/3 674/4/3 673/4/3 565/4/3
f 569/4/3 675/4/3 674/4/3 567/4/3
f 571/4/3 676/4/3 675/4/3 569/4/3
f 573/4/3 677/4/3 676/4/3 571/4/3
f 575/4/3 678/4/3 677/4/3 573/4/3
f 577/4/3 679/4/3 678/4/3 575/4/3
f 579/4/3 680/4/3 679/4/3 577/4/3
f 582/4/3 681/4/3 680/4/3 579/4/3
f 583/4/1 682/4/1 683/4/1 582/4/1
f 683/4/3 684/4/3 681/4/3 582/4/3
f 682/4/6 685/4/6 684/4/6 683/4/6
f 664/4/5 686/4/5 584/4/5 547/4/5
f 586/4/1 687/4/1 682/4/1 583/4/1
f 687/4/6 688/4/6 685/4/6 682/4/6
f 686/4/5 689/4/5 587/4/5 584/4/5
f 589/4/1 690/4/1 687/4/1 586/4/1
f 690/4/6 691/4/6 688/4/6 687/4/6
f 689/4/5 692/4/5 590/4/5 587/4/5
f 592/4/1 693/4/1 690/4/1 589/4/1
f 693/4/6 694/4/6 691/4/6 690/4/6
f 692/11/5 695/11/5 593/11/5 590/11/5
f 595/4/1 696/4/1 693/4/1 592/4/1
f 696/4/6 697/4/6 694/4/6 693/4/6
f 695/4/5 698/4/5 596/4/5 593/4/5
f 598/4/1 699/4/1 696/4/1 595/4/1
f 699/4/6 700/4/6 697/4/6 696/4/6
f 698/4/5 701/4/5 599/4/5 596/4/5
f 601/4/1 702/4/1 699/4/1 598/4/1
f 702/4/6 703/4/6 700/4/6 699/4/6
f 701/4/5 704/4/5 602/4/5 599/4/5
f 604/4/1 705/4/1 702/4/1 601/4/1
f 705/4/6 706/4/6 703/4/6 702/4/6
f 704/4/5 707/4/5 605/4/5 602/4/5
f 607/4/1 708/4/1 705/4/1 604/4/1
f 708/4/6 709/4/6 706/4/6 705/4/6
f 707/4/5 710/4/5 608/4/5 605/4/5
f 711/4/4 712/4/4 611/4/4 610/4/4
f 712/4/4 713/4/4 613/4/4 611/4/4
f 713/4/4 714/4/4 615/4/4 613/4/4
f 714/4/4 715/4/4 617/4/4 615/4/4
f 715/4/4 716/4/4 619/4/4 617/4/4
f 716/4/4 717/4/4 621/4/4 619/4/4
f 717/4/4 718/4/4 623/4/4 621/4/4
f 718/4/4 719/4/4 625/4/4 623/4/4
f 719/4/4 720/4/4 627/4/4 625/4/4
f 720/4/4 721/4/4 629/4/4 627/4/4
f 721/4/4 722/4/4 631/4/4 629/4/4
f 722/4/4 723/4/4 633/4/4 631/4/4
f 723/4/4 724/4/4 635/4/4 633/4/4
f 724/4/4 725/4/4 637/4/4 635/4/4
f 725/11/4 726/11/4 639/11/4 637/11/4
f 726/4/4 727/4/4 641/4/4 639/4/4
f 727/4/4 728/4/4 643/4/4 641/4/4
f 643/4/1 729/4/1 708/4/1 607/4/1
f 728/4/4 730/4/4 729/4/4 643/4/4
f 729/4/6 730/4/6 709/4/6 708/4/6
f 710/4/5 731/4/5 644/4/5 608/4/5
f 645/5/6 732/5/6 711/5/6 610/5/6
f 731/4/5 733/4/5 646/4/5 644/4/5
f 734/5/4 735/5/4 648/5/4 647/5/4
f 735/5/4 736/5/4 649/5/4 648/5/4
f 649/5/6 736/5/6 732/5/6 645/5/6
f 737/4/4 738/4/4 651/4/4 650/4/4
f 733/4/5 737/4/5 650/4/5 646/4/5
f 738/4/4 739/4/4 652/4/4 651/4/4
f 652/4/6 739/4/6 734/4/6 647/4/6
f 653/4/3 740/4/3 741/4/3 654/4/3
f 741/4/5 742/4/5 655/4/5 654/4/5
f 656/4/3 743/4/3 740/4/3 653/4/3
f 657/4/6 744/4/6 743/4/6 656/4/6
f 742/4/5 745/4/5 658/4/5 655/4/5
f 659/5/3 746/5/3 744/5/3 657/5/3
f 660/5/3 747/5/3 746/5/3 659/5/3
f 661/5/6 748/5/6 747/5/6 660/5/6
f 745/4/5 749/4/5 662/4/5 658/4/5
f 663/5/6 750/5/6 748/5/6 661/5/6
f 749/4/5 751/4/5 664/4/5 662/4/5
f 665/4/3 752/4/3 750/4/3 663/4/3
f 666/4/3 753/4/3 752/4/3 665/4/3
f 667/4/3 754/4/3 753/4/3 666/4/3
f 668/4/3 755/4/3 754/4/3 667/4/3
f 669/4/3 756/4/3 755/4/3 668/4/3
f 670/4/3 757/4/3 756/4/3 669/4/3
f 671/4/3 758/4/3 757/4/3 670/4/3
f 672/4/3 759/4/3 758/4/3 671/4/3
f 673/4/3 760/4/3 759/4/3 672/4/3
f 674/4/3 761/4/3 760/4/3 673/4/3
f 675/4/3 762/4/3 761/4/3 674/4/3
f 676/4/3 763/4/3 762/4/3 675/4/3
f 677/4/3 764/4/3 763/4/3 676/4/3
f 678/4/3 765/4/3 764/4/3 677/4/3
f 679/4/3 766/4/3 765/4/3 678/4/3
f 680/4/3 767/4/3 766/4/3 679/4/3
f 768/4/2 769/4/2 770/4/2 767/4/2
f 681/4/3 768/4/3 767/4/3 680/4/3
f 771/4/2 772/4/2 769/4/2 768/4/2
f 684/4/3 771/4/3 768/4/3 681/4/3
f 685/4/1 773/4/1 774/4/1 684/4/1
f 775/4/2 776/4/2 772/4/2 771/4/2
f 774/4/3 775/4/3 771/4/3 684/4/3
f 773/4/6 776/4/6 775/4/6 774/4/6
f 751/4/5 777/4/5 686/4/5 664/4/5
f 769/4/2 778/4/2 779/4/2 770/4/2
f 772/4/2 780/4/2 778/4/2 769/4/2
f 688/4/1 781/4/1 773/4/1 685/4/1
f 776/4/2 782/4/2 780/4/2 772/4/2
f 781/4/6 782/4/6 776/4/6 773/4/6
f 777/4/5 783/4/5 689/4/5 686/4/5
f 778/4/2 784/4/2 785/4/2 779/4/2
f 780/4/2 786/4/2 784/4/2 778/4/2
f 691/4/1 787/4/1 781/4/1 688/4/1
f 782/4/2 788/4/2 786/4/2 780/4/2
f 787/4/6 788/4/6 782/4/6 781/4/6
f 783/4/5 789/4/5 692/4/5 689/4/5
f 784/4/2 790/4/2 791/4/2 785/4/2
f 786/4/2 792/4/2 790/4/2 784/4/2
f 694/4/1 793/4/1 787/4/1 691/4/1
f 788/4/2 794/4/2 792/4/2 786/4/2
f 793/4/6 794/4/6 788/4/6 787/4/6
f 789/4/5 795/4/5 695/4/5 692/4/5
f 790/4/2 796/4/2 797/4/2 791/4/2
f 792/4/2 798/4/2 796/4/2 790/4/2
f 697/4/1 799/4/1 793/4/1 694/4/1
f 794/4/2 800/4/2 798/4/2 792/4/2
f 799/4/6 800/4/6 794/4/6 793/4/6
f 795/4/5 801/4/5 698/4/5 695/4/5
f 796/4/2 802/4/2 803/4/2 797/4/2
f 798/4/2 804/4/2 802/4/2 796/4/2
f 700/4/1 805/4/1 799/4/1 697/4/1
f 800/4/2 806/4/2 804/4/2 798/4/2
f 805/4/6 806/4/6 800/4/6 799/4/6
f 801/4/5 807/4/5 701/4/5 698/4/5
f 802/4/2 808/4/2 809/4/2 803/4/2
f 804/4/2 810/4/2 808/4/2 802/4/2
f 703/4/1 811/4/1 805/4/1 700/4/1
f 806/4/2 812/4/2 810/4/2 804/4/2
f 811/4/6 812/4/6 806/4/6 805/4/6
f 807/4/5 813/4/5 704/4/5 701/4/5
f 808/4/2 814/4/2 815/4/2 809/4/2
f 810/4/2 816/4/2 814/4/2 808/4/2
f 706/4/1 817/4/1 811/4/1 703/4/1
f 812/4/2 818/4/2 816/4/2 810/4/2
f 817/4/6 818/4/6 812/4/6 811/4/6
f 813/4/5 819/4/5 707/4/5 704/4/5
f 814/4/2 820/4/2 821/4/2 815/4/2
f 816/4/2 822/4/2 820/4/2 814/4/2
f 709/4/1 823/4/1 817/4/1 706/4/1
f 818/4/2 824/4/2 822/4/2 816/4/2
f 823/4/6 824/4/6 818/4/6 817/4/6
f 819/4/5 825/4/5 710/4/5 707/4/5
f 826/4/4 827/4/4 712/4/4 711/4/4
f 827/4/4 828/4/4 713/4/4 712/4/4
f 828/4/4 829/4/4 714/4/4 713/4/4
f 829/4/4 830/4/4 715/4/4 714/4/4
f 830/4/4 831/4/4 716/4/4 715/4/4
f 831/4/4 832/4/4 717/4/4 716/4/4
f 832/4/4 833/4/4 718/4/4 717/4/4
f 833/4/4 834/4/4 719/4/4 718/4/4
f 834/4/4 835/4/4 720/4/4 719/4/4
f 835/4/4 836/4/4 721/4/4 720/4/4
f 836/4/4 837/4/4 722/4/4 721/4/4
f 837/4/4 838/4/4 723/4/4 722/4/4
f 838/4/4 839/4/4 724/4/4 723/4/4
f 839/4/4 840/4/4 725/4/4 724/4/4
f 840/4/4 841/4/4 726/4/4 725/4/4
f 841/4/4 842/4/4 727/4/4 726/4/4
f 820/4/2 843/4/2 842/4/2 821/4/2
f 842/4/4 843/4/4 728/4/4 727/4/4
f 822/4/2 844/4/2 843/4/2 820/4/2
f 843/4/4 844/4/4 730/4/4 728/4/4
f 730/4/1 845/4/1 823/4/1 709/4/1
f 824/4/2 846/4/2 844/4/2 822/4/2
f 844/4/4 846/4/4 845/4/4 730/4/4
f 845/4/6 846/4/6 824/4/6 823/4/6
f 825/4/5 847/4/5 731/4/5 710/4/5
f 732/5/6 848/5/6 826/5/6 711/5/6
f 847/4/5 849/4/5 733/4/5 731/4/5
f 850/5/4 851/5/4 735/5/4 734/5/4
f 851/5/4 852/5/4 736/5/4 735/5/4
f 736/5/6 852/5/6 848/5/6 732/5/6
f 853/4/4 854/4/4 738/4/4 737/4/4
f 849/4/5 853/4/5 737/4/5 733/4/5
f 854/4/4 855/4/4 739/4/4 738/4/4
f 739/4/6 855/4/6 850/4/6 734/4/6
f 740/4/3 856/4/3 857/4/3 741/4/3
f 857/4/5 858/4/5 742/4/5 741/4/5
f 743/4/3 859/4/3 856/4/3 740/4/3
f 744/4/6 860/4/6 859/4/6 743/4/6
f 858/4/5 861/4/5 745/4/5 742/4/5
f 746/5/3 862/5/3 860/5/3 744/5/3
f 747/5/3 863/5/3 862/5/3 746/5/3
f 748/5/6 864/5/6 863/5/6 747/5/6
f 861/4/5 865/4/5 749/4/5 745/4/5
f 750/5/6 866/5/6 864/5/6 748/5/6
f 865/4/5 867/4/5 751/4/5 749/4/5
f 752/4/3 868/4/3 866/4/3 750/4/3
f 753/4/3 869/4/3 868/4/3 752/4/3
f 754/4/3 870/4/3 869/4/3 753/4/3
f 755/4/3 871/4/3 870/4/3 754/4/3
f 756/4/3 872/4/3 871/4/3 755/4/3
f 757/4/3 873/4/3 872/4/3 756/4/3
f 758/4/3 874/4/3 873/4/3 757/4/3
f 759/4/3 875/4/3 874/4/3 758/4/3
f 760/4/3 876/4/3 875/4/3 759/4/3
f 761/4/3 877/4/3 876/4/3 760/4/3
f 762/4/3 878/4/3 877/4/3 761/4/3
f 763/4/3 879/4/3 878/4/3 762/4/3
f 764/4/3 880/4/3 879/4/3 763/4/3
f 765/5/3 881/5/3 880/5/3 764/5/3
f 766/4/3 882/4/3 881/4/3 765/4/3
f 767/4/3 883/4/3 882/4/3 766/4/3
f 770/4/6 884/4/6 883/4/6 767/4/6
f 867/4/5 885/4/5 777/4/5 751/4/5
f 779/4/6 886/4/6 884/4/6 770/4/6
f 885/4/5 887/4/5 783/4/5 777/4/5
f 785/4/6 888/4/6 886/4/6 779/4/6
f 887/4/5 889/4/5 789/4/5 783/4/5
f 791/4/6 890/4/6 888/4/6 785/4/6
f 889/4/5 891/4/5 795/4/5 789/4/5
f 797/4/6 892/4/6 890/4/6 791/4/6
f 891/4/5 893/4/5 801/4/5 795/4/5
f 803/4/6 894/4/6 892/4/6 797/4/6
f 893/4/5 895/4/5 807/4/5 801/4/5
f 809/4/6 896/4/6 894/4/6 803/4/6
f 895/4/5 897/4/5 813/4/5 807/4/5
f 815/4/6 898/4/6 896/4/6 809/4/6
f 897/4/5 899/4/5 819/4/5 813/4/5
f 821/4/6 900/4/6 898/4/6 815/4/6
f 899/4/5 901/4/5 825/4/5 819/4/5
f 902/4/4 903/4/4 827/4/4 826/4/4
f 903/4/4 904/4/4 828/4/4 827/4/4
f 904/4/4 905/4/4 829/4/4 828/4/4
f 905/4/4 906/4/4 830/4/4 829/4/4
f 906/4/4 907/4/4 831/4/4 830/4/4
f 907/4/4 908/4/4 832/4/4 831/4/4
f 908/4/4 909/4/4 833/4/4 832/4/4
f 909/4/4 910/4/4 834/4/4 833/4/4
f 910/4/4 911/4/4 835/4/4 834/4/4
f 911/4/4 912/4/4 836/4/4 835/4/4
f 912/4/4 913/4/4 837/4/4 836/4/4
f 913/4/4 914/4/4 838/4/4 837/4/4
f 914/4/4 915/4/4 839/4/4 838/4/4
f 915/4/4 916/4/4 840/4/4 839/4/4
f 916/4/4 917/4/4 841/4/4 840/4/4
f 917/4/4 918/4/4 842/4/4 841/4/4
f 842/4/6 918/4/6 900/4/6 821/4/6
f 901/4/5 919/4/5 847/4/5 825/4/5
f 848/5/6 920/5/6 902/5/6 826/5/6
f 919/4/5 921/4/5 849/4/5 847/4/5
f 922/5/4 923/5/4 851/5/4 850/5/4
f 923/5/4 924/5/4 852/5/4 851/5/4
f 852/5/6 924/5/6 920/5/6 848/5/6
f 925/4/4 926/4/4 854/4/4 853/4/4
f 921/4/5 925/4/5 853/4/5 849/4/5
f 926/4/4 927/4/4 855/4/4 854/4/4
f 855/4/6 927/4/6 922/4/6 850/4/6
f 856/4/3 928/4/3 929/4/3 857/4/3
f 929/4/5 930/4/5 858/4/5 857/4/5
f 859/4/3 931/4/3 928/4/3 856/4/3
f 860/4/6 932/4/6 931/4/6 859/4/6
f 930/4/5 933/4/5 861/4/5 858/4/5
f 862/5/3 934/5/3 932/5/3 860/5/3
f 863/5/3 935/5/3 934/5/3 862/5/3
f 864/5/6 936/5/6 935/5/6 863/5/6
f 933/4/5 937/4/5 865/4/5 861/4/5
f 866/5/6 938/5/6 936/5/6 864/5/6
f 937/4/5 939/4/5 867/4/5 865/4/5
f 868/4/3 940/4/3 938/4/3 866/4/3
f 869/4/3 941/4/3 940/4/3 868/4/3
f 870/4/3 942/4/3 941/4/3 869/4/3
f 871/4/3 943/4/3 942/4/3 870/4/3
f 872/4/3 944/4/3 943/4/3 871/4/3
f 873/4/3 945/4/3 944/4/3 872/4/3
f 874/4/3 946/4/3 945/4/3 873/4/3
f 875/4/3 947/4/3 946/4/3 874/4/3
f 876/4/3 948/4/3 947/4/3 875/4/3
f 877/4/3 949/4/3 948/4/3 876/4/3
f 878/4/3 950/4/3 949/4/3 877/4/3
f 879/4/3 951/4/3 950/4/3 878/4/3
f 880/4/3 952/4/3 951/4/3 879/4/3
f 881/4/3 953/4/3 952/4/3 880/4/3
f 882/4/3 954/4/3 953/4/3 881/4/3
f 883/4/3 955/4/3 954/4/3 882/4/3
f 884/4/1 956/4/1 957/4/1 883/4/1
f 957/4/3 958/4/3 955/4/3 883/4/3
f 956/4/6 959/4/6 958/4/6 957/4/6
f 939/4/5 960/4/5 885/4/5 867/4/5
f 886/4/1 961/4/1 956/4/1 884/4/1
f 961/4/6 962/4/6 959/4/6 956/4/6
f 960/4/5 963/4/5 887/4/5 885/4/5
f 888/4/1 964/4/1 961/4/1 886/4/1
f 964/4/6 965/4/6 962/4/6 961/4/6
f 963/4/5 966/4/5 889/4/5 887/4/5
f 890/4/1 967/4/1 964/4/1 888/4/1
f 967/4/6 968/4/6 965/4/6 964/4/6
f 966/4/5 969/4/5 891/4/5 889/4/5
f 892/4/1 970/4/1 967/4/1 890/4/1
f 970/4/6 971/4/6 968/4/6 967/4/6
f 969/4/5 972/4/5 893/4/5 891/4/5
f 894/4/1 973/4/1 970/4/1 892/4/1
f 973/4/6 974/4/6 971/4/6 970/4/6
f 972/4/5 975/4/5 895/4/5 893/4/5
f 896/4/1 976/4/1 973/4/1 894/4/1
f 976/4/6 977/4/6 974/4/6 973/4/6
f 975/4/5 978/4/5 897/4/5 895/4/5
f 898/4/1 979/4/1 976/4/1 896/4/1
f 979/4/6 980/4/6 977/4/6 976/4/6
f 978/4/5 981/4/5 899/4/5 897/4/5
f 900/4/1 982/4/1 979/4/1 898/4/1
f 982/4/6 983/4/6 980/4/6 979/4/6
f 981/4/5 984/4/5 901/4/5 899/4/5
f 985/4/4 986/4/4 903/4/4 902/4/4
f 986/4/4 987/4/4 904/4/4 903/4/4
f 987/4/4 988/4/4 905/4/4 904/4/4
f 988/4/4 989/4/4 906/4/4 905/4/4
f 989/4/4 990/4/4 907/4/4 906/4/4
f 990/4/4 991/4/4 908/4/4 907/4/4
f 991/4/4 992/4/4 909/4/4 908/4/4
f 992/4/4 993/4/4 910/4/4 909/4/4
f 993/4/4 994/4/4 911/4/4 910/4/4
f 994/4/4 995/4/4 912/4/4 911/4/4
f 995/4/4 996/4/4 913/4/4 912/4/4
f 996/4/4 997/4/4 914/4/4 913/4/4
f 997/4/4 998/4/4 915/4/4 914/4/4
f 998/4/4 999/4/4 916/4/4 915/4/4
f 999/4/4 1000/4/4 917/4/4 916/4/4
f 1000/4/4 1001/4/4 918/4/4 917/4/4
f 918/4/1 1002/4/1 982/4/1 900/4/1
f 1001/4/4 1003/4/4 1002/4/4 918/4/4
f 1002/4/6 1003/4/6 983/4/6 982/4/6
f 984/4/5 1004/4/5 919/4/5 901/4/5
f 920/5/6 1005/5/6 985/5/6 902/5/6
f 1004/4/5 1006/4/5 921/4/5 919/4/5
f 1007/5/4 1008/5/4 923/5/4 922/5/4
f 1008/5/4 1009/5/4 924/5/4 923/5/4
f 924/5/6 1009/5/6 1005/5/6 920/5/6
f 1010/4/4 1011/4/4 926/4/4 925/4/4
f 1006/4/5 1010/4/5 925/4/5 921/4/5
f 1011/4/4 1012/4/4 927/4/4 926/4/4
f 927/4/6 1012/4/6 1007/4/6 922/4/6
f 928/4/3 1013/4/3 1014/4/3 929/4/3
f 1014/4/5 1015/4/5 930/4/5 929/4/5
f 931/4/3 1016/4/3 1013/4/3 928/4/3
f 932/4/6 1017/4/6 1016/4/6 931/4/6
f 1015/4/5 1018/4/5 933/4/5 930/4/5
f 934/5/3 1019/5/3 1017/5/3 932/5/3
f 935/5/3 1020/5/3 1019/5/3 934/5/3
f 936/5/6 1021/5/6 1020/5/6 935/5/6
f 1018/11/5 1022/11/5 937/11/5 933/11/5
f 938/5/6 1023/5/6 1021/5/6 936/5/6
f 1022/4/5 1024/4/5 939/4/5 937/4/5
f 1025/4/2 1026/4/2 1027/4/2 1023/4/2
f 940/4/3 1025/4/3 1023/4/3 938/4/3
f 1028/11/2 1029/11/2 1026/11/2 1025/11/2
f 941/11/3 1028/11/3 1025/11/3 940/11/3
f 1030/4/2 1031/4/2 1029/4/2 1028/4/2
f 942/4/3 1030/4/3 1028/4/3 941/4/3
f 1032/4/2 1033/4/2 1031/4/2 1030/4/2
f 943/4/3 1032/4/3 1030/4/3 942/4/3
f 1034/4/2 1035/4/2 1033/4/2 1032/4/2
f 944/4/3 1034/4/3 1032/4/3 943/4/3
f 1036/11/2 1037/11/2 1035/11/2 1034/11/2
f 945/11/3 1036/11/3 1034/11/3 944/11/3
f 1038/4/2 1039/4/2 1037/4/2 1036/4/2
f 946/4/3 1038/4/3 1036/4/3 945/4/3
f 1040/4/2 1041/4/2 1039/4/2 1038/4/2
f 947/4/3 1040/4/3 1038/4/3 946/4/3
f 1042/4/2 1043/4/2 1041/4/2 1040/4/2
f 948/4/3 1042/4/3 1040/4/3 947/4/3
f 1044/4/2 1045/4/2 1043/4/2 1042/4/2
f 949/4/3 1044/4/3 1042/4/3 948/4/3
f 1046/4/2 1047/4/2 1045/4/2 1044/4/2
f 950/4/3 1046/4/3 1044/4/3 949/4/3
f 1048/4/2 1049/4/2 1047/4/2 1046/4/2
f 951/4/3 1048/4/3 1046/4/3 950/4/3
f 1050/4/2 1051/4/2 1049/4/2 1048/4/2
f 952/4/3 1050/4/3 1048/4/3 951/4/3
f 1052/4/2 1053/4/2 1051/4/2 1050/4/2
f 953/4/3 1052/4/3 1050/4/3 952/4/3
f 1054/4/2 1055/4/2 1053/4/2 1052/4/2
f 954/4/3 1054/4/3 1052/4/3 953/4/3
f 1056/4/2 1057/4/2 1055/4/2 1054/4/2
f 955/4/3 1056/4/3 1054/4/3 954/4/3
f 1058/4/2 1059/4/2 1057/4/2 1056/4/2
f 958/4/3 1058/4/3 1056/4/3 955/4/3
f 959/4/1 1060/4/1 1061/4/1 958/4/1
f 1062/4/2 1063/4/2 1059/4/2 1058/4/2
f 1061/4/3 1062/4/3 1058/4/3 958/4/3
f 1060/4/6 1063/4/6 1062/4/6 1061/4/6
f 1024/4/5 1064/4/5 960/4/5 939/4/5
f 962/4/1 1065/4/1 1060/4/1 959/4/1
f 1065/4/6 1066/4/6 1063/4/6 1060/4/6
f 1064/4/5 1067/4/5 963/4/5 960/4/5
f 965/4/1 1068/4/1 1065/4/1 962/4/1
f 1068/4/6 1069/4/6 1066/4/6 1065/4/6
f 1067/4/5 1070/4/5 966/4/5 963/4/5
f 968/4/1 1071/4/1 1068/4/1 965/4/1
f 1071/4/6 1072/4/6 1069/4/6 1068/4/6
f 1070/4/5 1073/4/5 969/4/5 966/4/5
f 971/4/1 1074/4/1 1071/4/1 968/4/1
f 1074/4/6 1075/4/6 1072/4/6 1071/4/6
f 1073/4/5 1076/4/5 972/4/5 969/4/5
f 974/4/1 1077/4/1 1074/4/1 971/4/1
f 1077/4/6 1078/4/6 1075/4/6 1074/4/6
f 1076/4/5 1079/4/5 975/4/5 972/4/5
f 977/4/1 1080/4/1 1077/4/1 974/4/1
f 1080/4/6 1081/4/6 1078/4/6 1077/4/6
f 1079/4/5 1082/4/5 978/4/5 975/4/5
f 980/4/1 1083/4/1 1080/4/1 977/4/1
f 1083/4/6 1084/4/6 1081/4/6 1080/4/6
f 1082/4/5 1085/4/5 981/4/5 978/4/5
f 983/4/1 1086/4/1 1083/4/1 980/4/1
f 1086/4/6 1087/4/6 1084/4/6 1083/4/6
f 1085/4/5 1088/4/5 984/4/5 981/4/5
f 1089/4/2 1090/4/2 1091/4/2 1092/4/2
f 1091/4/4 1090/4/4 986/4/4 985/4/4
f 1093/4/2 1094/4/2 1090/4/2 1089/4/2
f 1090/4/4 1094/4/4 987/4/4 986/4/4
f 1095/4/2 1096/4/2 1094/4/2 1093/4/2
f 1094/4/4 1096/4/4 988/4/4 987/4/4
f 1097/4/2 1098/4/2 1096/4/2 1095/4/2
f 1096/4/4 1098/4/4 989/4/4 988/4/4
f 1099/4/2 1100/4/2 1098/4/2 1097/4/2
f 1098/4/4 1100/4/4 990/4/4 989/4/4
f 1101/4/2 1102/4/2 1100/4/2 1099/4/2
f 1100/4/4 1102/4/4 991/4/4 990/4/4
f 1103/4/2 1104/4/2 1102/4/2 1101/4/2
f 1102/4/4 1104/4/4 992/4/4 991/4/4
f 1105/4/2 1106/4/2 1104/4/2 1103/4/2
f 1104/4/4 1106/4/4 993/4/4 992/4/4
f 1107/4/2 1108/4/2 1106/4/2 1105/4/2
f 1106/4/4 1108/4/4 994/4/4 993/4/4
f 1109/4/2 1110/4/2 1108/4/2 1107/4/2
f 1108/4/4 1110/4/4 995/4/4 994/4/4
f 1111/4/2 1112/4/2 1110/4/2 1109/4/2
f 1110/4/4 1112/4/4 996/4/4 995/4/4
f 1113/4/2 1114/4/2 1112/4/2 1111/4/2
f 1112/4/4 1114/4/4 997/4/4 996/4/4
f 1115/4/2 1116/4/2 1114/4/2 1113/4/2
f 1114/4/4 1116/4/4 998/4/4 997/4/4
f 1117/4/2 1118/4/2 1116/4/2 1115/4/2
f 1116/4/4 1118/4/4 999/4/4 998/4/4
f 1119/4/2 1120/4/2 1118/4/2 1117/4/2
f 1118/4/4 1120/4/4 1000/4/4 999/4/4
f 1121/4/2 1122/4/2 1120/4/2 1119/4/2
f 1120/4/4 1122/4/4 1001/4/4 1000/4/4
f 1123/4/2 1124/4/2 1122/4/2 1121/4/2
f 1122/4/4 1124/4/4 1003/4/4 1001/4/4
f 1003/4/1 1125/4/1 1086/4/1 983/4/1
f 1087/4/2 1126/4/2 1124/4/2 1123/4/2
f 1124/4/4 1126/4/4 1125/4/4 1003/4/4
f 1125/4/6 1126/4/6 1087/4/6 1086/4/6
f 1088/4/5 1127/4/5 1004/4/5 984/4/5
f 1005/5/6 1128/5/6 1091/5/6 985/5/6
f 1127/4/5 1129/4/5 1006/4/5 1004/4/5
f 1130/5/4 1131/5/4 1008/5/4 1007/5/4
f 1131/5/4 1132/5/4 1009/5/4 1008/5/4
f 1009/5/6 1132/5/6 1128/5/6 1005/5/6
f 1133/4/4 1134/4/4 1011/4/4 1010/4/4
f 1129/4/5 1133/4/5 1010/4/5 1006/4/5
f 1134/4/4 1135/4/4 1012/4/4 1011/4/4
f 1012/4/6 1135/4/6 1130/4/6 1007/4/6
f 1013/4/3 1136/4/3 1137/4/3 1014/4/3
f 1137/4/5 1138/4/5 1015/4/5 1014/4/5
f 1016/4/3 1139/4/3 1136/4/3 1013/4/3
f 1017/4/6 1140/4/6 1139/4/6 1016/4/6
f 1138/4/5 1141/4/5 1018/4/5 1015/4/5
f 1019/5/3 1142/5/3 1140/5/3 1017/5/3
f 1020/5/3 1143/5/3 1142/5/3 1019/5/3
f 1021/5/6 1144/5/6 1143/5/6 1020/5/6
f 1141/4/5 1145/4/5 1022/4/5 1018/4/5
f 1023/5/6 1146/5/6 1144/5/6 1021/5/6
f 1145/4/5 1147/4/5 1024/4/5 1022/4/5
f 1027/5/6 1148/5/6 1146/5/6 1023/5/6
f 1147/4/5 1149/4/5 1064/4/5 1024/4/5
f 1150/4/2 1151/4/2 1152/4/2 1148/4/2
f 1026/4/3 1150/4/3 1148/4/3 1027/4/3
f 1153/4/2 1154/4/2 1151/4/2 1150/4/2
f 1029/4/3 1153/4/3 1150/4/3 1026/4/3
f 1155/4/2 1156/4/2 1154/4/2 1153/4/2
f 1031/4/3 1155/4/3 1153/4/3 1029/4/3
f 1157/4/2 1158/4/2 1156/4/2 1155/4/2
f 1033/4/3 1157/4/3 1155/4/3 1031/4/3
f 1159/4/2 1160/4/2 1158/4/2 1157/4/2
f 1035/4/3 1159/4/3 1157/4/3 1033/4/3
f 1161/4/2 1162/4/2 1160/4/2 1159/4/2
f 1037/4/3 1161/4/3 1159/4/3 1035/4/3
f 1163/4/2 1164/4/2 1162/4/2 1161/4/2
f 1039/4/3 1163/4/3 1161/4/3 1037/4/3
f 1165/4/2 1166/4/2 1164/4/2 1163/4/2
f 1041/4/3 1165/4/3 1163/4/3 1039/4/3
f 1167/4/2 1168/4/2 1166/4/2 1165/4/2
f 1043/4/3 1167/4/3 1165/4/3 1041/4/3
f 1169/4/2 1170/4/2 1168/4/2 1167/4/2
f 1045/4/3 1169/4/3 1167/4/3 1043/4/3
f 1171/4/2 1172/4/2 1170/4/2 1169/4/2
f 1047/4/3 1171/4/3 1169/4/3 1045/4/3
f 1173/4/2 1174/4/2 1172/4/2 1171/4/2
f 1049/4/3 1173/4/3 1171/4/3 1047/4/3
f 1175/4/2 1176/4/2 1174/4/2 1173/4/2
f 1051/4/3 1175/4/3 1173/4/3 1049/4/3
f 1177/4/2 1178/4/2 1176/4/2 1175/4/2
f 1053/4/3 1177/4/3 1175/4/3 1051/4/3
f 1179/4/2 1180/4/2 1178/4/2 1177/4/2
f 1055/4/3 1179/4/3 1177/4/3 1053/4/3
f 1181/4/2 1182/4/2 1180/4/2 1179/4/2
f 1057/4/3 1181/4/3 1179/4/3 1055/4/3
f 1183/4/2 1184/4/2 1182/4/2 1181/4/2
f 1059/4/3 1183/4/3 1181/4/3 1057/4/3
f 1185/4/2 1186/4/2 1184/4/2 1183/4/2
f 1063/4/3 1185/4/3 1183/4/3 1059/4/3
f 1066/4/1 1187/4/1 1188/4/1 1063/4/1
f 1189/4/2 1190/4/2 1186/4/2 1185/4/2
f 1188/4/3 1189/4/3 1185/4/3 1063/4/3
f 1187/4/6 1190/4/6 1189/4/6 1188/4/6
f 1149/4/5 1191/4/5 1067/4/5 1064/4/5
f 1184/4/2 1192/4/2 1193/4/2 1182/4/2
f 1186/4/2 1194/4/2 1192/4/2 1184/4/2
f 1069/4/1 1195/4/1 1187/4/1 1066/4/1
f 1190/4/2 1196/4/2 1194/4/2 1186/4/2
f 1195/4/6 1196/4/6 1190/4/6 1187/4/6
f 1191/4/5 1197/4/5 1070/4/5 1067/4/5
f 1192/4/2 1198/4/2 1199/4/2 1193/4/2
f 1194/4/2 1200/4/2 1198/4/2 1192/4/2
f 1072/4/1 1201/4/1 1195/4/1 1069/4/1
f 1196/4/2 1202/4/2 1200/4/2 1194/4/2
f 1201/4/6 1202/4/6 1196/4/6 1195/4/6
f 1197/4/5 1203/4/5 1073/4/5 1070/4/5
f 1198/4/2 1204/4/2 1205/4/2 1199/4/2
f 1200/4/2 1206/4/2 1204/4/2 1198/4/2
f 1075/4/1 1207/4/1 1201/4/1 1072/4/1
f 1202/4/2 1208/4/2 1206/4/2 1200/4/2
f 1207/4/6 1208/4/6 1202/4/6 1201/4/6
f 1203/4/5 1209/4/5 1076/4/5 1073/4/5
f 1204/4/2 1210/4/2 1211/4/2 1205/4/2
f 1206/4/2 1212/4/2 1210/4/2 1204/4/2
f 1078/4/1 1213/4/1 1207/4/1 1075/4/1
f 1208/4/2 1214/4/2 1212/4/2 1206/4/2
f 1213/4/6 1214/4/6 1208/4/6 1207/4/6
f 1209/4/5 1215/4/5 1079/4/5 1076/4/5
f 1210/4/2 1216/4/2 1217/4/2 1211/4/2
f 1212/4/2 1218/4/2 1216/4/2 1210/4/2
f 1081/4/1 1219/4/1 1213/4/1 1078/4/1
f 1214/4/2 1220/4/2 1218/4/2 1212/4/2
f 1219/4/6 1220/4/6 1214/4/6 1213/4/6
f 1215/4/5 1221/4/5 1082/4/5 1079/4/5
f 1216/4/2 1222/4/2 1223/4/2 1217/4/2
f 1218/4/2 1224/4/2 1222/4/2 1216/4/2
f 1084/4/1 1225/4/1 1219/4/1 1081/4/1
f 1220/4/2 1226/4/2 1224/4/2 1218/4/2
f 1225/4/6 1226/4/6 1220/4/6 1219/4/6
f 1221/4/5 1227/4/5 1085/4/5 1082/4/5
f 1228/4/2 1229/4/2 1230/4/2 1231/4/2
f 1230/4/4 1229/4/4 1089/4/4 1092/4/4
f 1232/4/2 1233/4/2 1229/4/2 1228/4/2
f 1229/4/4 1233/4/4 1093/4/4 1089/4/4
f 1234/4/2 1235/4/2 1233/4/2 1232/4/2
f 1233/4/4 1235/4/4 1095/4/4 1093/4/4
f 1236/4/2 1237/4/2 1235/4/2 1234/4/2
f 1235/4/4 1237/4/4 1097/4/4 1095/4/4
f 1238/4/2 1239/4/2 1237/4/2 1236/4/2
f 1237/4/4 1239/4/4 1099/4/4 1097/4/4
f 1240/4/2 1241/4/2 1239/4/2 1238/4/2
f 1239/4/4 1241/4/4 1101/4/4 1099/4/4
f 1242/4/2 1243/4/2 1241/4/2 1240/4/2
f 1241/4/4 1243/4/4 1103/4/4 1101/4/4
f 1244/4/2 1245/4/2 1243/4/2 1242/4/2
f 1243/4/4 1245/4/4 1105/4/4 1103/4/4
f 1246/4/2 1247/4/2 1245/4/2 1244/4/2
f 1245/4/4 1247/4/4 1107/4/4 1105/4/4
f 1248/4/2 1249/4/2 1247/4/2 1246/4/2
f 1247/4/4 1249/4/4 1109/4/4 1107/4/4
f 1250/4/2 1251/4/2 1249/4/2 1248/4/2
f 1249/4/4 1251/4/4 1111/4/4 1109/4/4
f 1252/4/2 1253/4/2 1251/4/2 1250/4/2
f 1251/4/4 1253/4/4 1113/4/4 1111/4/4
f 1254/4/2 1255/4/2 1253/4/2 1252/4/2
f 1253/4/4 1255/4/4 1115/4/4 1113/4/4
f 1256/4/2 1257/4/2 1255/4/2 1254/4/2
f 1255/4/4 1257/4/4 1117/4/4 1115/4/4
f 1258/4/2 1259/4/2 1257/4/2 1256/4/2
f 1257/4/4 1259/4/4 1119/4/4 1117/4/4
f 1223/4/2 1260/4/2 1259/4/2 1258/4/2
f 1259/4/4 1260/4/4 1121/4/4 1119/4/4
f 1222/4/2 1261/4/2 1260/4/2 1223/4/2
f 1260/4/4 1261/4/4 1123/4/4 1121/4/4
f 1224/4/2 1262/4/2 1261/4/2 1222/4/2
f 1261/4/4 1262/4/4 1087/4/4 1123/4/4
f 1087/4/1 1263/4/1 1225/4/1 1084/4/1
f 1226/4/2 1264/4/2 1262/4/2 1224/4/2
f 1262/4/4 1264/4/4 1263/4/4 1087/4/4
f 1263/4/6 1264/4/6 1226/4/6 1225/4/6
f 1227/4/5 1265/4/5 1088/4/5 1085/4/5
f 1091/5/6 1266/5/6 1230/5/6 1092/5/6
f 1265/4/5 1267/4/5 1127/4/5 1088/4/5
f 1128/5/6 1268/5/6 1266/5/6 1091/5/6
f 1267/4/5 1269/4/5 1129/4/5 1127/4/5
f 1270/5/4 1271/5/4 1131/5/4 1130/5/4
f 1271/5/4 1272/5/4 1132/5/4 1131/5/4
f 1132/5/6 1272/5/6 1268/5/6 1128/5/6
f 1273/4/4 1274/4/4 1134/4/4 1133/4/4
f 1269/4/5 1273/4/5 1133/4/5 1129/4/5
f 1274/4/4 1275/4/4 1135/4/4 1134/4/4
f 1135/4/6 1275/4/6 1270/4/6 1130/4/6
f 1136/4/3 1276/4/3 1277/4/3 1137/4/3
f 1277/4/5 1278/4/5 1138/4/5 1137/4/5
f 1139/4/3 1279/4/3 1276/4/3 1136/4/3
f 1140/4/6 1280/4/6 1279/4/6 1139/4/6
f 1278/4/5 1281/4/5 1141/4/5 1138/4/5
f 1142/5/3 1282/5/3 1280/5/3 1140/5/3
f 1143/5/3 1283/5/3 1282/5/3 1142/5/3
f 1144/5/6 1284/5/6 1283/5/6 1143/5/6
f 1281/4/5 1285/4/5 1145/4/5 1141/4/5
f 1146/5/6 1286/5/6 1284/5/6 1144/5/6
f 1285/4/5 1287/4/5 1147/4/5 1145/4/5
f 1148/5/6 1288/5/6 1286/5/6 1146/5/6
f 1287/4/5 1289/4/5 1149/4/5 1147/4/5
f 1152/5/6 1290/5/6 1288/5/6 1148/5/6
f 1289/4/5 1291/4/5 1191/4/5 1149/4/5
f 1292/4/2 1293/4/2 1294/4/2 1290/4/2
f 1151/4/3 1292/4/3 1290/4/3 1152/4/3
f 1295/4/2 1296/4/2 1293/4/2 1292/4/2
f 1154/4/3 1295/4/3 1292/4/3 1151/4/3
f 1297/4/2 1298/4/2 1296/4/2 1295/4/2
f 1156/4/3 1297/4/3 1295/4/3 1154/4/3
f 1299/4/2 1300/4/2 1298/4/2 1297/4/2
f 1158/4/3 1299/4/3 1297/4/3 1156/4/3
f 1301/4/2 1302/4/2 1300/4/2 1299/4/2
f 1160/4/3 1301/4/3 1299/4/3 1158/4/3
f 1303/4/2 1304/4/2 1302/4/2 1301/4/2
f 1162/4/3 1303/4/3 1301/4/3 1160/4/3
f 1305/4/2 1306/4/2 1304/4/2 1303/4/2
f 1164/4/3 1305/4/3 1303/4/3 1162/4/3
f 1307/4/2 1308/4/2 1306/4/2 1305/4/2
f 1166/4/3 1307/4/3 1305/4/3 1164/4/3
f 1309/4/2 1310/4/2 1308/4/2 1307/4/2
f 1168/4/3 1309/4/3 1307/4/3 1166/4/3
f 1311/4/2 1312/4/2 1310/4/2 1309/4/2
f 1170/4/3 1311/4/3 1309/4/3 1168/4/3
f 1313/4/2 1314/4/2 1312/4/2 1311/4/2
f 1172/4/3 1313/4/3 1311/4/3 1170/4/3
f 1315/4/2 1316/4/2 1314/4/2 1313/4/2
f 1174/4/3 1315/4/3 1313/4/3 1172/4/3
f 1317/4/2 1318/4/2 1316/4/2 1315/4/2
f 1176/4/3 1317/4/3 1315/4/3 1174/4/3
f 1319/4/2 1320/4/2 1318/4/2 1317/4/2
f 1178/4/3 1319/4/3 1317/4/3 1176/4/3
f 1321/4/2 1322/4/2 1320/4/2 1319/4/2
f 1180/4/3 1321/4/3 1319/4/3 1178/4/3
f 1323/4/2 1324/4/2 1322/4/2 1321/4/2
f 1182/4/3 1323/4/3 1321/4/3 1180/4/3
f 1193/4/6 1324/4/6 1323/4/6 1182/4/6
f 1291/4/5 1325/4/5 1197/4/5 1191/4/5
f 1293/4/2 1326/4/2 1327/4/2 1294/4/2
f 1296/4/2 1328/4/2 1326/4/2 1293/4/2
f 1298/4/2 1329/4/2 1328/4/2 1296/4/2
f 1300/4/2 1330/4/2 1329/4/2 1298/4/2
f 1302/4/2 1331/4/2 1330/4/2 1300/4/2
f 1304/4/2 1332/4/2 1331/4/2 1302/4/2
f 1306/4/2 1333/4/2 1332/4/2 1304/4/2
f 1308/4/2 1334/4/2 1333/4/2 1306/4/2
f 1310/4/2 1335/4/2 1334/4/2 1308/4/2
f 1312/4/2 1336/4/2 1335/4/2 1310/4/2
f 1314/4/2 1337/4/2 1336/4/2 1312/4/2
f 1316/4/2 1338/4/2 1337/4/2 1314/4/2
f 1318/4/2 1339/4/2 1338/4/2 1316/4/2
f 1320/4/2 1340/4/2 1339/4/2 1318/4/2
f 1322/4/2 1341/4/2 1340/4/2 1320/4/2
f 1324/4/2 1342/4/2 1341/4/2 1322/4/2
f 1199/4/6 1342/4/6 1324/4/6 1193/4/6
f 1325/4/5 1343/4/5 1203/4/5 1197/4/5
f 1326/4/2 1344/4/2 1345/4/2 1327/4/2
f 1328/4/2 1346/4/2 1344/4/2 1326/4/2
f 1329/4/2 1347/4/2 1346/4/2 1328/4/2
f 1330/4/2 1348/4/2 1347/4/2 1329/4/2
f 1331/4/2 1349/4/2 1348/4/2 1330/4/2
f 1332/4/2 1350/4/2 1349/4/2 1331/4/2
f 1333/4/2 1351/4/2 1350/4/2 1332/4/2
f 1334/4/2 1352/4/2 1351/4/2 1333/4/2
f 1335/4/2 1353/4/2 1352/4/2 1334/4/2
f 1336/4/2 1354/4/2 1353/4/2 1335/4/2
f 1337/4/2 1355/4/2 1354/4/2 1336/4/2
f 1338/4/2 1356/4/2 1355/4/2 1337/4/2
f 1339/4/2 1357/4/2 1356/4/2 1338/4/2
f 1340/4/2 1358/4/2 1357/4/2 1339/4/2
f 1341/4/2 1359/4/2 1358/4/2 1340/4/2
f 1342/4/2 1360/4/2 1359/4/2 1341/4/2
f 1205/4/6 1360/4/6 1342/4/6 1199/4/6
f 1343/4/5 1361/4/5 1209/4/5 1203/4/5
f 1344/4/2 1362/4/2 1363/4/2 1345/4/2
f 1346/4/2 1364/4/2 1362/4/2 1344/4/2
f 1347/4/2 1365/4/2 1364/4/2 1346/4/2
f 1348/4/2 1366/4/2 1365/4/2 1347/4/2
f 1349/4/2 1367/4/2 1366/4/2 1348/4/2
f 1350/4/2 1368/4/2 1367/4/2 1349/4/2
f 1351/4/2 1369/4/2 1368/4/2 1350/4/2
f 1352/4/2 1370/4/2 1369/4/2 1351/4/2
f 1353/4/2 1371/4/2 1370/4/2 1352/4/2
f 1354/4/2 1372/4/2 1371/4/2 1353/4/2
f 1355/4/2 1373/4/2 1372/4/2 1354/4/2
f 1356/4/2 1374/4/2 1373/4/2 1355/4/2
f 1357/4/2 1375/4/2 1374/4/2 1356/4/2
f 1358/4/2 1376/4/2 1375/4/2 1357/4/2
f 1359/4/2 1377/4/2 1376/4/2 1358/4/2
f 1360/4/2 1378/4/2 1377/4/2 1359/4/2
f 1211/4/6 1378/4/6 1360/4/6 1205/4/6
f 1361/4/5 1379/4/5 1215/4/5 1209/4/5
f 1362/4/2 1380/4/2 1381/4/2 1363/4/2
f 1364/4/2 1382/4/2 1380/4/2 1362/4/2
f 1365/4/2 1383/4/2 1382/4/2 1364/4/2
f 1366/4/2 1384/4/2 1383/4/2 1365/4/2
f 1367/4/2 1385/4/2 1384/4/2 1366/4/2
f 1368/4/2 1386/4/2 1385/4/2 1367/4/2
f 1369/4/2 1387/4/2 1386/4/2 1368/4/2
f 1370/4/2 1388/4/2 1387/4/2 1369/4/2
f 1371/4/2 1389/4/2 1388/4/2 1370/4/2
f 1372/4/2 1390/4/2 1389/4/2 1371/4/2
f 1373/4/2 1391/4/2 1390/4/2 1372/4/2
f 1374/4/2 1392/4/2 1391/4/2 1373/4/2
f 1375/4/2 1393/4/2 1392/4/2 1374/4/2
f 1376/4/2 1394/4/2 1393/4/2 1375/4/2
f 1377/4/2 1395/4/2 1394/4/2 1376/4/2
f 1378/4/2 1396/4/2 1395/4/2 1377/4/2
f 1217/4/6 1396/4/6 1378/4/6 1211/4/6
f 1379/4/5 1397/4/5 1221/4/5 1215/4/5
f 1380/4/2 1398/4/2 1399/4/2 1381/4/2
f 1399/4/4 1398/4/4 1228/4/4 1231/4/4
f 1382/4/2 1400/4/2 1398/4/2 1380/4/2
f 1398/4/4 1400/4/4 1232/4/4 1228/4/4
f 1383/5/2 1401/5/2 1400/5/2 1382/5/2
f 1400/5/4 1401/5/4 1234/5/4 1232/5/4
f 1384/4/2 1402/4/2 1401/4/2 1383/4/2
f 1401/4/4 1402/4/4 1236/4/4 1234/4/4
f 1385/4/2 1403/4/2 1402/4/2 1384/4/2
f 1402/4/4 1403/4/4 1238/4/4 1236/4/4
f 1386/4/2 1404/4/2 1403/4/2 1385/4/2
f 1403/4/4 1404/4/4 1240/4/4 1238/4/4
f 1387/4/2 1405/4/2 1404/4/2 1386/4/2
f 1404/4/4 1405/4/4 1242/4/4 1240/4/4
f 1388/4/2 1406/4/2 1405/4/2 1387/4/2
f 1405/4/4 1406/4/4 1244/4/4 1242/4/4
f 1389/4/2 1407/4/2 1406/4/2 1388/4/2
f 1406/4/4 1407/4/4 1246/4/4 1244/4/4
f 1390/4/2 1408/4/2 1407/4/2 1389/4/2
f 1407/4/4 1408/4/4 1248/4/4 1246/4/4
f 1391/4/2 1409/4/2 1408/4/2 1390/4/2
f 1408/4/4 1409/4/4 1250/4/4 1248/4/4
f 1392/4/2 1410/4/2 1409/4/2 1391/4/2
f 1409/4/4 1410/4/4 1252/4/4 1250/4/4
f 1393/4/2 1411/4/2 1410/4/2 1392/4/2
f 1410/4/4 1411/4/4 1254/4/4 1252/4/4
f 1394/4/2 1412/4/2 1411/4/2 1393/4/2
f 1411/4/4 1412/4/4 1256/4/4 1254/4/4
f 1395/4/2 1413/4/2 1412/4/2 1394/4/2
f 1412/4/4 1413/4/4 1258/4/4 1256/4/4
f 1396/4/2 1414/4/2 1413/4/2 1395/4/2
f 1413/4/4 1414/4/4 1223/4/4 1258/4/4
f 1223/4/6 1414/4/6 1396/4/6 1217/4/6
f 1397/4/5 1415/4/5 1227/4/5 1221/4/5
f 1230/5/6 1416/5/6 1399/5/6 1231/5/6
f 1415/4/5 1417/4/5 1265/4/5 1227/4/5
f 1266/5/6 1418/5/6 1416/5/6 1230/5/6
f 1417/4/5 1419/4/5 1267/4/5 1265/4/5
f 1268/5/6 1420/5/6 1418/5/6 1266/5/6
f 1419/4/5 1421/4/5 1269/4/5 1267/4/5
f 1422/5/4 1423/5/4 1271/5/4 1270/5/4
f 1423/5/4 1424/5/4 1272/5/4 1271/5/4
f 1272/5/6 1424/5/6 1420/5/6 1268/5/6
f 1425/4/4 1426/4/4 1274/4/4 1273/4/4
f 1421/4/5 1425/4/5 1273/4/5 1269/4/5
f 1426/4/4 1427/4/4 1275/4/4 1274/4/4
f 1275/4/6 1427/4/6 1422/4/6 1270/4/6
f 1276/4/3 1428/4/3 1429/4/3 1277/4/3
f 1429/4/5 1430/4/5 1278/4/5 1277/4/5
f 1279/4/3 1431/4/3 1428/4/3 1276/4/3
f 1280/4/6 1432/4/6 1431/4/6 1279/4/6
f 1430/4/5 1433/4/5 1281/4/5 1278/4/5
f 1282/5/3 1434/5/3 1432/5/3 1280/5/3
f 1283/5/3 1435/5/3 1434/5/3 1282/5/3
f 1284/5/6 1436/5/6 1435/5/6 1283/5/6
f 1433/4/5 1437/4/5 1285/4/5 1281/4/5
f 1286/5/6 1438/5/6 1436/5/6 1284/5/6
f 1437/4/5 1439/4/5 1287/4/5 1285/4/5
f 1288/5/6 1440/5/6 1438/5/6 1286/5/6
f 1439/4/5 1441/4/5 1289/4/5 1287/4/5
f 1290/5/6 1442/5/6 1440/5/6 1288/5/6
f 1441/4/5 1443/4/5 1291/4/5 1289/4/5
f 1294/5/6 1444/5/6 1442/5/6 1290/5/6
f 1443/4/5 1445/4/5 1325/4/5 1291/4/5
f 1327/5/6 1446/5/6 1444/5/6 1294/5/6
f 1445/4/5 1447/4/5 1343/4/5 1325/4/5
f 1345/5/6 1448/5/6 1446/5/6 1327/5/6
f 1447/4/5 1449/4/5 1361/4/5 1343/4/5
f 1363/5/6 1450/5/6 1448/5/6 1345/5/6
f 1449/4/5 1451/4/5 1379/4/5 1361/4/5
f 1381/5/6 1452/5/6 1450/5/6 1363/5/6
f 1451/4/5 1453/4/5 1397/4/5 1379/4/5
f 1399/5/6 1454/5/6 1452/5/6 1381/5/6
f 1453/4/5 1455/4/5 1415/4/5 1397/4/5
f 1416/5/6 1456/5/6 1454/5/6 1399/5/6
f 1455/4/5 1457/4/5 1417/4/5 1415/4/5
f 1418/11/6 1458/11/6 1456/11/6 1416/11/6
f 1457/4/5 1459/4/5 1419/4/5 1417/4/5
f 1420/5/6 1460/5/6 1458/5/6 1418/5/6
f 1459/4/5 1461/4/5 1421/4/5 1419/4/5
f 1462/5/4 1463/5/4 1423/5/4 1422/5/4
f 1463/5/4 1464/5/4 1424/5/4 1423/5/4
f 1424/5/6 1464/5/6 1460/5/6 1420/5/6
f 1465/4/4 1466/4/4 1426/4/4 1425/4/4
f 1461/4/5 1465/4/5 1425/4/5 1421/4/5
f 1466/4/4 1467/4/4 1427/4/4 1426/4/4
f 1427/4/6 1467/4/6 1462/4/6 1422/4/6
f 1428/4/3 1468/4/3 1469/4/3 1429/4/3
f 1469/4/5 1470/4/5 1430/4/5 1429/4/5
f 1431/4/3 1471/4/3 1468/4/3 1428/4/3
f 1432/4/6 1472/4/6 1471/4/6 1431/4/6
f 1470/4/5 1473/4/5 1433/4/5 1430/4/5
f 1474/5/2 1475/5/2 1476/5/2 1472/5/2
f 1434/5/3 1474/5/3 1472/5/3 1432/5/3
f 1477/5/2 1478/5/2 1475/5/2 1474/5/2
f 1435/5/3 1477/5/3 1474/5/3 1434/5/3
f 1436/5/6 1478/5/6 1477/5/6 1435/5/6
f 1473/4/5 1479/4/5 1437/4/5 1433/4/5
f 1475/5/2 1480/5/2 1481/5/2 1476/5/2
f 1478/5/2 1482/5/2 1480/5/2 1475/5/2
f 1438/5/6 1482/5/6 1478/5/6 1436/5/6
f 1479/4/5 1483/4/5 1439/4/5 1437/4/5
f 1480/5/2 1484/5/2 1485/5/2 1481/5/2
f 1482/5/2 1486/5/2 1484/5/2 1480/5/2
f 1440/5/6 1486/5/6 1482/5/6 1438/5/6
f 1483/4/5 1487/4/5 1441/4/5 1439/4/5
f 1484/5/2 1488/5/2 1489/5/2 1485/5/2
f 1486/5/2 1490/5/2 1488/5/2 1484/5/2
f 1442/5/6 1490/5/6 1486/5/6 1440/5/6
f 1487/4/5 1491/4/5 1443/4/5 1441/4/5
f 1488/5/2 1492/5/2 1493/5/2 1489/5/2
f 1490/5/2 1494/5/2 1492/5/2 1488/5/2
f 1444/5/6 1494/5/6 1490/5/6 1442/5/6
f 1491/4/5 1495/4/5 1445/4/5 1443/4/5
f 1492/5/2 1496/5/2 1497/5/2 1493/5/2
f 1494/5/2 1498/5/2 1496/5/2 1492/5/2
f 1446/5/6 1498/5/6 1494/5/6 1444/5/6
f 1495/4/5 1499/4/5 1447/4/5 1445/4/5
f 1496/5/2 1500/5/2 1501/5/2 1497/5/2
f 1498/5/2 1502/5/2 1500/5/2 1496/5/2
f 1448/5/6 1502/5/6 1498/5/6 1446/5/6
f 1499/4/5 1503/4/5 1449/4/5 1447/4/5
f 1500/5/2 1504/5/2 1505/5/2 1501/5/2
f 1502/5/2 1506/5/2 1504/5/2 1500/5/2
f 1450/5/6 1506/5/6 1502/5/6 1448/5/6
f 1503/4/5 1507/4/5 1451/4/5 1449/4/5
f 1504/5/2 1508/5/2 1509/5/2 1505/5/2
f 1506/5/2 1510/5/2 1508/5/2 1504/5/2
f 1452/5/6 1510/5/6 1506/5/6 1450/5/6
f 1507/4/5 1511/4/5 1453/4/5 1451/4/5
f 1508/5/2 1512/5/2 1513/5/2 1509/5/2
f 1510/5/2 1514/5/2 1512/5/2 1508/5/2
f 1454/5/6 1514/5/6 1510/5/6 1452/5/6
f 1511/11/5 1515/11/5 1455/11/5 1453/11/5
f 1512/5/2 1516/5/2 1517/5/2 1513/5/2
f 1514/5/2 1518/5/2 1516/5/2 1512/5/2
f 1456/5/6 1518/5/6 1514/5/6 1454/5/6
f 1515/4/5 1519/4/5 1457/4/5 1455/4/5
f 1516/5/2 1520/5/2 1521/5/2 1517/5/2
f 1518/5/2 1522/5/2 1520/5/2 1516/5/2
f 1458/5/6 1522/5/6 1518/5/6 1456/5/6
f 1519/4/5 1523/4/5 1459/4/5 1457/4/5
f 1520/5/2 1524/5/2 1525/5/2 1521/5/2
f 1522/5/2 1526/5/2 1524/5/2 1520/5/2
f 1460/5/6 1526/5/6 1522/5/6 1458/5/6
f 1523/4/5 1527/4/5 1461/4/5 1459/4/5
f 1524/5/2 1528/5/2 1529/5/2 1525/5/2
f 1529/5/4 1528/5/4 1463/5/4 1462/5/4
f 1526/5/2 1530/5/2 1528/5/2 1524/5/2
f 1528/5/4 1530/5/4 1464/5/4 1463/5/4
f 1464/5/6 1530/5/6 1526/5/6 1460/5/6
f 1531/4/4 1532/4/4 1466/4/4 1465/4/4
f 1527/4/5 1531/4/5 1465/4/5 1461/4/5
f 1532/4/4 1533/4/4 1467/4/4 1466/4/4
f 1467/4/6 1533/4/6 1529/4/6 1462/4/6
f 1534/4/2 1535/4/2 1536/4/2 1537/4/2
f 1468/4/3 1534/4/3 1537/4/3 1469/4/3
f 1537/4/5 1536/4/5 1470/4/5 1469/4/5
f 1538/4/2 1539/4/2 1535/4/2 1534/4/2
f 1471/4/3 1538/4/3 1534/4/3 1468/4/3
f 1472/4/6 1539/4/6 1538/4/6 1471/4/6
f 1535/4/2 1540/4/2 1541/4/2 1536/4/2
f 1536/4/5 1541/4/5 1473/4/5 1470/4/5
f 1539/4/2 1542/4/2 1540/4/2 1535/4/2
f 1476/4/6 1542/4/6 1539/4/6 1472/4/6
f 1540/4/2 1543/4/2 1544/4/2 1541/4/2
f 1541/4/5 1544/4/5 1479/4/5 1473/4/5
f 1542/4/2 1545/4/2 1543/4/2 1540/4/2
f 1481/4/6 1545/4/6 1542/4/6 1476/4/6
f 1543/4/2 1546/4/2 1547/4/2 1544/4/2
f 1544/4/5 1547/4/5 1483/4/5 1479/4/5
f 1545/4/2 1548/4/2 1546/4/2 1543/4/2
f 1485/4/6 1548/4/6 1545/4/6 1481/4/6
f 1546/4/2 1549/4/2 1550/4/2 1547/4/2
f 1547/4/5 1550/4/5 1487/4/5 1483/4/5
f 1548/4/2 1551/4/2 1549/4/2 1546/4/2
f 1489/4/6 1551/4/6 1548/4/6 1485/4/6
f 1549/4/2 1552/4/2 1553/4/2 1550/4/2
f 1550/4/5 1553/4/5 1491/4/5 1487/4/5
f 1551/4/2 1554/4/2 1552/4/2 1549/4/2
f 1493/4/6 1554/4/6 1551/4/6 1489/4/6
f 1552/4/2 1555/4/2 1556/4/2 1553/4/2
f 1553/4/5 1556/4/5 1495/4/5 1491/4/5
f 1554/4/2 1557/4/2 1555/4/2 1552/4/2
f 1497/4/6 1557/4/6 1554/4/6 1493/4/6
f 1555/4/2 1558/4/2 1559/4/2 1556/4/2
f 1556/4/5 1559/4/5 1499/4/5 1495/4/5
f 1557/4/2 1560/4/2 1558/4/2 1555/4/2
f 1501/4/6 1560/4/6 1557/4/6 1497/4/6
f 1558/4/2 1561/4/2 1562/4/2 1559/4/2
f 1559/4/5 1562/4/5 1503/4/5 1499/4/5
f 1560/4/2 1563/4/2 1561/4/2 1558/4/2
f 1505/4/6 1563/4/6 1560/4/6 1501/4/6
f 1561/4/2 1564/4/2 1565/4/2 1562/4/2
f 1562/4/5 1565/4/5 1507/4/5 1503/4/5
f 1563/4/2 1566/4/2 1564/4/2 1561/4/2
f 1509/4/6 1566/4/6 1563/4/6 1505/4/6
f 1564/4/2 1567/4/2 1568/4/2 1565/4/2
f 1565/4/5 1568/4/5 1511/4/5 1507/4/5
f 1566/4/2 1569/4/2 1567/4/2 1564/4/2
f 1513/4/6 1569/4/6 1566/4/6 1509/4/6
f 1567/4/2 1570/4/2 1571/4/2 1568/4/2
f 1568/4/5 1571/4/5 1515/4/5 1511/4/5
f 1569/4/2 1572/4/2 1570/4/2 1567/4/2
f 1517/4/6 1572/4/6 1569/4/6 1513/4/6
f 1570/4/2 1573/4/2 1574/4/2 1571/4/2
f 1571/4/5 1574/4/5 1519/4/5 1515/4/5
f 1572/4/2 1575/4/2 1573/4/2 1570/4/2
f 1521/4/6 1575/4/6 1572/4/6 1517/4/6
f 1573/4/2 1576/4/2 1577/4/2 1574/4/2
f 1574/4/5 1577/4/5 1523/4/5 1519/4/5
f 1575/4/2 1578/4/2 1576/4/2 1573/4/2
f 1525/4/6 1578/4/6 1575/4/6 1521/4/6
f 1576/4/2 1579/4/2 1580/4/2 1577/4/2
f 1577/4/5 1580/4/5 1527/4/5 1523/4/5
f 1578/4/2 1581/4/2 1579/4/2 1576/4/2
f 1529/4/6 1581/4/6 1578/4/6 1525/4/6
f 1579/4/2 1582/4/2 1583/4/2 1580/4/2
f 1583/4/4 1582/4/4 1532/4/4 1531/4/4
f 1580/4/5 1583/4/5 1531/4/5 1527/4/5
f 1581/4/2 1584/4/2 1582/4/2 1579/4/2
f 1582/4/4 1584/4/4 1533/4/4 1532/4/4
f 1533/4/6 1584/4/6 1581/4/6 1529/4/6
