# Dungine portcullis_open; 1 voxel = 1/16 unit; Y-up floor-center origin
mtllib portcullis_open.mtl
o portcullis_open
s off
v -0.500000 0.000000 -0.437500
v -0.500000 0.062500 -0.437500
v -0.500000 0.062500 -0.500000
v -0.500000 0.000000 -0.500000
v -0.437500 0.062500 -0.500000
v -0.437500 0.000000 -0.500000
v -0.437500 0.000000 -0.437500
v -0.437500 0.062500 -0.437500
v -0.500000 0.000000 -0.375000
v -0.500000 0.062500 -0.375000
v -0.437500 0.000000 -0.375000
v -0.437500 0.062500 -0.375000
v -0.500000 0.000000 -0.312500
v -0.500000 0.062500 -0.312500
v -0.437500 0.000000 -0.312500
v -0.437500 0.062500 -0.312500
v -0.500000 0.000000 -0.250000
v -0.500000 0.062500 -0.250000
v -0.437500 0.000000 -0.250000
v -0.437500 0.062500 -0.250000
v -0.500000 0.000000 -0.187500
v -0.500000 0.062500 -0.187500
v -0.437500 0.000000 -0.187500
v -0.437500 0.062500 -0.187500
v -0.500000 0.000000 -0.125000
v -0.500000 0.062500 -0.125000
v -0.437500 0.000000 -0.125000
v -0.500000 0.125000 -0.125000
v -0.500000 0.125000 -0.187500
v -0.437500 0.125000 -0.187500
v -0.500000 0.187500 -0.125000
v -0.500000 0.187500 -0.187500
v -0.437500 0.187500 -0.187500
v -0.500000 0.250000 -0.125000
v -0.500000 0.250000 -0.187500
v -0.437500 0.250000 -0.187500
v -0.500000 0.312500 -0.125000
v -0.500000 0.312500 -0.187500
v -0.437500 0.312500 -0.187500
v -0.500000 0.375000 -0.125000
v -0.500000 0.375000 -0.187500
v -0.437500 0.375000 -0.187500
v -0.500000 0.437500 -0.125000
v -0.500000 0.437500 -0.187500
v -0.437500 0.437500 -0.187500
v -0.500000 0.500000 -0.125000
v -0.500000 0.500000 -0.187500
v -0.437500 0.500000 -0.187500
v -0.500000 0.562500 -0.125000
v -0.500000 0.562500 -0.187500
v -0.437500 0.562500 -0.187500
v -0.500000 0.625000 -0.125000
v -0.500000 0.625000 -0.187500
v -0.437500 0.625000 -0.187500
v -0.500000 0.687500 -0.125000
v -0.500000 0.687500 -0.187500
v -0.437500 0.687500 -0.187500
v -0.500000 0.750000 -0.125000
v -0.500000 0.750000 -0.187500
v -0.437500 0.750000 -0.187500
v -0.500000 0.812500 -0.125000
v -0.500000 0.812500 -0.187500
v -0.437500 0.812500 -0.187500
v -0.500000 0.875000 -0.125000
v -0.500000 0.875000 -0.187500
v -0.437500 0.875000 -0.187500
v -0.500000 0.937500 -0.125000
v -0.500000 0.937500 -0.187500
v -0.437500 0.937500 -0.187500
v -0.500000 1.000000 -0.125000
v -0.500000 1.000000 -0.187500
v -0.437500 1.000000 -0.187500
v -0.500000 1.062500 -0.125000
v -0.500000 1.062500 -0.187500
v -0.437500 1.062500 -0.187500
v -0.500000 1.125000 -0.125000
v -0.500000 1.125000 -0.187500
v -0.437500 1.125000 -0.187500
v -0.500000 1.187500 -0.125000
v -0.500000 1.187500 -0.187500
v -0.437500 1.187500 -0.187500
v -0.500000 1.250000 -0.125000
v -0.500000 1.250000 -0.187500
v -0.437500 1.250000 -0.187500
v -0.500000 1.312500 -0.125000
v -0.500000 1.312500 -0.187500
v -0.437500 1.312500 -0.187500
v -0.500000 1.375000 -0.125000
v -0.500000 1.375000 -0.187500
v -0.437500 1.375000 -0.187500
v -0.500000 1.437500 -0.125000
v -0.500000 1.437500 -0.187500
v -0.437500 1.437500 -0.187500
v -0.500000 1.500000 -0.125000
v -0.500000 1.500000 -0.187500
v -0.437500 1.500000 -0.187500
v -0.500000 1.562500 -0.125000
v -0.500000 1.562500 -0.187500
v -0.437500 1.562500 -0.187500
v -0.500000 1.625000 -0.125000
v -0.500000 1.625000 -0.187500
v -0.437500 1.625000 -0.187500
v -0.500000 1.687500 -0.125000
v -0.500000 1.687500 -0.187500
v -0.437500 1.687500 -0.187500
v -0.500000 1.750000 -0.125000
v -0.500000 1.750000 -0.187500
v -0.437500 1.750000 -0.187500
v -0.500000 1.812500 -0.125000
v -0.500000 1.812500 -0.187500
v -0.437500 1.812500 -0.187500
v -0.500000 1.875000 -0.125000
v -0.500000 1.875000 -0.187500
v -0.437500 1.875000 -0.187500
v -0.500000 1.937500 -0.125000
v -0.500000 1.937500 -0.187500
v -0.437500 1.937500 -0.187500
v -0.500000 2.000000 -0.125000
v -0.500000 2.000000 -0.187500
v -0.437500 2.000000 -0.187500
v -0.437500 2.000000 -0.125000
v -0.500000 0.000000 -0.062500
v -0.500000 0.062500 -0.062500
v -0.437500 0.000000 -0.062500
v -0.500000 0.125000 -0.062500
v -0.500000 0.187500 -0.062500
v -0.500000 0.250000 -0.062500
v -0.500000 0.312500 -0.062500
v -0.500000 0.375000 -0.062500
v -0.500000 0.437500 -0.062500
v -0.500000 0.500000 -0.062500
v -0.500000 0.562500 -0.062500
v -0.500000 0.625000 -0.062500
v -0.500000 0.687500 -0.062500
v -0.500000 0.750000 -0.062500
v -0.500000 0.812500 -0.062500
v -0.500000 0.875000 -0.062500
v -0.500000 0.937500 -0.062500
v -0.500000 1.000000 -0.062500
v -0.500000 1.062500 -0.062500
v -0.500000 1.125000 -0.062500
v -0.500000 1.187500 -0.062500
v -0.500000 1.250000 -0.062500
v -0.500000 1.312500 -0.062500
v -0.500000 1.375000 -0.062500
v -0.500000 1.437500 -0.062500
v -0.500000 1.500000 -0.062500
v -0.500000 1.562500 -0.062500
v -0.500000 1.625000 -0.062500
v -0.500000 1.687500 -0.062500
v -0.500000 1.750000 -0.062500
v -0.500000 1.812500 -0.062500
v -0.500000 1.875000 -0.062500
v -0.500000 1.937500 -0.062500
v -0.500000 2.000000 -0.062500
v -0.437500 2.000000 -0.062500
v -0.500000 0.000000 0.000000
v -0.500000 0.062500 0.000000
v -0.437500 0.000000 0.000000
v -0.500000 0.125000 0.000000
v -0.500000 0.187500 0.000000
v -0.500000 0.250000 0.000000
v -0.500000 0.312500 0.000000
v -0.500000 0.375000 0.000000
v -0.500000 0.437500 0.000000
v -0.500000 0.500000 0.000000
v -0.500000 0.562500 0.000000
v -0.500000 0.625000 0.000000
v -0.500000 0.687500 0.000000
v -0.500000 0.750000 0.000000
v -0.500000 0.812500 0.000000
v -0.500000 0.875000 0.000000
v -0.500000 0.937500 0.000000
v -0.500000 1.000000 0.000000
v -0.500000 1.062500 0.000000
v -0.500000 1.125000 0.000000
v -0.500000 1.187500 0.000000
v -0.500000 1.250000 0.000000
v -0.500000 1.312500 0.000000
v -0.500000 1.375000 0.000000
v -0.500000 1.437500 0.000000
v -0.500000 1.500000 0.000000
v -0.500000 1.562500 0.000000
v -0.500000 1.625000 0.000000
v -0.500000 1.687500 0.000000
v -0.500000 1.750000 0.000000
v -0.500000 1.812500 0.000000
v -0.500000 1.875000 0.000000
v -0.500000 1.937500 0.000000
v -0.500000 2.000000 0.000000
v -0.437500 2.000000 0.000000
v -0.500000 0.000000 0.062500
v -0.500000 0.062500 0.062500
v -0.437500 0.000000 0.062500
v -0.500000 0.125000 0.062500
v -0.500000 0.187500 0.062500
v -0.500000 0.250000 0.062500
v -0.500000 0.312500 0.062500
v -0.500000 0.375000 0.062500
v -0.500000 0.437500 0.062500
v -0.500000 0.500000 0.062500
v -0.500000 0.562500 0.062500
v -0.500000 0.625000 0.062500
v -0.500000 0.687500 0.062500
v -0.500000 0.750000 0.062500
v -0.500000 0.812500 0.062500
v -0.500000 0.875000 0.062500
v -0.500000 0.937500 0.062500
v -0.500000 1.000000 0.062500
v -0.500000 1.062500 0.062500
v -0.500000 1.125000 0.062500
v -0.500000 1.187500 0.062500
v -0.500000 1.250000 0.062500
v -0.500000 1.312500 0.062500
v -0.500000 1.375000 0.062500
v -0.500000 1.437500 0.062500
v -0.500000 1.500000 0.062500
v -0.500000 1.562500 0.062500
v -0.500000 1.625000 0.062500
v -0.500000 1.687500 0.062500
v -0.500000 1.750000 0.062500
v -0.500000 1.812500 0.062500
v -0.500000 1.875000 0.062500
v -0.500000 1.937500 0.062500
v -0.500000 2.000000 0.062500
v -0.437500 2.000000 0.062500
v -0.500000 0.000000 0.125000
v -0.500000 0.062500 0.125000
v -0.437500 0.000000 0.125000
v -0.500000 0.125000 0.125000
v -0.500000 0.187500 0.125000
v -0.500000 0.250000 0.125000
v -0.500000 0.312500 0.125000
v -0.500000 0.375000 0.125000
v -0.500000 0.437500 0.125000
v -0.500000 0.500000 0.125000
v -0.500000 0.562500 0.125000
v -0.500000 0.625000 0.125000
v -0.500000 0.687500 0.125000
v -0.500000 0.750000 0.125000
v -0.500000 0.812500 0.125000
v -0.500000 0.875000 0.125000
v -0.500000 0.937500 0.125000
v -0.500000 1.000000 0.125000
v -0.500000 1.062500 0.125000
v -0.500000 1.125000 0.125000
v -0.500000 1.187500 0.125000
v -0.500000 1.250000 0.125000
v -0.500000 1.312500 0.125000
v -0.500000 1.375000 0.125000
v -0.500000 1.437500 0.125000
v -0.500000 1.500000 0.125000
v -0.500000 1.562500 0.125000
v -0.500000 1.625000 0.125000
v -0.500000 1.687500 0.125000
v -0.500000 1.750000 0.125000
v -0.500000 1.812500 0.125000
v -0.500000 1.875000 0.125000
v -0.500000 1.937500 0.125000
v -0.500000 2.000000 0.125000
v -0.437500 2.000000 0.125000
v -0.500000 0.000000 0.187500
v -0.500000 0.062500 0.187500
v -0.437500 0.000000 0.187500
v -0.500000 0.125000 0.187500
v -0.437500 0.062500 0.187500
v -0.437500 0.125000 0.187500
v -0.500000 0.187500 0.187500
v -0.437500 0.187500 0.187500
v -0.500000 0.250000 0.187500
v -0.437500 0.250000 0.187500
v -0.500000 0.312500 0.187500
v -0.437500 0.312500 0.187500
v -0.500000 0.375000 0.187500
v -0.437500 0.375000 0.187500
v -0.500000 0.437500 0.187500
v -0.437500 0.437500 0.187500
v -0.500000 0.500000 0.187500
v -0.437500 0.500000 0.187500
v -0.500000 0.562500 0.187500
v -0.437500 0.562500 0.187500
v -0.500000 0.625000 0.187500
v -0.437500 0.625000 0.187500
v -0.500000 0.687500 0.187500
v -0.437500 0.687500 0.187500
v -0.500000 0.750000 0.187500
v -0.437500 0.750000 0.187500
v -0.500000 0.812500 0.187500
v -0.437500 0.812500 0.187500
v -0.500000 0.875000 0.187500
v -0.437500 0.875000 0.187500
v -0.500000 0.937500 0.187500
v -0.437500 0.937500 0.187500
v -0.500000 1.000000 0.187500
v -0.437500 1.000000 0.187500
v -0.500000 1.062500 0.187500
v -0.437500 1.062500 0.187500
v -0.500000 1.125000 0.187500
v -0.437500 1.125000 0.187500
v -0.500000 1.187500 0.187500
v -0.437500 1.187500 0.187500
v -0.500000 1.250000 0.187500
v -0.437500 1.250000 0.187500
v -0.500000 1.312500 0.187500
v -0.437500 1.312500 0.187500
v -0.500000 1.375000 0.187500
v -0.437500 1.375000 0.187500
v -0.500000 1.437500 0.187500
v -0.437500 1.437500 0.187500
v -0.500000 1.500000 0.187500
v -0.437500 1.500000 0.187500
v -0.500000 1.562500 0.187500
v -0.437500 1.562500 0.187500
v -0.500000 1.625000 0.187500
v -0.437500 1.625000 0.187500
v -0.500000 1.687500 0.187500
v -0.437500 1.687500 0.187500
v -0.500000 1.750000 0.187500
v -0.437500 1.750000 0.187500
v -0.500000 1.812500 0.187500
v -0.437500 1.812500 0.187500
v -0.500000 1.875000 0.187500
v -0.437500 1.875000 0.187500
v -0.500000 1.937500 0.187500
v -0.437500 1.937500 0.187500
v -0.500000 2.000000 0.187500
v -0.437500 2.000000 0.187500
v -0.500000 0.000000 0.250000
v -0.500000 0.062500 0.250000
v -0.437500 0.000000 0.250000
v -0.437500 0.062500 0.250000
v -0.500000 0.000000 0.312500
v -0.500000 0.062500 0.312500
v -0.437500 0.000000 0.312500
v -0.437500 0.062500 0.312500
v -0.500000 0.000000 0.375000
v -0.500000 0.062500 0.375000
v -0.437500 0.000000 0.375000
v -0.437500 0.062500 0.375000
v -0.500000 0.000000 0.437500
v -0.500000 0.062500 0.437500
v -0.437500 0.000000 0.437500
v -0.437500 0.062500 0.437500
v -0.500000 0.000000 0.500000
v -0.500000 0.062500 0.500000
v -0.437500 0.000000 0.500000
v -0.437500 0.062500 0.500000
v -0.375000 0.062500 -0.500000
v -0.375000 0.000000 -0.500000
v -0.375000 0.000000 -0.437500
v -0.375000 0.062500 -0.437500
v -0.375000 0.000000 -0.375000
v -0.375000 0.062500 -0.375000
v -0.375000 0.000000 -0.312500
v -0.375000 0.062500 -0.312500
v -0.375000 0.000000 -0.250000
v -0.375000 0.062500 -0.250000
v -0.375000 0.000000 -0.187500
v -0.375000 0.062500 -0.187500
v -0.375000 0.000000 -0.125000
v -0.375000 0.125000 -0.187500
v -0.375000 0.187500 -0.187500
v -0.375000 0.250000 -0.187500
v -0.375000 0.312500 -0.187500
v -0.375000 0.375000 -0.187500
v -0.375000 0.437500 -0.187500
v -0.375000 0.500000 -0.187500
v -0.375000 0.562500 -0.187500
v -0.375000 0.625000 -0.187500
v -0.375000 0.687500 -0.187500
v -0.375000 0.750000 -0.187500
v -0.375000 0.812500 -0.187500
v -0.375000 0.875000 -0.187500
v -0.375000 0.937500 -0.187500
v -0.375000 1.000000 -0.187500
v -0.375000 1.062500 -0.187500
v -0.375000 1.125000 -0.187500
v -0.375000 1.187500 -0.187500
v -0.375000 1.250000 -0.187500
v -0.375000 1.312500 -0.187500
v -0.375000 1.375000 -0.187500
v -0.375000 1.437500 -0.187500
v -0.375000 1.500000 -0.187500
v -0.375000 1.562500 -0.187500
v -0.375000 1.625000 -0.187500
v -0.375000 1.687500 -0.187500
v -0.375000 1.750000 -0.187500
v -0.375000 1.812500 -0.187500
v -0.375000 1.875000 -0.187500
v -0.375000 1.937500 -0.187500
v -0.375000 2.000000 -0.187500
v -0.375000 2.000000 -0.125000
v -0.375000 0.000000 -0.062500
v -0.375000 2.000000 -0.062500
v -0.375000 0.000000 0.000000
v -0.375000 2.000000 0.000000
v -0.375000 0.000000 0.062500
v -0.375000 2.000000 0.062500
v -0.375000 0.000000 0.125000
v -0.375000 2.000000 0.125000
v -0.375000 0.000000 0.187500
v -0.375000 0.062500 0.187500
v -0.375000 0.125000 0.187500
v -0.375000 0.187500 0.187500
v -0.375000 0.250000 0.187500
v -0.375000 0.312500 0.187500
v -0.375000 0.375000 0.187500
v -0.375000 0.437500 0.187500
v -0.375000 0.500000 0.187500
v -0.375000 0.562500 0.187500
v -0.375000 0.625000 0.187500
v -0.375000 0.687500 0.187500
v -0.375000 0.750000 0.187500
v -0.375000 0.812500 0.187500
v -0.375000 0.875000 0.187500
v -0.375000 0.937500 0.187500
v -0.375000 1.000000 0.187500
v -0.375000 1.062500 0.187500
v -0.375000 1.125000 0.187500
v -0.375000 1.187500 0.187500
v -0.375000 1.250000 0.187500
v -0.375000 1.312500 0.187500
v -0.375000 1.375000 0.187500
v -0.375000 1.437500 0.187500
v -0.375000 1.500000 0.187500
v -0.375000 1.562500 0.187500
v -0.375000 1.625000 0.187500
v -0.375000 1.687500 0.187500
v -0.375000 1.750000 0.187500
v -0.375000 1.812500 0.187500
v -0.375000 1.875000 0.187500
v -0.375000 1.937500 0.187500
v -0.375000 2.000000 0.187500
v -0.375000 0.000000 0.250000
v -0.375000 0.062500 0.250000
v -0.375000 0.000000 0.312500
v -0.375000 0.062500 0.312500
v -0.375000 0.000000 0.375000
v -0.375000 0.062500 0.375000
v -0.375000 0.000000 0.437500
v -0.375000 0.062500 0.437500
v -0.375000 0.000000 0.500000
v -0.375000 0.062500 0.500000
v -0.312500 0.062500 -0.500000
v -0.312500 0.000000 -0.500000
v -0.312500 0.000000 -0.437500
v -0.312500 0.062500 -0.437500
v -0.312500 0.000000 -0.375000
v -0.312500 0.062500 -0.375000
v -0.312500 0.000000 -0.312500
v -0.312500 0.062500 -0.312500
v -0.312500 0.000000 -0.250000
v -0.312500 0.062500 -0.250000
v -0.312500 0.000000 -0.187500
v -0.312500 0.062500 -0.187500
v -0.312500 0.000000 -0.125000
v -0.312500 0.125000 -0.187500
v -0.312500 0.125000 -0.125000
v -0.312500 0.062500 -0.125000
v -0.312500 0.187500 -0.187500
v -0.312500 0.187500 -0.125000
v -0.312500 0.250000 -0.187500
v -0.312500 0.250000 -0.125000
v -0.312500 0.312500 -0.187500
v -0.312500 0.312500 -0.125000
v -0.312500 0.375000 -0.187500
v -0.312500 0.375000 -0.125000
v -0.312500 0.437500 -0.187500
v -0.312500 0.437500 -0.125000
v -0.312500 0.500000 -0.187500
v -0.312500 0.500000 -0.125000
v -0.312500 0.562500 -0.187500
v -0.312500 0.562500 -0.125000
v -0.312500 0.625000 -0.187500
v -0.312500 0.625000 -0.125000
v -0.312500 0.687500 -0.187500
v -0.312500 0.687500 -0.125000
v -0.312500 0.750000 -0.187500
v -0.312500 0.750000 -0.125000
v -0.312500 0.812500 -0.187500
v -0.312500 0.812500 -0.125000
v -0.312500 0.875000 -0.187500
v -0.312500 0.875000 -0.125000
v -0.312500 0.937500 -0.187500
v -0.312500 0.937500 -0.125000
v -0.312500 1.000000 -0.187500
v -0.312500 1.000000 -0.125000
v -0.312500 1.062500 -0.187500
v -0.312500 1.062500 -0.125000
v -0.312500 1.125000 -0.187500
v -0.312500 1.125000 -0.125000
v -0.312500 1.187500 -0.187500
v -0.312500 1.187500 -0.125000
v -0.312500 1.250000 -0.187500
v -0.312500 1.250000 -0.125000
v -0.312500 1.312500 -0.187500
v -0.312500 1.312500 -0.125000
v -0.312500 1.375000 -0.187500
v -0.312500 1.375000 -0.125000
v -0.312500 1.437500 -0.187500
v -0.312500 1.437500 -0.125000
v -0.312500 1.500000 -0.187500
v -0.312500 1.500000 -0.125000
v -0.312500 1.562500 -0.187500
v -0.312500 1.562500 -0.125000
v -0.312500 1.625000 -0.187500
v -0.312500 1.625000 -0.125000
v -0.312500 1.687500 -0.187500
v -0.312500 1.687500 -0.125000
v -0.312500 1.750000 -0.187500
v -0.312500 1.750000 -0.125000
v -0.312500 1.812500 -0.187500
v -0.312500 1.875000 -0.187500
v -0.312500 1.937500 -0.187500
v -0.312500 2.000000 -0.187500
v -0.312500 2.000000 -0.125000
v -0.312500 0.000000 -0.062500
v -0.312500 0.125000 -0.062500
v -0.312500 0.062500 -0.062500
v -0.312500 0.187500 -0.062500
v -0.312500 0.250000 -0.062500
v -0.312500 0.312500 -0.062500
v -0.312500 0.375000 -0.062500
v -0.312500 0.437500 -0.062500
v -0.312500 0.500000 -0.062500
v -0.312500 0.562500 -0.062500
v -0.312500 0.625000 -0.062500
v -0.312500 0.687500 -0.062500
v -0.312500 0.750000 -0.062500
v -0.312500 0.812500 -0.062500
v -0.312500 0.875000 -0.062500
v -0.312500 0.937500 -0.062500
v -0.312500 1.000000 -0.062500
v -0.312500 1.062500 -0.062500
v -0.312500 1.125000 -0.062500
v -0.312500 1.187500 -0.062500
v -0.312500 1.250000 -0.062500
v -0.312500 1.312500 -0.062500
v -0.312500 1.375000 -0.062500
v -0.312500 1.437500 -0.062500
v -0.312500 1.500000 -0.062500
v -0.312500 1.562500 -0.062500
v -0.312500 1.625000 -0.062500
v -0.312500 1.687500 -0.062500
v -0.312500 1.750000 -0.062500
v -0.312500 2.000000 -0.062500
v -0.312500 0.000000 0.000000
v -0.312500 0.125000 0.000000
v -0.312500 0.062500 0.000000
v -0.312500 0.187500 0.000000
v -0.312500 0.250000 0.000000
v -0.312500 0.312500 0.000000
v -0.312500 0.375000 0.000000
v -0.312500 0.437500 0.000000
v -0.312500 0.500000 0.000000
v -0.312500 0.562500 0.000000
v -0.312500 0.625000 0.000000
v -0.312500 0.687500 0.000000
v -0.312500 0.750000 0.000000
v -0.312500 0.812500 0.000000
v -0.312500 0.875000 0.000000
v -0.312500 0.937500 0.000000
v -0.312500 1.000000 0.000000
v -0.312500 1.062500 0.000000
v -0.312500 1.125000 0.000000
v -0.312500 1.187500 0.000000
v -0.312500 1.250000 0.000000
v -0.312500 1.312500 0.000000
v -0.312500 1.375000 0.000000
v -0.312500 1.437500 0.000000
v -0.312500 1.500000 0.000000
v -0.312500 1.562500 0.000000
v -0.312500 1.625000 0.000000
v -0.312500 1.750000 0.000000
v -0.312500 1.687500 0.000000
v -0.312500 2.000000 0.000000
v -0.312500 0.000000 0.062500
v -0.312500 0.125000 0.062500
v -0.312500 0.062500 0.062500
v -0.312500 0.187500 0.062500
v -0.312500 0.250000 0.062500
v -0.312500 0.312500 0.062500
v -0.312500 0.375000 0.062500
v -0.312500 0.437500 0.062500
v -0.312500 0.500000 0.062500
v -0.312500 0.562500 0.062500
v -0.312500 0.625000 0.062500
v -0.312500 0.687500 0.062500
v -0.312500 0.750000 0.062500
v -0.312500 0.812500 0.062500
v -0.312500 0.875000 0.062500
v -0.312500 0.937500 0.062500
v -0.312500 1.000000 0.062500
v -0.312500 1.062500 0.062500
v -0.312500 1.125000 0.062500
v -0.312500 1.187500 0.062500
v -0.312500 1.250000 0.062500
v -0.312500 1.312500 0.062500
v -0.312500 1.375000 0.062500
v -0.312500 1.437500 0.062500
v -0.312500 1.500000 0.062500
v -0.312500 1.562500 0.062500
v -0.312500 1.625000 0.062500
v -0.312500 1.750000 0.062500
v -0.312500 1.687500 0.062500
v -0.312500 2.000000 0.062500
v -0.312500 0.000000 0.125000
v -0.312500 0.125000 0.125000
v -0.312500 0.062500 0.125000
v -0.312500 0.187500 0.125000
v -0.312500 0.250000 0.125000
v -0.312500 0.312500 0.125000
v -0.312500 0.375000 0.125000
v -0.312500 0.437500 0.125000
v -0.312500 0.500000 0.125000
v -0.312500 0.562500 0.125000
v -0.312500 0.625000 0.125000
v -0.312500 0.687500 0.125000
v -0.312500 0.750000 0.125000
v -0.312500 0.812500 0.125000
v -0.312500 0.875000 0.125000
v -0.312500 0.937500 0.125000
v -0.312500 1.000000 0.125000
v -0.312500 1.062500 0.125000
v -0.312500 1.125000 0.125000
v -0.312500 1.187500 0.125000
v -0.312500 1.250000 0.125000
v -0.312500 1.312500 0.125000
v -0.312500 1.375000 0.125000
v -0.312500 1.437500 0.125000
v -0.312500 1.500000 0.125000
v -0.312500 1.562500 0.125000
v -0.312500 1.625000 0.125000
v -0.312500 1.687500 0.125000
v -0.312500 1.750000 0.125000
v -0.312500 2.000000 0.125000
v -0.312500 0.000000 0.187500
v -0.312500 0.125000 0.187500
v -0.312500 0.062500 0.187500
v -0.312500 0.187500 0.187500
v -0.312500 0.250000 0.187500
v -0.312500 0.312500 0.187500
v -0.312500 0.375000 0.187500
v -0.312500 0.437500 0.187500
v -0.312500 0.500000 0.187500
v -0.312500 0.562500 0.187500
v -0.312500 0.625000 0.187500
v -0.312500 0.687500 0.187500
v -0.312500 0.750000 0.187500
v -0.312500 0.812500 0.187500
v -0.312500 0.875000 0.187500
v -0.312500 0.937500 0.187500
v -0.312500 1.000000 0.187500
v -0.312500 1.062500 0.187500
v -0.312500 1.125000 0.187500
v -0.312500 1.187500 0.187500
v -0.312500 1.250000 0.187500
v -0.312500 1.312500 0.187500
v -0.312500 1.375000 0.187500
v -0.312500 1.437500 0.187500
v -0.312500 1.500000 0.187500
v -0.312500 1.562500 0.187500
v -0.312500 1.625000 0.187500
v -0.312500 1.687500 0.187500
v -0.312500 1.750000 0.187500
v -0.312500 1.812500 0.187500
v -0.312500 1.875000 0.187500
v -0.312500 1.937500 0.187500
v -0.312500 2.000000 0.187500
v -0.312500 0.000000 0.250000
v -0.312500 0.062500 0.250000
v -0.312500 0.000000 0.312500
v -0.312500 0.062500 0.312500
v -0.312500 0.000000 0.375000
v -0.312500 0.062500 0.375000
v -0.312500 0.000000 0.437500
v -0.312500 0.062500 0.437500
v -0.312500 0.000000 0.500000
v -0.312500 0.062500 0.500000
v -0.250000 0.062500 -0.500000
v -0.250000 0.000000 -0.500000
v -0.250000 0.000000 -0.437500
v -0.250000 0.062500 -0.437500
v -0.250000 0.000000 -0.375000
v -0.250000 0.062500 -0.375000
v -0.250000 0.000000 -0.312500
v -0.250000 0.062500 -0.312500
v -0.250000 0.000000 -0.250000
v -0.250000 0.062500 -0.250000
v -0.250000 0.000000 -0.187500
v -0.250000 0.062500 -0.187500
v -0.250000 0.000000 -0.125000
v -0.250000 0.062500 -0.125000
v -0.250000 1.812500 -0.187500
v -0.250000 1.750000 -0.187500
v -0.250000 1.750000 -0.125000
v -0.250000 1.875000 -0.187500
v -0.250000 1.937500 -0.187500
v -0.250000 2.000000 -0.187500
v -0.250000 2.000000 -0.125000
v -0.250000 0.000000 -0.062500
v -0.250000 0.062500 -0.062500
v -0.250000 1.750000 -0.062500
v -0.250000 2.000000 -0.062500
v -0.250000 0.000000 0.000000
v -0.250000 0.062500 0.000000
v -0.250000 1.687500 -0.062500
v -0.250000 1.625000 -0.062500
v -0.250000 1.625000 0.000000
v -0.250000 1.687500 0.000000
v -0.250000 1.750000 0.000000
v -0.250000 2.000000 0.000000
v -0.250000 0.000000 0.062500
v -0.250000 0.062500 0.062500
v -0.250000 1.625000 0.062500
v -0.250000 1.687500 0.062500
v -0.250000 1.750000 0.062500
v -0.250000 2.000000 0.062500
v -0.250000 0.000000 0.125000
v -0.250000 0.062500 0.125000
v -0.250000 1.750000 0.125000
v -0.250000 2.000000 0.125000
v -0.250000 0.000000 0.187500
v -0.250000 0.062500 0.187500
v -0.250000 1.750000 0.187500
v -0.250000 1.812500 0.187500
v -0.250000 1.875000 0.187500
v -0.250000 1.937500 0.187500
v -0.250000 2.000000 0.187500
v -0.250000 0.000000 0.250000
v -0.250000 0.062500 0.250000
v -0.250000 0.000000 0.312500
v -0.250000 0.062500 0.312500
v -0.250000 0.000000 0.375000
v -0.250000 0.062500 0.375000
v -0.250000 0.000000 0.437500
v -0.250000 0.062500 0.437500
v -0.250000 0.000000 0.500000
v -0.250000 0.062500 0.500000
v -0.187500 0.062500 -0.500000
v -0.187500 0.000000 -0.500000
v -0.187500 0.000000 -0.437500
v -0.187500 0.062500 -0.437500
v -0.187500 0.000000 -0.375000
v -0.187500 0.062500 -0.375000
v -0.187500 0.000000 -0.312500
v -0.187500 0.062500 -0.312500
v -0.187500 0.000000 -0.250000
v -0.187500 0.062500 -0.250000
v -0.187500 0.000000 -0.187500
v -0.187500 0.062500 -0.187500
v -0.187500 0.000000 -0.125000
v -0.187500 0.062500 -0.125000
v -0.187500 1.812500 -0.187500
v -0.187500 1.750000 -0.187500
v -0.187500 1.750000 -0.125000
v -0.187500 1.875000 -0.187500
v -0.187500 1.937500 -0.187500
v -0.187500 2.000000 -0.187500
v -0.187500 2.000000 -0.125000
v -0.187500 0.000000 -0.062500
v -0.187500 0.062500 -0.062500
v -0.187500 1.750000 -0.062500
v -0.187500 2.000000 -0.062500
v -0.187500 0.000000 0.000000
v -0.187500 0.062500 0.000000
v -0.250000 1.500000 0.000000
v -0.250000 1.562500 0.000000
v -0.250000 1.562500 -0.062500
v -0.250000 1.500000 -0.062500
v -0.187500 1.562500 -0.062500
v -0.187500 1.562500 0.000000
v -0.187500 1.500000 0.000000
v -0.187500 1.500000 -0.062500
v -0.187500 1.625000 -0.062500
v -0.187500 1.625000 0.000000
v -0.187500 1.687500 -0.062500
v -0.187500 1.750000 0.000000
v -0.187500 1.687500 0.000000
v -0.187500 2.000000 0.000000
v -0.187500 0.000000 0.062500
v -0.187500 0.062500 0.062500
v -0.250000 1.500000 0.062500
v -0.250000 1.562500 0.062500
v -0.187500 1.562500 0.062500
v -0.187500 1.500000 0.062500
v -0.187500 1.625000 0.062500
v -0.187500 1.687500 0.062500
v -0.187500 1.750000 0.062500
v -0.187500 2.000000 0.062500
v -0.187500 0.000000 0.125000
v -0.187500 0.062500 0.125000
v -0.187500 1.750000 0.125000
v -0.187500 2.000000 0.125000
v -0.187500 0.000000 0.187500
v -0.187500 0.062500 0.187500
v -0.187500 1.750000 0.187500
v -0.187500 1.812500 0.187500
v -0.187500 1.875000 0.187500
v -0.187500 1.937500 0.187500
v -0.187500 2.000000 0.187500
v -0.187500 0.000000 0.250000
v -0.187500 0.062500 0.250000
v -0.187500 0.000000 0.312500
v -0.187500 0.062500 0.312500
v -0.187500 0.000000 0.375000
v -0.187500 0.062500 0.375000
v -0.187500 0.000000 0.437500
v -0.187500 0.062500 0.437500
v -0.187500 0.000000 0.500000
v -0.187500 0.062500 0.500000
v -0.125000 0.062500 -0.500000
v -0.125000 0.000000 -0.500000
v -0.125000 0.000000 -0.437500
v -0.125000 0.062500 -0.437500
v -0.125000 0.000000 -0.375000
v -0.125000 0.062500 -0.375000
v -0.125000 0.000000 -0.312500
v -0.125000 0.062500 -0.312500
v -0.125000 0.000000 -0.250000
v -0.125000 0.062500 -0.250000
v -0.125000 0.000000 -0.187500
v -0.125000 0.062500 -0.187500
v -0.125000 0.000000 -0.125000
v -0.125000 0.062500 -0.125000
v -0.125000 1.812500 -0.187500
v -0.125000 1.750000 -0.187500
v -0.125000 1.750000 -0.125000
v -0.125000 1.875000 -0.187500
v -0.125000 1.937500 -0.187500
v -0.125000 2.000000 -0.187500
v -0.125000 2.000000 -0.125000
v -0.125000 0.000000 -0.062500
v -0.125000 0.062500 -0.062500
v -0.125000 1.750000 -0.062500
v -0.125000 2.000000 -0.062500
v -0.125000 0.000000 0.000000
v -0.125000 0.062500 0.000000
v -0.125000 1.687500 -0.062500
v -0.125000 1.625000 -0.062500
v -0.125000 1.625000 0.000000
v -0.125000 1.687500 0.000000
v -0.125000 1.750000 0.000000
v -0.125000 2.000000 0.000000
v -0.125000 0.000000 0.062500
v -0.125000 0.062500 0.062500
v -0.125000 1.625000 0.062500
v -0.125000 1.687500 0.062500
v -0.125000 1.750000 0.062500
v -0.125000 2.000000 0.062500
v -0.125000 0.000000 0.125000
v -0.125000 0.062500 0.125000
v -0.125000 1.750000 0.125000
v -0.125000 2.000000 0.125000
v -0.125000 0.000000 0.187500
v -0.125000 0.062500 0.187500
v -0.125000 1.750000 0.187500
v -0.125000 1.812500 0.187500
v -0.125000 1.875000 0.187500
v -0.125000 1.937500 0.187500
v -0.125000 2.000000 0.187500
v -0.125000 0.000000 0.250000
v -0.125000 0.062500 0.250000
v -0.125000 0.000000 0.312500
v -0.125000 0.062500 0.312500
v -0.125000 0.000000 0.375000
v -0.125000 0.062500 0.375000
v -0.125000 0.000000 0.437500
v -0.125000 0.062500 0.437500
v -0.125000 0.000000 0.500000
v -0.125000 0.062500 0.500000
v -0.062500 0.062500 -0.500000
v -0.062500 0.000000 -0.500000
v -0.062500 0.000000 -0.437500
v -0.062500 0.062500 -0.437500
v -0.062500 0.000000 -0.375000
v -0.062500 0.062500 -0.375000
v -0.062500 0.000000 -0.312500
v -0.062500 0.062500 -0.312500
v -0.062500 0.000000 -0.250000
v -0.062500 0.062500 -0.250000
v -0.062500 0.000000 -0.187500
v -0.062500 0.062500 -0.187500
v -0.062500 0.000000 -0.125000
v -0.062500 0.062500 -0.125000
v -0.062500 1.812500 -0.187500
v -0.062500 1.750000 -0.187500
v -0.062500 1.750000 -0.125000
v -0.062500 1.875000 -0.187500
v -0.062500 1.937500 -0.187500
v -0.062500 2.000000 -0.187500
v -0.062500 2.000000 -0.125000
v -0.062500 0.000000 -0.062500
v -0.062500 0.062500 -0.062500
v -0.062500 1.750000 -0.062500
v -0.062500 2.000000 -0.062500
v -0.062500 0.000000 0.000000
v -0.062500 0.062500 0.000000
v -0.062500 1.687500 -0.062500
v -0.062500 1.625000 -0.062500
v -0.062500 1.625000 0.000000
v -0.062500 1.687500 0.000000
v -0.062500 1.750000 0.000000
v -0.062500 2.000000 0.000000
v -0.062500 0.000000 0.062500
v -0.062500 0.062500 0.062500
v -0.062500 1.625000 0.062500
v -0.062500 1.687500 0.062500
v -0.062500 1.750000 0.062500
v -0.062500 2.000000 0.062500
v -0.062500 0.000000 0.125000
v -0.062500 0.062500 0.125000
v -0.062500 1.750000 0.125000
v -0.062500 2.000000 0.125000
v -0.062500 0.000000 0.187500
v -0.062500 0.062500 0.187500
v -0.062500 1.750000 0.187500
v -0.062500 1.812500 0.187500
v -0.062500 1.875000 0.187500
v -0.062500 1.937500 0.187500
v -0.062500 2.000000 0.187500
v -0.062500 0.000000 0.250000
v -0.062500 0.062500 0.250000
v -0.062500 0.000000 0.312500
v -0.062500 0.062500 0.312500
v -0.062500 0.000000 0.375000
v -0.062500 0.062500 0.375000
v -0.062500 0.000000 0.437500
v -0.062500 0.062500 0.437500
v -0.062500 0.000000 0.500000
v -0.062500 0.062500 0.500000
v 0.000000 0.062500 -0.500000
v 0.000000 0.000000 -0.500000
v 0.000000 0.000000 -0.437500
v 0.000000 0.062500 -0.437500
v 0.000000 0.000000 -0.375000
v 0.000000 0.062500 -0.375000
v 0.000000 0.000000 -0.312500
v 0.000000 0.062500 -0.312500
v 0.000000 0.000000 -0.250000
v 0.000000 0.062500 -0.250000
v 0.000000 0.000000 -0.187500
v 0.000000 0.062500 -0.187500
v 0.000000 0.000000 -0.125000
v 0.000000 0.062500 -0.125000
v 0.000000 1.812500 -0.187500
v 0.000000 1.750000 -0.187500
v 0.000000 1.750000 -0.125000
v 0.000000 1.875000 -0.187500
v 0.000000 1.937500 -0.187500
v 0.000000 2.000000 -0.187500
v 0.000000 2.000000 -0.125000
v 0.000000 0.000000 -0.062500
v 0.000000 0.062500 -0.062500
v 0.000000 1.750000 -0.062500
v 0.000000 2.000000 -0.062500
v 0.000000 0.000000 0.000000
v 0.000000 0.062500 0.000000
v -0.062500 1.500000 0.000000
v -0.062500 1.562500 0.000000
v -0.062500 1.562500 -0.062500
v -0.062500 1.500000 -0.062500
v 0.000000 1.562500 -0.062500
v 0.000000 1.562500 0.000000
v 0.000000 1.500000 0.000000
v 0.000000 1.500000 -0.062500
v 0.000000 1.625000 -0.062500
v 0.000000 1.625000 0.000000
v 0.000000 1.687500 -0.062500
v 0.000000 1.750000 0.000000
v 0.000000 1.687500 0.000000
v 0.000000 2.000000 0.000000
v 0.000000 0.000000 0.062500
v 0.000000 0.062500 0.062500
v -0.062500 1.500000 0.062500
v -0.062500 1.562500 0.062500
v 0.000000 1.562500 0.062500
v 0.000000 1.500000 0.062500
v 0.000000 1.625000 0.062500
v 0.000000 1.687500 0.062500
v 0.000000 1.750000 0.062500
v 0.000000 2.000000 0.062500
v 0.000000 0.000000 0.125000
v 0.000000 0.062500 0.125000
v 0.000000 1.750000 0.125000
v 0.000000 2.000000 0.125000
v 0.000000 0.000000 0.187500
v 0.000000 0.062500 0.187500
v 0.000000 1.750000 0.187500
v 0.000000 1.812500 0.187500
v 0.000000 1.875000 0.187500
v 0.000000 1.937500 0.187500
v 0.000000 2.000000 0.187500
v 0.000000 0.000000 0.250000
v 0.000000 0.062500 0.250000
v 0.000000 0.000000 0.312500
v 0.000000 0.062500 0.312500
v 0.000000 0.000000 0.375000
v 0.000000 0.062500 0.375000
v 0.000000 0.000000 0.437500
v 0.000000 0.062500 0.437500
v 0.000000 0.000000 0.500000
v 0.000000 0.062500 0.500000
v 0.062500 0.062500 -0.500000
v 0.062500 0.000000 -0.500000
v 0.062500 0.000000 -0.437500
v 0.062500 0.062500 -0.437500
v 0.062500 0.000000 -0.375000
v 0.062500 0.062500 -0.375000
v 0.062500 0.000000 -0.312500
v 0.062500 0.062500 -0.312500
v 0.062500 0.000000 -0.250000
v 0.062500 0.062500 -0.250000
v 0.062500 0.000000 -0.187500
v 0.062500 0.062500 -0.187500
v 0.062500 0.000000 -0.125000
v 0.062500 0.062500 -0.125000
v 0.062500 1.812500 -0.187500
v 0.062500 1.750000 -0.187500
v 0.062500 1.750000 -0.125000
v 0.062500 1.875000 -0.187500
v 0.062500 1.937500 -0.187500
v 0.062500 2.000000 -0.187500
v 0.062500 2.000000 -0.125000
v 0.062500 0.000000 -0.062500
v 0.062500 0.062500 -0.062500
v 0.062500 1.750000 -0.062500
v 0.062500 2.000000 -0.062500
v 0.062500 0.000000 0.000000
v 0.062500 0.062500 0.000000
v 0.062500 1.687500 -0.062500
v 0.062500 1.625000 -0.062500
v 0.062500 1.625000 0.000000
v 0.062500 1.687500 0.000000
v 0.062500 1.750000 0.000000
v 0.062500 2.000000 0.000000
v 0.062500 0.000000 0.062500
v 0.062500 0.062500 0.062500
v 0.062500 1.625000 0.062500
v 0.062500 1.687500 0.062500
v 0.062500 1.750000 0.062500
v 0.062500 2.000000 0.062500
v 0.062500 0.000000 0.125000
v 0.062500 0.062500 0.125000
v 0.062500 1.750000 0.125000
v 0.062500 2.000000 0.125000
v 0.062500 0.000000 0.187500
v 0.062500 0.062500 0.187500
v 0.062500 1.750000 0.187500
v 0.062500 1.812500 0.187500
v 0.062500 1.875000 0.187500
v 0.062500 1.937500 0.187500
v 0.062500 2.000000 0.187500
v 0.062500 0.000000 0.250000
v 0.062500 0.062500 0.250000
v 0.062500 0.000000 0.312500
v 0.062500 0.062500 0.312500
v 0.062500 0.000000 0.375000
v 0.062500 0.062500 0.375000
v 0.062500 0.000000 0.437500
v 0.062500 0.062500 0.437500
v 0.062500 0.000000 0.500000
v 0.062500 0.062500 0.500000
v 0.125000 0.062500 -0.500000
v 0.125000 0.000000 -0.500000
v 0.125000 0.000000 -0.437500
v 0.125000 0.062500 -0.437500
v 0.125000 0.000000 -0.375000
v 0.125000 0.062500 -0.375000
v 0.125000 0.000000 -0.312500
v 0.125000 0.062500 -0.312500
v 0.125000 0.000000 -0.250000
v 0.125000 0.062500 -0.250000
v 0.125000 0.000000 -0.187500
v 0.125000 0.062500 -0.187500
v 0.125000 0.000000 -0.125000
v 0.125000 0.062500 -0.125000
v 0.125000 1.812500 -0.187500
v 0.125000 1.750000 -0.187500
v 0.125000 1.750000 -0.125000
v 0.125000 1.875000 -0.187500
v 0.125000 1.937500 -0.187500
v 0.125000 2.000000 -0.187500
v 0.125000 2.000000 -0.125000
v 0.125000 0.000000 -0.062500
v 0.125000 0.062500 -0.062500
v 0.125000 1.750000 -0.062500
v 0.125000 2.000000 -0.062500
v 0.125000 0.000000 0.000000
v 0.125000 0.062500 0.000000
v 0.125000 1.687500 -0.062500
v 0.125000 1.625000 -0.062500
v 0.125000 1.625000 0.000000
v 0.125000 1.687500 0.000000
v 0.125000 1.750000 0.000000
v 0.125000 2.000000 0.000000
v 0.125000 0.000000 0.062500
v 0.125000 0.062500 0.062500
v 0.125000 1.625000 0.062500
v 0.125000 1.687500 0.062500
v 0.125000 1.750000 0.062500
v 0.125000 2.000000 0.062500
v 0.125000 0.000000 0.125000
v 0.125000 0.062500 0.125000
v 0.125000 1.750000 0.125000
v 0.125000 2.000000 0.125000
v 0.125000 0.000000 0.187500
v 0.125000 0.062500 0.187500
v 0.125000 1.750000 0.187500
v 0.125000 1.812500 0.187500
v 0.125000 1.875000 0.187500
v 0.125000 1.937500 0.187500
v 0.125000 2.000000 0.187500
v 0.125000 0.000000 0.250000
v 0.125000 0.062500 0.250000
v 0.125000 0.000000 0.312500
v 0.125000 0.062500 0.312500
v 0.125000 0.000000 0.375000
v 0.125000 0.062500 0.375000
v 0.125000 0.000000 0.437500
v 0.125000 0.062500 0.437500
v 0.125000 0.000000 0.500000
v 0.125000 0.062500 0.500000
v 0.187500 0.062500 -0.500000
v 0.187500 0.000000 -0.500000
v 0.187500 0.000000 -0.437500
v 0.187500 0.062500 -0.437500
v 0.187500 0.000000 -0.375000
v 0.187500 0.062500 -0.375000
v 0.187500 0.000000 -0.312500
v 0.187500 0.062500 -0.312500
v 0.187500 0.000000 -0.250000
v 0.187500 0.062500 -0.250000
v 0.187500 0.000000 -0.187500
v 0.187500 0.062500 -0.187500
v 0.187500 0.000000 -0.125000
v 0.187500 0.062500 -0.125000
v 0.187500 1.812500 -0.187500
v 0.187500 1.750000 -0.187500
v 0.187500 1.750000 -0.125000
v 0.187500 1.875000 -0.187500
v 0.187500 1.937500 -0.187500
v 0.187500 2.000000 -0.187500
v 0.187500 2.000000 -0.125000
v 0.187500 0.000000 -0.062500
v 0.187500 0.062500 -0.062500
v 0.187500 1.750000 -0.062500
v 0.187500 2.000000 -0.062500
v 0.187500 0.000000 0.000000
v 0.187500 0.062500 0.000000
v 0.125000 1.500000 0.000000
v 0.125000 1.562500 0.000000
v 0.125000 1.562500 -0.062500
v 0.125000 1.500000 -0.062500
v 0.187500 1.562500 -0.062500
v 0.187500 1.562500 0.000000
v 0.187500 1.500000 0.000000
v 0.187500 1.500000 -0.062500
v 0.187500 1.625000 -0.062500
v 0.187500 1.625000 0.000000
v 0.187500 1.687500 -0.062500
v 0.187500 1.750000 0.000000
v 0.187500 1.687500 0.000000
v 0.187500 2.000000 0.000000
v 0.187500 0.000000 0.062500
v 0.187500 0.062500 0.062500
v 0.125000 1.500000 0.062500
v 0.125000 1.562500 0.062500
v 0.187500 1.562500 0.062500
v 0.187500 1.500000 0.062500
v 0.187500 1.625000 0.062500
v 0.187500 1.687500 0.062500
v 0.187500 1.750000 0.062500
v 0.187500 2.000000 0.062500
v 0.187500 0.000000 0.125000
v 0.187500 0.062500 0.125000
v 0.187500 1.750000 0.125000
v 0.187500 2.000000 0.125000
v 0.187500 0.000000 0.187500
v 0.187500 0.062500 0.187500
v 0.187500 1.750000 0.187500
v 0.187500 1.812500 0.187500
v 0.187500 1.875000 0.187500
v 0.187500 1.937500 0.187500
v 0.187500 2.000000 0.187500
v 0.187500 0.000000 0.250000
v 0.187500 0.062500 0.250000
v 0.187500 0.000000 0.312500
v 0.187500 0.062500 0.312500
v 0.187500 0.000000 0.375000
v 0.187500 0.062500 0.375000
v 0.187500 0.000000 0.437500
v 0.187500 0.062500 0.437500
v 0.187500 0.000000 0.500000
v 0.187500 0.062500 0.500000
v 0.250000 0.062500 -0.500000
v 0.250000 0.000000 -0.500000
v 0.250000 0.000000 -0.437500
v 0.250000 0.062500 -0.437500
v 0.250000 0.000000 -0.375000
v 0.250000 0.062500 -0.375000
v 0.250000 0.000000 -0.312500
v 0.250000 0.062500 -0.312500
v 0.250000 0.000000 -0.250000
v 0.250000 0.062500 -0.250000
v 0.250000 0.000000 -0.187500
v 0.250000 0.062500 -0.187500
v 0.250000 0.000000 -0.125000
v 0.250000 0.062500 -0.125000
v 0.250000 1.812500 -0.187500
v 0.250000 1.750000 -0.187500
v 0.250000 1.750000 -0.125000
v 0.250000 1.875000 -0.187500
v 0.250000 1.937500 -0.187500
v 0.250000 2.000000 -0.187500
v 0.250000 2.000000 -0.125000
v 0.250000 0.000000 -0.062500
v 0.250000 0.062500 -0.062500
v 0.250000 1.750000 -0.062500
v 0.250000 2.000000 -0.062500
v 0.250000 0.000000 0.000000
v 0.250000 0.062500 0.000000
v 0.250000 1.687500 -0.062500
v 0.250000 1.625000 -0.062500
v 0.250000 1.625000 0.000000
v 0.250000 1.687500 0.000000
v 0.250000 1.750000 0.000000
v 0.250000 2.000000 0.000000
v 0.250000 0.000000 0.062500
v 0.250000 0.062500 0.062500
v 0.250000 1.625000 0.062500
v 0.250000 1.687500 0.062500
v 0.250000 1.750000 0.062500
v 0.250000 2.000000 0.062500
v 0.250000 0.000000 0.125000
v 0.250000 0.062500 0.125000
v 0.250000 1.750000 0.125000
v 0.250000 2.000000 0.125000
v 0.250000 0.000000 0.187500
v 0.250000 0.062500 0.187500
v 0.250000 1.750000 0.187500
v 0.250000 1.812500 0.187500
v 0.250000 1.875000 0.187500
v 0.250000 1.937500 0.187500
v 0.250000 2.000000 0.187500
v 0.250000 0.000000 0.250000
v 0.250000 0.062500 0.250000
v 0.250000 0.000000 0.312500
v 0.250000 0.062500 0.312500
v 0.250000 0.000000 0.375000
v 0.250000 0.062500 0.375000
v 0.250000 0.000000 0.437500
v 0.250000 0.062500 0.437500
v 0.250000 0.000000 0.500000
v 0.250000 0.062500 0.500000
v 0.312500 0.062500 -0.500000
v 0.312500 0.000000 -0.500000
v 0.312500 0.000000 -0.437500
v 0.312500 0.062500 -0.437500
v 0.312500 0.000000 -0.375000
v 0.312500 0.062500 -0.375000
v 0.312500 0.000000 -0.312500
v 0.312500 0.062500 -0.312500
v 0.312500 0.000000 -0.250000
v 0.312500 0.062500 -0.250000
v 0.312500 0.000000 -0.187500
v 0.312500 0.062500 -0.187500
v 0.312500 0.000000 -0.125000
v 0.312500 0.062500 -0.125000
v 0.312500 1.812500 -0.187500
v 0.312500 1.750000 -0.187500
v 0.312500 1.750000 -0.125000
v 0.312500 1.875000 -0.187500
v 0.312500 1.937500 -0.187500
v 0.312500 2.000000 -0.187500
v 0.312500 2.000000 -0.125000
v 0.312500 0.000000 -0.062500
v 0.312500 0.062500 -0.062500
v 0.312500 1.750000 -0.062500
v 0.312500 2.000000 -0.062500
v 0.312500 0.000000 0.000000
v 0.312500 0.062500 0.000000
v 0.312500 1.687500 -0.062500
v 0.312500 1.625000 -0.062500
v 0.312500 1.625000 0.000000
v 0.312500 1.687500 0.000000
v 0.312500 1.750000 0.000000
v 0.312500 2.000000 0.000000
v 0.312500 0.000000 0.062500
v 0.312500 0.062500 0.062500
v 0.312500 1.625000 0.062500
v 0.312500 1.687500 0.062500
v 0.312500 1.750000 0.062500
v 0.312500 2.000000 0.062500
v 0.312500 0.000000 0.125000
v 0.312500 0.062500 0.125000
v 0.312500 1.750000 0.125000
v 0.312500 2.000000 0.125000
v 0.312500 0.000000 0.187500
v 0.312500 0.062500 0.187500
v 0.312500 1.750000 0.187500
v 0.312500 1.812500 0.187500
v 0.312500 1.875000 0.187500
v 0.312500 1.937500 0.187500
v 0.312500 2.000000 0.187500
v 0.312500 0.000000 0.250000
v 0.312500 0.062500 0.250000
v 0.312500 0.000000 0.312500
v 0.312500 0.062500 0.312500
v 0.312500 0.000000 0.375000
v 0.312500 0.062500 0.375000
v 0.312500 0.000000 0.437500
v 0.312500 0.062500 0.437500
v 0.312500 0.000000 0.500000
v 0.312500 0.062500 0.500000
v 0.375000 0.062500 -0.500000
v 0.375000 0.000000 -0.500000
v 0.375000 0.000000 -0.437500
v 0.375000 0.062500 -0.437500
v 0.375000 0.000000 -0.375000
v 0.375000 0.062500 -0.375000
v 0.375000 0.000000 -0.312500
v 0.375000 0.062500 -0.312500
v 0.375000 0.000000 -0.250000
v 0.375000 0.062500 -0.250000
v 0.375000 0.000000 -0.187500
v 0.375000 0.062500 -0.187500
v 0.375000 0.000000 -0.125000
v 0.312500 0.125000 -0.125000
v 0.312500 0.125000 -0.187500
v 0.375000 0.125000 -0.187500
v 0.312500 0.187500 -0.125000
v 0.312500 0.187500 -0.187500
v 0.375000 0.187500 -0.187500
v 0.312500 0.250000 -0.125000
v 0.312500 0.250000 -0.187500
v 0.375000 0.250000 -0.187500
v 0.312500 0.312500 -0.125000
v 0.312500 0.312500 -0.187500
v 0.375000 0.312500 -0.187500
v 0.312500 0.375000 -0.125000
v 0.312500 0.375000 -0.187500
v 0.375000 0.375000 -0.187500
v 0.312500 0.437500 -0.125000
v 0.312500 0.437500 -0.187500
v 0.375000 0.437500 -0.187500
v 0.312500 0.500000 -0.125000
v 0.312500 0.500000 -0.187500
v 0.375000 0.500000 -0.187500
v 0.312500 0.562500 -0.125000
v 0.312500 0.562500 -0.187500
v 0.375000 0.562500 -0.187500
v 0.312500 0.625000 -0.125000
v 0.312500 0.625000 -0.187500
v 0.375000 0.625000 -0.187500
v 0.312500 0.687500 -0.125000
v 0.312500 0.687500 -0.187500
v 0.375000 0.687500 -0.187500
v 0.312500 0.750000 -0.125000
v 0.312500 0.750000 -0.187500
v 0.375000 0.750000 -0.187500
v 0.312500 0.812500 -0.125000
v 0.312500 0.812500 -0.187500
v 0.375000 0.812500 -0.187500
v 0.312500 0.875000 -0.125000
v 0.312500 0.875000 -0.187500
v 0.375000 0.875000 -0.187500
v 0.312500 0.937500 -0.125000
v 0.312500 0.937500 -0.187500
v 0.375000 0.937500 -0.187500
v 0.312500 1.000000 -0.125000
v 0.312500 1.000000 -0.187500
v 0.375000 1.000000 -0.187500
v 0.312500 1.062500 -0.125000
v 0.312500 1.062500 -0.187500
v 0.375000 1.062500 -0.187500
v 0.312500 1.125000 -0.125000
v 0.312500 1.125000 -0.187500
v 0.375000 1.125000 -0.187500
v 0.312500 1.187500 -0.125000
v 0.312500 1.187500 -0.187500
v 0.375000 1.187500 -0.187500
v 0.312500 1.250000 -0.125000
v 0.312500 1.250000 -0.187500
v 0.375000 1.250000 -0.187500
v 0.312500 1.312500 -0.125000
v 0.312500 1.312500 -0.187500
v 0.375000 1.312500 -0.187500
v 0.312500 1.375000 -0.125000
v 0.312500 1.375000 -0.187500
v 0.375000 1.375000 -0.187500
v 0.312500 1.437500 -0.125000
v 0.312500 1.437500 -0.187500
v 0.375000 1.437500 -0.187500
v 0.312500 1.500000 -0.125000
v 0.312500 1.500000 -0.187500
v 0.375000 1.500000 -0.187500
v 0.312500 1.562500 -0.125000
v 0.312500 1.562500 -0.187500
v 0.375000 1.562500 -0.187500
v 0.312500 1.625000 -0.125000
v 0.312500 1.625000 -0.187500
v 0.375000 1.625000 -0.187500
v 0.312500 1.687500 -0.125000
v 0.312500 1.687500 -0.187500
v 0.375000 1.687500 -0.187500
v 0.375000 1.750000 -0.187500
v 0.375000 1.812500 -0.187500
v 0.375000 1.875000 -0.187500
v 0.375000 1.937500 -0.187500
v 0.375000 2.000000 -0.187500
v 0.375000 2.000000 -0.125000
v 0.375000 0.000000 -0.062500
v 0.312500 0.125000 -0.062500
v 0.312500 0.187500 -0.062500
v 0.312500 0.250000 -0.062500
v 0.312500 0.312500 -0.062500
v 0.312500 0.375000 -0.062500
v 0.312500 0.437500 -0.062500
v 0.312500 0.500000 -0.062500
v 0.312500 0.562500 -0.062500
v 0.312500 0.625000 -0.062500
v 0.312500 0.687500 -0.062500
v 0.312500 0.750000 -0.062500
v 0.312500 0.812500 -0.062500
v 0.312500 0.875000 -0.062500
v 0.312500 0.937500 -0.062500
v 0.312500 1.000000 -0.062500
v 0.312500 1.062500 -0.062500
v 0.312500 1.125000 -0.062500
v 0.312500 1.187500 -0.062500
v 0.312500 1.250000 -0.062500
v 0.312500 1.312500 -0.062500
v 0.312500 1.375000 -0.062500
v 0.312500 1.437500 -0.062500
v 0.312500 1.500000 -0.062500
v 0.312500 1.562500 -0.062500
v 0.375000 2.000000 -0.062500
v 0.375000 0.000000 0.000000
v 0.312500 0.125000 0.000000
v 0.312500 0.187500 0.000000
v 0.312500 0.250000 0.000000
v 0.312500 0.312500 0.000000
v 0.312500 0.375000 0.000000
v 0.312500 0.437500 0.000000
v 0.312500 0.500000 0.000000
v 0.312500 0.562500 0.000000
v 0.312500 0.625000 0.000000
v 0.312500 0.687500 0.000000
v 0.312500 0.750000 0.000000
v 0.312500 0.812500 0.000000
v 0.312500 0.875000 0.000000
v 0.312500 0.937500 0.000000
v 0.312500 1.000000 0.000000
v 0.312500 1.062500 0.000000
v 0.312500 1.125000 0.000000
v 0.312500 1.187500 0.000000
v 0.312500 1.250000 0.000000
v 0.312500 1.312500 0.000000
v 0.312500 1.375000 0.000000
v 0.312500 1.437500 0.000000
v 0.312500 1.500000 0.000000
v 0.312500 1.562500 0.000000
v 0.375000 2.000000 0.000000
v 0.375000 0.000000 0.062500
v 0.312500 0.125000 0.062500
v 0.312500 0.187500 0.062500
v 0.312500 0.250000 0.062500
v 0.312500 0.312500 0.062500
v 0.312500 0.375000 0.062500
v 0.312500 0.437500 0.062500
v 0.312500 0.500000 0.062500
v 0.312500 0.562500 0.062500
v 0.312500 0.625000 0.062500
v 0.312500 0.687500 0.062500
v 0.312500 0.750000 0.062500
v 0.312500 0.812500 0.062500
v 0.312500 0.875000 0.062500
v 0.312500 0.937500 0.062500
v 0.312500 1.000000 0.062500
v 0.312500 1.062500 0.062500
v 0.312500 1.125000 0.062500
v 0.312500 1.187500 0.062500
v 0.312500 1.250000 0.062500
v 0.312500 1.312500 0.062500
v 0.312500 1.375000 0.062500
v 0.312500 1.437500 0.062500
v 0.312500 1.500000 0.062500
v 0.312500 1.562500 0.062500
v 0.375000 2.000000 0.062500
v 0.375000 0.000000 0.125000
v 0.312500 0.125000 0.125000
v 0.312500 0.187500 0.125000
v 0.312500 0.250000 0.125000
v 0.312500 0.312500 0.125000
v 0.312500 0.375000 0.125000
v 0.312500 0.437500 0.125000
v 0.312500 0.500000 0.125000
v 0.312500 0.562500 0.125000
v 0.312500 0.625000 0.125000
v 0.312500 0.687500 0.125000
v 0.312500 0.750000 0.125000
v 0.312500 0.812500 0.125000
v 0.312500 0.875000 0.125000
v 0.312500 0.937500 0.125000
v 0.312500 1.000000 0.125000
v 0.312500 1.062500 0.125000
v 0.312500 1.125000 0.125000
v 0.312500 1.187500 0.125000
v 0.312500 1.250000 0.125000
v 0.312500 1.312500 0.125000
v 0.312500 1.375000 0.125000
v 0.312500 1.437500 0.125000
v 0.312500 1.500000 0.125000
v 0.312500 1.562500 0.125000
v 0.312500 1.625000 0.125000
v 0.312500 1.687500 0.125000
v 0.375000 2.000000 0.125000
v 0.375000 0.000000 0.187500
v 0.312500 0.125000 0.187500
v 0.375000 0.062500 0.187500
v 0.375000 0.125000 0.187500
v 0.312500 0.187500 0.187500
v 0.375000 0.187500 0.187500
v 0.312500 0.250000 0.187500
v 0.375000 0.250000 0.187500
v 0.312500 0.312500 0.187500
v 0.375000 0.312500 0.187500
v 0.312500 0.375000 0.187500
v 0.375000 0.375000 0.187500
v 0.312500 0.437500 0.187500
v 0.375000 0.437500 0.187500
v 0.312500 0.500000 0.187500
v 0.375000 0.500000 0.187500
v 0.312500 0.562500 0.187500
v 0.375000 0.562500 0.187500
v 0.312500 0.625000 0.187500
v 0.375000 0.625000 0.187500
v 0.312500 0.687500 0.187500
v 0.375000 0.687500 0.187500
v 0.312500 0.750000 0.187500
v 0.375000 0.750000 0.187500
v 0.312500 0.812500 0.187500
v 0.375000 0.812500 0.187500
v 0.312500 0.875000 0.187500
v 0.375000 0.875000 0.187500
v 0.312500 0.937500 0.187500
v 0.375000 0.937500 0.187500
v 0.312500 1.000000 0.187500
v 0.375000 1.000000 0.187500
v 0.312500 1.062500 0.187500
v 0.375000 1.062500 0.187500
v 0.312500 1.125000 0.187500
v 0.375000 1.125000 0.187500
v 0.312500 1.187500 0.187500
v 0.375000 1.187500 0.187500
v 0.312500 1.250000 0.187500
v 0.375000 1.250000 0.187500
v 0.312500 1.312500 0.187500
v 0.375000 1.312500 0.187500
v 0.312500 1.375000 0.187500
v 0.375000 1.375000 0.187500
v 0.312500 1.437500 0.187500
v 0.375000 1.437500 0.187500
v 0.312500 1.500000 0.187500
v 0.375000 1.500000 0.187500
v 0.312500 1.562500 0.187500
v 0.375000 1.562500 0.187500
v 0.312500 1.625000 0.187500
v 0.375000 1.625000 0.187500
v 0.312500 1.687500 0.187500
v 0.375000 1.687500 0.187500
v 0.375000 1.750000 0.187500
v 0.375000 1.812500 0.187500
v 0.375000 1.875000 0.187500
v 0.375000 1.937500 0.187500
v 0.375000 2.000000 0.187500
v 0.375000 0.000000 0.250000
v 0.375000 0.062500 0.250000
v 0.375000 0.000000 0.312500
v 0.375000 0.062500 0.312500
v 0.375000 0.000000 0.375000
v 0.375000 0.062500 0.375000
v 0.375000 0.000000 0.437500
v 0.375000 0.062500 0.437500
v 0.375000 0.000000 0.500000
v 0.375000 0.062500 0.500000
v 0.437500 0.062500 -0.500000
v 0.437500 0.000000 -0.500000
v 0.437500 0.000000 -0.437500
v 0.437500 0.062500 -0.437500
v 0.437500 0.000000 -0.375000
v 0.437500 0.062500 -0.375000
v 0.437500 0.000000 -0.312500
v 0.437500 0.062500 -0.312500
v 0.437500 0.000000 -0.250000
v 0.437500 0.062500 -0.250000
v 0.437500 0.000000 -0.187500
v 0.437500 0.062500 -0.187500
v 0.437500 0.000000 -0.125000
v 0.437500 0.125000 -0.187500
v 0.437500 0.187500 -0.187500
v 0.437500 0.250000 -0.187500
v 0.437500 0.312500 -0.187500
v 0.437500 0.375000 -0.187500
v 0.437500 0.437500 -0.187500
v 0.437500 0.500000 -0.187500
v 0.437500 0.562500 -0.187500
v 0.437500 0.625000 -0.187500
v 0.437500 0.687500 -0.187500
v 0.437500 0.750000 -0.187500
v 0.437500 0.812500 -0.187500
v 0.437500 0.875000 -0.187500
v 0.437500 0.937500 -0.187500
v 0.437500 1.000000 -0.187500
v 0.437500 1.062500 -0.187500
v 0.437500 1.125000 -0.187500
v 0.437500 1.187500 -0.187500
v 0.437500 1.250000 -0.187500
v 0.437500 1.312500 -0.187500
v 0.437500 1.375000 -0.187500
v 0.437500 1.437500 -0.187500
v 0.437500 1.500000 -0.187500
v 0.437500 1.562500 -0.187500
v 0.437500 1.625000 -0.187500
v 0.437500 1.687500 -0.187500
v 0.437500 1.750000 -0.187500
v 0.437500 1.812500 -0.187500
v 0.437500 1.875000 -0.187500
v 0.437500 1.937500 -0.187500
v 0.437500 2.000000 -0.187500
v 0.437500 2.000000 -0.125000
v 0.437500 0.000000 -0.062500
v 0.437500 2.000000 -0.062500
v 0.437500 0.000000 0.000000
v 0.437500 2.000000 0.000000
v 0.437500 0.000000 0.062500
v 0.437500 2.000000 0.062500
v 0.437500 0.000000 0.125000
v 0.437500 2.000000 0.125000
v 0.437500 0.000000 0.187500
v 0.437500 0.062500 0.187500
v 0.437500 0.125000 0.187500
v 0.437500 0.187500 0.187500
v 0.437500 0.250000 0.187500
v 0.437500 0.312500 0.187500
v 0.437500 0.375000 0.187500
v 0.437500 0.437500 0.187500
v 0.437500 0.500000 0.187500
v 0.437500 0.562500 0.187500
v 0.437500 0.625000 0.187500
v 0.437500 0.687500 0.187500
v 0.437500 0.750000 0.187500
v 0.437500 0.812500 0.187500
v 0.437500 0.875000 0.187500
v 0.437500 0.937500 0.187500
v 0.437500 1.000000 0.187500
v 0.437500 1.062500 0.187500
v 0.437500 1.125000 0.187500
v 0.437500 1.187500 0.187500
v 0.437500 1.250000 0.187500
v 0.437500 1.312500 0.187500
v 0.437500 1.375000 0.187500
v 0.437500 1.437500 0.187500
v 0.437500 1.500000 0.187500
v 0.437500 1.562500 0.187500
v 0.437500 1.625000 0.187500
v 0.437500 1.687500 0.187500
v 0.437500 1.750000 0.187500
v 0.437500 1.812500 0.187500
v 0.437500 1.875000 0.187500
v 0.437500 1.937500 0.187500
v 0.437500 2.000000 0.187500
v 0.437500 0.000000 0.250000
v 0.437500 0.062500 0.250000
v 0.437500 0.000000 0.312500
v 0.437500 0.062500 0.312500
v 0.437500 0.000000 0.375000
v 0.437500 0.062500 0.375000
v 0.437500 0.000000 0.437500
v 0.437500 0.062500 0.437500
v 0.437500 0.000000 0.500000
v 0.437500 0.062500 0.500000
v 0.500000 0.062500 -0.500000
v 0.500000 0.062500 -0.437500
v 0.500000 0.000000 -0.437500
v 0.500000 0.000000 -0.500000
v 0.500000 0.062500 -0.375000
v 0.500000 0.000000 -0.375000
v 0.500000 0.062500 -0.312500
v 0.500000 0.000000 -0.312500
v 0.500000 0.062500 -0.250000
v 0.500000 0.000000 -0.250000
v 0.500000 0.062500 -0.187500
v 0.500000 0.000000 -0.187500
v 0.500000 0.062500 -0.125000
v 0.500000 0.000000 -0.125000
v 0.500000 0.125000 -0.187500
v 0.500000 0.125000 -0.125000
v 0.500000 0.187500 -0.187500
v 0.500000 0.187500 -0.125000
v 0.500000 0.250000 -0.187500
v 0.500000 0.250000 -0.125000
v 0.500000 0.312500 -0.187500
v 0.500000 0.312500 -0.125000
v 0.500000 0.375000 -0.187500
v 0.500000 0.375000 -0.125000
v 0.500000 0.437500 -0.187500
v 0.500000 0.437500 -0.125000
v 0.500000 0.500000 -0.187500
v 0.500000 0.500000 -0.125000
v 0.500000 0.562500 -0.187500
v 0.500000 0.562500 -0.125000
v 0.500000 0.625000 -0.187500
v 0.500000 0.625000 -0.125000
v 0.500000 0.687500 -0.187500
v 0.500000 0.687500 -0.125000
v 0.500000 0.750000 -0.187500
v 0.500000 0.750000 -0.125000
v 0.500000 0.812500 -0.187500
v 0.500000 0.812500 -0.125000
v 0.500000 0.875000 -0.187500
v 0.500000 0.875000 -0.125000
v 0.500000 0.937500 -0.187500
v 0.500000 0.937500 -0.125000
v 0.500000 1.000000 -0.187500
v 0.500000 1.000000 -0.125000
v 0.500000 1.062500 -0.187500
v 0.500000 1.062500 -0.125000
v 0.500000 1.125000 -0.187500
v 0.500000 1.125000 -0.125000
v 0.500000 1.187500 -0.187500
v 0.500000 1.187500 -0.125000
v 0.500000 1.250000 -0.187500
v 0.500000 1.250000 -0.125000
v 0.500000 1.312500 -0.187500
v 0.500000 1.312500 -0.125000
v 0.500000 1.375000 -0.187500
v 0.500000 1.375000 -0.125000
v 0.500000 1.437500 -0.187500
v 0.500000 1.437500 -0.125000
v 0.500000 1.500000 -0.187500
v 0.500000 1.500000 -0.125000
v 0.500000 1.562500 -0.187500
v 0.500000 1.562500 -0.125000
v 0.500000 1.625000 -0.187500
v 0.500000 1.625000 -0.125000
v 0.500000 1.687500 -0.187500
v 0.500000 1.687500 -0.125000
v 0.500000 1.750000 -0.187500
v 0.500000 1.750000 -0.125000
v 0.500000 1.812500 -0.187500
v 0.500000 1.812500 -0.125000
v 0.500000 1.875000 -0.187500
v 0.500000 1.875000 -0.125000
v 0.500000 1.937500 -0.187500
v 0.500000 1.937500 -0.125000
v 0.500000 2.000000 -0.187500
v 0.500000 2.000000 -0.125000
v 0.500000 0.062500 -0.062500
v 0.500000 0.000000 -0.062500
v 0.500000 0.125000 -0.062500
v 0.500000 0.187500 -0.062500
v 0.500000 0.250000 -0.062500
v 0.500000 0.312500 -0.062500
v 0.500000 0.375000 -0.062500
v 0.500000 0.437500 -0.062500
v 0.500000 0.500000 -0.062500
v 0.500000 0.562500 -0.062500
v 0.500000 0.625000 -0.062500
v 0.500000 0.687500 -0.062500
v 0.500000 0.750000 -0.062500
v 0.500000 0.812500 -0.062500
v 0.500000 0.875000 -0.062500
v 0.500000 0.937500 -0.062500
v 0.500000 1.000000 -0.062500
v 0.500000 1.062500 -0.062500
v 0.500000 1.125000 -0.062500
v 0.500000 1.187500 -0.062500
v 0.500000 1.250000 -0.062500
v 0.500000 1.312500 -0.062500
v 0.500000 1.375000 -0.062500
v 0.500000 1.437500 -0.062500
v 0.500000 1.500000 -0.062500
v 0.500000 1.562500 -0.062500
v 0.500000 1.625000 -0.062500
v 0.500000 1.687500 -0.062500
v 0.500000 1.750000 -0.062500
v 0.500000 1.812500 -0.062500
v 0.500000 1.875000 -0.062500
v 0.500000 1.937500 -0.062500
v 0.500000 2.000000 -0.062500
v 0.500000 0.062500 0.000000
v 0.500000 0.000000 0.000000
v 0.500000 0.125000 0.000000
v 0.500000 0.187500 0.000000
v 0.500000 0.250000 0.000000
v 0.500000 0.312500 0.000000
v 0.500000 0.375000 0.000000
v 0.500000 0.437500 0.000000
v 0.500000 0.500000 0.000000
v 0.500000 0.562500 0.000000
v 0.500000 0.625000 0.000000
v 0.500000 0.687500 0.000000
v 0.500000 0.750000 0.000000
v 0.500000 0.812500 0.000000
v 0.500000 0.875000 0.000000
v 0.500000 0.937500 0.000000
v 0.500000 1.000000 0.000000
v 0.500000 1.062500 0.000000
v 0.500000 1.125000 0.000000
v 0.500000 1.187500 0.000000
v 0.500000 1.250000 0.000000
v 0.500000 1.312500 0.000000
v 0.500000 1.375000 0.000000
v 0.500000 1.437500 0.000000
v 0.500000 1.500000 0.000000
v 0.500000 1.562500 0.000000
v 0.500000 1.625000 0.000000
v 0.500000 1.687500 0.000000
v 0.500000 1.750000 0.000000
v 0.500000 1.812500 0.000000
v 0.500000 1.875000 0.000000
v 0.500000 1.937500 0.000000
v 0.500000 2.000000 0.000000
v 0.500000 0.062500 0.062500
v 0.500000 0.000000 0.062500
v 0.500000 0.125000 0.062500
v 0.500000 0.187500 0.062500
v 0.500000 0.250000 0.062500
v 0.500000 0.312500 0.062500
v 0.500000 0.375000 0.062500
v 0.500000 0.437500 0.062500
v 0.500000 0.500000 0.062500
v 0.500000 0.562500 0.062500
v 0.500000 0.625000 0.062500
v 0.500000 0.687500 0.062500
v 0.500000 0.750000 0.062500
v 0.500000 0.812500 0.062500
v 0.500000 0.875000 0.062500
v 0.500000 0.937500 0.062500
v 0.500000 1.000000 0.062500
v 0.500000 1.062500 0.062500
v 0.500000 1.125000 0.062500
v 0.500000 1.187500 0.062500
v 0.500000 1.250000 0.062500
v 0.500000 1.312500 0.062500
v 0.500000 1.375000 0.062500
v 0.500000 1.437500 0.062500
v 0.500000 1.500000 0.062500
v 0.500000 1.562500 0.062500
v 0.500000 1.625000 0.062500
v 0.500000 1.687500 0.062500
v 0.500000 1.750000 0.062500
v 0.500000 1.812500 0.062500
v 0.500000 1.875000 0.062500
v 0.500000 1.937500 0.062500
v 0.500000 2.000000 0.062500
v 0.500000 0.062500 0.125000
v 0.500000 0.000000 0.125000
v 0.500000 0.125000 0.125000
v 0.500000 0.187500 0.125000
v 0.500000 0.250000 0.125000
v 0.500000 0.312500 0.125000
v 0.500000 0.375000 0.125000
v 0.500000 0.437500 0.125000
v 0.500000 0.500000 0.125000
v 0.500000 0.562500 0.125000
v 0.500000 0.625000 0.125000
v 0.500000 0.687500 0.125000
v 0.500000 0.750000 0.125000
v 0.500000 0.812500 0.125000
v 0.500000 0.875000 0.125000
v 0.500000 0.937500 0.125000
v 0.500000 1.000000 0.125000
v 0.500000 1.062500 0.125000
v 0.500000 1.125000 0.125000
v 0.500000 1.187500 0.125000
v 0.500000 1.250000 0.125000
v 0.500000 1.312500 0.125000
v 0.500000 1.375000 0.125000
v 0.500000 1.437500 0.125000
v 0.500000 1.500000 0.125000
v 0.500000 1.562500 0.125000
v 0.500000 1.625000 0.125000
v 0.500000 1.687500 0.125000
v 0.500000 1.750000 0.125000
v 0.500000 1.812500 0.125000
v 0.500000 1.875000 0.125000
v 0.500000 1.937500 0.125000
v 0.500000 2.000000 0.125000
v 0.500000 0.062500 0.187500
v 0.500000 0.000000 0.187500
v 0.500000 0.125000 0.187500
v 0.500000 0.187500 0.187500
v 0.500000 0.250000 0.187500
v 0.500000 0.312500 0.187500
v 0.500000 0.375000 0.187500
v 0.500000 0.437500 0.187500
v 0.500000 0.500000 0.187500
v 0.500000 0.562500 0.187500
v 0.500000 0.625000 0.187500
v 0.500000 0.687500 0.187500
v 0.500000 0.750000 0.187500
v 0.500000 0.812500 0.187500
v 0.500000 0.875000 0.187500
v 0.500000 0.937500 0.187500
v 0.500000 1.000000 0.187500
v 0.500000 1.062500 0.187500
v 0.500000 1.125000 0.187500
v 0.500000 1.187500 0.187500
v 0.500000 1.250000 0.187500
v 0.500000 1.312500 0.187500
v 0.500000 1.375000 0.187500
v 0.500000 1.437500 0.187500
v 0.500000 1.500000 0.187500
v 0.500000 1.562500 0.187500
v 0.500000 1.625000 0.187500
v 0.500000 1.687500 0.187500
v 0.500000 1.750000 0.187500
v 0.500000 1.812500 0.187500
v 0.500000 1.875000 0.187500
v 0.500000 1.937500 0.187500
v 0.500000 2.000000 0.187500
v 0.500000 0.062500 0.250000
v 0.500000 0.000000 0.250000
v 0.500000 0.062500 0.312500
v 0.500000 0.000000 0.312500
v 0.500000 0.062500 0.375000
v 0.500000 0.000000 0.375000
v 0.500000 0.062500 0.437500
v 0.500000 0.000000 0.437500
v 0.500000 0.062500 0.500000
v 0.500000 0.000000 0.500000
vt 0.03125000 0.96875000
vt 0.09375000 0.96875000
vt 0.15625000 0.96875000
vt 0.21875000 0.96875000
vt 0.28125000 0.96875000
vt 0.34375000 0.96875000
vt 0.40625000 0.96875000
vt 0.46875000 0.96875000
vt 0.53125000 0.96875000
vt 0.59375000 0.96875000
vt 0.65625000 0.96875000
vt 0.71875000 0.96875000
vt 0.78125000 0.96875000
vt 0.84375000 0.96875000
vt 0.90625000 0.96875000
vt 0.96875000 0.96875000
vt 0.03125000 0.90625000
vt 0.09375000 0.90625000
vt 0.15625000 0.90625000
vt 0.21875000 0.90625000
vt 0.28125000 0.90625000
vt 0.34375000 0.90625000
vt 0.40625000 0.90625000
vt 0.46875000 0.90625000
vt 0.53125000 0.90625000
vt 0.59375000 0.90625000
vt 0.65625000 0.90625000
vt 0.71875000 0.90625000
vt 0.78125000 0.90625000
vt 0.84375000 0.90625000
vt 0.90625000 0.90625000
vt 0.96875000 0.90625000
vt 0.03125000 0.84375000
vt 0.09375000 0.84375000
vt 0.15625000 0.84375000
vt 0.21875000 0.84375000
vt 0.28125000 0.84375000
vt 0.34375000 0.84375000
vt 0.40625000 0.84375000
vt 0.46875000 0.84375000
vt 0.53125000 0.84375000
vt 0.59375000 0.84375000
vt 0.65625000 0.84375000
vt 0.71875000 0.84375000
vt 0.78125000 0.84375000
vt 0.84375000 0.84375000
vt 0.90625000 0.84375000
vt 0.96875000 0.84375000
vt 0.03125000 0.78125000
vt 0.09375000 0.78125000
vt 0.15625000 0.78125000
vt 0.21875000 0.78125000
vt 0.28125000 0.78125000
vt 0.34375000 0.78125000
vt 0.40625000 0.78125000
vt 0.46875000 0.78125000
vt 0.53125000 0.78125000
vt 0.59375000 0.78125000
vt 0.65625000 0.78125000
vt 0.71875000 0.78125000
vt 0.78125000 0.78125000
vt 0.84375000 0.78125000
vt 0.90625000 0.78125000
vt 0.96875000 0.78125000
vt 0.03125000 0.71875000
vt 0.09375000 0.71875000
vt 0.15625000 0.71875000
vt 0.21875000 0.71875000
vt 0.28125000 0.71875000
vt 0.34375000 0.71875000
vt 0.40625000 0.71875000
vt 0.46875000 0.71875000
vt 0.53125000 0.71875000
vt 0.59375000 0.71875000
vt 0.65625000 0.71875000
vt 0.71875000 0.71875000
vt 0.78125000 0.71875000
vt 0.84375000 0.71875000
vt 0.90625000 0.71875000
vt 0.96875000 0.71875000
vt 0.03125000 0.65625000
vt 0.09375000 0.65625000
vt 0.15625000 0.65625000
vt 0.21875000 0.65625000
vt 0.28125000 0.65625000
vt 0.34375000 0.65625000
vt 0.40625000 0.65625000
vt 0.46875000 0.65625000
vt 0.53125000 0.65625000
vt 0.59375000 0.65625000
vt 0.65625000 0.65625000
vt 0.71875000 0.65625000
vt 0.78125000 0.65625000
vt 0.84375000 0.65625000
vt 0.90625000 0.65625000
vt 0.96875000 0.65625000
vt 0.03125000 0.59375000
vt 0.09375000 0.59375000
vt 0.15625000 0.59375000
vt 0.21875000 0.59375000
vt 0.28125000 0.59375000
vt 0.34375000 0.59375000
vt 0.40625000 0.59375000
vt 0.46875000 0.59375000
vt 0.53125000 0.59375000
vt 0.59375000 0.59375000
vt 0.65625000 0.59375000
vt 0.71875000 0.59375000
vt 0.78125000 0.59375000
vt 0.84375000 0.59375000
vt 0.90625000 0.59375000
vt 0.96875000 0.59375000
vt 0.03125000 0.53125000
vt 0.09375000 0.53125000
vt 0.15625000 0.53125000
vt 0.21875000 0.53125000
vt 0.28125000 0.53125000
vt 0.34375000 0.53125000
vt 0.40625000 0.53125000
vt 0.46875000 0.53125000
vt 0.53125000 0.53125000
vt 0.59375000 0.53125000
vt 0.65625000 0.53125000
vt 0.71875000 0.53125000
vt 0.78125000 0.53125000
vt 0.84375000 0.53125000
vt 0.90625000 0.53125000
vt 0.96875000 0.53125000
vt 0.03125000 0.46875000
vt 0.09375000 0.46875000
vt 0.15625000 0.46875000
vt 0.21875000 0.46875000
vt 0.28125000 0.46875000
vt 0.34375000 0.46875000
vt 0.40625000 0.46875000
vt 0.46875000 0.46875000
vt 0.53125000 0.46875000
vt 0.59375000 0.46875000
vt 0.65625000 0.46875000
vt 0.71875000 0.46875000
vt 0.78125000 0.46875000
vt 0.84375000 0.46875000
vt 0.90625000 0.46875000
vt 0.96875000 0.46875000
vt 0.03125000 0.40625000
vt 0.09375000 0.40625000
vt 0.15625000 0.40625000
vt 0.21875000 0.40625000
vt 0.28125000 0.40625000
vt 0.34375000 0.40625000
vt 0.40625000 0.40625000
vt 0.46875000 0.40625000
vt 0.53125000 0.40625000
vt 0.59375000 0.40625000
vt 0.65625000 0.40625000
vt 0.71875000 0.40625000
vt 0.78125000 0.40625000
vt 0.84375000 0.40625000
vt 0.90625000 0.40625000
vt 0.96875000 0.40625000
vt 0.03125000 0.34375000
vt 0.09375000 0.34375000
vt 0.15625000 0.34375000
vt 0.21875000 0.34375000
vt 0.28125000 0.34375000
vt 0.34375000 0.34375000
vt 0.40625000 0.34375000
vt 0.46875000 0.34375000
vt 0.53125000 0.34375000
vt 0.59375000 0.34375000
vt 0.65625000 0.34375000
vt 0.71875000 0.34375000
vt 0.78125000 0.34375000
vt 0.84375000 0.34375000
vt 0.90625000 0.34375000
vt 0.96875000 0.34375000
vt 0.03125000 0.28125000
vt 0.09375000 0.28125000
vt 0.15625000 0.28125000
vt 0.21875000 0.28125000
vt 0.28125000 0.28125000
vt 0.34375000 0.28125000
vt 0.40625000 0.28125000
vt 0.46875000 0.28125000
vt 0.53125000 0.28125000
vt 0.59375000 0.28125000
vt 0.65625000 0.28125000
vt 0.71875000 0.28125000
vt 0.78125000 0.28125000
vt 0.84375000 0.28125000
vt 0.90625000 0.28125000
vt 0.96875000 0.28125000
vt 0.03125000 0.21875000
vt 0.09375000 0.21875000
vt 0.15625000 0.21875000
vt 0.21875000 0.21875000
vt 0.28125000 0.21875000
vt 0.34375000 0.21875000
vt 0.40625000 0.21875000
vt 0.46875000 0.21875000
vt 0.53125000 0.21875000
vt 0.59375000 0.21875000
vt 0.65625000 0.21875000
vt 0.71875000 0.21875000
vt 0.78125000 0.21875000
vt 0.84375000 0.21875000
vt 0.90625000 0.21875000
vt 0.96875000 0.21875000
vt 0.03125000 0.15625000
vt 0.09375000 0.15625000
vt 0.15625000 0.15625000
vt 0.21875000 0.15625000
vt 0.28125000 0.15625000
vt 0.34375000 0.15625000
vt 0.40625000 0.15625000
vt 0.46875000 0.15625000
vt 0.53125000 0.15625000
vt 0.59375000 0.15625000
vt 0.65625000 0.15625000
vt 0.71875000 0.15625000
vt 0.78125000 0.15625000
vt 0.84375000 0.15625000
vt 0.90625000 0.15625000
vt 0.96875000 0.15625000
vt 0.03125000 0.09375000
vt 0.09375000 0.09375000
vt 0.15625000 0.09375000
vt 0.21875000 0.09375000
vt 0.28125000 0.09375000
vt 0.34375000 0.09375000
vt 0.40625000 0.09375000
vt 0.46875000 0.09375000
vt 0.53125000 0.09375000
vt 0.59375000 0.09375000
vt 0.65625000 0.09375000
vt 0.71875000 0.09375000
vt 0.78125000 0.09375000
vt 0.84375000 0.09375000
vt 0.90625000 0.09375000
vt 0.96875000 0.09375000
vt 0.03125000 0.03125000
vt 0.09375000 0.03125000
vt 0.15625000 0.03125000
vt 0.21875000 0.03125000
vt 0.28125000 0.03125000
vt 0.34375000 0.03125000
vt 0.40625000 0.03125000
vt 0.46875000 0.03125000
vt 0.53125000 0.03125000
vt 0.59375000 0.03125000
vt 0.65625000 0.03125000
vt 0.71875000 0.03125000
vt 0.78125000 0.03125000
vt 0.84375000 0.03125000
vt 0.90625000 0.03125000
vt 0.96875000 0.03125000
vn -1 0 0
vn 1 0 0
vn 0 0 -1
vn 0 0 1
vn 0 -1 0
vn 0 1 0
g palette
usemtl palette
f 1/4/1 2/4/1 3/4/1 4/4/1
f 3/4/3 5/4/3 6/4/3 4/4/3
f 6/4/5 7/4/5 1/4/5 4/4/5
f 2/4/6 8/4/6 5/4/6 3/4/6
f 9/4/1 10/4/1 2/4/1 1/4/1
f 7/4/5 11/4/5 9/4/5 1/4/5
f 10/4/6 12/4/6 8/4/6 2/4/6
f 13/4/1 14/4/1 10/4/1 9/4/1
f 11/4/5 15/4/5 13/4/5 9/4/5
f 14/4/6 16/4/6 12/4/6 10/4/6
f 17/4/1 18/4/1 14/4/1 13/4/1
f 15/4/5 19/4/5 17/4/5 13/4/5
f 18/4/6 20/4/6 16/4/6 14/4/6
f 21/4/1 22/4/1 18/4/1 17/4/1
f 19/4/5 23/4/5 21/4/5 17/4/5
f 22/4/6 24/4/6 20/4/6 18/4/6
f 25/4/1 26/4/1 22/4/1 21/4/1
f 23/4/5 27/4/5 25/4/5 21/4/5
f 26/4/1 28/4/1 29/4/1 22/4/1
f 29/4/3 30/4/3 24/4/3 22/4/3
f 28/4/1 31/4/1 32/4/1 29/4/1
f 32/4/3 33/4/3 30/4/3 29/4/3
f 31/4/1 34/4/1 35/4/1 32/4/1
f 35/4/3 36/4/3 33/4/3 32/4/3
f 34/4/1 37/4/1 38/4/1 35/4/1
f 38/4/3 39/4/3 36/4/3 35/4/3
f 37/4/1 40/4/1 41/4/1 38/4/1
f 41/4/3 42/4/3 39/4/3 38/4/3
f 40/4/1 43/4/1 44/4/1 41/4/1
f 44/4/3 45/4/3 42/4/3 41/4/3
f 43/4/1 46/4/1 47/4/1 44/4/1
f 47/4/3 48/4/3 45/4/3 44/4/3
f 46/4/1 49/4/1 50/4/1 47/4/1
f 50/4/3 51/4/3 48/4/3 47/4/3
f 49/4/1 52/4/1 53/4/1 50/4/1
f 53/4/3 54/4/3 51/4/3 50/4/3
f 52/4/1 55/4/1 56/4/1 53/4/1
f 56/4/3 57/4/3 54/4/3 53/4/3
f 55/4/1 58/4/1 59/4/1 56/4/1
f 59/4/3 60/4/3 57/4/3 56/4/3
f 58/4/1 61/4/1 62/4/1 59/4/1
f 62/4/3 63/4/3 60/4/3 59/4/3
f 61/4/1 64/4/1 65/4/1 62/4/1
f 65/4/3 66/4/3 63/4/3 62/4/3
f 64/4/1 67/4/1 68/4/1 65/4/1
f 68/4/3 69/4/3 66/4/3 65/4/3
f 67/4/1 70/4/1 71/4/1 68/4/1
f 71/4/3 72/4/3 69/4/3 68/4/3
f 70/4/1 73/4/1 74/4/1 71/4/1
f 74/4/3 75/4/3 72/4/3 71/4/3
f 73/4/1 76/4/1 77/4/1 74/4/1
f 77/4/3 78/4/3 75/4/3 74/4/3
f 76/4/1 79/4/1 80/4/1 77/4/1
f 80/4/3 81/4/3 78/4/3 77/4/3
f 79/4/1 82/4/1 83/4/1 80/4/1
f 83/4/3 84/4/3 81/4/3 80/4/3
f 82/4/1 85/4/1 86/4/1 83/4/1
f 86/4/3 87/4/3 84/4/3 83/4/3
f 85/4/1 88/4/1 89/4/1 86/4/1
f 89/4/3 90/4/3 87/4/3 86/4/3
f 88/4/1 91/4/1 92/4/1 89/4/1
f 92/4/3 93/4/3 90/4/3 89/4/3
f 91/4/1 94/4/1 95/4/1 92/4/1
f 95/4/3 96/4/3 93/4/3 92/4/3
f 94/4/1 97/4/1 98/4/1 95/4/1
f 98/4/3 99/4/3 96/4/3 95/4/3
f 97/4/1 100/4/1 101/4/1 98/4/1
f 101/4/3 102/4/3 99/4/3 98/4/3
f 100/4/1 103/4/1 104/4/1 101/4/1
f 104/4/3 105/4/3 102/4/3 101/4/3
f 103/4/1 106/4/1 107/4/1 104/4/1
f 107/4/3 108/4/3 105/4/3 104/4/3
f 106/5/1 109/5/1 110/5/1 107/5/1
f 110/5/3 111/5/3 108/5/3 107/5/3
f 109/5/1 112/5/1 113/5/1 110/5/1
f 113/5/3 114/5/3 111/5/3 110/5/3
f 112/5/1 115/5/1 116/5/1 113/5/1
f 116/5/3 117/5/3 114/5/3 113/5/3
f 115/5/1 118/5/1 119/5/1 116/5/1
f 119/5/3 120/5/3 117/5/3 116/5/3
f 118/5/6 121/5/6 120/5/6 119/5/6
f 122/4/1 123/4/1 26/4/1 25/4/1
f 27/4/5 124/4/5 122/4/5 25/4/5
f 123/4/1 125/4/1 28/4/1 26/4/1
f 125/4/1 126/4/1 31/4/1 28/4/1
f 126/4/1 127/4/1 34/4/1 31/4/1
f 127/4/1 128/4/1 37/4/1 34/4/1
f 128/4/1 129/4/1 40/4/1 37/4/1
f 129/4/1 130/4/1 43/4/1 40/4/1
f 130/4/1 131/4/1 46/4/1 43/4/1
f 131/4/1 132/4/1 49/4/1 46/4/1
f 132/4/1 133/4/1 52/4/1 49/4/1
f 133/4/1 134/4/1 55/4/1 52/4/1
f 134/4/1 135/4/1 58/4/1 55/4/1
f 135/4/1 136/4/1 61/4/1 58/4/1
f 136/4/1 137/4/1 64/4/1 61/4/1
f 137/4/1 138/4/1 67/4/1 64/4/1
f 138/4/1 139/4/1 70/4/1 67/4/1
f 139/4/1 140/4/1 73/4/1 70/4/1
f 140/4/1 141/4/1 76/4/1 73/4/1
f 141/4/1 142/4/1 79/4/1 76/4/1
f 142/4/1 143/4/1 82/4/1 79/4/1
f 143/4/1 144/4/1 85/4/1 82/4/1
f 144/4/1 145/4/1 88/4/1 85/4/1
f 145/4/1 146/4/1 91/4/1 88/4/1
f 146/4/1 147/4/1 94/4/1 91/4/1
f 147/4/1 148/4/1 97/4/1 94/4/1
f 148/4/1 149/4/1 100/4/1 97/4/1
f 149/4/1 150/4/1 103/4/1 100/4/1
f 150/4/1 151/4/1 106/4/1 103/4/1
f 151/5/1 152/5/1 109/5/1 106/5/1
f 152/5/1 153/5/1 112/5/1 109/5/1
f 153/5/1 154/5/1 115/5/1 112/5/1
f 154/5/1 155/5/1 118/5/1 115/5/1
f 155/5/6 156/5/6 121/5/6 118/5/6
f 157/4/1 158/4/1 123/4/1 122/4/1
f 124/4/5 159/4/5 157/4/5 122/4/5
f 158/4/1 160/4/1 125/4/1 123/4/1
f 160/4/1 161/4/1 126/4/1 125/4/1
f 161/4/1 162/4/1 127/4/1 126/4/1
f 162/4/1 163/4/1 128/4/1 127/4/1
f 163/4/1 164/4/1 129/4/1 128/4/1
f 164/4/1 165/4/1 130/4/1 129/4/1
f 165/4/1 166/4/1 131/4/1 130/4/1
f 166/4/1 167/4/1 132/4/1 131/4/1
f 167/4/1 168/4/1 133/4/1 132/4/1
f 168/4/1 169/4/1 134/4/1 133/4/1
f 169/4/1 170/4/1 135/4/1 134/4/1
f 170/4/1 171/4/1 136/4/1 135/4/1
f 171/4/1 172/4/1 137/4/1 136/4/1
f 172/4/1 173/4/1 138/4/1 137/4/1
f 173/4/1 174/4/1 139/4/1 138/4/1
f 174/4/1 175/4/1 140/4/1 139/4/1
f 175/4/1 176/4/1 141/4/1 140/4/1
f 176/4/1 177/4/1 142/4/1 141/4/1
f 177/4/1 178/4/1 143/4/1 142/4/1
f 178/4/1 179/4/1 144/4/1 143/4/1
f 179/4/1 180/4/1 145/4/1 144/4/1
f 180/4/1 181/4/1 146/4/1 145/4/1
f 181/4/1 182/4/1 147/4/1 146/4/1
f 182/4/1 183/4/1 148/4/1 147/4/1
f 183/4/1 184/4/1 149/4/1 148/4/1
f 184/4/1 185/4/1 150/4/1 149/4/1
f 185/4/1 186/4/1 151/4/1 150/4/1
f 186/5/1 187/5/1 152/5/1 151/5/1
f 187/5/1 188/5/1 153/5/1 152/5/1
f 188/5/1 189/5/1 154/5/1 153/5/1
f 189/5/1 190/5/1 155/5/1 154/5/1
f 190/5/6 191/5/6 156/5/6 155/5/6
f 192/4/1 193/4/1 158/4/1 157/4/1
f 159/4/5 194/4/5 192/4/5 157/4/5
f 193/4/1 195/4/1 160/4/1 158/4/1
f 195/4/1 196/4/1 161/4/1 160/4/1
f 196/4/1 197/4/1 162/4/1 161/4/1
f 197/4/1 198/4/1 163/4/1 162/4/1
f 198/4/1 199/4/1 164/4/1 163/4/1
f 199/4/1 200/4/1 165/4/1 164/4/1
f 200/4/1 201/4/1 166/4/1 165/4/1
f 201/4/1 202/4/1 167/4/1 166/4/1
f 202/4/1 203/4/1 168/4/1 167/4/1
f 203/4/1 204/4/1 169/4/1 168/4/1
f 204/4/1 205/4/1 170/4/1 169/4/1
f 205/4/1 206/4/1 171/4/1 170/4/1
f 206/4/1 207/4/1 172/4/1 171/4/1
f 207/4/1 208/4/1 173/4/1 172/4/1
f 208/4/1 209/4/1 174/4/1 173/4/1
f 209/4/1 210/4/1 175/4/1 174/4/1
f 210/4/1 211/4/1 176/4/1 175/4/1
f 211/4/1 212/4/1 177/4/1 176/4/1
f 212/4/1 213/4/1 178/4/1 177/4/1
f 213/4/1 214/4/1 179/4/1 178/4/1
f 214/4/1 215/4/1 180/4/1 179/4/1
f 215/4/1 216/4/1 181/4/1 180/4/1
f 216/4/1 217/4/1 182/4/1 181/4/1
f 217/4/1 218/4/1 183/4/1 182/4/1
f 218/4/1 219/4/1 184/4/1 183/4/1
f 219/4/1 220/4/1 185/4/1 184/4/1
f 220/4/1 221/4/1 186/4/1 185/4/1
f 221/5/1 222/5/1 187/5/1 186/5/1
f 222/5/1 223/5/1 188/5/1 187/5/1
f 223/5/1 224/5/1 189/5/1 188/5/1
f 224/5/1 225/5/1 190/5/1 189/5/1
f 225/5/6 226/5/6 191/5/6 190/5/6
f 227/4/1 228/4/1 193/4/1 192/4/1
f 194/4/5 229/4/5 227/4/5 192/4/5
f 228/4/1 230/4/1 195/4/1 193/4/1
f 230/4/1 231/4/1 196/4/1 195/4/1
f 231/4/1 232/4/1 197/4/1 196/4/1
f 232/4/1 233/4/1 198/4/1 197/4/1
f 233/4/1 234/4/1 199/4/1 198/4/1
f 234/4/1 235/4/1 200/4/1 199/4/1
f 235/4/1 236/4/1 201/4/1 200/4/1
f 236/4/1 237/4/1 202/4/1 201/4/1
f 237/4/1 238/4/1 203/4/1 202/4/1
f 238/4/1 239/4/1 204/4/1 203/4/1
f 239/4/1 240/4/1 205/4/1 204/4/1
f 240/4/1 241/4/1 206/4/1 205/4/1
f 241/4/1 242/4/1 207/4/1 206/4/1
f 242/4/1 243/4/1 208/4/1 207/4/1
f 243/4/1 244/4/1 209/4/1 208/4/1
f 244/4/1 245/4/1 210/4/1 209/4/1
f 245/4/1 246/4/1 211/4/1 210/4/1
f 246/4/1 247/4/1 212/4/1 211/4/1
f 247/4/1 248/4/1 213/4/1 212/4/1
f 248/4/1 249/4/1 214/4/1 213/4/1
f 249/4/1 250/4/1 215/4/1 214/4/1
f 250/4/1 251/4/1 216/4/1 215/4/1
f 251/4/1 252/4/1 217/4/1 216/4/1
f 252/4/1 253/4/1 218/4/1 217/4/1
f 253/4/1 254/4/1 219/4/1 218/4/1
f 254/4/1 255/4/1 220/4/1 219/4/1
f 255/4/1 256/4/1 221/4/1 220/4/1
f 256/5/1 257/5/1 222/5/1 221/5/1
f 257/5/1 258/5/1 223/5/1 222/5/1
f 258/5/1 259/5/1 224/5/1 223/5/1
f 259/5/1 260/5/1 225/5/1 224/5/1
f 260/5/6 261/5/6 226/5/6 225/5/6
f 262/4/1 263/4/1 228/4/1 227/4/1
f 229/4/5 264/4/5 262/4/5 227/4/5
f 263/4/1 265/4/1 230/4/1 228/4/1
f 266/4/4 267/4/4 265/4/4 263/4/4
f 265/4/1 268/4/1 231/4/1 230/4/1
f 267/4/4 269/4/4 268/4/4 265/4/4
f 268/4/1 270/4/1 232/4/1 231/4/1
f 269/4/4 271/4/4 270/4/4 268/4/4
f 270/4/1 272/4/1 233/4/1 232/4/1
f 271/4/4 273/4/4 272/4/4 270/4/4
f 272/4/1 274/4/1 234/4/1 233/4/1
f 273/4/4 275/4/4 274/4/4 272/4/4
f 274/4/1 276/4/1 235/4/1 234/4/1
f 275/4/4 277/4/4 276/4/4 274/4/4
f 276/4/1 278/4/1 236/4/1 235/4/1
f 277/4/4 279/4/4 278/4/4 276/4/4
f 278/4/1 280/4/1 237/4/1 236/4/1
f 279/4/4 281/4/4 280/4/4 278/4/4
f 280/4/1 282/4/1 238/4/1 237/4/1
f 281/4/4 283/4/4 282/4/4 280/4/4
f 282/4/1 284/4/1 239/4/1 238/4/1
f 283/4/4 285/4/4 284/4/4 282/4/4
f 284/4/1 286/4/1 240/4/1 239/4/1
f 285/4/4 287/4/4 286/4/4 284/4/4
f 286/4/1 288/4/1 241/4/1 240/4/1
f 287/4/4 289/4/4 288/4/4 286/4/4
f 288/4/1 290/4/1 242/4/1 241/4/1
f 289/4/4 291/4/4 290/4/4 288/4/4
f 290/4/1 292/4/1 243/4/1 242/4/1
f 291/4/4 293/4/4 292/4/4 290/4/4
f 292/4/1 294/4/1 244/4/1 243/4/1
f 293/4/4 295/4/4 294/4/4 292/4/4
f 294/4/1 296/4/1 245/4/1 244/4/1
f 295/4/4 297/4/4 296/4/4 294/4/4
f 296/4/1 298/4/1 246/4/1 245/4/1
f 297/4/4 299/4/4 298/4/4 296/4/4
f 298/4/1 300/4/1 247/4/1 246/4/1
f 299/4/4 301/4/4 300/4/4 298/4/4
f 300/4/1 302/4/1 248/4/1 247/4/1
f 301/4/4 303/4/4 302/4/4 300/4/4
f 302/4/1 304/4/1 249/4/1 248/4/1
f 303/4/4 305/4/4 304/4/4 302/4/4
f 304/4/1 306/4/1 250/4/1 249/4/1
f 305/4/4 307/4/4 306/4/4 304/4/4
f 306/4/1 308/4/1 251/4/1 250/4/1
f 307/4/4 309/4/4 308/4/4 306/4/4
f 308/4/1 310/4/1 252/4/1 251/4/1
f 309/4/4 311/4/4 310/4/4 308/4/4
f 310/4/1 312/4/1 253/4/1 252/4/1
f 311/4/4 313/4/4 312/4/4 310/4/4
f 312/4/1 314/4/1 254/4/1 253/4/1
f 313/4/4 315/4/4 314/4/4 312/4/4
f 314/4/1 316/4/1 255/4/1 254/4/1
f 315/4/4 317/4/4 316/4/4 314/4/4
f 316/4/1 318/4/1 256/4/1 255/4/1
f 317/4/4 319/4/4 318/4/4 316/4/4
f 318/5/1 320/5/1 257/5/1 256/5/1
f 319/5/4 321/5/4 320/5/4 318/5/4
f 320/5/1 322/5/1 258/5/1 257/5/1
f 321/5/4 323/5/4 322/5/4 320/5/4
f 322/5/1 324/5/1 259/5/1 258/5/1
f 323/5/4 325/5/4 324/5/4 322/5/4
f 324/5/1 326/5/1 260/5/1 259/5/1
f 325/5/4 327/5/4 326/5/4 324/5/4
f 326/5/6 327/5/6 261/5/6 260/5/6
f 328/4/1 329/4/1 263/4/1 262/4/1
f 264/4/5 330/4/5 328/4/5 262/4/5
f 329/4/6 331/4/6 266/4/6 263/4/6
f 332/4/1 333/4/1 329/4/1 328/4/1
f 330/4/5 334/4/5 332/4/5 328/4/5
f 333/4/6 335/4/6 331/4/6 329/4/6
f 336/4/1 337/4/1 333/4/1 332/4/1
f 334/4/5 338/4/5 336/4/5 332/4/5
f 337/4/6 339/4/6 335/4/6 333/4/6
f 340/4/1 341/4/1 337/4/1 336/4/1
f 338/4/5 342/4/5 340/4/5 336/4/5
f 341/4/6 343/4/6 339/4/6 337/4/6
f 344/4/1 345/4/1 341/4/1 340/4/1
f 346/4/4 347/4/4 345/4/4 344/4/4
f 342/4/5 346/4/5 344/4/5 340/4/5
f 345/4/6 347/4/6 343/4/6 341/4/6
f 5/4/3 348/4/3 349/4/3 6/4/3
f 349/4/5 350/4/5 7/4/5 6/4/5
f 8/4/6 351/4/6 348/4/6 5/4/6
f 350/4/5 352/4/5 11/4/5 7/4/5
f 12/4/6 353/4/6 351/4/6 8/4/6
f 352/4/5 354/4/5 15/4/5 11/4/5
f 16/4/6 355/4/6 353/4/6 12/4/6
f 354/4/5 356/4/5 19/4/5 15/4/5
f 20/4/6 357/4/6 355/4/6 16/4/6
f 356/4/5 358/4/5 23/4/5 19/4/5
f 24/4/6 359/4/6 357/4/6 20/4/6
f 358/4/5 360/4/5 27/4/5 23/4/5
f 30/4/3 361/4/3 359/4/3 24/4/3
f 33/4/3 362/4/3 361/4/3 30/4/3
f 36/4/3 363/4/3 362/4/3 33/4/3
f 39/4/3 364/4/3 363/4/3 36/4/3
f 42/4/3 365/4/3 364/4/3 39/4/3
f 45/4/3 366/4/3 365/4/3 42/4/3
f 48/4/3 367/4/3 366/4/3 45/4/3
f 51/4/3 368/4/3 367/4/3 48/4/3
f 54/4/3 369/4/3 368/4/3 51/4/3
f 57/4/3 370/4/3 369/4/3 54/4/3
f 60/4/3 371/4/3 370/4/3 57/4/3
f 63/4/3 372/4/3 371/4/3 60/4/3
f 66/4/3 373/4/3 372/4/3 63/4/3
f 69/4/3 374/4/3 373/4/3 66/4/3
f 72/4/3 375/4/3 374/4/3 69/4/3
f 75/4/3 376/4/3 375/4/3 72/4/3
f 78/11/3 377/11/3 376/11/3 75/11/3
f 81/11/3 378/11/3 377/11/3 78/11/3
f 84/11/3 379/11/3 378/11/3 81/11/3
f 87/4/3 380/4/3 379/4/3 84/4/3
f 90/4/3 381/4/3 380/4/3 87/4/3
f 93/4/3 382/4/3 381/4/3 90/4/3
f 96/4/3 383/4/3 382/4/3 93/4/3
f 99/4/3 384/4/3 383/4/3 96/4/3
f 102/4/3 385/4/3 384/4/3 99/4/3
f 105/4/3 386/4/3 385/4/3 102/4/3
f 108/4/3 387/4/3 386/4/3 105/4/3
f 111/5/3 388/5/3 387/5/3 108/5/3
f 114/5/3 389/5/3 388/5/3 111/5/3
f 117/5/3 390/5/3 389/5/3 114/5/3
f 120/5/3 391/5/3 390/5/3 117/5/3
f 121/5/6 392/5/6 391/5/6 120/5/6
f 360/4/5 393/4/5 124/4/5 27/4/5
f 156/5/6 394/5/6 392/5/6 121/5/6
f 393/4/5 395/4/5 159/4/5 124/4/5
f 191/5/6 396/5/6 394/5/6 156/5/6
f 395/4/5 397/4/5 194/4/5 159/4/5
f 226/5/6 398/5/6 396/5/6 191/5/6
f 397/4/5 399/4/5 229/4/5 194/4/5
f 261/5/6 400/5/6 398/5/6 226/5/6
f 399/4/5 401/4/5 264/4/5 229/4/5
f 402/4/4 403/4/4 267/4/4 266/4/4
f 403/4/4 404/4/4 269/4/4 267/4/4
f 404/4/4 405/4/4 271/4/4 269/4/4
f 405/4/4 406/4/4 273/4/4 271/4/4
f 406/4/4 407/4/4 275/4/4 273/4/4
f 407/4/4 408/4/4 277/4/4 275/4/4
f 408/4/4 409/4/4 279/4/4 277/4/4
f 409/4/4 410/4/4 281/4/4 279/4/4
f 410/4/4 411/4/4 283/4/4 281/4/4
f 411/4/4 412/4/4 285/4/4 283/4/4
f 412/4/4 413/4/4 287/4/4 285/4/4
f 413/4/4 414/4/4 289/4/4 287/4/4
f 414/4/4 415/4/4 291/4/4 289/4/4
f 415/4/4 416/4/4 293/4/4 291/4/4
f 416/4/4 417/4/4 295/4/4 293/4/4
f 417/4/4 418/4/4 297/4/4 295/4/4
f 418/4/4 419/4/4 299/4/4 297/4/4
f 419/4/4 420/4/4 301/4/4 299/4/4
f 420/4/4 421/4/4 303/4/4 301/4/4
f 421/4/4 422/4/4 305/4/4 303/4/4
f 422/4/4 423/4/4 307/4/4 305/4/4
f 423/4/4 424/4/4 309/4/4 307/4/4
f 424/4/4 425/4/4 311/4/4 309/4/4
f 425/4/4 426/4/4 313/4/4 311/4/4
f 426/4/4 427/4/4 315/4/4 313/4/4
f 427/4/4 428/4/4 317/4/4 315/4/4
f 428/4/4 429/4/4 319/4/4 317/4/4
f 429/5/4 430/5/4 321/5/4 319/5/4
f 430/5/4 431/5/4 323/5/4 321/5/4
f 431/5/4 432/5/4 325/5/4 323/5/4
f 432/5/4 433/5/4 327/5/4 325/5/4
f 327/5/6 433/5/6 400/5/6 261/5/6
f 401/4/5 434/4/5 330/4/5 264/4/5
f 331/4/6 435/4/6 402/4/6 266/4/6
f 434/4/5 436/4/5 334/4/5 330/4/5
f 335/4/6 437/4/6 435/4/6 331/4/6
f 436/4/5 438/4/5 338/4/5 334/4/5
f 339/4/6 439/4/6 437/4/6 335/4/6
f 438/4/5 440/4/5 342/4/5 338/4/5
f 343/4/6 441/4/6 439/4/6 339/4/6
f 442/4/4 443/4/4 347/4/4 346/4/4
f 440/4/5 442/4/5 346/4/5 342/4/5
f 347/4/6 443/4/6 441/4/6 343/4/6
f 348/4/3 444/4/3 445/4/3 349/4/3
f 445/4/5 446/4/5 350/4/5 349/4/5
f 351/4/6 447/4/6 444/4/6 348/4/6
f 446/4/5 448/4/5 352/4/5 350/4/5
f 353/4/6 449/4/6 447/4/6 351/4/6
f 448/4/5 450/4/5 354/4/5 352/4/5
f 355/4/6 451/4/6 449/4/6 353/4/6
f 450/4/5 452/4/5 356/4/5 354/4/5
f 357/4/6 453/4/6 451/4/6 355/4/6
f 452/4/5 454/4/5 358/4/5 356/4/5
f 359/4/6 455/4/6 453/4/6 357/4/6
f 454/4/5 456/4/5 360/4/5 358/4/5
f 457/4/2 458/4/2 459/4/2 455/4/2
f 361/4/3 457/4/3 455/4/3 359/4/3
f 460/4/2 461/4/2 458/4/2 457/4/2
f 362/4/3 460/4/3 457/4/3 361/4/3
f 462/4/2 463/4/2 461/4/2 460/4/2
f 363/4/3 462/4/3 460/4/3 362/4/3
f 464/4/2 465/4/2 463/4/2 462/4/2
f 364/4/3 464/4/3 462/4/3 363/4/3
f 466/4/2 467/4/2 465/4/2 464/4/2
f 365/4/3 466/4/3 464/4/3 364/4/3
f 468/4/2 469/4/2 467/4/2 466/4/2
f 366/4/3 468/4/3 466/4/3 365/4/3
f 470/4/2 471/4/2 469/4/2 468/4/2
f 367/4/3 470/4/3 468/4/3 366/4/3
f 472/4/2 473/4/2 471/4/2 470/4/2
f 368/4/3 472/4/3 470/4/3 367/4/3
f 474/4/2 475/4/2 473/4/2 472/4/2
f 369/4/3 474/4/3 472/4/3 368/4/3
f 476/4/2 477/4/2 475/4/2 474/4/2
f 370/4/3 476/4/3 474/4/3 369/4/3
f 478/4/2 479/4/2 477/4/2 476/4/2
f 371/4/3 478/4/3 476/4/3 370/4/3
f 480/4/2 481/4/2 479/4/2 478/4/2
f 372/4/3 480/4/3 478/4/3 371/4/3
f 482/4/2 483/4/2 481/4/2 480/4/2
f 373/4/3 482/4/3 480/4/3 372/4/3
f 484/4/2 485/4/2 483/4/2 482/4/2
f 374/4/3 484/4/3 482/4/3 373/4/3
f 486/4/2 487/4/2 485/4/2 484/4/2
f 375/4/3 486/4/3 484/4/3 374/4/3
f 488/4/2 489/4/2 487/4/2 486/4/2
f 376/4/3 488/4/3 486/4/3 375/4/3
f 490/4/2 491/4/2 489/4/2 488/4/2
f 377/4/3 490/4/3 488/4/3 376/4/3
f 492/4/2 493/4/2 491/4/2 490/4/2
f 378/4/3 492/4/3 490/4/3 377/4/3
f 494/4/2 495/4/2 493/4/2 492/4/2
f 379/4/3 494/4/3 492/4/3 378/4/3
f 496/4/2 497/4/2 495/4/2 494/4/2
f 380/4/3 496/4/3 494/4/3 379/4/3
f 498/4/2 499/4/2 497/4/2 496/4/2
f 381/4/3 498/4/3 496/4/3 380/4/3
f 500/4/2 501/4/2 499/4/2 498/4/2
f 382/4/3 500/4/3 498/4/3 381/4/3
f 502/4/2 503/4/2 501/4/2 500/4/2
f 383/4/3 502/4/3 500/4/3 382/4/3
f 504/4/2 505/4/2 503/4/2 502/4/2
f 384/4/3 504/4/3 502/4/3 383/4/3
f 506/4/2 507/4/2 505/4/2 504/4/2
f 385/4/3 506/4/3 504/4/3 384/4/3
f 508/4/2 509/4/2 507/4/2 506/4/2
f 386/4/3 508/4/3 506/4/3 385/4/3
f 510/4/2 511/4/2 509/4/2 508/4/2
f 387/4/3 510/4/3 508/4/3 386/4/3
f 388/5/3 512/5/3 510/5/3 387/5/3
f 389/5/3 513/5/3 512/5/3 388/5/3
f 390/5/3 514/5/3 513/5/3 389/5/3
f 391/5/3 515/5/3 514/5/3 390/5/3
f 392/5/6 516/5/6 515/5/6 391/5/6
f 456/4/5 517/4/5 393/4/5 360/4/5
f 458/4/2 518/4/2 519/4/2 459/4/2
f 461/4/2 520/4/2 518/4/2 458/4/2
f 463/4/2 521/4/2 520/4/2 461/4/2
f 465/4/2 522/4/2 521/4/2 463/4/2
f 467/4/2 523/4/2 522/4/2 465/4/2
f 469/4/2 524/4/2 523/4/2 467/4/2
f 471/4/2 525/4/2 524/4/2 469/4/2
f 473/4/2 526/4/2 525/4/2 471/4/2
f 475/4/2 527/4/2 526/4/2 473/4/2
f 477/4/2 528/4/2 527/4/2 475/4/2
f 479/4/2 529/4/2 528/4/2 477/4/2
f 481/4/2 530/4/2 529/4/2 479/4/2
f 483/4/2 531/4/2 530/4/2 481/4/2
f 485/4/2 532/4/2 531/4/2 483/4/2
f 487/4/2 533/4/2 532/4/2 485/4/2
f 489/4/2 534/4/2 533/4/2 487/4/2
f 491/4/2 535/4/2 534/4/2 489/4/2
f 493/4/2 536/4/2 535/4/2 491/4/2
f 495/4/2 537/4/2 536/4/2 493/4/2
f 497/4/2 538/4/2 537/4/2 495/4/2
f 499/4/2 539/4/2 538/4/2 497/4/2
f 501/4/2 540/4/2 539/4/2 499/4/2
f 503/4/2 541/4/2 540/4/2 501/4/2
f 505/4/2 542/4/2 541/4/2 503/4/2
f 507/4/2 543/4/2 542/4/2 505/4/2
f 509/4/2 544/4/2 543/4/2 507/4/2
f 511/4/2 545/4/2 544/4/2 509/4/2
f 394/5/6 546/5/6 516/5/6 392/5/6
f 517/4/5 547/4/5 395/4/5 393/4/5
f 518/4/2 548/4/2 549/4/2 519/4/2
f 520/4/2 550/4/2 548/4/2 518/4/2
f 521/4/2 551/4/2 550/4/2 520/4/2
f 522/4/2 552/4/2 551/4/2 521/4/2
f 523/4/2 553/4/2 552/4/2 522/4/2
f 524/4/2 554/4/2 553/4/2 523/4/2
f 525/4/2 555/4/2 554/4/2 524/4/2
f 526/4/2 556/4/2 555/4/2 525/4/2
f 527/4/2 557/4/2 556/4/2 526/4/2
f 528/4/2 558/4/2 557/4/2 527/4/2
f 529/4/2 559/4/2 558/4/2 528/4/2
f 530/4/2 560/4/2 559/4/2 529/4/2
f 531/4/2 561/4/2 560/4/2 530/4/2
f 532/4/2 562/4/2 561/4/2 531/4/2
f 533/4/2 563/4/2 562/4/2 532/4/2
f 534/4/2 564/4/2 563/4/2 533/4/2
f 535/4/2 565/4/2 564/4/2 534/4/2
f 536/4/2 566/4/2 565/4/2 535/4/2
f 537/4/2 567/4/2 566/4/2 536/4/2
f 538/4/2 568/4/2 567/4/2 537/4/2
f 539/4/2 569/4/2 568/4/2 538/4/2
f 540/4/2 570/4/2 569/4/2 539/4/2
f 541/4/2 571/4/2 570/4/2 540/4/2
f 542/4/2 572/4/2 571/4/2 541/4/2
f 543/4/2 573/4/2 572/4/2 542/4/2
f 545/4/2 574/4/2 575/4/2 544/4/2
f 396/5/6 576/5/6 546/5/6 394/5/6
f 547/4/5 577/4/5 397/4/5 395/4/5
f 548/4/2 578/4/2 579/4/2 549/4/2
f 550/4/2 580/4/2 578/4/2 548/4/2
f 551/4/2 581/4/2 580/4/2 550/4/2
f 552/4/2 582/4/2 581/4/2 551/4/2
f 553/4/2 583/4/2 582/4/2 552/4/2
f 554/4/2 584/4/2 583/4/2 553/4/2
f 555/4/2 585/4/2 584/4/2 554/4/2
f 556/4/2 586/4/2 585/4/2 555/4/2
f 557/4/2 587/4/2 586/4/2 556/4/2
f 558/4/2 588/4/2 587/4/2 557/4/2
f 559/4/2 589/4/2 588/4/2 558/4/2
f 560/4/2 590/4/2 589/4/2 559/4/2
f 561/4/2 591/4/2 590/4/2 560/4/2
f 562/4/2 592/4/2 591/4/2 561/4/2
f 563/4/2 593/4/2 592/4/2 562/4/2
f 564/4/2 594/4/2 593/4/2 563/4/2
f 565/4/2 595/4/2 594/4/2 564/4/2
f 566/4/2 596/4/2 595/4/2 565/4/2
f 567/4/2 597/4/2 596/4/2 566/4/2
f 568/4/2 598/4/2 597/4/2 567/4/2
f 569/4/2 599/4/2 598/4/2 568/4/2
f 570/4/2 600/4/2 599/4/2 569/4/2
f 571/4/2 601/4/2 600/4/2 570/4/2
f 572/4/2 602/4/2 601/4/2 571/4/2
f 573/4/2 603/4/2 602/4/2 572/4/2
f 574/4/2 604/4/2 605/4/2 575/4/2
f 398/5/6 606/5/6 576/5/6 396/5/6
f 577/4/5 607/4/5 399/4/5 397/4/5
f 578/4/2 608/4/2 609/4/2 579/4/2
f 580/4/2 610/4/2 608/4/2 578/4/2
f 581/4/2 611/4/2 610/4/2 580/4/2
f 582/4/2 612/4/2 611/4/2 581/4/2
f 583/4/2 613/4/2 612/4/2 582/4/2
f 584/4/2 614/4/2 613/4/2 583/4/2
f 585/4/2 615/4/2 614/4/2 584/4/2
f 586/4/2 616/4/2 615/4/2 585/4/2
f 587/4/2 617/4/2 616/4/2 586/4/2
f 588/4/2 618/4/2 617/4/2 587/4/2
f 589/4/2 619/4/2 618/4/2 588/4/2
f 590/4/2 620/4/2 619/4/2 589/4/2
f 591/4/2 621/4/2 620/4/2 590/4/2
f 592/4/2 622/4/2 621/4/2 591/4/2
f 593/4/2 623/4/2 622/4/2 592/4/2
f 594/4/2 624/4/2 623/4/2 593/4/2
f 595/4/2 625/4/2 624/4/2 594/4/2
f 596/4/2 626/4/2 625/4/2 595/4/2
f 597/4/2 627/4/2 626/4/2 596/4/2
f 598/4/2 628/4/2 627/4/2 597/4/2
f 599/4/2 629/4/2 628/4/2 598/4/2
f 600/4/2 630/4/2 629/4/2 599/4/2
f 601/4/2 631/4/2 630/4/2 600/4/2
f 602/4/2 632/4/2 631/4/2 601/4/2
f 603/4/2 633/4/2 632/4/2 602/4/2
f 605/4/2 634/4/2 633/4/2 603/4/2
f 604/4/2 635/4/2 634/4/2 605/4/2
f 400/5/6 636/5/6 606/5/6 398/5/6
f 607/4/5 637/4/5 401/4/5 399/4/5
f 608/4/2 638/4/2 639/4/2 609/4/2
f 639/4/4 638/4/4 403/4/4 402/4/4
f 610/4/2 640/4/2 638/4/2 608/4/2
f 638/4/4 640/4/4 404/4/4 403/4/4
f 611/4/2 641/4/2 640/4/2 610/4/2
f 640/4/4 641/4/4 405/4/4 404/4/4
f 612/4/2 642/4/2 641/4/2 611/4/2
f 641/4/4 642/4/4 406/4/4 405/4/4
f 613/4/2 643/4/2 642/4/2 612/4/2
f 642/4/4 643/4/4 407/4/4 406/4/4
f 614/4/2 644/4/2 643/4/2 613/4/2
f 643/4/4 644/4/4 408/4/4 407/4/4
f 615/4/2 645/4/2 644/4/2 614/4/2
f 644/4/4 645/4/4 409/4/4 408/4/4
f 616/4/2 646/4/2 645/4/2 615/4/2
f 645/4/4 646/4/4 410/4/4 409/4/4
f 617/4/2 647/4/2 646/4/2 616/4/2
f 646/4/4 647/4/4 411/4/4 410/4/4
f 618/4/2 648/4/2 647/4/2 617/4/2
f 647/4/4 648/4/4 412/4/4 411/4/4
f 619/4/2 649/4/2 648/4/2 618/4/2
f 648/4/4 649/4/4 413/4/4 412/4/4
f 620/4/2 650/4/2 649/4/2 619/4/2
f 649/4/4 650/4/4 414/4/4 413/4/4
f 621/4/2 651/4/2 650/4/2 620/4/2
f 650/4/4 651/4/4 415/4/4 414/4/4
f 622/4/2 652/4/2 651/4/2 621/4/2
f 651/4/4 652/4/4 416/4/4 415/4/4
f 623/4/2 653/4/2 652/4/2 622/4/2
f 652/4/4 653/4/4 417/4/4 416/4/4
f 624/4/2 654/4/2 653/4/2 623/4/2
f 653/4/4 654/4/4 418/4/4 417/4/4
f 625/4/2 655/4/2 654/4/2 624/4/2
f 654/4/4 655/4/4 419/4/4 418/4/4
f 626/4/2 656/4/2 655/4/2 625/4/2
f 655/4/4 656/4/4 420/4/4 419/4/4
f 627/4/2 657/4/2 656/4/2 626/4/2
f 656/4/4 657/4/4 421/4/4 420/4/4
f 628/4/2 658/4/2 657/4/2 627/4/2
f 657/4/4 658/4/4 422/4/4 421/4/4
f 629/4/2 659/4/2 658/4/2 628/4/2
f 658/4/4 659/4/4 423/4/4 422/4/4
f 630/4/2 660/4/2 659/4/2 629/4/2
f 659/4/4 660/4/4 424/4/4 423/4/4
f 631/4/2 661/4/2 660/4/2 630/4/2
f 660/4/4 661/4/4 425/4/4 424/4/4
f 632/4/2 662/4/2 661/4/2 631/4/2
f 661/4/4 662/4/4 426/4/4 425/4/4
f 633/4/2 663/4/2 662/4/2 632/4/2
f 662/4/4 663/4/4 427/4/4 426/4/4
f 634/4/2 664/4/2 663/4/2 633/4/2
f 663/4/4 664/4/4 428/4/4 427/4/4
f 635/4/2 665/4/2 664/4/2 634/4/2
f 664/4/4 665/4/4 429/4/4 428/4/4
f 665/5/4 666/5/4 430/5/4 429/5/4
f 666/5/4 667/5/4 431/5/4 430/5/4
f 667/5/4 668/5/4 432/5/4 431/5/4
f 668/5/4 669/5/4 433/5/4 432/5/4
f 433/5/6 669/5/6 636/5/6 400/5/6
f 637/4/5 670/4/5 434/4/5 401/4/5
f 435/4/6 671/4/6 639/4/6 402/4/6
f 670/4/5 672/4/5 436/4/5 434/4/5
f 437/4/6 673/4/6 671/4/6 435/4/6
f 672/4/5 674/4/5 438/4/5 436/4/5
f 439/4/6 675/4/6 673/4/6 437/4/6
f 674/4/5 676/4/5 440/4/5 438/4/5
f 441/4/6 677/4/6 675/4/6 439/4/6
f 678/4/4 679/4/4 443/4/4 442/4/4
f 676/4/5 678/4/5 442/4/5 440/4/5
f 443/4/6 679/4/6 677/4/6 441/4/6
f 444/4/3 680/4/3 681/4/3 445/4/3
f 681/4/5 682/4/5 446/4/5 445/4/5
f 447/4/6 683/4/6 680/4/6 444/4/6
f 682/4/5 684/4/5 448/4/5 446/4/5
f 449/4/6 685/4/6 683/4/6 447/4/6
f 684/4/5 686/4/5 450/4/5 448/4/5
f 451/4/6 687/4/6 685/4/6 449/4/6
f 686/4/5 688/4/5 452/4/5 450/4/5
f 453/4/6 689/4/6 687/4/6 451/4/6
f 688/4/5 690/4/5 454/4/5 452/4/5
f 455/4/6 691/4/6 689/4/6 453/4/6
f 690/4/5 692/4/5 456/4/5 454/4/5
f 459/4/6 693/4/6 691/4/6 455/4/6
f 512/5/3 694/5/3 695/5/3 510/5/3
f 695/5/5 696/5/5 511/5/5 510/5/5
f 513/5/3 697/5/3 694/5/3 512/5/3
f 514/5/3 698/5/3 697/5/3 513/5/3
f 515/5/3 699/5/3 698/5/3 514/5/3
f 516/5/6 700/5/6 699/5/6 515/5/6
f 692/4/5 701/4/5 517/4/5 456/4/5
f 519/4/6 702/4/6 693/4/6 459/4/6
f 696/5/5 703/5/5 545/5/5 511/5/5
f 546/5/6 704/5/6 700/5/6 516/5/6
f 701/4/5 705/4/5 547/4/5 517/4/5
f 549/4/6 706/4/6 702/4/6 519/4/6
f 544/53/3 707/53/3 708/53/3 543/53/3
f 708/53/5 709/53/5 573/53/5 543/53/5
f 575/53/6 710/53/6 707/53/6 544/53/6
f 703/5/5 711/5/5 574/5/5 545/5/5
f 576/5/6 712/5/6 704/5/6 546/5/6
f 705/4/5 713/4/5 577/4/5 547/4/5
f 579/4/6 714/4/6 706/4/6 549/4/6
f 715/53/4 716/53/4 605/53/4 603/53/4
f 709/53/5 715/53/5 603/53/5 573/53/5
f 605/53/6 716/53/6 710/53/6 575/53/6
f 711/5/5 717/5/5 604/5/5 574/5/5
f 606/5/6 718/5/6 712/5/6 576/5/6
f 713/4/5 719/4/5 607/4/5 577/4/5
f 609/4/6 720/4/6 714/4/6 579/4/6
f 717/5/5 721/5/5 635/5/5 604/5/5
f 636/5/6 722/5/6 718/5/6 606/5/6
f 719/4/5 723/4/5 637/4/5 607/4/5
f 639/4/6 724/4/6 720/4/6 609/4/6
f 725/5/4 726/5/4 666/5/4 665/5/4
f 721/5/5 725/5/5 665/5/5 635/5/5
f 726/5/4 727/5/4 667/5/4 666/5/4
f 727/5/4 728/5/4 668/5/4 667/5/4
f 728/5/4 729/5/4 669/5/4 668/5/4
f 669/5/6 729/5/6 722/5/6 636/5/6
f 723/4/5 730/4/5 670/4/5 637/4/5
f 671/4/6 731/4/6 724/4/6 639/4/6
f 730/4/5 732/4/5 672/4/5 670/4/5
f 673/4/6 733/4/6 731/4/6 671/4/6
f 732/4/5 734/4/5 674/4/5 672/4/5
f 675/4/6 735/4/6 733/4/6 673/4/6
f 734/4/5 736/4/5 676/4/5 674/4/5
f 677/4/6 737/4/6 735/4/6 675/4/6
f 738/4/4 739/4/4 679/4/4 678/4/4
f 736/4/5 738/4/5 678/4/5 676/4/5
f 679/4/6 739/4/6 737/4/6 677/4/6
f 680/4/3 740/4/3 741/4/3 681/4/3
f 741/4/5 742/4/5 682/4/5 681/4/5
f 683/4/6 743/4/6 740/4/6 680/4/6
f 742/4/5 744/4/5 684/4/5 682/4/5
f 685/4/6 745/4/6 743/4/6 683/4/6
f 744/4/5 746/4/5 686/4/5 684/4/5
f 687/4/6 747/4/6 745/4/6 685/4/6
f 746/4/5 748/4/5 688/4/5 686/4/5
f 689/4/6 749/4/6 747/4/6 687/4/6
f 748/4/5 750/4/5 690/4/5 688/4/5
f 691/4/6 751/4/6 749/4/6 689/4/6
f 750/4/5 752/4/5 692/4/5 690/4/5
f 693/4/6 753/4/6 751/4/6 691/4/6
f 694/5/3 754/5/3 755/5/3 695/5/3
f 755/5/5 756/5/5 696/5/5 695/5/5
f 697/5/3 757/5/3 754/5/3 694/5/3
f 698/5/3 758/5/3 757/5/3 697/5/3
f 699/5/3 759/5/3 758/5/3 698/5/3
f 700/5/6 760/5/6 759/5/6 699/5/6
f 752/4/5 761/4/5 701/4/5 692/4/5
f 702/4/6 762/4/6 753/4/6 693/4/6
f 756/5/5 763/5/5 703/5/5 696/5/5
f 704/5/6 764/5/6 760/5/6 700/5/6
f 761/4/5 765/4/5 705/4/5 701/4/5
f 706/4/6 766/4/6 762/4/6 702/4/6
f 767/55/1 768/55/1 769/55/1 770/55/1
f 771/55/2 772/55/2 773/55/2 774/55/2
f 769/55/3 771/55/3 774/55/3 770/55/3
f 774/55/5 773/55/5 767/55/5 770/55/5
f 768/55/1 709/55/1 708/55/1 769/55/1
f 775/55/2 776/55/2 772/55/2 771/55/2
f 708/55/3 775/55/3 771/55/3 769/55/3
f 707/53/3 777/53/3 775/53/3 708/53/3
f 710/55/1 711/55/1 703/55/1 707/55/1
f 763/55/2 778/55/2 779/55/2 777/55/2
f 703/55/3 763/55/3 777/55/3 707/55/3
f 712/5/6 780/5/6 764/5/6 704/5/6
f 765/4/5 781/4/5 713/4/5 705/4/5
f 714/4/6 782/4/6 766/4/6 706/4/6
f 783/54/1 784/54/1 768/54/1 767/54/1
f 772/54/2 785/54/2 786/54/2 773/54/2
f 786/54/4 785/54/4 784/54/4 783/54/4
f 773/54/5 786/54/5 783/54/5 767/54/5
f 784/54/1 715/54/1 709/54/1 768/54/1
f 776/54/2 787/54/2 785/54/2 772/54/2
f 785/54/4 787/54/4 715/54/4 784/54/4
f 787/53/4 788/53/4 716/53/4 715/53/4
f 716/54/1 717/54/1 711/54/1 710/54/1
f 778/54/2 789/54/2 788/54/2 779/54/2
f 788/54/4 789/54/4 717/54/4 716/54/4
f 718/5/6 790/5/6 780/5/6 712/5/6
f 781/4/5 791/4/5 719/4/5 713/4/5
f 720/4/6 792/4/6 782/4/6 714/4/6
f 789/5/5 793/5/5 721/5/5 717/5/5
f 722/5/6 794/5/6 790/5/6 718/5/6
f 791/4/5 795/4/5 723/4/5 719/4/5
f 724/4/6 796/4/6 792/4/6 720/4/6
f 797/5/4 798/5/4 726/5/4 725/5/4
f 793/5/5 797/5/5 725/5/5 721/5/5
f 798/5/4 799/5/4 727/5/4 726/5/4
f 799/5/4 800/5/4 728/5/4 727/5/4
f 800/5/4 801/5/4 729/5/4 728/5/4
f 729/5/6 801/5/6 794/5/6 722/5/6
f 795/4/5 802/4/5 730/4/5 723/4/5
f 731/4/6 803/4/6 796/4/6 724/4/6
f 802/4/5 804/4/5 732/4/5 730/4/5
f 733/4/6 805/4/6 803/4/6 731/4/6
f 804/4/5 806/4/5 734/4/5 732/4/5
f 735/4/6 807/4/6 805/4/6 733/4/6
f 806/4/5 808/4/5 736/4/5 734/4/5
f 737/4/6 809/4/6 807/4/6 735/4/6
f 810/4/4 811/4/4 739/4/4 738/4/4
f 808/4/5 810/4/5 738/4/5 736/4/5
f 739/4/6 811/4/6 809/4/6 737/4/6
f 740/4/3 812/4/3 813/4/3 741/4/3
f 813/4/5 814/4/5 742/4/5 741/4/5
f 743/4/6 815/4/6 812/4/6 740/4/6
f 814/4/5 816/4/5 744/4/5 742/4/5
f 745/4/6 817/4/6 815/4/6 743/4/6
f 816/4/5 818/4/5 746/4/5 744/4/5
f 747/4/6 819/4/6 817/4/6 745/4/6
f 818/4/5 820/4/5 748/4/5 746/4/5
f 749/4/6 821/4/6 819/4/6 747/4/6
f 820/4/5 822/4/5 750/4/5 748/4/5
f 751/4/6 823/4/6 821/4/6 749/4/6
f 822/4/5 824/4/5 752/4/5 750/4/5
f 753/4/6 825/4/6 823/4/6 751/4/6
f 754/5/3 826/5/3 827/5/3 755/5/3
f 827/5/5 828/5/5 756/5/5 755/5/5
f 757/5/3 829/5/3 826/5/3 754/5/3
f 758/5/3 830/5/3 829/5/3 757/5/3
f 759/5/3 831/5/3 830/5/3 758/5/3
f 760/5/6 832/5/6 831/5/6 759/5/6
f 824/4/5 833/4/5 761/4/5 752/4/5
f 762/4/6 834/4/6 825/4/6 753/4/6
f 828/5/5 835/5/5 763/5/5 756/5/5
f 764/5/6 836/5/6 832/5/6 760/5/6
f 833/4/5 837/4/5 765/4/5 761/4/5
f 766/4/6 838/4/6 834/4/6 762/4/6
f 777/53/3 839/53/3 840/53/3 775/53/3
f 840/53/5 841/53/5 776/53/5 775/53/5
f 779/53/6 842/53/6 839/53/6 777/53/6
f 835/5/5 843/5/5 778/5/5 763/5/5
f 780/5/6 844/5/6 836/5/6 764/5/6
f 837/4/5 845/4/5 781/4/5 765/4/5
f 782/4/6 846/4/6 838/4/6 766/4/6
f 847/53/4 848/53/4 788/53/4 787/53/4
f 841/53/5 847/53/5 787/53/5 776/53/5
f 788/53/6 848/53/6 842/53/6 779/53/6
f 843/5/5 849/5/5 789/5/5 778/5/5
f 790/5/6 850/5/6 844/5/6 780/5/6
f 845/4/5 851/4/5 791/4/5 781/4/5
f 792/4/6 852/4/6 846/4/6 782/4/6
f 849/5/5 853/5/5 793/5/5 789/5/5
f 794/5/6 854/5/6 850/5/6 790/5/6
f 851/4/5 855/4/5 795/4/5 791/4/5
f 796/4/6 856/4/6 852/4/6 792/4/6
f 857/5/4 858/5/4 798/5/4 797/5/4
f 853/5/5 857/5/5 797/5/5 793/5/5
f 858/5/4 859/5/4 799/5/4 798/5/4
f 859/5/4 860/5/4 800/5/4 799/5/4
f 860/5/4 861/5/4 801/5/4 800/5/4
f 801/5/6 861/5/6 854/5/6 794/5/6
f 855/4/5 862/4/5 802/4/5 795/4/5
f 803/4/6 863/4/6 856/4/6 796/4/6
f 862/4/5 864/4/5 804/4/5 802/4/5
f 805/4/6 865/4/6 863/4/6 803/4/6
f 864/4/5 866/4/5 806/4/5 804/4/5
f 807/4/6 867/4/6 865/4/6 805/4/6
f 866/4/5 868/4/5 808/4/5 806/4/5
f 809/4/6 869/4/6 867/4/6 807/4/6
f 870/4/4 871/4/4 811/4/4 810/4/4
f 868/4/5 870/4/5 810/4/5 808/4/5
f 811/4/6 871/4/6 869/4/6 809/4/6
f 812/4/3 872/4/3 873/4/3 813/4/3
f 873/4/5 874/4/5 814/4/5 813/4/5
f 815/4/6 875/4/6 872/4/6 812/4/6
f 874/4/5 876/4/5 816/4/5 814/4/5
f 817/4/6 877/4/6 875/4/6 815/4/6
f 876/4/5 878/4/5 818/4/5 816/4/5
f 819/4/6 879/4/6 877/4/6 817/4/6
f 878/4/5 880/4/5 820/4/5 818/4/5
f 821/4/6 881/4/6 879/4/6 819/4/6
f 880/4/5 882/4/5 822/4/5 820/4/5
f 823/4/6 883/4/6 881/4/6 821/4/6
f 882/4/5 884/4/5 824/4/5 822/4/5
f 825/4/6 885/4/6 883/4/6 823/4/6
f 826/5/3 886/5/3 887/5/3 827/5/3
f 887/5/5 888/5/5 828/5/5 827/5/5
f 829/5/3 889/5/3 886/5/3 826/5/3
f 830/5/3 890/5/3 889/5/3 829/5/3
f 831/5/3 891/5/3 890/5/3 830/5/3
f 832/5/6 892/5/6 891/5/6 831/5/6
f 884/4/5 893/4/5 833/4/5 824/4/5
f 834/4/6 894/4/6 885/4/6 825/4/6
f 888/5/5 895/5/5 835/5/5 828/5/5
f 836/5/6 896/5/6 892/5/6 832/5/6
f 893/4/5 897/4/5 837/4/5 833/4/5
f 838/4/6 898/4/6 894/4/6 834/4/6
f 839/53/3 899/53/3 900/53/3 840/53/3
f 900/53/5 901/53/5 841/53/5 840/53/5
f 842/53/6 902/53/6 899/53/6 839/53/6
f 895/5/5 903/5/5 843/5/5 835/5/5
f 844/5/6 904/5/6 896/5/6 836/5/6
f 897/4/5 905/4/5 845/4/5 837/4/5
f 846/4/6 906/4/6 898/4/6 838/4/6
f 907/53/4 908/53/4 848/53/4 847/53/4
f 901/53/5 907/53/5 847/53/5 841/53/5
f 848/53/6 908/53/6 902/53/6 842/53/6
f 903/5/5 909/5/5 849/5/5 843/5/5
f 850/5/6 910/5/6 904/5/6 844/5/6
f 905/4/5 911/4/5 851/4/5 845/4/5
f 852/4/6 912/4/6 906/4/6 846/4/6
f 909/5/5 913/5/5 853/5/5 849/5/5
f 854/5/6 914/5/6 910/5/6 850/5/6
f 911/4/5 915/4/5 855/4/5 851/4/5
f 856/4/6 916/4/6 912/4/6 852/4/6
f 917/5/4 918/5/4 858/5/4 857/5/4
f 913/5/5 917/5/5 857/5/5 853/5/5
f 918/5/4 919/5/4 859/5/4 858/5/4
f 919/5/4 920/5/4 860/5/4 859/5/4
f 920/5/4 921/5/4 861/5/4 860/5/4
f 861/5/6 921/5/6 914/5/6 854/5/6
f 915/4/5 922/4/5 862/4/5 855/4/5
f 863/4/6 923/4/6 916/4/6 856/4/6
f 922/4/5 924/4/5 864/4/5 862/4/5
f 865/4/6 925/4/6 923/4/6 863/4/6
f 924/4/5 926/4/5 866/4/5 864/4/5
f 867/4/6 927/4/6 925/4/6 865/4/6
f 926/4/5 928/4/5 868/4/5 866/4/5
f 869/4/6 929/4/6 927/4/6 867/4/6
f 930/4/4 931/4/4 871/4/4 870/4/4
f 928/4/5 930/4/5 870/4/5 868/4/5
f 871/4/6 931/4/6 929/4/6 869/4/6
f 872/4/3 932/4/3 933/4/3 873/4/3
f 933/4/5 934/4/5 874/4/5 873/4/5
f 875/4/6 935/4/6 932/4/6 872/4/6
f 934/4/5 936/4/5 876/4/5 874/4/5
f 877/4/6 937/4/6 935/4/6 875/4/6
f 936/4/5 938/4/5 878/4/5 876/4/5
f 879/4/6 939/4/6 937/4/6 877/4/6
f 938/4/5 940/4/5 880/4/5 878/4/5
f 881/4/6 941/4/6 939/4/6 879/4/6
f 940/4/5 942/4/5 882/4/5 880/4/5
f 883/4/6 943/4/6 941/4/6 881/4/6
f 942/4/5 944/4/5 884/4/5 882/4/5
f 885/4/6 945/4/6 943/4/6 883/4/6
f 886/5/3 946/5/3 947/5/3 887/5/3
f 947/5/5 948/5/5 888/5/5 887/5/5
f 889/5/3 949/5/3 946/5/3 886/5/3
f 890/5/3 950/5/3 949/5/3 889/5/3
f 891/5/3 951/5/3 950/5/3 890/5/3
f 892/5/6 952/5/6 951/5/6 891/5/6
f 944/4/5 953/4/5 893/4/5 884/4/5
f 894/4/6 954/4/6 945/4/6 885/4/6
f 948/5/5 955/5/5 895/5/5 888/5/5
f 896/5/6 956/5/6 952/5/6 892/5/6
f 953/4/5 957/4/5 897/4/5 893/4/5
f 898/4/6 958/4/6 954/4/6 894/4/6
f 959/55/1 960/55/1 961/55/1 962/55/1
f 963/55/2 964/55/2 965/55/2 966/55/2
f 961/55/3 963/55/3 966/55/3 962/55/3
f 966/55/5 965/55/5 959/55/5 962/55/5
f 960/55/1 901/55/1 900/55/1 961/55/1
f 967/55/2 968/55/2 964/55/2 963/55/2
f 900/55/3 967/55/3 963/55/3 961/55/3
f 899/53/3 969/53/3 967/53/3 900/53/3
f 902/55/1 903/55/1 895/55/1 899/55/1
f 955/55/2 970/55/2 971/55/2 969/55/2
f 895/55/3 955/55/3 969/55/3 899/55/3
f 904/5/6 972/5/6 956/5/6 896/5/6
f 957/4/5 973/4/5 905/4/5 897/4/5
f 906/4/6 974/4/6 958/4/6 898/4/6
f 975/54/1 976/54/1 960/54/1 959/54/1
f 964/54/2 977/54/2 978/54/2 965/54/2
f 978/54/4 977/54/4 976/54/4 975/54/4
f 965/54/5 978/54/5 975/54/5 959/54/5
f 976/54/1 907/54/1 901/54/1 960/54/1
f 968/54/2 979/54/2 977/54/2 964/54/2
f 977/54/4 979/54/4 907/54/4 976/54/4
f 979/53/4 980/53/4 908/53/4 907/53/4
f 908/54/1 909/54/1 903/54/1 902/54/1
f 970/54/2 981/54/2 980/54/2 971/54/2
f 980/54/4 981/54/4 909/54/4 908/54/4
f 910/5/6 982/5/6 972/5/6 904/5/6
f 973/4/5 983/4/5 911/4/5 905/4/5
f 912/4/6 984/4/6 974/4/6 906/4/6
f 981/5/5 985/5/5 913/5/5 909/5/5
f 914/5/6 986/5/6 982/5/6 910/5/6
f 983/4/5 987/4/5 915/4/5 911/4/5
f 916/4/6 988/4/6 984/4/6 912/4/6
f 989/5/4 990/5/4 918/5/4 917/5/4
f 985/5/5 989/5/5 917/5/5 913/5/5
f 990/5/4 991/5/4 919/5/4 918/5/4
f 991/5/4 992/5/4 920/5/4 919/5/4
f 992/5/4 993/5/4 921/5/4 920/5/4
f 921/5/6 993/5/6 986/5/6 914/5/6
f 987/4/5 994/4/5 922/4/5 915/4/5
f 923/4/6 995/4/6 988/4/6 916/4/6
f 994/4/5 996/4/5 924/4/5 922/4/5
f 925/4/6 997/4/6 995/4/6 923/4/6
f 996/4/5 998/4/5 926/4/5 924/4/5
f 927/4/6 999/4/6 997/4/6 925/4/6
f 998/4/5 1000/4/5 928/4/5 926/4/5
f 929/4/6 1001/4/6 999/4/6 927/4/6
f 1002/4/4 1003/4/4 931/4/4 930/4/4
f 1000/4/5 1002/4/5 930/4/5 928/4/5
f 931/4/6 1003/4/6 1001/4/6 929/4/6
f 932/4/3 1004/4/3 1005/4/3 933/4/3
f 1005/4/5 1006/4/5 934/4/5 933/4/5
f 935/4/6 1007/4/6 1004/4/6 932/4/6
f 1006/4/5 1008/4/5 936/4/5 934/4/5
f 937/4/6 1009/4/6 1007/4/6 935/4/6
f 1008/4/5 1010/4/5 938/4/5 936/4/5
f 939/4/6 1011/4/6 1009/4/6 937/4/6
f 1010/4/5 1012/4/5 940/4/5 938/4/5
f 941/4/6 1013/4/6 1011/4/6 939/4/6
f 1012/4/5 1014/4/5 942/4/5 940/4/5
f 943/4/6 1015/4/6 1013/4/6 941/4/6
f 1014/4/5 1016/4/5 944/4/5 942/4/5
f 945/4/6 1017/4/6 1015/4/6 943/4/6
f 946/5/3 1018/5/3 1019/5/3 947/5/3
f 1019/5/5 1020/5/5 948/5/5 947/5/5
f 949/5/3 1021/5/3 1018/5/3 946/5/3
f 950/5/3 1022/5/3 1021/5/3 949/5/3
f 951/5/3 1023/5/3 1022/5/3 950/5/3
f 952/5/6 1024/5/6 1023/5/6 951/5/6
f 1016/4/5 1025/4/5 953/4/5 944/4/5
f 954/4/6 1026/4/6 1017/4/6 945/4/6
f 1020/5/5 1027/5/5 955/5/5 948/5/5
f 956/5/6 1028/5/6 1024/5/6 952/5/6
f 1025/4/5 1029/4/5 957/4/5 953/4/5
f 958/4/6 1030/4/6 1026/4/6 954/4/6
f 969/53/3 1031/53/3 1032/53/3 967/53/3
f 1032/53/5 1033/53/5 968/53/5 967/53/5
f 971/53/6 1034/53/6 1031/53/6 969/53/6
f 1027/5/5 1035/5/5 970/5/5 955/5/5
f 972/5/6 1036/5/6 1028/5/6 956/5/6
f 1029/4/5 1037/4/5 973/4/5 957/4/5
f 974/4/6 1038/4/6 1030/4/6 958/4/6
f 1039/53/4 1040/53/4 980/53/4 979/53/4
f 1033/53/5 1039/53/5 979/53/5 968/53/5
f 980/53/6 1040/53/6 1034/53/6 971/53/6
f 1035/5/5 1041/5/5 981/5/5 970/5/5
f 982/5/6 1042/5/6 1036/5/6 972/5/6
f 1037/4/5 1043/4/5 983/4/5 973/4/5
f 984/4/6 1044/4/6 1038/4/6 974/4/6
f 1041/5/5 1045/5/5 985/5/5 981/5/5
f 986/5/6 1046/5/6 1042/5/6 982/5/6
f 1043/4/5 1047/4/5 987/4/5 983/4/5
f 988/4/6 1048/4/6 1044/4/6 984/4/6
f 1049/5/4 1050/5/4 990/5/4 989/5/4
f 1045/5/5 1049/5/5 989/5/5 985/5/5
f 1050/5/4 1051/5/4 991/5/4 990/5/4
f 1051/5/4 1052/5/4 992/5/4 991/5/4
f 1052/5/4 1053/5/4 993/5/4 992/5/4
f 993/5/6 1053/5/6 1046/5/6 986/5/6
f 1047/4/5 1054/4/5 994/4/5 987/4/5
f 995/4/6 1055/4/6 1048/4/6 988/4/6
f 1054/4/5 1056/4/5 996/4/5 994/4/5
f 997/4/6 1057/4/6 1055/4/6 995/4/6
f 1056/4/5 1058/4/5 998/4/5 996/4/5
f 999/4/6 1059/4/6 1057/4/6 997/4/6
f 1058/4/5 1060/4/5 1000/4/5 998/4/5
f 1001/4/6 1061/4/6 1059/4/6 999/4/6
f 1062/4/4 1063/4/4 1003/4/4 1002/4/4
f 1060/4/5 1062/4/5 1002/4/5 1000/4/5
f 1003/4/6 1063/4/6 1061/4/6 1001/4/6
f 1004/4/3 1064/4/3 1065/4/3 1005/4/3
f 1065/4/5 1066/4/5 1006/4/5 1005/4/5
f 1007/4/6 1067/4/6 1064/4/6 1004/4/6
f 1066/4/5 1068/4/5 1008/4/5 1006/4/5
f 1009/4/6 1069/4/6 1067/4/6 1007/4/6
f 1068/4/5 1070/4/5 1010/4/5 1008/4/5
f 1011/4/6 1071/4/6 1069/4/6 1009/4/6
f 1070/4/5 1072/4/5 1012/4/5 1010/4/5
f 1013/4/6 1073/4/6 1071/4/6 1011/4/6
f 1072/4/5 1074/4/5 1014/4/5 1012/4/5
f 1015/4/6 1075/4/6 1073/4/6 1013/4/6
f 1074/4/5 1076/4/5 1016/4/5 1014/4/5
f 1017/4/6 1077/4/6 1075/4/6 1015/4/6
f 1018/5/3 1078/5/3 1079/5/3 1019/5/3
f 1079/5/5 1080/5/5 1020/5/5 1019/5/5
f 1021/5/3 1081/5/3 1078/5/3 1018/5/3
f 1022/5/3 1082/5/3 1081/5/3 1021/5/3
f 1023/5/3 1083/5/3 1082/5/3 1022/5/3
f 1024/5/6 1084/5/6 1083/5/6 1023/5/6
f 1076/4/5 1085/4/5 1025/4/5 1016/4/5
f 1026/4/6 1086/4/6 1077/4/6 1017/4/6
f 1080/5/5 1087/5/5 1027/5/5 1020/5/5
f 1028/5/6 1088/5/6 1084/5/6 1024/5/6
f 1085/4/5 1089/4/5 1029/4/5 1025/4/5
f 1030/4/6 1090/4/6 1086/4/6 1026/4/6
f 1031/53/3 1091/53/3 1092/53/3 1032/53/3
f 1092/53/5 1093/53/5 1033/53/5 1032/53/5
f 1034/53/6 1094/53/6 1091/53/6 1031/53/6
f 1087/5/5 1095/5/5 1035/5/5 1027/5/5
f 1036/5/6 1096/5/6 1088/5/6 1028/5/6
f 1089/4/5 1097/4/5 1037/4/5 1029/4/5
f 1038/4/6 1098/4/6 1090/4/6 1030/4/6
f 1099/53/4 1100/53/4 1040/53/4 1039/53/4
f 1093/53/5 1099/53/5 1039/53/5 1033/53/5
f 1040/53/6 1100/53/6 1094/53/6 1034/53/6
f 1095/5/5 1101/5/5 1041/5/5 1035/5/5
f 1042/5/6 1102/5/6 1096/5/6 1036/5/6
f 1097/4/5 1103/4/5 1043/4/5 1037/4/5
f 1044/4/6 1104/4/6 1098/4/6 1038/4/6
f 1101/5/5 1105/5/5 1045/5/5 1041/5/5
f 1046/5/6 1106/5/6 1102/5/6 1042/5/6
f 1103/4/5 1107/4/5 1047/4/5 1043/4/5
f 1048/4/6 1108/4/6 1104/4/6 1044/4/6
f 1109/5/4 1110/5/4 1050/5/4 1049/5/4
f 1105/5/5 1109/5/5 1049/5/5 1045/5/5
f 1110/5/4 1111/5/4 1051/5/4 1050/5/4
f 1111/5/4 1112/5/4 1052/5/4 1051/5/4
f 1112/5/4 1113/5/4 1053/5/4 1052/5/4
f 1053/5/6 1113/5/6 1106/5/6 1046/5/6
f 1107/4/5 1114/4/5 1054/4/5 1047/4/5
f 1055/4/6 1115/4/6 1108/4/6 1048/4/6
f 1114/4/5 1116/4/5 1056/4/5 1054/4/5
f 1057/4/6 1117/4/6 1115/4/6 1055/4/6
f 1116/4/5 1118/4/5 1058/4/5 1056/4/5
f 1059/4/6 1119/4/6 1117/4/6 1057/4/6
f 1118/4/5 1120/4/5 1060/4/5 1058/4/5
f 1061/4/6 1121/4/6 1119/4/6 1059/4/6
f 1122/4/4 1123/4/4 1063/4/4 1062/4/4
f 1120/4/5 1122/4/5 1062/4/5 1060/4/5
f 1063/4/6 1123/4/6 1121/4/6 1061/4/6
f 1064/4/3 1124/4/3 1125/4/3 1065/4/3
f 1125/4/5 1126/4/5 1066/4/5 1065/4/5
f 1067/4/6 1127/4/6 1124/4/6 1064/4/6
f 1126/4/5 1128/4/5 1068/4/5 1066/4/5
f 1069/4/6 1129/4/6 1127/4/6 1067/4/6
f 1128/4/5 1130/4/5 1070/4/5 1068/4/5
f 1071/4/6 1131/4/6 1129/4/6 1069/4/6
f 1130/4/5 1132/4/5 1072/4/5 1070/4/5
f 1073/4/6 1133/4/6 1131/4/6 1071/4/6
f 1132/4/5 1134/4/5 1074/4/5 1072/4/5
f 1075/4/6 1135/4/6 1133/4/6 1073/4/6
f 1134/4/5 1136/4/5 1076/4/5 1074/4/5
f 1077/4/6 1137/4/6 1135/4/6 1075/4/6
f 1078/5/3 1138/5/3 1139/5/3 1079/5/3
f 1139/5/5 1140/5/5 1080/5/5 1079/5/5
f 1081/5/3 1141/5/3 1138/5/3 1078/5/3
f 1082/5/3 1142/5/3 1141/5/3 1081/5/3
f 1083/5/3 1143/5/3 1142/5/3 1082/5/3
f 1084/5/6 1144/5/6 1143/5/6 1083/5/6
f 1136/4/5 1145/4/5 1085/4/5 1076/4/5
f 1086/4/6 1146/4/6 1137/4/6 1077/4/6
f 1140/5/5 1147/5/5 1087/5/5 1080/5/5
f 1088/5/6 1148/5/6 1144/5/6 1084/5/6
f 1145/4/5 1149/4/5 1089/4/5 1085/4/5
f 1090/4/6 1150/4/6 1146/4/6 1086/4/6
f 1151/55/1 1152/55/1 1153/55/1 1154/55/1
f 1155/55/2 1156/55/2 1157/55/2 1158/55/2
f 1153/55/3 1155/55/3 1158/55/3 1154/55/3
f 1158/55/5 1157/55/5 1151/55/5 1154/55/5
f 1152/55/1 1093/55/1 1092/55/1 1153/55/1
f 1159/55/2 1160/55/2 1156/55/2 1155/55/2
f 1092/55/3 1159/55/3 1155/55/3 1153/55/3
f 1091/53/3 1161/53/3 1159/53/3 1092/53/3
f 1094/55/1 1095/55/1 1087/55/1 1091/55/1
f 1147/55/2 1162/55/2 1163/55/2 1161/55/2
f 1087/55/3 1147/55/3 1161/55/3 1091/55/3
f 1096/5/6 1164/5/6 1148/5/6 1088/5/6
f 1149/4/5 1165/4/5 1097/4/5 1089/4/5
f 1098/4/6 1166/4/6 1150/4/6 1090/4/6
f 1167/54/1 1168/54/1 1152/54/1 1151/54/1
f 1156/54/2 1169/54/2 1170/54/2 1157/54/2
f 1170/54/4 1169/54/4 1168/54/4 1167/54/4
f 1157/54/5 1170/54/5 1167/54/5 1151/54/5
f 1168/54/1 1099/54/1 1093/54/1 1152/54/1
f 1160/54/2 1171/54/2 1169/54/2 1156/54/2
f 1169/54/4 1171/54/4 1099/54/4 1168/54/4
f 1171/53/4 1172/53/4 1100/53/4 1099/53/4
f 1100/54/1 1101/54/1 1095/54/1 1094/54/1
f 1162/54/2 1173/54/2 1172/54/2 1163/54/2
f 1172/54/4 1173/54/4 1101/54/4 1100/54/4
f 1102/5/6 1174/5/6 1164/5/6 1096/5/6
f 1165/4/5 1175/4/5 1103/4/5 1097/4/5
f 1104/4/6 1176/4/6 1166/4/6 1098/4/6
f 1173/5/5 1177/5/5 1105/5/5 1101/5/5
f 1106/5/6 1178/5/6 1174/5/6 1102/5/6
f 1175/4/5 1179/4/5 1107/4/5 1103/4/5
f 1108/4/6 1180/4/6 1176/4/6 1104/4/6
f 1181/5/4 1182/5/4 1110/5/4 1109/5/4
f 1177/5/5 1181/5/5 1109/5/5 1105/5/5
f 1182/5/4 1183/5/4 1111/5/4 1110/5/4
f 1183/5/4 1184/5/4 1112/5/4 1111/5/4
f 1184/5/4 1185/5/4 1113/5/4 1112/5/4
f 1113/5/6 1185/5/6 1178/5/6 1106/5/6
f 1179/4/5 1186/4/5 1114/4/5 1107/4/5
f 1115/4/6 1187/4/6 1180/4/6 1108/4/6
f 1186/4/5 1188/4/5 1116/4/5 1114/4/5
f 1117/4/6 1189/4/6 1187/4/6 1115/4/6
f 1188/4/5 1190/4/5 1118/4/5 1116/4/5
f 1119/4/6 1191/4/6 1189/4/6 1117/4/6
f 1190/4/5 1192/4/5 1120/4/5 1118/4/5
f 1121/4/6 1193/4/6 1191/4/6 1119/4/6
f 1194/4/4 1195/4/4 1123/4/4 1122/4/4
f 1192/4/5 1194/4/5 1122/4/5 1120/4/5
f 1123/4/6 1195/4/6 1193/4/6 1121/4/6
f 1124/4/3 1196/4/3 1197/4/3 1125/4/3
f 1197/4/5 1198/4/5 1126/4/5 1125/4/5
f 1127/4/6 1199/4/6 1196/4/6 1124/4/6
f 1198/4/5 1200/4/5 1128/4/5 1126/4/5
f 1129/4/6 1201/4/6 1199/4/6 1127/4/6
f 1200/4/5 1202/4/5 1130/4/5 1128/4/5
f 1131/4/6 1203/4/6 1201/4/6 1129/4/6
f 1202/4/5 1204/4/5 1132/4/5 1130/4/5
f 1133/4/6 1205/4/6 1203/4/6 1131/4/6
f 1204/4/5 1206/4/5 1134/4/5 1132/4/5
f 1135/4/6 1207/4/6 1205/4/6 1133/4/6
f 1206/4/5 1208/4/5 1136/4/5 1134/4/5
f 1137/4/6 1209/4/6 1207/4/6 1135/4/6
f 1138/5/3 1210/5/3 1211/5/3 1139/5/3
f 1211/5/5 1212/5/5 1140/5/5 1139/5/5
f 1141/5/3 1213/5/3 1210/5/3 1138/5/3
f 1142/5/3 1214/5/3 1213/5/3 1141/5/3
f 1143/5/3 1215/5/3 1214/5/3 1142/5/3
f 1144/5/6 1216/5/6 1215/5/6 1143/5/6
f 1208/4/5 1217/4/5 1145/4/5 1136/4/5
f 1146/4/6 1218/4/6 1209/4/6 1137/4/6
f 1212/5/5 1219/5/5 1147/5/5 1140/5/5
f 1148/5/6 1220/5/6 1216/5/6 1144/5/6
f 1217/4/5 1221/4/5 1149/4/5 1145/4/5
f 1150/4/6 1222/4/6 1218/4/6 1146/4/6
f 1161/53/3 1223/53/3 1224/53/3 1159/53/3
f 1224/53/5 1225/53/5 1160/53/5 1159/53/5
f 1163/53/6 1226/53/6 1223/53/6 1161/53/6
f 1219/5/5 1227/5/5 1162/5/5 1147/5/5
f 1164/5/6 1228/5/6 1220/5/6 1148/5/6
f 1221/4/5 1229/4/5 1165/4/5 1149/4/5
f 1166/4/6 1230/4/6 1222/4/6 1150/4/6
f 1231/53/4 1232/53/4 1172/53/4 1171/53/4
f 1225/53/5 1231/53/5 1171/53/5 1160/53/5
f 1172/53/6 1232/53/6 1226/53/6 1163/53/6
f 1227/5/5 1233/5/5 1173/5/5 1162/5/5
f 1174/5/6 1234/5/6 1228/5/6 1164/5/6
f 1229/4/5 1235/4/5 1175/4/5 1165/4/5
f 1176/4/6 1236/4/6 1230/4/6 1166/4/6
f 1233/5/5 1237/5/5 1177/5/5 1173/5/5
f 1178/5/6 1238/5/6 1234/5/6 1174/5/6
f 1235/4/5 1239/4/5 1179/4/5 1175/4/5
f 1180/4/6 1240/4/6 1236/4/6 1176/4/6
f 1241/5/4 1242/5/4 1182/5/4 1181/5/4
f 1237/5/5 1241/5/5 1181/5/5 1177/5/5
f 1242/5/4 1243/5/4 1183/5/4 1182/5/4
f 1243/5/4 1244/5/4 1184/5/4 1183/5/4
f 1244/5/4 1245/5/4 1185/5/4 1184/5/4
f 1185/5/6 1245/5/6 1238/5/6 1178/5/6
f 1239/4/5 1246/4/5 1186/4/5 1179/4/5
f 1187/4/6 1247/4/6 1240/4/6 1180/4/6
f 1246/4/5 1248/4/5 1188/4/5 1186/4/5
f 1189/4/6 1249/4/6 1247/4/6 1187/4/6
f 1248/4/5 1250/4/5 1190/4/5 1188/4/5
f 1191/4/6 1251/4/6 1249/4/6 1189/4/6
f 1250/4/5 1252/4/5 1192/4/5 1190/4/5
f 1193/4/6 1253/4/6 1251/4/6 1191/4/6
f 1254/4/4 1255/4/4 1195/4/4 1194/4/4
f 1252/4/5 1254/4/5 1194/4/5 1192/4/5
f 1195/4/6 1255/4/6 1253/4/6 1193/4/6
f 1196/4/3 1256/4/3 1257/4/3 1197/4/3
f 1257/4/5 1258/4/5 1198/4/5 1197/4/5
f 1199/4/6 1259/4/6 1256/4/6 1196/4/6
f 1258/4/5 1260/4/5 1200/4/5 1198/4/5
f 1201/4/6 1261/4/6 1259/4/6 1199/4/6
f 1260/4/5 1262/4/5 1202/4/5 1200/4/5
f 1203/4/6 1263/4/6 1261/4/6 1201/4/6
f 1262/4/5 1264/4/5 1204/4/5 1202/4/5
f 1205/4/6 1265/4/6 1263/4/6 1203/4/6
f 1264/4/5 1266/4/5 1206/4/5 1204/4/5
f 1207/4/6 1267/4/6 1265/4/6 1205/4/6
f 1266/4/5 1268/4/5 1208/4/5 1206/4/5
f 1209/4/6 1269/4/6 1267/4/6 1207/4/6
f 1210/5/3 1270/5/3 1271/5/3 1211/5/3
f 1271/5/5 1272/5/5 1212/5/5 1211/5/5
f 1213/5/3 1273/5/3 1270/5/3 1210/5/3
f 1214/5/3 1274/5/3 1273/5/3 1213/5/3
f 1215/5/3 1275/5/3 1274/5/3 1214/5/3
f 1216/5/6 1276/5/6 1275/5/6 1215/5/6
f 1268/4/5 1277/4/5 1217/4/5 1208/4/5
f 1218/4/6 1278/4/6 1269/4/6 1209/4/6
f 1272/5/5 1279/5/5 1219/5/5 1212/5/5
f 1220/5/6 1280/5/6 1276/5/6 1216/5/6
f 1277/4/5 1281/4/5 1221/4/5 1217/4/5
f 1222/4/6 1282/4/6 1278/4/6 1218/4/6
f 1223/53/3 1283/53/3 1284/53/3 1224/53/3
f 1284/53/5 1285/53/5 1225/53/5 1224/53/5
f 1226/53/6 1286/53/6 1283/53/6 1223/53/6
f 1279/5/5 1287/5/5 1227/5/5 1219/5/5
f 1228/5/6 1288/5/6 1280/5/6 1220/5/6
f 1281/4/5 1289/4/5 1229/4/5 1221/4/5
f 1230/4/6 1290/4/6 1282/4/6 1222/4/6
f 1291/53/4 1292/53/4 1232/53/4 1231/53/4
f 1285/53/5 1291/53/5 1231/53/5 1225/53/5
f 1232/53/6 1292/53/6 1286/53/6 1226/53/6
f 1287/5/5 1293/5/5 1233/5/5 1227/5/5
f 1234/5/6 1294/5/6 1288/5/6 1228/5/6
f 1289/4/5 1295/4/5 1235/4/5 1229/4/5
f 1236/4/6 1296/4/6 1290/4/6 1230/4/6
f 1293/5/5 1297/5/5 1237/5/5 1233/5/5
f 1238/5/6 1298/5/6 1294/5/6 1234/5/6
f 1295/4/5 1299/4/5 1239/4/5 1235/4/5
f 1240/4/6 1300/4/6 1296/4/6 1236/4/6
f 1301/5/4 1302/5/4 1242/5/4 1241/5/4
f 1297/5/5 1301/5/5 1241/5/5 1237/5/5
f 1302/5/4 1303/5/4 1243/5/4 1242/5/4
f 1303/5/4 1304/5/4 1244/5/4 1243/5/4
f 1304/5/4 1305/5/4 1245/5/4 1244/5/4
f 1245/5/6 1305/5/6 1298/5/6 1238/5/6
f 1299/4/5 1306/4/5 1246/4/5 1239/4/5
f 1247/4/6 1307/4/6 1300/4/6 1240/4/6
f 1306/4/5 1308/4/5 1248/4/5 1246/4/5
f 1249/4/6 1309/4/6 1307/4/6 1247/4/6
f 1308/4/5 1310/4/5 1250/4/5 1248/4/5
f 1251/4/6 1311/4/6 1309/4/6 1249/4/6
f 1310/4/5 1312/4/5 1252/4/5 1250/4/5
f 1253/4/6 1313/4/6 1311/4/6 1251/4/6
f 1314/4/4 1315/4/4 1255/4/4 1254/4/4
f 1312/4/5 1314/4/5 1254/4/5 1252/4/5
f 1255/4/6 1315/4/6 1313/4/6 1253/4/6
f 1256/4/3 1316/4/3 1317/4/3 1257/4/3
f 1317/4/5 1318/4/5 1258/4/5 1257/4/5
f 1259/4/6 1319/4/6 1316/4/6 1256/4/6
f 1318/4/5 1320/4/5 1260/4/5 1258/4/5
f 1261/4/6 1321/4/6 1319/4/6 1259/4/6
f 1320/4/5 1322/4/5 1262/4/5 1260/4/5
f 1263/4/6 1323/4/6 1321/4/6 1261/4/6
f 1322/4/5 1324/4/5 1264/4/5 1262/4/5
f 1265/4/6 1325/4/6 1323/4/6 1263/4/6
f 1324/4/5 1326/4/5 1266/4/5 1264/4/5
f 1267/4/6 1327/4/6 1325/4/6 1265/4/6
f 1326/4/5 1328/4/5 1268/4/5 1266/4/5
f 1269/4/1 1329/4/1 1330/4/1 1267/4/1
f 1330/4/3 1331/4/3 1327/4/3 1267/4/3
f 1329/4/1 1332/4/1 1333/4/1 1330/4/1
f 1333/4/3 1334/4/3 1331/4/3 1330/4/3
f 1332/4/1 1335/4/1 1336/4/1 1333/4/1
f 1336/4/3 1337/4/3 1334/4/3 1333/4/3
f 1335/4/1 1338/4/1 1339/4/1 1336/4/1
f 1339/4/3 1340/4/3 1337/4/3 1336/4/3
f 1338/4/1 1341/4/1 1342/4/1 1339/4/1
f 1342/4/3 1343/4/3 1340/4/3 1339/4/3
f 1341/4/1 1344/4/1 1345/4/1 1342/4/1
f 1345/4/3 1346/4/3 1343/4/3 1342/4/3
f 1344/4/1 1347/4/1 1348/4/1 1345/4/1
f 1348/4/3 1349/4/3 1346/4/3 1345/4/3
f 1347/4/1 1350/4/1 1351/4/1 1348/4/1
f 1351/4/3 1352/4/3 1349/4/3 1348/4/3
f 1350/4/1 1353/4/1 1354/4/1 1351/4/1
f 1354/4/3 1355/4/3 1352/4/3 1351/4/3
f 1353/4/1 1356/4/1 1357/4/1 1354/4/1
f 1357/4/3 1358/4/3 1355/4/3 1354/4/3
f 1356/4/1 1359/4/1 1360/4/1 1357/4/1
f 1360/4/3 1361/4/3 1358/4/3 1357/4/3
f 1359/4/1 1362/4/1 1363/4/1 1360/4/1
f 1363/4/3 1364/4/3 1361/4/3 1360/4/3
f 1362/4/1 1365/4/1 1366/4/1 1363/4/1
f 1366/4/3 1367/4/3 1364/4/3 1363/4/3
f 1365/4/1 1368/4/1 1369/4/1 1366/4/1
f 1369/4/3 1370/4/3 1367/4/3 1366/4/3
f 1368/4/1 1371/4/1 1372/4/1 1369/4/1
f 1372/4/3 1373/4/3 1370/4/3 1369/4/3
f 1371/4/1 1374/4/1 1375/4/1 1372/4/1
f 1375/4/3 1376/4/3 1373/4/3 1372/4/3
f 1374/4/1 1377/4/1 1378/4/1 1375/4/1
f 1378/4/3 1379/4/3 1376/4/3 1375/4/3
f 1377/4/1 1380/4/1 1381/4/1 1378/4/1
f 1381/4/3 1382/4/3 1379/4/3 1378/4/3
f 1380/4/1 1383/4/1 1384/4/1 1381/4/1
f 1384/4/3 1385/4/3 1382/4/3 1381/4/3
f 1383/4/1 1386/4/1 1387/4/1 1384/4/1
f 1387/4/3 1388/4/3 1385/4/3 1384/4/3
f 1386/4/1 1389/4/1 1390/4/1 1387/4/1
f 1390/4/3 1391/4/3 1388/4/3 1387/4/3
f 1389/4/1 1392/4/1 1393/4/1 1390/4/1
f 1393/4/3 1394/4/3 1391/4/3 1390/4/3
f 1392/4/1 1395/4/1 1396/4/1 1393/4/1
f 1396/4/3 1397/4/3 1394/4/3 1393/4/3
f 1395/4/1 1398/4/1 1399/4/1 1396/4/1
f 1399/4/3 1400/4/3 1397/4/3 1396/4/3
f 1398/4/1 1401/4/1 1402/4/1 1399/4/1
f 1402/4/3 1403/4/3 1400/4/3 1399/4/3
f 1401/4/1 1404/4/1 1405/4/1 1402/4/1
f 1405/4/3 1406/4/3 1403/4/3 1402/4/3
f 1404/4/1 1272/4/1 1271/4/1 1405/4/1
f 1271/4/3 1407/4/3 1406/4/3 1405/4/3
f 1270/5/3 1408/5/3 1407/5/3 1271/5/3
f 1273/5/3 1409/5/3 1408/5/3 1270/5/3
f 1274/5/3 1410/5/3 1409/5/3 1273/5/3
f 1275/5/3 1411/5/3 1410/5/3 1274/5/3
f 1276/5/6 1412/5/6 1411/5/6 1275/5/6
f 1328/4/5 1413/4/5 1277/4/5 1268/4/5
f 1278/4/1 1414/4/1 1329/4/1 1269/4/1
f 1414/4/1 1415/4/1 1332/4/1 1329/4/1
f 1415/4/1 1416/4/1 1335/4/1 1332/4/1
f 1416/4/1 1417/4/1 1338/4/1 1335/4/1
f 1417/4/1 1418/4/1 1341/4/1 1338/4/1
f 1418/4/1 1419/4/1 1344/4/1 1341/4/1
f 1419/4/1 1420/4/1 1347/4/1 1344/4/1
f 1420/4/1 1421/4/1 1350/4/1 1347/4/1
f 1421/4/1 1422/4/1 1353/4/1 1350/4/1
f 1422/4/1 1423/4/1 1356/4/1 1353/4/1
f 1423/4/1 1424/4/1 1359/4/1 1356/4/1
f 1424/4/1 1425/4/1 1362/4/1 1359/4/1
f 1425/4/1 1426/4/1 1365/4/1 1362/4/1
f 1426/4/1 1427/4/1 1368/4/1 1365/4/1
f 1427/4/1 1428/4/1 1371/4/1 1368/4/1
f 1428/4/1 1429/4/1 1374/4/1 1371/4/1
f 1429/4/1 1430/4/1 1377/4/1 1374/4/1
f 1430/4/1 1431/4/1 1380/4/1 1377/4/1
f 1431/4/1 1432/4/1 1383/4/1 1380/4/1
f 1432/4/1 1433/4/1 1386/4/1 1383/4/1
f 1433/4/1 1434/4/1 1389/4/1 1386/4/1
f 1434/4/1 1435/4/1 1392/4/1 1389/4/1
f 1435/4/1 1436/4/1 1395/4/1 1392/4/1
f 1436/4/1 1437/4/1 1398/4/1 1395/4/1
f 1437/4/1 1284/4/1 1401/4/1 1398/4/1
f 1284/4/1 1283/4/1 1404/4/1 1401/4/1
f 1283/4/1 1279/4/1 1272/4/1 1404/4/1
f 1280/5/6 1438/5/6 1412/5/6 1276/5/6
f 1413/4/5 1439/4/5 1281/4/5 1277/4/5
f 1282/4/1 1440/4/1 1414/4/1 1278/4/1
f 1440/4/1 1441/4/1 1415/4/1 1414/4/1
f 1441/4/1 1442/4/1 1416/4/1 1415/4/1
f 1442/4/1 1443/4/1 1417/4/1 1416/4/1
f 1443/4/1 1444/4/1 1418/4/1 1417/4/1
f 1444/4/1 1445/4/1 1419/4/1 1418/4/1
f 1445/4/1 1446/4/1 1420/4/1 1419/4/1
f 1446/4/1 1447/4/1 1421/4/1 1420/4/1
f 1447/4/1 1448/4/1 1422/4/1 1421/4/1
f 1448/4/1 1449/4/1 1423/4/1 1422/4/1
f 1449/4/1 1450/4/1 1424/4/1 1423/4/1
f 1450/4/1 1451/4/1 1425/4/1 1424/4/1
f 1451/4/1 1452/4/1 1426/4/1 1425/4/1
f 1452/4/1 1453/4/1 1427/4/1 1426/4/1
f 1453/4/1 1454/4/1 1428/4/1 1427/4/1
f 1454/4/1 1455/4/1 1429/4/1 1428/4/1
f 1455/4/1 1456/4/1 1430/4/1 1429/4/1
f 1456/4/1 1457/4/1 1431/4/1 1430/4/1
f 1457/4/1 1458/4/1 1432/4/1 1431/4/1
f 1458/4/1 1459/4/1 1433/4/1 1432/4/1
f 1459/4/1 1460/4/1 1434/4/1 1433/4/1
f 1460/4/1 1461/4/1 1435/4/1 1434/4/1
f 1461/4/1 1462/4/1 1436/4/1 1435/4/1
f 1462/4/1 1463/4/1 1437/4/1 1436/4/1
f 1463/4/1 1285/4/1 1284/4/1 1437/4/1
f 1286/4/1 1287/4/1 1279/4/1 1283/4/1
f 1288/5/6 1464/5/6 1438/5/6 1280/5/6
f 1439/4/5 1465/4/5 1289/4/5 1281/4/5
f 1290/4/1 1466/4/1 1440/4/1 1282/4/1
f 1466/4/1 1467/4/1 1441/4/1 1440/4/1
f 1467/4/1 1468/4/1 1442/4/1 1441/4/1
f 1468/4/1 1469/4/1 1443/4/1 1442/4/1
f 1469/4/1 1470/4/1 1444/4/1 1443/4/1
f 1470/4/1 1471/4/1 1445/4/1 1444/4/1
f 1471/4/1 1472/4/1 1446/4/1 1445/4/1
f 1472/4/1 1473/4/1 1447/4/1 1446/4/1
f 1473/4/1 1474/4/1 1448/4/1 1447/4/1
f 1474/4/1 1475/4/1 1449/4/1 1448/4/1
f 1475/4/1 1476/4/1 1450/4/1 1449/4/1
f 1476/4/1 1477/4/1 1451/4/1 1450/4/1
f 1477/4/1 1478/4/1 1452/4/1 1451/4/1
f 1478/4/1 1479/4/1 1453/4/1 1452/4/1
f 1479/4/1 1480/4/1 1454/4/1 1453/4/1
f 1480/4/1 1481/4/1 1455/4/1 1454/4/1
f 1481/4/1 1482/4/1 1456/4/1 1455/4/1
f 1482/4/1 1483/4/1 1457/4/1 1456/4/1
f 1483/4/1 1484/4/1 1458/4/1 1457/4/1
f 1484/4/1 1485/4/1 1459/4/1 1458/4/1
f 1485/4/1 1486/4/1 1460/4/1 1459/4/1
f 1486/4/1 1487/4/1 1461/4/1 1460/4/1
f 1487/4/1 1488/4/1 1462/4/1 1461/4/1
f 1488/4/1 1489/4/1 1463/4/1 1462/4/1
f 1489/4/1 1291/4/1 1285/4/1 1463/4/1
f 1292/4/1 1293/4/1 1287/4/1 1286/4/1
f 1294/5/6 1490/5/6 1464/5/6 1288/5/6
f 1465/4/5 1491/4/5 1295/4/5 1289/4/5
f 1296/4/1 1492/4/1 1466/4/1 1290/4/1
f 1492/4/1 1493/4/1 1467/4/1 1466/4/1
f 1493/4/1 1494/4/1 1468/4/1 1467/4/1
f 1494/4/1 1495/4/1 1469/4/1 1468/4/1
f 1495/4/1 1496/4/1 1470/4/1 1469/4/1
f 1496/4/1 1497/4/1 1471/4/1 1470/4/1
f 1497/4/1 1498/4/1 1472/4/1 1471/4/1
f 1498/4/1 1499/4/1 1473/4/1 1472/4/1
f 1499/4/1 1500/4/1 1474/4/1 1473/4/1
f 1500/4/1 1501/4/1 1475/4/1 1474/4/1
f 1501/4/1 1502/4/1 1476/4/1 1475/4/1
f 1502/4/1 1503/4/1 1477/4/1 1476/4/1
f 1503/4/1 1504/4/1 1478/4/1 1477/4/1
f 1504/4/1 1505/4/1 1479/4/1 1478/4/1
f 1505/4/1 1506/4/1 1480/4/1 1479/4/1
f 1506/4/1 1507/4/1 1481/4/1 1480/4/1
f 1507/4/1 1508/4/1 1482/4/1 1481/4/1
f 1508/4/1 1509/4/1 1483/4/1 1482/4/1
f 1509/4/1 1510/4/1 1484/4/1 1483/4/1
f 1510/4/1 1511/4/1 1485/4/1 1484/4/1
f 1511/4/1 1512/4/1 1486/4/1 1485/4/1
f 1512/4/1 1513/4/1 1487/4/1 1486/4/1
f 1513/4/1 1514/4/1 1488/4/1 1487/4/1
f 1514/4/1 1515/4/1 1489/4/1 1488/4/1
f 1515/4/1 1516/4/1 1291/4/1 1489/4/1
f 1516/4/1 1517/4/1 1292/4/1 1291/4/1
f 1517/4/1 1297/4/1 1293/4/1 1292/4/1
f 1298/5/6 1518/5/6 1490/5/6 1294/5/6
f 1491/4/5 1519/4/5 1299/4/5 1295/4/5
f 1300/4/1 1520/4/1 1492/4/1 1296/4/1
f 1521/4/4 1522/4/4 1520/4/4 1300/4/4
f 1520/4/1 1523/4/1 1493/4/1 1492/4/1
f 1522/4/4 1524/4/4 1523/4/4 1520/4/4
f 1523/4/1 1525/4/1 1494/4/1 1493/4/1
f 1524/4/4 1526/4/4 1525/4/4 1523/4/4
f 1525/4/1 1527/4/1 1495/4/1 1494/4/1
f 1526/4/4 1528/4/4 1527/4/4 1525/4/4
f 1527/4/1 1529/4/1 1496/4/1 1495/4/1
f 1528/4/4 1530/4/4 1529/4/4 1527/4/4
f 1529/4/1 1531/4/1 1497/4/1 1496/4/1
f 1530/4/4 1532/4/4 1531/4/4 1529/4/4
f 1531/4/1 1533/4/1 1498/4/1 1497/4/1
f 1532/4/4 1534/4/4 1533/4/4 1531/4/4
f 1533/4/1 1535/4/1 1499/4/1 1498/4/1
f 1534/4/4 1536/4/4 1535/4/4 1533/4/4
f 1535/4/1 1537/4/1 1500/4/1 1499/4/1
f 1536/4/4 1538/4/4 1537/4/4 1535/4/4
f 1537/4/1 1539/4/1 1501/4/1 1500/4/1
f 1538/4/4 1540/4/4 1539/4/4 1537/4/4
f 1539/4/1 1541/4/1 1502/4/1 1501/4/1
f 1540/4/4 1542/4/4 1541/4/4 1539/4/4
f 1541/4/1 1543/4/1 1503/4/1 1502/4/1
f 1542/4/4 1544/4/4 1543/4/4 1541/4/4
f 1543/4/1 1545/4/1 1504/4/1 1503/4/1
f 1544/4/4 1546/4/4 1545/4/4 1543/4/4
f 1545/4/1 1547/4/1 1505/4/1 1504/4/1
f 1546/4/4 1548/4/4 1547/4/4 1545/4/4
f 1547/4/1 1549/4/1 1506/4/1 1505/4/1
f 1548/4/4 1550/4/4 1549/4/4 1547/4/4
f 1549/4/1 1551/4/1 1507/4/1 1506/4/1
f 1550/4/4 1552/4/4 1551/4/4 1549/4/4
f 1551/4/1 1553/4/1 1508/4/1 1507/4/1
f 1552/4/4 1554/4/4 1553/4/4 1551/4/4
f 1553/4/1 1555/4/1 1509/4/1 1508/4/1
f 1554/4/4 1556/4/4 1555/4/4 1553/4/4
f 1555/4/1 1557/4/1 1510/4/1 1509/4/1
f 1556/4/4 1558/4/4 1557/4/4 1555/4/4
f 1557/4/1 1559/4/1 1511/4/1 1510/4/1
f 1558/4/4 1560/4/4 1559/4/4 1557/4/4
f 1559/4/1 1561/4/1 1512/4/1 1511/4/1
f 1560/4/4 1562/4/4 1561/4/4 1559/4/4
f 1561/4/1 1563/4/1 1513/4/1 1512/4/1
f 1562/4/4 1564/4/4 1563/4/4 1561/4/4
f 1563/4/1 1565/4/1 1514/4/1 1513/4/1
f 1564/4/4 1566/4/4 1565/4/4 1563/4/4
f 1565/4/1 1567/4/1 1515/4/1 1514/4/1
f 1566/4/4 1568/4/4 1567/4/4 1565/4/4
f 1567/4/1 1569/4/1 1516/4/1 1515/4/1
f 1568/4/4 1570/4/4 1569/4/4 1567/4/4
f 1569/4/1 1571/4/1 1517/4/1 1516/4/1
f 1570/4/4 1572/4/4 1571/4/4 1569/4/4
f 1571/4/1 1301/4/1 1297/4/1 1517/4/1
f 1572/4/4 1573/4/4 1301/4/4 1571/4/4
f 1573/5/4 1574/5/4 1302/5/4 1301/5/4
f 1574/5/4 1575/5/4 1303/5/4 1302/5/4
f 1575/5/4 1576/5/4 1304/5/4 1303/5/4
f 1576/5/4 1577/5/4 1305/5/4 1304/5/4
f 1305/5/6 1577/5/6 1518/5/6 1298/5/6
f 1519/4/5 1578/4/5 1306/4/5 1299/4/5
f 1307/4/6 1579/4/6 1521/4/6 1300/4/6
f 1578/4/5 1580/4/5 1308/4/5 1306/4/5
f 1309/4/6 1581/4/6 1579/4/6 1307/4/6
f 1580/4/5 1582/4/5 1310/4/5 1308/4/5
f 1311/4/6 1583/4/6 1581/4/6 1309/4/6
f 1582/4/5 1584/4/5 1312/4/5 1310/4/5
f 1313/4/6 1585/4/6 1583/4/6 1311/4/6
f 1586/4/4 1587/4/4 1315/4/4 1314/4/4
f 1584/4/5 1586/4/5 1314/4/5 1312/4/5
f 1315/4/6 1587/4/6 1585/4/6 1313/4/6
f 1316/4/3 1588/4/3 1589/4/3 1317/4/3
f 1589/4/5 1590/4/5 1318/4/5 1317/4/5
f 1319/4/6 1591/4/6 1588/4/6 1316/4/6
f 1590/4/5 1592/4/5 1320/4/5 1318/4/5
f 1321/4/6 1593/4/6 1591/4/6 1319/4/6
f 1592/4/5 1594/4/5 1322/4/5 1320/4/5
f 1323/4/6 1595/4/6 1593/4/6 1321/4/6
f 1594/4/5 1596/4/5 1324/4/5 1322/4/5
f 1325/4/6 1597/4/6 1595/4/6 1323/4/6
f 1596/4/5 1598/4/5 1326/4/5 1324/4/5
f 1327/4/6 1599/4/6 1597/4/6 1325/4/6
f 1598/4/5 1600/4/5 1328/4/5 1326/4/5
f 1331/4/3 1601/4/3 1599/4/3 1327/4/3
f 1334/4/3 1602/4/3 1601/4/3 1331/4/3
f 1337/4/3 1603/4/3 1602/4/3 1334/4/3
f 1340/4/3 1604/4/3 1603/4/3 1337/4/3
f 1343/4/3 1605/4/3 1604/4/3 1340/4/3
f 1346/5/3 1606/5/3 1605/5/3 1343/5/3
f 1349/5/3 1607/5/3 1606/5/3 1346/5/3
f 1352/5/3 1608/5/3 1607/5/3 1349/5/3
f 1355/4/3 1609/4/3 1608/4/3 1352/4/3
f 1358/4/3 1610/4/3 1609/4/3 1355/4/3
f 1361/4/3 1611/4/3 1610/4/3 1358/4/3
f 1364/4/3 1612/4/3 1611/4/3 1361/4/3
f 1367/4/3 1613/4/3 1612/4/3 1364/4/3
f 1370/4/3 1614/4/3 1613/4/3 1367/4/3
f 1373/4/3 1615/4/3 1614/4/3 1370/4/3
f 1376/4/3 1616/4/3 1615/4/3 1373/4/3
f 1379/4/3 1617/4/3 1616/4/3 1376/4/3
f 1382/4/3 1618/4/3 1617/4/3 1379/4/3
f 1385/4/3 1619/4/3 1618/4/3 1382/4/3
f 1388/4/3 1620/4/3 1619/4/3 1385/4/3
f 1391/4/3 1621/4/3 1620/4/3 1388/4/3
f 1394/4/3 1622/4/3 1621/4/3 1391/4/3
f 1397/4/3 1623/4/3 1622/4/3 1394/4/3
f 1400/4/3 1624/4/3 1623/4/3 1397/4/3
f 1403/4/3 1625/4/3 1624/4/3 1400/4/3
f 1406/4/3 1626/4/3 1625/4/3 1403/4/3
f 1407/4/3 1627/4/3 1626/4/3 1406/4/3
f 1408/5/3 1628/5/3 1627/5/3 1407/5/3
f 1409/5/3 1629/5/3 1628/5/3 1408/5/3
f 1410/5/3 1630/5/3 1629/5/3 1409/5/3
f 1411/5/3 1631/5/3 1630/5/3 1410/5/3
f 1412/5/6 1632/5/6 1631/5/6 1411/5/6
f 1600/4/5 1633/4/5 1413/4/5 1328/4/5
f 1438/5/6 1634/5/6 1632/5/6 1412/5/6
f 1633/4/5 1635/4/5 1439/4/5 1413/4/5
f 1464/5/6 1636/5/6 1634/5/6 1438/5/6
f 1635/4/5 1637/4/5 1465/4/5 1439/4/5
f 1490/5/6 1638/5/6 1636/5/6 1464/5/6
f 1637/4/5 1639/4/5 1491/4/5 1465/4/5
f 1518/5/6 1640/5/6 1638/5/6 1490/5/6
f 1639/4/5 1641/4/5 1519/4/5 1491/4/5
f 1642/4/4 1643/4/4 1522/4/4 1521/4/4
f 1643/4/4 1644/4/4 1524/4/4 1522/4/4
f 1644/4/4 1645/4/4 1526/4/4 1524/4/4
f 1645/4/4 1646/4/4 1528/4/4 1526/4/4
f 1646/4/4 1647/4/4 1530/4/4 1528/4/4
f 1647/4/4 1648/4/4 1532/4/4 1530/4/4
f 1648/4/4 1649/4/4 1534/4/4 1532/4/4
f 1649/4/4 1650/4/4 1536/4/4 1534/4/4
f 1650/4/4 1651/4/4 1538/4/4 1536/4/4
f 1651/4/4 1652/4/4 1540/4/4 1538/4/4
f 1652/4/4 1653/4/4 1542/4/4 1540/4/4
f 1653/4/4 1654/4/4 1544/4/4 1542/4/4
f 1654/4/4 1655/4/4 1546/4/4 1544/4/4
f 1655/4/4 1656/4/4 1548/4/4 1546/4/4
f 1656/4/4 1657/4/4 1550/4/4 1548/4/4
f 1657/4/4 1658/4/4 1552/4/4 1550/4/4
f 1658/4/4 1659/4/4 1554/4/4 1552/4/4
f 1659/4/4 1660/4/4 1556/4/4 1554/4/4
f 1660/4/4 1661/4/4 1558/4/4 1556/4/4
f 1661/4/4 1662/4/4 1560/4/4 1558/4/4
f 1662/4/4 1663/4/4 1562/4/4 1560/4/4
f 1663/4/4 1664/4/4 1564/4/4 1562/4/4
f 1664/4/4 1665/4/4 1566/4/4 1564/4/4
f 1665/4/4 1666/4/4 1568/4/4 1566/4/4
f 1666/4/4 1667/4/4 1570/4/4 1568/4/4
f 1667/4/4 1668/4/4 1572/4/4 1570/4/4
f 1668/4/4 1669/4/4 1573/4/4 1572/4/4
f 1669/5/4 1670/5/4 1574/5/4 1573/5/4
f 1670/5/4 1671/5/4 1575/5/4 1574/5/4
f 1671/5/4 1672/5/4 1576/5/4 1575/5/4
f 1672/5/4 1673/5/4 1577/5/4 1576/5/4
f 1577/5/6 1673/5/6 1640/5/6 1518/5/6
f 1641/4/5 1674/4/5 1578/4/5 1519/4/5
f 1579/4/6 1675/4/6 1642/4/6 1521/4/6
f 1674/4/5 1676/4/5 1580/4/5 1578/4/5
f 1581/4/6 1677/4/6 1675/4/6 1579/4/6
f 1676/4/5 1678/4/5 1582/4/5 1580/4/5
f 1583/4/6 1679/4/6 1677/4/6 1581/4/6
f 1678/4/5 1680/4/5 1584/4/5 1582/4/5
f 1585/4/6 1681/4/6 1679/4/6 1583/4/6
f 1682/4/4 1683/4/4 1587/4/4 1586/4/4
f 1680/4/5 1682/4/5 1586/4/5 1584/4/5
f 1587/4/6 1683/4/6 1681/4/6 1585/4/6
f 1684/4/2 1685/4/2 1686/4/2 1687/4/2
f 1588/4/3 1684/4/3 1687/4/3 1589/4/3
f 1687/4/5 1686/4/5 1590/4/5 1589/4/5
f 1591/4/6 1685/4/6 1684/4/6 1588/4/6
f 1685/4/2 1688/4/2 1689/4/2 1686/4/2
f 1686/4/5 1689/4/5 1592/4/5 1590/4/5
f 1593/4/6 1688/4/6 1685/4/6 1591/4/6
f 1688/4/2 1690/4/2 1691/4/2 1689/4/2
f 1689/4/5 1691/4/5 1594/4/5 1592/4/5
f 1595/4/6 1690/4/6 1688/4/6 1593/4/6
f 1690/4/2 1692/4/2 1693/4/2 1691/4/2
f 1691/4/5 1693/4/5 1596/4/5 1594/4/5
f 1597/4/6 1692/4/6 1690/4/6 1595/4/6
f 1692/4/2 1694/4/2 1695/4/2 1693/4/2
f 1693/4/5 1695/4/5 1598/4/5 1596/4/5
f 1599/4/6 1694/4/6 1692/4/6 1597/4/6
f 1694/4/2 1696/4/2 1697/4/2 1695/4/2
f 1695/4/5 1697/4/5 1600/4/5 1598/4/5
f 1698/4/2 1699/4/2 1696/4/2 1694/4/2
f 1601/4/3 1698/4/3 1694/4/3 1599/4/3
f 1700/4/2 1701/4/2 1699/4/2 1698/4/2
f 1602/4/3 1700/4/3 1698/4/3 1601/4/3
f 1702/4/2 1703/4/2 1701/4/2 1700/4/2
f 1603/4/3 1702/4/3 1700/4/3 1602/4/3
f 1704/4/2 1705/4/2 1703/4/2 1702/4/2
f 1604/4/3 1704/4/3 1702/4/3 1603/4/3
f 1706/4/2 1707/4/2 1705/4/2 1704/4/2
f 1605/4/3 1706/4/3 1704/4/3 1604/4/3
f 1708/4/2 1709/4/2 1707/4/2 1706/4/2
f 1606/4/3 1708/4/3 1706/4/3 1605/4/3
f 1710/4/2 1711/4/2 1709/4/2 1708/4/2
f 1607/4/3 1710/4/3 1708/4/3 1606/4/3
f 1712/4/2 1713/4/2 1711/4/2 1710/4/2
f 1608/4/3 1712/4/3 1710/4/3 1607/4/3
f 1714/4/2 1715/4/2 1713/4/2 1712/4/2
f 1609/4/3 1714/4/3 1712/4/3 1608/4/3
f 1716/4/2 1717/4/2 1715/4/2 1714/4/2
f 1610/4/3 1716/4/3 1714/4/3 1609/4/3
f 1718/4/2 1719/4/2 1717/4/2 1716/4/2
f 1611/4/3 1718/4/3 1716/4/3 1610/4/3
f 1720/4/2 1721/4/2 1719/4/2 1718/4/2
f 1612/4/3 1720/4/3 1718/4/3 1611/4/3
f 1722/4/2 1723/4/2 1721/4/2 1720/4/2
f 1613/4/3 1722/4/3 1720/4/3 1612/4/3
f 1724/4/2 1725/4/2 1723/4/2 1722/4/2
f 1614/4/3 1724/4/3 1722/4/3 1613/4/3
f 1726/4/2 1727/4/2 1725/4/2 1724/4/2
f 1615/4/3 1726/4/3 1724/4/3 1614/4/3
f 1728/4/2 1729/4/2 1727/4/2 1726/4/2
f 1616/4/3 1728/4/3 1726/4/3 1615/4/3
f 1730/4/2 1731/4/2 1729/4/2 1728/4/2
f 1617/4/3 1730/4/3 1728/4/3 1616/4/3
f 1732/4/2 1733/4/2 1731/4/2 1730/4/2
f 1618/4/3 1732/4/3 1730/4/3 1617/4/3
f 1734/4/2 1735/4/2 1733/4/2 1732/4/2
f 1619/4/3 1734/4/3 1732/4/3 1618/4/3
f 1736/4/2 1737/4/2 1735/4/2 1734/4/2
f 1620/4/3 1736/4/3 1734/4/3 1619/4/3
f 1738/4/2 1739/4/2 1737/4/2 1736/4/2
f 1621/4/3 1738/4/3 1736/4/3 1620/4/3
f 1740/4/2 1741/4/2 1739/4/2 1738/4/2
f 1622/4/3 1740/4/3 1738/4/3 1621/4/3
f 1742/4/2 1743/4/2 1741/4/2 1740/4/2
f 1623/4/3 1742/4/3 1740/4/3 1622/4/3
f 1744/4/2 1745/4/2 1743/4/2 1742/4/2
f 1624/4/3 1744/4/3 1742/4/3 1623/4/3
f 1746/4/2 1747/4/2 1745/4/2 1744/4/2
f 1625/4/3 1746/4/3 1744/4/3 1624/4/3
f 1748/4/2 1749/4/2 1747/4/2 1746/4/2
f 1626/4/3 1748/4/3 1746/4/3 1625/4/3
f 1750/4/2 1751/4/2 1749/4/2 1748/4/2
f 1627/4/3 1750/4/3 1748/4/3 1626/4/3
f 1752/5/2 1753/5/2 1751/5/2 1750/5/2
f 1628/5/3 1752/5/3 1750/5/3 1627/5/3
f 1754/5/2 1755/5/2 1753/5/2 1752/5/2
f 1629/5/3 1754/5/3 1752/5/3 1628/5/3
f 1756/5/2 1757/5/2 1755/5/2 1754/5/2
f 1630/5/3 1756/5/3 1754/5/3 1629/5/3
f 1758/5/2 1759/5/2 1757/5/2 1756/5/2
f 1631/5/3 1758/5/3 1756/5/3 1630/5/3
f 1632/5/6 1759/5/6 1758/5/6 1631/5/6
f 1696/4/2 1760/4/2 1761/4/2 1697/4/2
f 1697/4/5 1761/4/5 1633/4/5 1600/4/5
f 1699/4/2 1762/4/2 1760/4/2 1696/4/2
f 1701/4/2 1763/4/2 1762/4/2 1699/4/2
f 1703/4/2 1764/4/2 1763/4/2 1701/4/2
f 1705/4/2 1765/4/2 1764/4/2 1703/4/2
f 1707/4/2 1766/4/2 1765/4/2 1705/4/2
f 1709/4/2 1767/4/2 1766/4/2 1707/4/2
f 1711/4/2 1768/4/2 1767/4/2 1709/4/2
f 1713/4/2 1769/4/2 1768/4/2 1711/4/2
f 1715/4/2 1770/4/2 1769/4/2 1713/4/2
f 1717/4/2 1771/4/2 1770/4/2 1715/4/2
f 1719/4/2 1772/4/2 1771/4/2 1717/4/2
f 1721/4/2 1773/4/2 1772/4/2 1719/4/2
f 1723/4/2 1774/4/2 1773/4/2 1721/4/2
f 1725/4/2 1775/4/2 1774/4/2 1723/4/2
f 1727/4/2 1776/4/2 1775/4/2 1725/4/2
f 1729/4/2 1777/4/2 1776/4/2 1727/4/2
f 1731/4/2 1778/4/2 1777/4/2 1729/4/2
f 1733/4/2 1779/4/2 1778/4/2 1731/4/2
f 1735/4/2 1780/4/2 1779/4/2 1733/4/2
f 1737/4/2 1781/4/2 1780/4/2 1735/4/2
f 1739/4/2 1782/4/2 1781/4/2 1737/4/2
f 1741/4/2 1783/4/2 1782/4/2 1739/4/2
f 1743/4/2 1784/4/2 1783/4/2 1741/4/2
f 1745/4/2 1785/4/2 1784/4/2 1743/4/2
f 1747/4/2 1786/4/2 1785/4/2 1745/4/2
f 1749/4/2 1787/4/2 1786/4/2 1747/4/2
f 1751/4/2 1788/4/2 1787/4/2 1749/4/2
f 1753/5/2 1789/5/2 1788/5/2 1751/5/2
f 1755/5/2 1790/5/2 1789/5/2 1753/5/2
f 1757/5/2 1791/5/2 1790/5/2 1755/5/2
f 1759/5/2 1792/5/2 1791/5/2 1757/5/2
f 1634/5/6 1792/5/6 1759/5/6 1632/5/6
f 1760/4/2 1793/4/2 1794/4/2 1761/4/2
f 1761/4/5 1794/4/5 1635/4/5 1633/4/5
f 1762/4/2 1795/4/2 1793/4/2 1760/4/2
f 1763/4/2 1796/4/2 1795/4/2 1762/4/2
f 1764/4/2 1797/4/2 1796/4/2 1763/4/2
f 1765/4/2 1798/4/2 1797/4/2 1764/4/2
f 1766/4/2 1799/4/2 1798/4/2 1765/4/2
f 1767/4/2 1800/4/2 1799/4/2 1766/4/2
f 1768/4/2 1801/4/2 1800/4/2 1767/4/2
f 1769/4/2 1802/4/2 1801/4/2 1768/4/2
f 1770/4/2 1803/4/2 1802/4/2 1769/4/2
f 1771/4/2 1804/4/2 1803/4/2 1770/4/2
f 1772/4/2 1805/4/2 1804/4/2 1771/4/2
f 1773/4/2 1806/4/2 1805/4/2 1772/4/2
f 1774/4/2 1807/4/2 1806/4/2 1773/4/2
f 1775/4/2 1808/4/2 1807/4/2 1774/4/2
f 1776/4/2 1809/4/2 1808/4/2 1775/4/2
f 1777/4/2 1810/4/2 1809/4/2 1776/4/2
f 1778/4/2 1811/4/2 1810/4/2 1777/4/2
f 1779/4/2 1812/4/2 1811/4/2 1778/4/2
f 1780/4/2 1813/4/2 1812/4/2 1779/4/2
f 1781/4/2 1814/4/2 1813/4/2 1780/4/2
f 1782/4/2 1815/4/2 1814/4/2 1781/4/2
f 1783/4/2 1816/4/2 1815/4/2 1782/4/2
f 1784/4/2 1817/4/2 1816/4/2 1783/4/2
f 1785/4/2 1818/4/2 1817/4/2 1784/4/2
f 1786/4/2 1819/4/2 1818/4/2 1785/4/2
f 1787/4/2 1820/4/2 1819/4/2 1786/4/2
f 1788/4/2 1821/4/2 1820/4/2 1787/4/2
f 1789/5/2 1822/5/2 1821/5/2 1788/5/2
f 1790/5/2 1823/5/2 1822/5/2 1789/5/2
f 1791/5/2 1824/5/2 1823/5/2 1790/5/2
f 1792/5/2 1825/5/2 1824/5/2 1791/5/2
f 1636/5/6 1825/5/6 1792/5/6 1634/5/6
f 1793/4/2 1826/4/2 1827/4/2 1794/4/2
f 1794/4/5 1827/4/5 1637/4/5 1635/4/5
f 1795/4/2 1828/4/2 1826/4/2 1793/4/2
f 1796/4/2 1829/4/2 1828/4/2 1795/4/2
f 1797/4/2 1830/4/2 1829/4/2 1796/4/2
f 1798/4/2 1831/4/2 1830/4/2 1797/4/2
f 1799/4/2 1832/4/2 1831/4/2 1798/4/2
f 1800/4/2 1833/4/2 1832/4/2 1799/4/2
f 1801/4/2 1834/4/2 1833/4/2 1800/4/2
f 1802/4/2 1835/4/2 1834/4/2 1801/4/2
f 1803/4/2 1836/4/2 1835/4/2 1802/4/2
f 1804/4/2 1837/4/2 1836/4/2 1803/4/2
f 1805/4/2 1838/4/2 1837/4/2 1804/4/2
f 1806/4/2 1839/4/2 1838/4/2 1805/4/2
f 1807/4/2 1840/4/2 1839/4/2 1806/4/2
f 1808/4/2 1841/4/2 1840/4/2 1807/4/2
f 1809/4/2 1842/4/2 1841/4/2 1808/4/2
f 1810/4/2 1843/4/2 1842/4/2 1809/4/2
f 1811/4/2 1844/4/2 1843/4/2 1810/4/2
f 1812/4/2 1845/4/2 1844/4/2 1811/4/2
f 1813/4/2 1846/4/2 1845/4/2 1812/4/2
f 1814/4/2 1847/4/2 1846/4/2 1813/4/2
f 1815/4/2 1848/4/2 1847/4/2 1814/4/2
f 1816/4/2 1849/4/2 1848/4/2 1815/4/2
f 1817/4/2 1850/4/2 1849/4/2 1816/4/2
f 1818/4/2 1851/4/2 1850/4/2 1817/4/2
f 1819/4/2 1852/4/2 1851/4/2 1818/4/2
f 1820/4/2 1853/4/2 1852/4/2 1819/4/2
f 1821/4/2 1854/4/2 1853/4/2 1820/4/2
f 1822/5/2 1855/5/2 1854/5/2 1821/5/2
f 1823/5/2 1856/5/2 1855/5/2 1822/5/2
f 1824/5/2 1857/5/2 1856/5/2 1823/5/2
f 1825/5/2 1858/5/2 1857/5/2 1824/5/2
f 1638/5/6 1858/5/6 1825/5/6 1636/5/6
f 1826/4/2 1859/4/2 1860/4/2 1827/4/2
f 1827/4/5 1860/4/5 1639/4/5 1637/4/5
f 1828/4/2 1861/4/2 1859/4/2 1826/4/2
f 1829/4/2 1862/4/2 1861/4/2 1828/4/2
f 1830/4/2 1863/4/2 1862/4/2 1829/4/2
f 1831/4/2 1864/4/2 1863/4/2 1830/4/2
f 1832/4/2 1865/4/2 1864/4/2 1831/4/2
f 1833/4/2 1866/4/2 1865/4/2 1832/4/2
f 1834/4/2 1867/4/2 1866/4/2 1833/4/2
f 1835/4/2 1868/4/2 1867/4/2 1834/4/2
f 1836/4/2 1869/4/2 1868/4/2 1835/4/2
f 1837/4/2 1870/4/2 1869/4/2 1836/4/2
f 1838/4/2 1871/4/2 1870/4/2 1837/4/2
f 1839/4/2 1872/4/2 1871/4/2 1838/4/2
f 1840/4/2 1873/4/2 1872/4/2 1839/4/2
f 1841/4/2 1874/4/2 1873/4/2 1840/4/2
f 1842/4/2 1875/4/2 1874/4/2 1841/4/2
f 1843/4/2 1876/4/2 1875/4/2 1842/4/2
f 1844/4/2 1877/4/2 1876/4/2 1843/4/2
f 1845/4/2 1878/4/2 1877/4/2 1844/4/2
f 1846/4/2 1879/4/2 1878/4/2 1845/4/2
f 1847/4/2 1880/4/2 1879/4/2 1846/4/2
f 1848/4/2 1881/4/2 1880/4/2 1847/4/2
f 1849/4/2 1882/4/2 1881/4/2 1848/4/2
f 1850/4/2 1883/4/2 1882/4/2 1849/4/2
f 1851/4/2 1884/4/2 1883/4/2 1850/4/2
f 1852/4/2 1885/4/2 1884/4/2 1851/4/2
f 1853/4/2 1886/4/2 1885/4/2 1852/4/2
f 1854/4/2 1887/4/2 1886/4/2 1853/4/2
f 1855/5/2 1888/5/2 1887/5/2 1854/5/2
f 1856/5/2 1889/5/2 1888/5/2 1855/5/2
f 1857/5/2 1890/5/2 1889/5/2 1856/5/2
f 1858/5/2 1891/5/2 1890/5/2 1857/5/2
f 1640/5/6 1891/5/6 1858/5/6 1638/5/6
f 1859/4/2 1892/4/2 1893/4/2 1860/4/2
f 1860/4/5 1893/4/5 1641/4/5 1639/4/5
f 1861/4/2 1894/4/2 1892/4/2 1859/4/2
f 1892/4/4 1894/4/4 1643/4/4 1642/4/4
f 1862/4/2 1895/4/2 1894/4/2 1861/4/2
f 1894/4/4 1895/4/4 1644/4/4 1643/4/4
f 1863/4/2 1896/4/2 1895/4/2 1862/4/2
f 1895/4/4 1896/4/4 1645/4/4 1644/4/4
f 1864/4/2 1897/4/2 1896/4/2 1863/4/2
f 1896/4/4 1897/4/4 1646/4/4 1645/4/4
f 1865/4/2 1898/4/2 1897/4/2 1864/4/2
f 1897/4/4 1898/4/4 1647/4/4 1646/4/4
f 1866/4/2 1899/4/2 1898/4/2 1865/4/2
f 1898/4/4 1899/4/4 1648/4/4 1647/4/4
f 1867/4/2 1900/4/2 1899/4/2 1866/4/2
f 1899/4/4 1900/4/4 1649/4/4 1648/4/4
f 1868/4/2 1901/4/2 1900/4/2 1867/4/2
f 1900/4/4 1901/4/4 1650/4/4 1649/4/4
f 1869/4/2 1902/4/2 1901/4/2 1868/4/2
f 1901/4/4 1902/4/4 1651/4/4 1650/4/4
f 1870/4/2 1903/4/2 1902/4/2 1869/4/2
f 1902/4/4 1903/4/4 1652/4/4 1651/4/4
f 1871/4/2 1904/4/2 1903/4/2 1870/4/2
f 1903/4/4 1904/4/4 1653/4/4 1652/4/4
f 1872/4/2 1905/4/2 1904/4/2 1871/4/2
f 1904/4/4 1905/4/4 1654/4/4 1653/4/4
f 1873/4/2 1906/4/2 1905/4/2 1872/4/2
f 1905/4/4 1906/4/4 1655/4/4 1654/4/4
f 1874/4/2 1907/4/2 1906/4/2 1873/4/2
f 1906/4/4 1907/4/4 1656/4/4 1655/4/4
f 1875/4/2 1908/4/2 1907/4/2 1874/4/2
f 1907/4/4 1908/4/4 1657/4/4 1656/4/4
f 1876/4/2 1909/4/2 1908/4/2 1875/4/2
f 1908/4/4 1909/4/4 1658/4/4 1657/4/4
f 1877/4/2 1910/4/2 1909/4/2 1876/4/2
f 1909/4/4 1910/4/4 1659/4/4 1658/4/4
f 1878/4/2 1911/4/2 1910/4/2 1877/4/2
f 1910/4/4 1911/4/4 1660/4/4 1659/4/4
f 1879/4/2 1912/4/2 1911/4/2 1878/4/2
f 1911/4/4 1912/4/4 1661/4/4 1660/4/4
f 1880/4/2 1913/4/2 1912/4/2 1879/4/2
f 1912/4/4 1913/4/4 1662/4/4 1661/4/4
f 1881/4/2 1914/4/2 1913/4/2 1880/4/2
f 1913/4/4 1914/4/4 1663/4/4 1662/4/4
f 1882/4/2 1915/4/2 1914/4/2 1881/4/2
f 1914/4/4 1915/4/4 1664/4/4 1663/4/4
f 1883/4/2 1916/4/2 1915/4/2 1882/4/2
f 1915/4/4 1916/4/4 1665/4/4 1664/4/4
f 1884/4/2 1917/4/2 1916/4/2 1883/4/2
f 1916/4/4 1917/4/4 1666/4/4 1665/4/4
f 1885/4/2 1918/4/2 1917/4/2 1884/4/2
f 1917/4/4 1918/4/4 1667/4/4 1666/4/4
f 1886/4/2 1919/4/2 1918/4/2 1885/4/2
f 1918/4/4 1919/4/4 1668/4/4 1667/4/4
f 1887/4/2 1920/4/2 1919/4/2 1886/4/2
f 1919/4/4 1920/4/4 1669/4/4 1668/4/4
f 1888/5/2 1921/5/2 1920/5/2 1887/5/2
f 1920/5/4 1921/5/4 1670/5/4 1669/5/4
f 1889/5/2 1922/5/2 1921/5/2 1888/5/2
f 1921/5/4 1922/5/4 1671/5/4 1670/5/4
f 1890/5/2 1923/5/2 1922/5/2 1889/5/2
f 1922/5/4 1923/5/4 1672/5/4 1671/5/4
f 1891/5/2 1924/5/2 1923/5/2 1890/5/2
f 1923/5/4 1924/5/4 1673/5/4 1672/5/4
f 1673/5/6 1924/5/6 1891/5/6 1640/5/6
f 1892/4/2 1925/4/2 1926/4/2 1893/4/2
f 1893/4/5 1926/4/5 1674/4/5 1641/4/5
f 1675/4/6 1925/4/6 1892/4/6 1642/4/6
f 1925/4/2 1927/4/2 1928/4/2 1926/4/2
f 1926/4/5 1928/4/5 1676/4/5 1674/4/5
f 1677/4/6 1927/4/6 1925/4/6 1675/4/6
f 1927/4/2 1929/4/2 1930/4/2 1928/4/2
f 1928/4/5 1930/4/5 1678/4/5 1676/4/5
f 1679/4/6 1929/4/6 1927/4/6 1677/4/6
f 1929/4/2 1931/4/2 1932/4/2 1930/4/2
f 1930/4/5 1932/4/5 1680/4/5 1678/4/5
f 1681/4/6 1931/4/6 1929/4/6 1679/4/6
f 1931/4/2 1933/4/2 1934/4/2 1932/4/2
f 1934/4/4 1933/4/4 1683/4/4 1682/4/4
f 1932/4/5 1934/4/5 1682/4/5 1680/4/5
f 1683/4/6 1933/4/6 1931/4/6 1681/4/6
