# Dungine portcullis_closed; 1 voxel = 1/16 unit; Y-up floor-center origin
mtllib portcullis_closed.mtl
o portcullis_closed
s off
v -0.500000 0.000000 -0.437500
v -0.500000 0.062500 -0.437500
v -0.500000 0.062500 -0.500000
v -0.500000 0.000000 -0.500000
v -0.437500 0.062500 -0.500000
v -0.437500 0.000000 -0.500000
v -0.437500 0.000000 -0.437500
v -0.437500 0.062500 -0.437500
v -0.500000 0.000000 -0.375000
v -0.500000 0.062500 -0.375000
v -0.437500 0.000000 -0.375000
v -0.437500 0.062500 -0.375000
v -0.500000 0.000000 -0.312500
v -0.500000 0.062500 -0.312500
v -0.437500 0.000000 -0.312500
v -0.437500 0.062500 -0.312500
v -0.500000 0.000000 -0.250000
v -0.500000 0.062500 -0.250000
v -0.437500 0.000000 -0.250000
v -0.437500 0.062500 -0.250000
v -0.500000 0.000000 -0.187500
v -0.500000 0.062500 -0.187500
v -0.437500 0.000000 -0.187500
v -0.437500 0.062500 -0.187500
v -0.500000 0.000000 -0.125000
v -0.500000 0.062500 -0.125000
v -0.437500 0.000000 -0.125000
v -0.500000 0.125000 -0.125000
v -0.500000 0.125000 -0.187500
v -0.437500 0.125000 -0.187500
v -0.500000 0.187500 -0.125000
v -0.500000 0.187500 -0.187500
v -0.437500 0.187500 -0.187500
v -0.500000 0.250000 -0.125000
v -0.500000 0.250000 -0.187500
v -0.437500 0.250000 -0.187500
v -0.500000 0.312500 -0.125000
v -0.500000 0.312500 -0.187500
v -0.437500 0.312500 -0.187500
v -0.500000 0.375000 -0.125000
v -0.500000 0.375000 -0.187500
v -0.437500 0.375000 -0.187500
v -0.500000 0.437500 -0.125000
v -0.500000 0.437500 -0.187500
v -0.437500 0.437500 -0.187500
v -0.500000 0.500000 -0.125000
v -0.500000 0.500000 -0.187500
v -0.437500 0.500000 -0.187500
v -0.500000 0.562500 -0.125000
v -0.500000 0.562500 -0.187500
v -0.437500 0.562500 -0.187500
v -0.500000 0.625000 -0.125000
v -0.500000 0.625000 -0.187500
v -0.437500 0.625000 -0.187500
v -0.500000 0.687500 -0.125000
v -0.500000 0.687500 -0.187500
v -0.437500 0.687500 -0.187500
v -0.500000 0.750000 -0.125000
v -0.500000 0.750000 -0.187500
v -0.437500 0.750000 -0.187500
v -0.500000 0.812500 -0.125000
v -0.500000 0.812500 -0.187500
v -0.437500 0.812500 -0.187500
v -0.500000 0.875000 -0.125000
v -0.500000 0.875000 -0.187500
v -0.437500 0.875000 -0.187500
v -0.500000 0.937500 -0.125000
v -0.500000 0.937500 -0.187500
v -0.437500 0.937500 -0.187500
v -0.500000 1.000000 -0.125000
v -0.500000 1.000000 -0.187500
v -0.437500 1.000000 -0.187500
v -0.500000 1.062500 -0.125000
v -0.500000 1.062500 -0.187500
v -0.437500 1.062500 -0.187500
v -0.500000 1.125000 -0.125000
v -0.500000 1.125000 -0.187500
v -0.437500 1.125000 -0.187500
v -0.500000 1.187500 -0.125000
v -0.500000 1.187500 -0.187500
v -0.437500 1.187500 -0.187500
v -0.500000 1.250000 -0.125000
v -0.500000 1.250000 -0.187500
v -0.437500 1.250000 -0.187500
v -0.500000 1.312500 -0.125000
v -0.500000 1.312500 -0.187500
v -0.437500 1.312500 -0.187500
v -0.500000 1.375000 -0.125000
v -0.500000 1.375000 -0.187500
v -0.437500 1.375000 -0.187500
v -0.500000 1.437500 -0.125000
v -0.500000 1.437500 -0.187500
v -0.437500 1.437500 -0.187500
v -0.500000 1.500000 -0.125000
v -0.500000 1.500000 -0.187500
v -0.437500 1.500000 -0.187500
v -0.500000 1.562500 -0.125000
v -0.500000 1.562500 -0.187500
v -0.437500 1.562500 -0.187500
v -0.500000 1.625000 -0.125000
v -0.500000 1.625000 -0.187500
v -0.437500 1.625000 -0.187500
v -0.500000 1.687500 -0.125000
v -0.500000 1.687500 -0.187500
v -0.437500 1.687500 -0.187500
v -0.500000 1.750000 -0.125000
v -0.500000 1.750000 -0.187500
v -0.437500 1.750000 -0.187500
v -0.500000 1.812500 -0.125000
v -0.500000 1.812500 -0.187500
v -0.437500 1.812500 -0.187500
v -0.500000 1.875000 -0.125000
v -0.500000 1.875000 -0.187500
v -0.437500 1.875000 -0.187500
v -0.500000 1.937500 -0.125000
v -0.500000 1.937500 -0.187500
v -0.437500 1.937500 -0.187500
v -0.500000 2.000000 -0.125000
v -0.500000 2.000000 -0.187500
v -0.437500 2.000000 -0.187500
v -0.437500 2.000000 -0.125000
v -0.500000 0.000000 -0.062500
v -0.500000 0.062500 -0.062500
v -0.437500 0.000000 -0.062500
v -0.500000 0.125000 -0.062500
v -0.500000 0.187500 -0.062500
v -0.500000 0.250000 -0.062500
v -0.500000 0.312500 -0.062500
v -0.500000 0.375000 -0.062500
v -0.500000 0.437500 -0.062500
v -0.500000 0.500000 -0.062500
v -0.500000 0.562500 -0.062500
v -0.500000 0.625000 -0.062500
v -0.500000 0.687500 -0.062500
v -0.500000 0.750000 -0.062500
v -0.500000 0.812500 -0.062500
v -0.500000 0.875000 -0.062500
v -0.500000 0.937500 -0.062500
v -0.500000 1.000000 -0.062500
v -0.500000 1.062500 -0.062500
v -0.500000 1.125000 -0.062500
v -0.500000 1.187500 -0.062500
v -0.500000 1.250000 -0.062500
v -0.500000 1.312500 -0.062500
v -0.500000 1.375000 -0.062500
v -0.500000 1.437500 -0.062500
v -0.500000 1.500000 -0.062500
v -0.500000 1.562500 -0.062500
v -0.500000 1.625000 -0.062500
v -0.500000 1.687500 -0.062500
v -0.500000 1.750000 -0.062500
v -0.500000 1.812500 -0.062500
v -0.500000 1.875000 -0.062500
v -0.500000 1.937500 -0.062500
v -0.500000 2.000000 -0.062500
v -0.437500 2.000000 -0.062500
v -0.500000 0.000000 0.000000
v -0.500000 0.062500 0.000000
v -0.437500 0.000000 0.000000
v -0.500000 0.125000 0.000000
v -0.500000 0.187500 0.000000
v -0.500000 0.250000 0.000000
v -0.500000 0.312500 0.000000
v -0.500000 0.375000 0.000000
v -0.500000 0.437500 0.000000
v -0.500000 0.500000 0.000000
v -0.500000 0.562500 0.000000
v -0.500000 0.625000 0.000000
v -0.500000 0.687500 0.000000
v -0.500000 0.750000 0.000000
v -0.500000 0.812500 0.000000
v -0.500000 0.875000 0.000000
v -0.500000 0.937500 0.000000
v -0.500000 1.000000 0.000000
v -0.500000 1.062500 0.000000
v -0.500000 1.125000 0.000000
v -0.500000 1.187500 0.000000
v -0.500000 1.250000 0.000000
v -0.500000 1.312500 0.000000
v -0.500000 1.375000 0.000000
v -0.500000 1.437500 0.000000
v -0.500000 1.500000 0.000000
v -0.500000 1.562500 0.000000
v -0.500000 1.625000 0.000000
v -0.500000 1.687500 0.000000
v -0.500000 1.750000 0.000000
v -0.500000 1.812500 0.000000
v -0.500000 1.875000 0.000000
v -0.500000 1.937500 0.000000
v -0.500000 2.000000 0.000000
v -0.437500 2.000000 0.000000
v -0.500000 0.000000 0.062500
v -0.500000 0.062500 0.062500
v -0.437500 0.000000 0.062500
v -0.500000 0.125000 0.062500
v -0.500000 0.187500 0.062500
v -0.500000 0.250000 0.062500
v -0.500000 0.312500 0.062500
v -0.500000 0.375000 0.062500
v -0.500000 0.437500 0.062500
v -0.500000 0.500000 0.062500
v -0.500000 0.562500 0.062500
v -0.500000 0.625000 0.062500
v -0.500000 0.687500 0.062500
v -0.500000 0.750000 0.062500
v -0.500000 0.812500 0.062500
v -0.500000 0.875000 0.062500
v -0.500000 0.937500 0.062500
v -0.500000 1.000000 0.062500
v -0.500000 1.062500 0.062500
v -0.500000 1.125000 0.062500
v -0.500000 1.187500 0.062500
v -0.500000 1.250000 0.062500
v -0.500000 1.312500 0.062500
v -0.500000 1.375000 0.062500
v -0.500000 1.437500 0.062500
v -0.500000 1.500000 0.062500
v -0.500000 1.562500 0.062500
v -0.500000 1.625000 0.062500
v -0.500000 1.687500 0.062500
v -0.500000 1.750000 0.062500
v -0.500000 1.812500 0.062500
v -0.500000 1.875000 0.062500
v -0.500000 1.937500 0.062500
v -0.500000 2.000000 0.062500
v -0.437500 2.000000 0.062500
v -0.500000 0.000000 0.125000
v -0.500000 0.062500 0.125000
v -0.437500 0.000000 0.125000
v -0.500000 0.125000 0.125000
v -0.500000 0.187500 0.125000
v -0.500000 0.250000 0.125000
v -0.500000 0.312500 0.125000
v -0.500000 0.375000 0.125000
v -0.500000 0.437500 0.125000
v -0.500000 0.500000 0.125000
v -0.500000 0.562500 0.125000
v -0.500000 0.625000 0.125000
v -0.500000 0.687500 0.125000
v -0.500000 0.750000 0.125000
v -0.500000 0.812500 0.125000
v -0.500000 0.875000 0.125000
v -0.500000 0.937500 0.125000
v -0.500000 1.000000 0.125000
v -0.500000 1.062500 0.125000
v -0.500000 1.125000 0.125000
v -0.500000 1.187500 0.125000
v -0.500000 1.250000 0.125000
v -0.500000 1.312500 0.125000
v -0.500000 1.375000 0.125000
v -0.500000 1.437500 0.125000
v -0.500000 1.500000 0.125000
v -0.500000 1.562500 0.125000
v -0.500000 1.625000 0.125000
v -0.500000 1.687500 0.125000
v -0.500000 1.750000 0.125000
v -0.500000 1.812500 0.125000
v -0.500000 1.875000 0.125000
v -0.500000 1.937500 0.125000
v -0.500000 2.000000 0.125000
v -0.437500 2.000000 0.125000
v -0.500000 0.000000 0.187500
v -0.500000 0.062500 0.187500
v -0.437500 0.000000 0.187500
v -0.500000 0.125000 0.187500
v -0.437500 0.062500 0.187500
v -0.437500 0.125000 0.187500
v -0.500000 0.187500 0.187500
v -0.437500 0.187500 0.187500
v -0.500000 0.250000 0.187500
v -0.437500 0.250000 0.187500
v -0.500000 0.312500 0.187500
v -0.437500 0.312500 0.187500
v -0.500000 0.375000 0.187500
v -0.437500 0.375000 0.187500
v -0.500000 0.437500 0.187500
v -0.437500 0.437500 0.187500
v -0.500000 0.500000 0.187500
v -0.437500 0.500000 0.187500
v -0.500000 0.562500 0.187500
v -0.437500 0.562500 0.187500
v -0.500000 0.625000 0.187500
v -0.437500 0.625000 0.187500
v -0.500000 0.687500 0.187500
v -0.437500 0.687500 0.187500
v -0.500000 0.750000 0.187500
v -0.437500 0.750000 0.187500
v -0.500000 0.812500 0.187500
v -0.437500 0.812500 0.187500
v -0.500000 0.875000 0.187500
v -0.437500 0.875000 0.187500
v -0.500000 0.937500 0.187500
v -0.437500 0.937500 0.187500
v -0.500000 1.000000 0.187500
v -0.437500 1.000000 0.187500
v -0.500000 1.062500 0.187500
v -0.437500 1.062500 0.187500
v -0.500000 1.125000 0.187500
v -0.437500 1.125000 0.187500
v -0.500000 1.187500 0.187500
v -0.437500 1.187500 0.187500
v -0.500000 1.250000 0.187500
v -0.437500 1.250000 0.187500
v -0.500000 1.312500 0.187500
v -0.437500 1.312500 0.187500
v -0.500000 1.375000 0.187500
v -0.437500 1.375000 0.187500
v -0.500000 1.437500 0.187500
v -0.437500 1.437500 0.187500
v -0.500000 1.500000 0.187500
v -0.437500 1.500000 0.187500
v -0.500000 1.562500 0.187500
v -0.437500 1.562500 0.187500
v -0.500000 1.625000 0.187500
v -0.437500 1.625000 0.187500
v -0.500000 1.687500 0.187500
v -0.437500 1.687500 0.187500
v -0.500000 1.750000 0.187500
v -0.437500 1.750000 0.187500
v -0.500000 1.812500 0.187500
v -0.437500 1.812500 0.187500
v -0.500000 1.875000 0.187500
v -0.437500 1.875000 0.187500
v -0.500000 1.937500 0.187500
v -0.437500 1.937500 0.187500
v -0.500000 2.000000 0.187500
v -0.437500 2.000000 0.187500
v -0.500000 0.000000 0.250000
v -0.500000 0.062500 0.250000
v -0.437500 0.000000 0.250000
v -0.437500 0.062500 0.250000
v -0.500000 0.000000 0.312500
v -0.500000 0.062500 0.312500
v -0.437500 0.000000 0.312500
v -0.437500 0.062500 0.312500
v -0.500000 0.000000 0.375000
v -0.500000 0.062500 0.375000
v -0.437500 0.000000 0.375000
v -0.437500 0.062500 0.375000
v -0.500000 0.000000 0.437500
v -0.500000 0.062500 0.437500
v -0.437500 0.000000 0.437500
v -0.437500 0.062500 0.437500
v -0.500000 0.000000 0.500000
v -0.500000 0.062500 0.500000
v -0.437500 0.000000 0.500000
v -0.437500 0.062500 0.500000
v -0.375000 0.062500 -0.500000
v -0.375000 0.000000 -0.500000
v -0.375000 0.000000 -0.437500
v -0.375000 0.062500 -0.437500
v -0.375000 0.000000 -0.375000
v -0.375000 0.062500 -0.375000
v -0.375000 0.000000 -0.312500
v -0.375000 0.062500 -0.312500
v -0.375000 0.000000 -0.250000
v -0.375000 0.062500 -0.250000
v -0.375000 0.000000 -0.187500
v -0.375000 0.062500 -0.187500
v -0.375000 0.000000 -0.125000
v -0.375000 0.125000 -0.187500
v -0.375000 0.187500 -0.187500
v -0.375000 0.250000 -0.187500
v -0.375000 0.312500 -0.187500
v -0.375000 0.375000 -0.187500
v -0.375000 0.437500 -0.187500
v -0.375000 0.500000 -0.187500
v -0.375000 0.562500 -0.187500
v -0.375000 0.625000 -0.187500
v -0.375000 0.687500 -0.187500
v -0.375000 0.750000 -0.187500
v -0.375000 0.812500 -0.187500
v -0.375000 0.875000 -0.187500
v -0.375000 0.937500 -0.187500
v -0.375000 1.000000 -0.187500
v -0.375000 1.062500 -0.187500
v -0.375000 1.125000 -0.187500
v -0.375000 1.187500 -0.187500
v -0.375000 1.250000 -0.187500
v -0.375000 1.312500 -0.187500
v -0.375000 1.375000 -0.187500
v -0.375000 1.437500 -0.187500
v -0.375000 1.500000 -0.187500
v -0.375000 1.562500 -0.187500
v -0.375000 1.625000 -0.187500
v -0.375000 1.687500 -0.187500
v -0.375000 1.750000 -0.187500
v -0.375000 1.812500 -0.187500
v -0.375000 1.875000 -0.187500
v -0.375000 1.937500 -0.187500
v -0.375000 2.000000 -0.187500
v -0.375000 2.000000 -0.125000
v -0.375000 0.000000 -0.062500
v -0.375000 2.000000 -0.062500
v -0.375000 0.000000 0.000000
v -0.375000 2.000000 0.000000
v -0.375000 0.000000 0.062500
v -0.375000 2.000000 0.062500
v -0.375000 0.000000 0.125000
v -0.375000 2.000000 0.125000
v -0.375000 0.000000 0.187500
v -0.375000 0.062500 0.187500
v -0.375000 0.125000 0.187500
v -0.375000 0.187500 0.187500
v -0.375000 0.250000 0.187500
v -0.375000 0.312500 0.187500
v -0.375000 0.375000 0.187500
v -0.375000 0.437500 0.187500
v -0.375000 0.500000 0.187500
v -0.375000 0.562500 0.187500
v -0.375000 0.625000 0.187500
v -0.375000 0.687500 0.187500
v -0.375000 0.750000 0.187500
v -0.375000 0.812500 0.187500
v -0.375000 0.875000 0.187500
v -0.375000 0.937500 0.187500
v -0.375000 1.000000 0.187500
v -0.375000 1.062500 0.187500
v -0.375000 1.125000 0.187500
v -0.375000 1.187500 0.187500
v -0.375000 1.250000 0.187500
v -0.375000 1.312500 0.187500
v -0.375000 1.375000 0.187500
v -0.375000 1.437500 0.187500
v -0.375000 1.500000 0.187500
v -0.375000 1.562500 0.187500
v -0.375000 1.625000 0.187500
v -0.375000 1.687500 0.187500
v -0.375000 1.750000 0.187500
v -0.375000 1.812500 0.187500
v -0.375000 1.875000 0.187500
v -0.375000 1.937500 0.187500
v -0.375000 2.000000 0.187500
v -0.375000 0.000000 0.250000
v -0.375000 0.062500 0.250000
v -0.375000 0.000000 0.312500
v -0.375000 0.062500 0.312500
v -0.375000 0.000000 0.375000
v -0.375000 0.062500 0.375000
v -0.375000 0.000000 0.437500
v -0.375000 0.062500 0.437500
v -0.375000 0.000000 0.500000
v -0.375000 0.062500 0.500000
v -0.312500 0.062500 -0.500000
v -0.312500 0.000000 -0.500000
v -0.312500 0.000000 -0.437500
v -0.312500 0.062500 -0.437500
v -0.312500 0.000000 -0.375000
v -0.312500 0.062500 -0.375000
v -0.312500 0.000000 -0.312500
v -0.312500 0.062500 -0.312500
v -0.312500 0.000000 -0.250000
v -0.312500 0.062500 -0.250000
v -0.312500 0.000000 -0.187500
v -0.312500 0.062500 -0.187500
v -0.312500 0.000000 -0.125000
v -0.312500 0.125000 -0.187500
v -0.312500 0.125000 -0.125000
v -0.312500 0.062500 -0.125000
v -0.312500 0.187500 -0.187500
v -0.312500 0.187500 -0.125000
v -0.312500 0.250000 -0.187500
v -0.312500 0.250000 -0.125000
v -0.312500 0.312500 -0.187500
v -0.312500 0.312500 -0.125000
v -0.312500 0.375000 -0.187500
v -0.312500 0.375000 -0.125000
v -0.312500 0.437500 -0.187500
v -0.312500 0.437500 -0.125000
v -0.312500 0.500000 -0.187500
v -0.312500 0.500000 -0.125000
v -0.312500 0.562500 -0.187500
v -0.312500 0.562500 -0.125000
v -0.312500 0.625000 -0.187500
v -0.312500 0.625000 -0.125000
v -0.312500 0.687500 -0.187500
v -0.312500 0.687500 -0.125000
v -0.312500 0.750000 -0.187500
v -0.312500 0.750000 -0.125000
v -0.312500 0.812500 -0.187500
v -0.312500 0.812500 -0.125000
v -0.312500 0.875000 -0.187500
v -0.312500 0.875000 -0.125000
v -0.312500 0.937500 -0.187500
v -0.312500 0.937500 -0.125000
v -0.312500 1.000000 -0.187500
v -0.312500 1.000000 -0.125000
v -0.312500 1.062500 -0.187500
v -0.312500 1.062500 -0.125000
v -0.312500 1.125000 -0.187500
v -0.312500 1.125000 -0.125000
v -0.312500 1.187500 -0.187500
v -0.312500 1.187500 -0.125000
v -0.312500 1.250000 -0.187500
v -0.312500 1.250000 -0.125000
v -0.312500 1.312500 -0.187500
v -0.312500 1.312500 -0.125000
v -0.312500 1.375000 -0.187500
v -0.312500 1.375000 -0.125000
v -0.312500 1.437500 -0.187500
v -0.312500 1.437500 -0.125000
v -0.312500 1.500000 -0.187500
v -0.312500 1.500000 -0.125000
v -0.312500 1.562500 -0.187500
v -0.312500 1.562500 -0.125000
v -0.312500 1.625000 -0.187500
v -0.312500 1.625000 -0.125000
v -0.312500 1.687500 -0.187500
v -0.312500 1.687500 -0.125000
v -0.312500 1.750000 -0.187500
v -0.312500 1.750000 -0.125000
v -0.312500 1.812500 -0.187500
v -0.312500 1.875000 -0.187500
v -0.312500 1.937500 -0.187500
v -0.312500 2.000000 -0.187500
v -0.312500 2.000000 -0.125000
v -0.312500 0.000000 -0.062500
v -0.312500 0.125000 -0.062500
v -0.312500 0.062500 -0.062500
v -0.312500 0.187500 -0.062500
v -0.312500 0.250000 -0.062500
v -0.312500 0.312500 -0.062500
v -0.312500 0.375000 -0.062500
v -0.312500 0.437500 -0.062500
v -0.312500 0.500000 -0.062500
v -0.312500 0.562500 -0.062500
v -0.312500 0.625000 -0.062500
v -0.312500 0.687500 -0.062500
v -0.312500 0.750000 -0.062500
v -0.312500 0.812500 -0.062500
v -0.312500 0.875000 -0.062500
v -0.312500 0.937500 -0.062500
v -0.312500 1.000000 -0.062500
v -0.312500 1.062500 -0.062500
v -0.312500 1.125000 -0.062500
v -0.312500 1.187500 -0.062500
v -0.312500 1.250000 -0.062500
v -0.312500 1.312500 -0.062500
v -0.312500 1.375000 -0.062500
v -0.312500 1.437500 -0.062500
v -0.312500 1.500000 -0.062500
v -0.312500 1.562500 -0.062500
v -0.312500 1.625000 -0.062500
v -0.312500 1.687500 -0.062500
v -0.312500 1.750000 -0.062500
v -0.312500 2.000000 -0.062500
v -0.312500 0.000000 0.000000
v -0.312500 0.125000 0.000000
v -0.312500 0.062500 0.000000
v -0.312500 0.187500 0.000000
v -0.312500 0.250000 0.000000
v -0.312500 0.312500 0.000000
v -0.312500 0.375000 0.000000
v -0.312500 0.437500 0.000000
v -0.312500 0.562500 0.000000
v -0.312500 0.500000 0.000000
v -0.312500 0.625000 0.000000
v -0.312500 0.687500 0.000000
v -0.312500 0.750000 0.000000
v -0.312500 0.812500 0.000000
v -0.312500 0.875000 0.000000
v -0.312500 0.937500 0.000000
v -0.312500 1.000000 0.000000
v -0.312500 1.062500 0.000000
v -0.312500 1.125000 0.000000
v -0.312500 1.250000 0.000000
v -0.312500 1.187500 0.000000
v -0.312500 1.312500 0.000000
v -0.312500 1.375000 0.000000
v -0.312500 1.437500 0.000000
v -0.312500 1.500000 0.000000
v -0.312500 1.562500 0.000000
v -0.312500 1.625000 0.000000
v -0.312500 1.750000 0.000000
v -0.312500 1.687500 0.000000
v -0.312500 2.000000 0.000000
v -0.312500 0.000000 0.062500
v -0.312500 0.125000 0.062500
v -0.312500 0.062500 0.062500
v -0.312500 0.187500 0.062500
v -0.312500 0.250000 0.062500
v -0.312500 0.312500 0.062500
v -0.312500 0.375000 0.062500
v -0.312500 0.437500 0.062500
v -0.312500 0.562500 0.062500
v -0.312500 0.500000 0.062500
v -0.312500 0.625000 0.062500
v -0.312500 0.687500 0.062500
v -0.312500 0.750000 0.062500
v -0.312500 0.812500 0.062500
v -0.312500 0.875000 0.062500
v -0.312500 0.937500 0.062500
v -0.312500 1.000000 0.062500
v -0.312500 1.062500 0.062500
v -0.312500 1.125000 0.062500
v -0.312500 1.250000 0.062500
v -0.312500 1.187500 0.062500
v -0.312500 1.312500 0.062500
v -0.312500 1.375000 0.062500
v -0.312500 1.437500 0.062500
v -0.312500 1.500000 0.062500
v -0.312500 1.562500 0.062500
v -0.312500 1.625000 0.062500
v -0.312500 1.750000 0.062500
v -0.312500 1.687500 0.062500
v -0.312500 2.000000 0.062500
v -0.312500 0.000000 0.125000
v -0.312500 0.125000 0.125000
v -0.312500 0.062500 0.125000
v -0.312500 0.187500 0.125000
v -0.312500 0.250000 0.125000
v -0.312500 0.312500 0.125000
v -0.312500 0.375000 0.125000
v -0.312500 0.437500 0.125000
v -0.312500 0.500000 0.125000
v -0.312500 0.562500 0.125000
v -0.312500 0.625000 0.125000
v -0.312500 0.687500 0.125000
v -0.312500 0.750000 0.125000
v -0.312500 0.812500 0.125000
v -0.312500 0.875000 0.125000
v -0.312500 0.937500 0.125000
v -0.312500 1.000000 0.125000
v -0.312500 1.062500 0.125000
v -0.312500 1.125000 0.125000
v -0.312500 1.187500 0.125000
v -0.312500 1.250000 0.125000
v -0.312500 1.312500 0.125000
v -0.312500 1.375000 0.125000
v -0.312500 1.437500 0.125000
v -0.312500 1.500000 0.125000
v -0.312500 1.562500 0.125000
v -0.312500 1.625000 0.125000
v -0.312500 1.687500 0.125000
v -0.312500 1.750000 0.125000
v -0.312500 2.000000 0.125000
v -0.312500 0.000000 0.187500
v -0.312500 0.125000 0.187500
v -0.312500 0.062500 0.187500
v -0.312500 0.187500 0.187500
v -0.312500 0.250000 0.187500
v -0.312500 0.312500 0.187500
v -0.312500 0.375000 0.187500
v -0.312500 0.437500 0.187500
v -0.312500 0.500000 0.187500
v -0.312500 0.562500 0.187500
v -0.312500 0.625000 0.187500
v -0.312500 0.687500 0.187500
v -0.312500 0.750000 0.187500
v -0.312500 0.812500 0.187500
v -0.312500 0.875000 0.187500
v -0.312500 0.937500 0.187500
v -0.312500 1.000000 0.187500
v -0.312500 1.062500 0.187500
v -0.312500 1.125000 0.187500
v -0.312500 1.187500 0.187500
v -0.312500 1.250000 0.187500
v -0.312500 1.312500 0.187500
v -0.312500 1.375000 0.187500
v -0.312500 1.437500 0.187500
v -0.312500 1.500000 0.187500
v -0.312500 1.562500 0.187500
v -0.312500 1.625000 0.187500
v -0.312500 1.687500 0.187500
v -0.312500 1.750000 0.187500
v -0.312500 1.812500 0.187500
v -0.312500 1.875000 0.187500
v -0.312500 1.937500 0.187500
v -0.312500 2.000000 0.187500
v -0.312500 0.000000 0.250000
v -0.312500 0.062500 0.250000
v -0.312500 0.000000 0.312500
v -0.312500 0.062500 0.312500
v -0.312500 0.000000 0.375000
v -0.312500 0.062500 0.375000
v -0.312500 0.000000 0.437500
v -0.312500 0.062500 0.437500
v -0.312500 0.000000 0.500000
v -0.312500 0.062500 0.500000
v -0.250000 0.062500 -0.500000
v -0.250000 0.000000 -0.500000
v -0.250000 0.000000 -0.437500
v -0.250000 0.062500 -0.437500
v -0.250000 0.000000 -0.375000
v -0.250000 0.062500 -0.375000
v -0.250000 0.000000 -0.312500
v -0.250000 0.062500 -0.312500
v -0.250000 0.000000 -0.250000
v -0.250000 0.062500 -0.250000
v -0.250000 0.000000 -0.187500
v -0.250000 0.062500 -0.187500
v -0.250000 0.000000 -0.125000
v -0.250000 0.062500 -0.125000
v -0.250000 1.812500 -0.187500
v -0.250000 1.750000 -0.187500
v -0.250000 1.750000 -0.125000
v -0.250000 1.875000 -0.187500
v -0.250000 1.937500 -0.187500
v -0.250000 2.000000 -0.187500
v -0.250000 2.000000 -0.125000
v -0.250000 0.000000 -0.062500
v -0.250000 0.062500 -0.062500
v -0.250000 1.750000 -0.062500
v -0.250000 2.000000 -0.062500
v -0.250000 0.000000 0.000000
v -0.250000 0.062500 0.000000
v -0.250000 0.500000 -0.062500
v -0.250000 0.437500 -0.062500
v -0.250000 0.437500 0.000000
v -0.250000 0.500000 0.000000
v -0.250000 1.187500 -0.062500
v -0.250000 1.125000 -0.062500
v -0.250000 1.125000 0.000000
v -0.250000 1.187500 0.000000
v -0.250000 1.687500 -0.062500
v -0.250000 1.625000 -0.062500
v -0.250000 1.625000 0.000000
v -0.250000 1.687500 0.000000
v -0.250000 1.750000 0.000000
v -0.250000 2.000000 0.000000
v -0.250000 0.000000 0.062500
v -0.250000 0.062500 0.062500
v -0.250000 0.437500 0.062500
v -0.250000 0.500000 0.062500
v -0.250000 1.125000 0.062500
v -0.250000 1.187500 0.062500
v -0.250000 1.625000 0.062500
v -0.250000 1.687500 0.062500
v -0.250000 1.750000 0.062500
v -0.250000 2.000000 0.062500
v -0.250000 0.000000 0.125000
v -0.250000 0.062500 0.125000
v -0.250000 1.750000 0.125000
v -0.250000 2.000000 0.125000
v -0.250000 0.000000 0.187500
v -0.250000 0.062500 0.187500
v -0.250000 1.750000 0.187500
v -0.250000 1.812500 0.187500
v -0.250000 1.875000 0.187500
v -0.250000 1.937500 0.187500
v -0.250000 2.000000 0.187500
v -0.250000 0.000000 0.250000
v -0.250000 0.062500 0.250000
v -0.250000 0.000000 0.312500
v -0.250000 0.062500 0.312500
v -0.250000 0.000000 0.375000
v -0.250000 0.062500 0.375000
v -0.250000 0.000000 0.437500
v -0.250000 0.062500 0.437500
v -0.250000 0.000000 0.500000
v -0.250000 0.062500 0.500000
v -0.187500 0.062500 -0.500000
v -0.187500 0.000000 -0.500000
v -0.187500 0.000000 -0.437500
v -0.187500 0.062500 -0.437500
v -0.187500 0.000000 -0.375000
v -0.187500 0.062500 -0.375000
v -0.187500 0.000000 -0.312500
v -0.187500 0.062500 -0.312500
v -0.187500 0.000000 -0.250000
v -0.187500 0.062500 -0.250000
v -0.187500 0.000000 -0.187500
v -0.187500 0.062500 -0.187500
v -0.187500 0.000000 -0.125000
v -0.187500 0.062500 -0.125000
v -0.187500 1.812500 -0.187500
v -0.187500 1.750000 -0.187500
v -0.187500 1.750000 -0.125000
v -0.187500 1.875000 -0.187500
v -0.187500 1.937500 -0.187500
v -0.187500 2.000000 -0.187500
v -0.187500 2.000000 -0.125000
v -0.187500 0.000000 -0.062500
v -0.187500 0.062500 -0.062500
v -0.187500 1.750000 -0.062500
v -0.187500 2.000000 -0.062500
v -0.187500 0.000000 0.000000
v -0.250000 0.125000 0.000000
v -0.250000 0.125000 -0.062500
v -0.187500 0.125000 -0.062500
v -0.187500 0.125000 0.000000
v -0.187500 0.062500 0.000000
v -0.250000 0.187500 0.000000
v -0.250000 0.187500 -0.062500
v -0.187500 0.187500 -0.062500
v -0.187500 0.187500 0.000000
v -0.250000 0.250000 0.000000
v -0.250000 0.250000 -0.062500
v -0.187500 0.250000 -0.062500
v -0.187500 0.250000 0.000000
v -0.250000 0.312500 0.000000
v -0.250000 0.312500 -0.062500
v -0.187500 0.312500 -0.062500
v -0.187500 0.312500 0.000000
v -0.250000 0.375000 0.000000
v -0.250000 0.375000 -0.062500
v -0.187500 0.375000 -0.062500
v -0.187500 0.375000 0.000000
v -0.187500 0.437500 -0.062500
v -0.187500 0.437500 0.000000
v -0.187500 0.500000 -0.062500
v -0.250000 0.562500 0.000000
v -0.250000 0.562500 -0.062500
v -0.187500 0.562500 -0.062500
v -0.187500 0.562500 0.000000
v -0.187500 0.500000 0.000000
v -0.250000 0.625000 0.000000
v -0.250000 0.625000 -0.062500
v -0.187500 0.625000 -0.062500
v -0.187500 0.625000 0.000000
v -0.250000 0.687500 0.000000
v -0.250000 0.687500 -0.062500
v -0.187500 0.687500 -0.062500
v -0.187500 0.687500 0.000000
v -0.250000 0.750000 0.000000
v -0.250000 0.750000 -0.062500
v -0.187500 0.750000 -0.062500
v -0.187500 0.750000 0.000000
v -0.250000 0.812500 0.000000
v -0.250000 0.812500 -0.062500
v -0.187500 0.812500 -0.062500
v -0.187500 0.812500 0.000000
v -0.250000 0.875000 0.000000
v -0.250000 0.875000 -0.062500
v -0.187500 0.875000 -0.062500
v -0.187500 0.875000 0.000000
v -0.250000 0.937500 0.000000
v -0.250000 0.937500 -0.062500
v -0.187500 0.937500 -0.062500
v -0.187500 0.937500 0.000000
v -0.250000 1.000000 0.000000
v -0.250000 1.000000 -0.062500
v -0.187500 1.000000 -0.062500
v -0.187500 1.000000 0.000000
v -0.250000 1.062500 0.000000
v -0.250000 1.062500 -0.062500
v -0.187500 1.062500 -0.062500
v -0.187500 1.062500 0.000000
v -0.187500 1.125000 -0.062500
v -0.187500 1.125000 0.000000
v -0.187500 1.187500 -0.062500
v -0.250000 1.250000 0.000000
v -0.250000 1.250000 -0.062500
v -0.187500 1.250000 -0.062500
v -0.187500 1.250000 0.000000
v -0.187500 1.187500 0.000000
v -0.250000 1.312500 0.000000
v -0.250000 1.312500 -0.062500
v -0.187500 1.312500 -0.062500
v -0.187500 1.312500 0.000000
v -0.250000 1.375000 0.000000
v -0.250000 1.375000 -0.062500
v -0.187500 1.375000 -0.062500
v -0.187500 1.375000 0.000000
v -0.250000 1.437500 0.000000
v -0.250000 1.437500 -0.062500
v -0.187500 1.437500 -0.062500
v -0.187500 1.437500 0.000000
v -0.250000 1.500000 0.000000
v -0.250000 1.500000 -0.062500
v -0.187500 1.500000 -0.062500
v -0.187500 1.500000 0.000000
v -0.250000 1.562500 0.000000
v -0.250000 1.562500 -0.062500
v -0.187500 1.562500 -0.062500
v -0.187500 1.562500 0.000000
v -0.187500 1.625000 -0.062500
v -0.187500 1.625000 0.000000
v -0.187500 1.687500 -0.062500
v -0.187500 1.750000 0.000000
v -0.187500 1.687500 0.000000
v -0.187500 2.000000 0.000000
v -0.187500 0.000000 0.062500
v -0.250000 0.125000 0.062500
v -0.187500 0.125000 0.062500
v -0.187500 0.062500 0.062500
v -0.250000 0.187500 0.062500
v -0.187500 0.187500 0.062500
v -0.250000 0.250000 0.062500
v -0.187500 0.250000 0.062500
v -0.250000 0.312500 0.062500
v -0.187500 0.312500 0.062500
v -0.250000 0.375000 0.062500
v -0.187500 0.375000 0.062500
v -0.187500 0.437500 0.062500
v -0.187500 0.500000 0.062500
v -0.250000 0.562500 0.062500
v -0.187500 0.562500 0.062500
v -0.250000 0.625000 0.062500
v -0.187500 0.625000 0.062500
v -0.250000 0.687500 0.062500
v -0.187500 0.687500 0.062500
v -0.250000 0.750000 0.062500
v -0.187500 0.750000 0.062500
v -0.250000 0.812500 0.062500
v -0.187500 0.812500 0.062500
v -0.250000 0.875000 0.062500
v -0.187500 0.875000 0.062500
v -0.250000 0.937500 0.062500
v -0.187500 0.937500 0.062500
v -0.250000 1.000000 0.062500
v -0.187500 1.000000 0.062500
v -0.250000 1.062500 0.062500
v -0.187500 1.062500 0.062500
v -0.187500 1.125000 0.062500
v -0.187500 1.187500 0.062500
v -0.250000 1.250000 0.062500
v -0.187500 1.250000 0.062500
v -0.250000 1.312500 0.062500
v -0.187500 1.312500 0.062500
v -0.250000 1.375000 0.062500
v -0.187500 1.375000 0.062500
v -0.250000 1.437500 0.062500
v -0.187500 1.437500 0.062500
v -0.250000 1.500000 0.062500
v -0.187500 1.500000 0.062500
v -0.250000 1.562500 0.062500
v -0.187500 1.562500 0.062500
v -0.187500 1.625000 0.062500
v -0.187500 1.687500 0.062500
v -0.187500 1.750000 0.062500
v -0.187500 2.000000 0.062500
v -0.187500 0.000000 0.125000
v -0.187500 0.062500 0.125000
v -0.187500 1.750000 0.125000
v -0.187500 2.000000 0.125000
v -0.187500 0.000000 0.187500
v -0.187500 0.062500 0.187500
v -0.187500 1.750000 0.187500
v -0.187500 1.812500 0.187500
v -0.187500 1.875000 0.187500
v -0.187500 1.937500 0.187500
v -0.187500 2.000000 0.187500
v -0.187500 0.000000 0.250000
v -0.187500 0.062500 0.250000
v -0.187500 0.000000 0.312500
v -0.187500 0.062500 0.312500
v -0.187500 0.000000 0.375000
v -0.187500 0.062500 0.375000
v -0.187500 0.000000 0.437500
v -0.187500 0.062500 0.437500
v -0.187500 0.000000 0.500000
v -0.187500 0.062500 0.500000
v -0.125000 0.062500 -0.500000
v -0.125000 0.000000 -0.500000
v -0.125000 0.000000 -0.437500
v -0.125000 0.062500 -0.437500
v -0.125000 0.000000 -0.375000
v -0.125000 0.062500 -0.375000
v -0.125000 0.000000 -0.312500
v -0.125000 0.062500 -0.312500
v -0.125000 0.000000 -0.250000
v -0.125000 0.062500 -0.250000
v -0.125000 0.000000 -0.187500
v -0.125000 0.062500 -0.187500
v -0.125000 0.000000 -0.125000
v -0.125000 0.062500 -0.125000
v -0.125000 1.812500 -0.187500
v -0.125000 1.750000 -0.187500
v -0.125000 1.750000 -0.125000
v -0.125000 1.875000 -0.187500
v -0.125000 1.937500 -0.187500
v -0.125000 2.000000 -0.187500
v -0.125000 2.000000 -0.125000
v -0.125000 0.000000 -0.062500
v -0.125000 0.062500 -0.062500
v -0.125000 1.750000 -0.062500
v -0.125000 2.000000 -0.062500
v -0.125000 0.000000 0.000000
v -0.125000 0.062500 0.000000
v -0.125000 0.500000 -0.062500
v -0.125000 0.437500 -0.062500
v -0.125000 0.437500 0.000000
v -0.125000 0.500000 0.000000
v -0.125000 1.187500 -0.062500
v -0.125000 1.125000 -0.062500
v -0.125000 1.125000 0.000000
v -0.125000 1.187500 0.000000
v -0.125000 1.687500 -0.062500
v -0.125000 1.625000 -0.062500
v -0.125000 1.625000 0.000000
v -0.125000 1.687500 0.000000
v -0.125000 1.750000 0.000000
v -0.125000 2.000000 0.000000
v -0.125000 0.000000 0.062500
v -0.125000 0.062500 0.062500
v -0.125000 0.437500 0.062500
v -0.125000 0.500000 0.062500
v -0.125000 1.125000 0.062500
v -0.125000 1.187500 0.062500
v -0.125000 1.625000 0.062500
v -0.125000 1.687500 0.062500
v -0.125000 1.750000 0.062500
v -0.125000 2.000000 0.062500
v -0.125000 0.000000 0.125000
v -0.125000 0.062500 0.125000
v -0.125000 1.750000 0.125000
v -0.125000 2.000000 0.125000
v -0.125000 0.000000 0.187500
v -0.125000 0.062500 0.187500
v -0.125000 1.750000 0.187500
v -0.125000 1.812500 0.187500
v -0.125000 1.875000 0.187500
v -0.125000 1.937500 0.187500
v -0.125000 2.000000 0.187500
v -0.125000 0.000000 0.250000
v -0.125000 0.062500 0.250000
v -0.125000 0.000000 0.312500
v -0.125000 0.062500 0.312500
v -0.125000 0.000000 0.375000
v -0.125000 0.062500 0.375000
v -0.125000 0.000000 0.437500
v -0.125000 0.062500 0.437500
v -0.125000 0.000000 0.500000
v -0.125000 0.062500 0.500000
v -0.062500 0.062500 -0.500000
v -0.062500 0.000000 -0.500000
v -0.062500 0.000000 -0.437500
v -0.062500 0.062500 -0.437500
v -0.062500 0.000000 -0.375000
v -0.062500 0.062500 -0.375000
v -0.062500 0.000000 -0.312500
v -0.062500 0.062500 -0.312500
v -0.062500 0.000000 -0.250000
v -0.062500 0.062500 -0.250000
v -0.062500 0.000000 -0.187500
v -0.062500 0.062500 -0.187500
v -0.062500 0.000000 -0.125000
v -0.062500 0.062500 -0.125000
v -0.062500 1.812500 -0.187500
v -0.062500 1.750000 -0.187500
v -0.062500 1.750000 -0.125000
v -0.062500 1.875000 -0.187500
v -0.062500 1.937500 -0.187500
v -0.062500 2.000000 -0.187500
v -0.062500 2.000000 -0.125000
v -0.062500 0.000000 -0.062500
v -0.062500 0.062500 -0.062500
v -0.062500 1.750000 -0.062500
v -0.062500 2.000000 -0.062500
v -0.062500 0.000000 0.000000
v -0.062500 0.062500 0.000000
v -0.062500 0.500000 -0.062500
v -0.062500 0.437500 -0.062500
v -0.062500 0.437500 0.000000
v -0.062500 0.500000 0.000000
v -0.062500 1.187500 -0.062500
v -0.062500 1.125000 -0.062500
v -0.062500 1.125000 0.000000
v -0.062500 1.187500 0.000000
v -0.062500 1.687500 -0.062500
v -0.062500 1.625000 -0.062500
v -0.062500 1.625000 0.000000
v -0.062500 1.687500 0.000000
v -0.062500 1.750000 0.000000
v -0.062500 2.000000 0.000000
v -0.062500 0.000000 0.062500
v -0.062500 0.062500 0.062500
v -0.062500 0.437500 0.062500
v -0.062500 0.500000 0.062500
v -0.062500 1.125000 0.062500
v -0.062500 1.187500 0.062500
v -0.062500 1.625000 0.062500
v -0.062500 1.687500 0.062500
v -0.062500 1.750000 0.062500
v -0.062500 2.000000 0.062500
v -0.062500 0.000000 0.125000
v -0.062500 0.062500 0.125000
v -0.062500 1.750000 0.125000
v -0.062500 2.000000 0.125000
v -0.062500 0.000000 0.187500
v -0.062500 0.062500 0.187500
v -0.062500 1.750000 0.187500
v -0.062500 1.812500 0.187500
v -0.062500 1.875000 0.187500
v -0.062500 1.937500 0.187500
v -0.062500 2.000000 0.187500
v -0.062500 0.000000 0.250000
v -0.062500 0.062500 0.250000
v -0.062500 0.000000 0.312500
v -0.062500 0.062500 0.312500
v -0.062500 0.000000 0.375000
v -0.062500 0.062500 0.375000
v -0.062500 0.000000 0.437500
v -0.062500 0.062500 0.437500
v -0.062500 0.000000 0.500000
v -0.062500 0.062500 0.500000
v 0.000000 0.062500 -0.500000
v 0.000000 0.000000 -0.500000
v 0.000000 0.000000 -0.437500
v 0.000000 0.062500 -0.437500
v 0.000000 0.000000 -0.375000
v 0.000000 0.062500 -0.375000
v 0.000000 0.000000 -0.312500
v 0.000000 0.062500 -0.312500
v 0.000000 0.000000 -0.250000
v 0.000000 0.062500 -0.250000
v 0.000000 0.000000 -0.187500
v 0.000000 0.062500 -0.187500
v 0.000000 0.000000 -0.125000
v 0.000000 0.062500 -0.125000
v 0.000000 1.812500 -0.187500
v 0.000000 1.750000 -0.187500
v 0.000000 1.750000 -0.125000
v 0.000000 1.875000 -0.187500
v 0.000000 1.937500 -0.187500
v 0.000000 2.000000 -0.187500
v 0.000000 2.000000 -0.125000
v 0.000000 0.000000 -0.062500
v 0.000000 0.062500 -0.062500
v 0.000000 1.750000 -0.062500
v 0.000000 2.000000 -0.062500
v 0.000000 0.000000 0.000000
v -0.062500 0.125000 0.000000
v -0.062500 0.125000 -0.062500
v 0.000000 0.125000 -0.062500
v 0.000000 0.125000 0.000000
v 0.000000 0.062500 0.000000
v -0.062500 0.187500 0.000000
v -0.062500 0.187500 -0.062500
v 0.000000 0.187500 -0.062500
v 0.000000 0.187500 0.000000
v -0.062500 0.250000 0.000000
v -0.062500 0.250000 -0.062500
v 0.000000 0.250000 -0.062500
v 0.000000 0.250000 0.000000
v -0.062500 0.312500 0.000000
v -0.062500 0.312500 -0.062500
v 0.000000 0.312500 -0.062500
v 0.000000 0.312500 0.000000
v -0.062500 0.375000 0.000000
v -0.062500 0.375000 -0.062500
v 0.000000 0.375000 -0.062500
v 0.000000 0.375000 0.000000
v 0.000000 0.437500 -0.062500
v 0.000000 0.437500 0.000000
v 0.000000 0.500000 -0.062500
v -0.062500 0.562500 0.000000
v -0.062500 0.562500 -0.062500
v 0.000000 0.562500 -0.062500
v 0.000000 0.562500 0.000000
v 0.000000 0.500000 0.000000
v -0.062500 0.625000 0.000000
v -0.062500 0.625000 -0.062500
v 0.000000 0.625000 -0.062500
v 0.000000 0.625000 0.000000
v -0.062500 0.687500 0.000000
v -0.062500 0.687500 -0.062500
v 0.000000 0.687500 -0.062500
v 0.000000 0.687500 0.000000
v -0.062500 0.750000 0.000000
v -0.062500 0.750000 -0.062500
v 0.000000 0.750000 -0.062500
v 0.000000 0.750000 0.000000
v -0.062500 0.812500 0.000000
v -0.062500 0.812500 -0.062500
v 0.000000 0.812500 -0.062500
v 0.000000 0.812500 0.000000
v -0.062500 0.875000 0.000000
v -0.062500 0.875000 -0.062500
v 0.000000 0.875000 -0.062500
v 0.000000 0.875000 0.000000
v -0.062500 0.937500 0.000000
v -0.062500 0.937500 -0.062500
v 0.000000 0.937500 -0.062500
v 0.000000 0.937500 0.000000
v -0.062500 1.000000 0.000000
v -0.062500 1.000000 -0.062500
v 0.000000 1.000000 -0.062500
v 0.000000 1.000000 0.000000
v -0.062500 1.062500 0.000000
v -0.062500 1.062500 -0.062500
v 0.000000 1.062500 -0.062500
v 0.000000 1.062500 0.000000
v 0.000000 1.125000 -0.062500
v 0.000000 1.125000 0.000000
v 0.000000 1.187500 -0.062500
v -0.062500 1.250000 0.000000
v -0.062500 1.250000 -0.062500
v 0.000000 1.250000 -0.062500
v 0.000000 1.250000 0.000000
v 0.000000 1.187500 0.000000
v -0.062500 1.312500 0.000000
v -0.062500 1.312500 -0.062500
v 0.000000 1.312500 -0.062500
v 0.000000 1.312500 0.000000
v -0.062500 1.375000 0.000000
v -0.062500 1.375000 -0.062500
v 0.000000 1.375000 -0.062500
v 0.000000 1.375000 0.000000
v -0.062500 1.437500 0.000000
v -0.062500 1.437500 -0.062500
v 0.000000 1.437500 -0.062500
v 0.000000 1.437500 0.000000
v -0.062500 1.500000 0.000000
v -0.062500 1.500000 -0.062500
v 0.000000 1.500000 -0.062500
v 0.000000 1.500000 0.000000
v -0.062500 1.562500 0.000000
v -0.062500 1.562500 -0.062500
v 0.000000 1.562500 -0.062500
v 0.000000 1.562500 0.000000
v 0.000000 1.625000 -0.062500
v 0.000000 1.625000 0.000000
v 0.000000 1.687500 -0.062500
v 0.000000 1.750000 0.000000
v 0.000000 1.687500 0.000000
v 0.000000 2.000000 0.000000
v 0.000000 0.000000 0.062500
v -0.062500 0.125000 0.062500
v 0.000000 0.125000 0.062500
v 0.000000 0.062500 0.062500
v -0.062500 0.187500 0.062500
v 0.000000 0.187500 0.062500
v -0.062500 0.250000 0.062500
v 0.000000 0.250000 0.062500
v -0.062500 0.312500 0.062500
v 0.000000 0.312500 0.062500
v -0.062500 0.375000 0.062500
v 0.000000 0.375000 0.062500
v 0.000000 0.437500 0.062500
v 0.000000 0.500000 0.062500
v -0.062500 0.562500 0.062500
v 0.000000 0.562500 0.062500
v -0.062500 0.625000 0.062500
v 0.000000 0.625000 0.062500
v -0.062500 0.687500 0.062500
v 0.000000 0.687500 0.062500
v -0.062500 0.750000 0.062500
v 0.000000 0.750000 0.062500
v -0.062500 0.812500 0.062500
v 0.000000 0.812500 0.062500
v -0.062500 0.875000 0.062500
v 0.000000 0.875000 0.062500
v -0.062500 0.937500 0.062500
v 0.000000 0.937500 0.062500
v -0.062500 1.000000 0.062500
v 0.000000 1.000000 0.062500
v -0.062500 1.062500 0.062500
v 0.000000 1.062500 0.062500
v 0.000000 1.125000 0.062500
v 0.000000 1.187500 0.062500
v -0.062500 1.250000 0.062500
v 0.000000 1.250000 0.062500
v -0.062500 1.312500 0.062500
v 0.000000 1.312500 0.062500
v -0.062500 1.375000 0.062500
v 0.000000 1.375000 0.062500
v -0.062500 1.437500 0.062500
v 0.000000 1.437500 0.062500
v -0.062500 1.500000 0.062500
v 0.000000 1.500000 0.062500
v -0.062500 1.562500 0.062500
v 0.000000 1.562500 0.062500
v 0.000000 1.625000 0.062500
v 0.000000 1.687500 0.062500
v 0.000000 1.750000 0.062500
v 0.000000 2.000000 0.062500
v 0.000000 0.000000 0.125000
v 0.000000 0.062500 0.125000
v 0.000000 1.750000 0.125000
v 0.000000 2.000000 0.125000
v 0.000000 0.000000 0.187500
v 0.000000 0.062500 0.187500
v 0.000000 1.750000 0.187500
v 0.000000 1.812500 0.187500
v 0.000000 1.875000 0.187500
v 0.000000 1.937500 0.187500
v 0.000000 2.000000 0.187500
v 0.000000 0.000000 0.250000
v 0.000000 0.062500 0.250000
v 0.000000 0.000000 0.312500
v 0.000000 0.062500 0.312500
v 0.000000 0.000000 0.375000
v 0.000000 0.062500 0.375000
v 0.000000 0.000000 0.437500
v 0.000000 0.062500 0.437500
v 0.000000 0.000000 0.500000
v 0.000000 0.062500 0.500000
v 0.062500 0.062500 -0.500000
v 0.062500 0.000000 -0.500000
v 0.062500 0.000000 -0.437500
v 0.062500 0.062500 -0.437500
v 0.062500 0.000000 -0.375000
v 0.062500 0.062500 -0.375000
v 0.062500 0.000000 -0.312500
v 0.062500 0.062500 -0.312500
v 0.062500 0.000000 -0.250000
v 0.062500 0.062500 -0.250000
v 0.062500 0.000000 -0.187500
v 0.062500 0.062500 -0.187500
v 0.062500 0.000000 -0.125000
v 0.062500 0.062500 -0.125000
v 0.062500 1.812500 -0.187500
v 0.062500 1.750000 -0.187500
v 0.062500 1.750000 -0.125000
v 0.062500 1.875000 -0.187500
v 0.062500 1.937500 -0.187500
v 0.062500 2.000000 -0.187500
v 0.062500 2.000000 -0.125000
v 0.062500 0.000000 -0.062500
v 0.062500 0.062500 -0.062500
v 0.062500 1.750000 -0.062500
v 0.062500 2.000000 -0.062500
v 0.062500 0.000000 0.000000
v 0.062500 0.062500 0.000000
v 0.062500 0.500000 -0.062500
v 0.062500 0.437500 -0.062500
v 0.062500 0.437500 0.000000
v 0.062500 0.500000 0.000000
v 0.062500 1.187500 -0.062500
v 0.062500 1.125000 -0.062500
v 0.062500 1.125000 0.000000
v 0.062500 1.187500 0.000000
v 0.062500 1.687500 -0.062500
v 0.062500 1.625000 -0.062500
v 0.062500 1.625000 0.000000
v 0.062500 1.687500 0.000000
v 0.062500 1.750000 0.000000
v 0.062500 2.000000 0.000000
v 0.062500 0.000000 0.062500
v 0.062500 0.062500 0.062500
v 0.062500 0.437500 0.062500
v 0.062500 0.500000 0.062500
v 0.062500 1.125000 0.062500
v 0.062500 1.187500 0.062500
v 0.062500 1.625000 0.062500
v 0.062500 1.687500 0.062500
v 0.062500 1.750000 0.062500
v 0.062500 2.000000 0.062500
v 0.062500 0.000000 0.125000
v 0.062500 0.062500 0.125000
v 0.062500 1.750000 0.125000
v 0.062500 2.000000 0.125000
v 0.062500 0.000000 0.187500
v 0.062500 0.062500 0.187500
v 0.062500 1.750000 0.187500
v 0.062500 1.812500 0.187500
v 0.062500 1.875000 0.187500
v 0.062500 1.937500 0.187500
v 0.062500 2.000000 0.187500
v 0.062500 0.000000 0.250000
v 0.062500 0.062500 0.250000
v 0.062500 0.000000 0.312500
v 0.062500 0.062500 0.312500
v 0.062500 0.000000 0.375000
v 0.062500 0.062500 0.375000
v 0.062500 0.000000 0.437500
v 0.062500 0.062500 0.437500
v 0.062500 0.000000 0.500000
v 0.062500 0.062500 0.500000
v 0.125000 0.062500 -0.500000
v 0.125000 0.000000 -0.500000
v 0.125000 0.000000 -0.437500
v 0.125000 0.062500 -0.437500
v 0.125000 0.000000 -0.375000
v 0.125000 0.062500 -0.375000
v 0.125000 0.000000 -0.312500
v 0.125000 0.062500 -0.312500
v 0.125000 0.000000 -0.250000
v 0.125000 0.062500 -0.250000
v 0.125000 0.000000 -0.187500
v 0.125000 0.062500 -0.187500
v 0.125000 0.000000 -0.125000
v 0.125000 0.062500 -0.125000
v 0.125000 1.812500 -0.187500
v 0.125000 1.750000 -0.187500
v 0.125000 1.750000 -0.125000
v 0.125000 1.875000 -0.187500
v 0.125000 1.937500 -0.187500
v 0.125000 2.000000 -0.187500
v 0.125000 2.000000 -0.125000
v 0.125000 0.000000 -0.062500
v 0.125000 0.062500 -0.062500
v 0.125000 1.750000 -0.062500
v 0.125000 2.000000 -0.062500
v 0.125000 0.000000 0.000000
v 0.125000 0.062500 0.000000
v 0.125000 0.500000 -0.062500
v 0.125000 0.437500 -0.062500
v 0.125000 0.437500 0.000000
v 0.125000 0.500000 0.000000
v 0.125000 1.187500 -0.062500
v 0.125000 1.125000 -0.062500
v 0.125000 1.125000 0.000000
v 0.125000 1.187500 0.000000
v 0.125000 1.687500 -0.062500
v 0.125000 1.625000 -0.062500
v 0.125000 1.625000 0.000000
v 0.125000 1.687500 0.000000
v 0.125000 1.750000 0.000000
v 0.125000 2.000000 0.000000
v 0.125000 0.000000 0.062500
v 0.125000 0.062500 0.062500
v 0.125000 0.437500 0.062500
v 0.125000 0.500000 0.062500
v 0.125000 1.125000 0.062500
v 0.125000 1.187500 0.062500
v 0.125000 1.625000 0.062500
v 0.125000 1.687500 0.062500
v 0.125000 1.750000 0.062500
v 0.125000 2.000000 0.062500
v 0.125000 0.000000 0.125000
v 0.125000 0.062500 0.125000
v 0.125000 1.750000 0.125000
v 0.125000 2.000000 0.125000
v 0.125000 0.000000 0.187500
v 0.125000 0.062500 0.187500
v 0.125000 1.750000 0.187500
v 0.125000 1.812500 0.187500
v 0.125000 1.875000 0.187500
v 0.125000 1.937500 0.187500
v 0.125000 2.000000 0.187500
v 0.125000 0.000000 0.250000
v 0.125000 0.062500 0.250000
v 0.125000 0.000000 0.312500
v 0.125000 0.062500 0.312500
v 0.125000 0.000000 0.375000
v 0.125000 0.062500 0.375000
v 0.125000 0.000000 0.437500
v 0.125000 0.062500 0.437500
v 0.125000 0.000000 0.500000
v 0.125000 0.062500 0.500000
v 0.187500 0.062500 -0.500000
v 0.187500 0.000000 -0.500000
v 0.187500 0.000000 -0.437500
v 0.187500 0.062500 -0.437500
v 0.187500 0.000000 -0.375000
v 0.187500 0.062500 -0.375000
v 0.187500 0.000000 -0.312500
v 0.187500 0.062500 -0.312500
v 0.187500 0.000000 -0.250000
v 0.187500 0.062500 -0.250000
v 0.187500 0.000000 -0.187500
v 0.187500 0.062500 -0.187500
v 0.187500 0.000000 -0.125000
v 0.187500 0.062500 -0.125000
v 0.187500 1.812500 -0.187500
v 0.187500 1.750000 -0.187500
v 0.187500 1.750000 -0.125000
v 0.187500 1.875000 -0.187500
v 0.187500 1.937500 -0.187500
v 0.187500 2.000000 -0.187500
v 0.187500 2.000000 -0.125000
v 0.187500 0.000000 -0.062500
v 0.187500 0.062500 -0.062500
v 0.187500 1.750000 -0.062500
v 0.187500 2.000000 -0.062500
v 0.187500 0.000000 0.000000
v 0.125000 0.125000 0.000000
v 0.125000 0.125000 -0.062500
v 0.187500 0.125000 -0.062500
v 0.187500 0.125000 0.000000
v 0.187500 0.062500 0.000000
v 0.125000 0.187500 0.000000
v 0.125000 0.187500 -0.062500
v 0.187500 0.187500 -0.062500
v 0.187500 0.187500 0.000000
v 0.125000 0.250000 0.000000
v 0.125000 0.250000 -0.062500
v 0.187500 0.250000 -0.062500
v 0.187500 0.250000 0.000000
v 0.125000 0.312500 0.000000
v 0.125000 0.312500 -0.062500
v 0.187500 0.312500 -0.062500
v 0.187500 0.312500 0.000000
v 0.125000 0.375000 0.000000
v 0.125000 0.375000 -0.062500
v 0.187500 0.375000 -0.062500
v 0.187500 0.375000 0.000000
v 0.187500 0.437500 -0.062500
v 0.187500 0.437500 0.000000
v 0.187500 0.500000 -0.062500
v 0.125000 0.562500 0.000000
v 0.125000 0.562500 -0.062500
v 0.187500 0.562500 -0.062500
v 0.187500 0.562500 0.000000
v 0.187500 0.500000 0.000000
v 0.125000 0.625000 0.000000
v 0.125000 0.625000 -0.062500
v 0.187500 0.625000 -0.062500
v 0.187500 0.625000 0.000000
v 0.125000 0.687500 0.000000
v 0.125000 0.687500 -0.062500
v 0.187500 0.687500 -0.062500
v 0.187500 0.687500 0.000000
v 0.125000 0.750000 0.000000
v 0.125000 0.750000 -0.062500
v 0.187500 0.750000 -0.062500
v 0.187500 0.750000 0.000000
v 0.125000 0.812500 0.000000
v 0.125000 0.812500 -0.062500
v 0.187500 0.812500 -0.062500
v 0.187500 0.812500 0.000000
v 0.125000 0.875000 0.000000
v 0.125000 0.875000 -0.062500
v 0.187500 0.875000 -0.062500
v 0.187500 0.875000 0.000000
v 0.125000 0.937500 0.000000
v 0.125000 0.937500 -0.062500
v 0.187500 0.937500 -0.062500
v 0.187500 0.937500 0.000000
v 0.125000 1.000000 0.000000
v 0.125000 1.000000 -0.062500
v 0.187500 1.000000 -0.062500
v 0.187500 1.000000 0.000000
v 0.125000 1.062500 0.000000
v 0.125000 1.062500 -0.062500
v 0.187500 1.062500 -0.062500
v 0.187500 1.062500 0.000000
v 0.187500 1.125000 -0.062500
v 0.187500 1.125000 0.000000
v 0.187500 1.187500 -0.062500
v 0.125000 1.250000 0.000000
v 0.125000 1.250000 -0.062500
v 0.187500 1.250000 -0.062500
v 0.187500 1.250000 0.000000
v 0.187500 1.187500 0.000000
v 0.125000 1.312500 0.000000
v 0.125000 1.312500 -0.062500
v 0.187500 1.312500 -0.062500
v 0.187500 1.312500 0.000000
v 0.125000 1.375000 0.000000
v 0.125000 1.375000 -0.062500
v 0.187500 1.375000 -0.062500
v 0.187500 1.375000 0.000000
v 0.125000 1.437500 0.000000
v 0.125000 1.437500 -0.062500
v 0.187500 1.437500 -0.062500
v 0.187500 1.437500 0.000000
v 0.125000 1.500000 0.000000
v 0.125000 1.500000 -0.062500
v 0.187500 1.500000 -0.062500
v 0.187500 1.500000 0.000000
v 0.125000 1.562500 0.000000
v 0.125000 1.562500 -0.062500
v 0.187500 1.562500 -0.062500
v 0.187500 1.562500 0.000000
v 0.187500 1.625000 -0.062500
v 0.187500 1.625000 0.000000
v 0.187500 1.687500 -0.062500
v 0.187500 1.750000 0.000000
v 0.187500 1.687500 0.000000
v 0.187500 2.000000 0.000000
v 0.187500 0.000000 0.062500
v 0.125000 0.125000 0.062500
v 0.187500 0.125000 0.062500
v 0.187500 0.062500 0.062500
v 0.125000 0.187500 0.062500
v 0.187500 0.187500 0.062500
v 0.125000 0.250000 0.062500
v 0.187500 0.250000 0.062500
v 0.125000 0.312500 0.062500
v 0.187500 0.312500 0.062500
v 0.125000 0.375000 0.062500
v 0.187500 0.375000 0.062500
v 0.187500 0.437500 0.062500
v 0.187500 0.500000 0.062500
v 0.125000 0.562500 0.062500
v 0.187500 0.562500 0.062500
v 0.125000 0.625000 0.062500
v 0.187500 0.625000 0.062500
v 0.125000 0.687500 0.062500
v 0.187500 0.687500 0.062500
v 0.125000 0.750000 0.062500
v 0.187500 0.750000 0.062500
v 0.125000 0.812500 0.062500
v 0.187500 0.812500 0.062500
v 0.125000 0.875000 0.062500
v 0.187500 0.875000 0.062500
v 0.125000 0.937500 0.062500
v 0.187500 0.937500 0.062500
v 0.125000 1.000000 0.062500
v 0.187500 1.000000 0.062500
v 0.125000 1.062500 0.062500
v 0.187500 1.062500 0.062500
v 0.187500 1.125000 0.062500
v 0.187500 1.187500 0.062500
v 0.125000 1.250000 0.062500
v 0.187500 1.250000 0.062500
v 0.125000 1.312500 0.062500
v 0.187500 1.312500 0.062500
v 0.125000 1.375000 0.062500
v 0.187500 1.375000 0.062500
v 0.125000 1.437500 0.062500
v 0.187500 1.437500 0.062500
v 0.125000 1.500000 0.062500
v 0.187500 1.500000 0.062500
v 0.125000 1.562500 0.062500
v 0.187500 1.562500 0.062500
v 0.187500 1.625000 0.062500
v 0.187500 1.687500 0.062500
v 0.187500 1.750000 0.062500
v 0.187500 2.000000 0.062500
v 0.187500 0.000000 0.125000
v 0.187500 0.062500 0.125000
v 0.187500 1.750000 0.125000
v 0.187500 2.000000 0.125000
v 0.187500 0.000000 0.187500
v 0.187500 0.062500 0.187500
v 0.187500 1.750000 0.187500
v 0.187500 1.812500 0.187500
v 0.187500 1.875000 0.187500
v 0.187500 1.937500 0.187500
v 0.187500 2.000000 0.187500
v 0.187500 0.000000 0.250000
v 0.187500 0.062500 0.250000
v 0.187500 0.000000 0.312500
v 0.187500 0.062500 0.312500
v 0.187500 0.000000 0.375000
v 0.187500 0.062500 0.375000
v 0.187500 0.000000 0.437500
v 0.187500 0.062500 0.437500
v 0.187500 0.000000 0.500000
v 0.187500 0.062500 0.500000
v 0.250000 0.062500 -0.500000
v 0.250000 0.000000 -0.500000
v 0.250000 0.000000 -0.437500
v 0.250000 0.062500 -0.437500
v 0.250000 0.000000 -0.375000
v 0.250000 0.062500 -0.375000
v 0.250000 0.000000 -0.312500
v 0.250000 0.062500 -0.312500
v 0.250000 0.000000 -0.250000
v 0.250000 0.062500 -0.250000
v 0.250000 0.000000 -0.187500
v 0.250000 0.062500 -0.187500
v 0.250000 0.000000 -0.125000
v 0.250000 0.062500 -0.125000
v 0.250000 1.812500 -0.187500
v 0.250000 1.750000 -0.187500
v 0.250000 1.750000 -0.125000
v 0.250000 1.875000 -0.187500
v 0.250000 1.937500 -0.187500
v 0.250000 2.000000 -0.187500
v 0.250000 2.000000 -0.125000
v 0.250000 0.000000 -0.062500
v 0.250000 0.062500 -0.062500
v 0.250000 1.750000 -0.062500
v 0.250000 2.000000 -0.062500
v 0.250000 0.000000 0.000000
v 0.250000 0.062500 0.000000
v 0.250000 0.500000 -0.062500
v 0.250000 0.437500 -0.062500
v 0.250000 0.437500 0.000000
v 0.250000 0.500000 0.000000
v 0.250000 1.187500 -0.062500
v 0.250000 1.125000 -0.062500
v 0.250000 1.125000 0.000000
v 0.250000 1.187500 0.000000
v 0.250000 1.687500 -0.062500
v 0.250000 1.625000 -0.062500
v 0.250000 1.625000 0.000000
v 0.250000 1.687500 0.000000
v 0.250000 1.750000 0.000000
v 0.250000 2.000000 0.000000
v 0.250000 0.000000 0.062500
v 0.250000 0.062500 0.062500
v 0.250000 0.437500 0.062500
v 0.250000 0.500000 0.062500
v 0.250000 1.125000 0.062500
v 0.250000 1.187500 0.062500
v 0.250000 1.625000 0.062500
v 0.250000 1.687500 0.062500
v 0.250000 1.750000 0.062500
v 0.250000 2.000000 0.062500
v 0.250000 0.000000 0.125000
v 0.250000 0.062500 0.125000
v 0.250000 1.750000 0.125000
v 0.250000 2.000000 0.125000
v 0.250000 0.000000 0.187500
v 0.250000 0.062500 0.187500
v 0.250000 1.750000 0.187500
v 0.250000 1.812500 0.187500
v 0.250000 1.875000 0.187500
v 0.250000 1.937500 0.187500
v 0.250000 2.000000 0.187500
v 0.250000 0.000000 0.250000
v 0.250000 0.062500 0.250000
v 0.250000 0.000000 0.312500
v 0.250000 0.062500 0.312500
v 0.250000 0.000000 0.375000
v 0.250000 0.062500 0.375000
v 0.250000 0.000000 0.437500
v 0.250000 0.062500 0.437500
v 0.250000 0.000000 0.500000
v 0.250000 0.062500 0.500000
v 0.312500 0.062500 -0.500000
v 0.312500 0.000000 -0.500000
v 0.312500 0.000000 -0.437500
v 0.312500 0.062500 -0.437500
v 0.312500 0.000000 -0.375000
v 0.312500 0.062500 -0.375000
v 0.312500 0.000000 -0.312500
v 0.312500 0.062500 -0.312500
v 0.312500 0.000000 -0.250000
v 0.312500 0.062500 -0.250000
v 0.312500 0.000000 -0.187500
v 0.312500 0.062500 -0.187500
v 0.312500 0.000000 -0.125000
v 0.312500 0.062500 -0.125000
v 0.312500 1.812500 -0.187500
v 0.312500 1.750000 -0.187500
v 0.312500 1.750000 -0.125000
v 0.312500 1.875000 -0.187500
v 0.312500 1.937500 -0.187500
v 0.312500 2.000000 -0.187500
v 0.312500 2.000000 -0.125000
v 0.312500 0.000000 -0.062500
v 0.312500 0.062500 -0.062500
v 0.312500 1.750000 -0.062500
v 0.312500 2.000000 -0.062500
v 0.312500 0.000000 0.000000
v 0.312500 0.062500 0.000000
v 0.312500 0.500000 -0.062500
v 0.312500 0.437500 -0.062500
v 0.312500 0.437500 0.000000
v 0.312500 0.500000 0.000000
v 0.312500 1.187500 -0.062500
v 0.312500 1.125000 -0.062500
v 0.312500 1.125000 0.000000
v 0.312500 1.187500 0.000000
v 0.312500 1.687500 -0.062500
v 0.312500 1.625000 -0.062500
v 0.312500 1.625000 0.000000
v 0.312500 1.687500 0.000000
v 0.312500 1.750000 0.000000
v 0.312500 2.000000 0.000000
v 0.312500 0.000000 0.062500
v 0.312500 0.062500 0.062500
v 0.312500 0.437500 0.062500
v 0.312500 0.500000 0.062500
v 0.312500 1.125000 0.062500
v 0.312500 1.187500 0.062500
v 0.312500 1.625000 0.062500
v 0.312500 1.687500 0.062500
v 0.312500 1.750000 0.062500
v 0.312500 2.000000 0.062500
v 0.312500 0.000000 0.125000
v 0.312500 0.062500 0.125000
v 0.312500 1.750000 0.125000
v 0.312500 2.000000 0.125000
v 0.312500 0.000000 0.187500
v 0.312500 0.062500 0.187500
v 0.312500 1.750000 0.187500
v 0.312500 1.812500 0.187500
v 0.312500 1.875000 0.187500
v 0.312500 1.937500 0.187500
v 0.312500 2.000000 0.187500
v 0.312500 0.000000 0.250000
v 0.312500 0.062500 0.250000
v 0.312500 0.000000 0.312500
v 0.312500 0.062500 0.312500
v 0.312500 0.000000 0.375000
v 0.312500 0.062500 0.375000
v 0.312500 0.000000 0.437500
v 0.312500 0.062500 0.437500
v 0.312500 0.000000 0.500000
v 0.312500 0.062500 0.500000
v 0.375000 0.062500 -0.500000
v 0.375000 0.000000 -0.500000
v 0.375000 0.000000 -0.437500
v 0.375000 0.062500 -0.437500
v 0.375000 0.000000 -0.375000
v 0.375000 0.062500 -0.375000
v 0.375000 0.000000 -0.312500
v 0.375000 0.062500 -0.312500
v 0.375000 0.000000 -0.250000
v 0.375000 0.062500 -0.250000
v 0.375000 0.000000 -0.187500
v 0.375000 0.062500 -0.187500
v 0.375000 0.000000 -0.125000
v 0.312500 0.125000 -0.125000
v 0.312500 0.125000 -0.187500
v 0.375000 0.125000 -0.187500
v 0.312500 0.187500 -0.125000
v 0.312500 0.187500 -0.187500
v 0.375000 0.187500 -0.187500
v 0.312500 0.250000 -0.125000
v 0.312500 0.250000 -0.187500
v 0.375000 0.250000 -0.187500
v 0.312500 0.312500 -0.125000
v 0.312500 0.312500 -0.187500
v 0.375000 0.312500 -0.187500
v 0.312500 0.375000 -0.125000
v 0.312500 0.375000 -0.187500
v 0.375000 0.375000 -0.187500
v 0.312500 0.437500 -0.125000
v 0.312500 0.437500 -0.187500
v 0.375000 0.437500 -0.187500
v 0.312500 0.500000 -0.125000
v 0.312500 0.500000 -0.187500
v 0.375000 0.500000 -0.187500
v 0.312500 0.562500 -0.125000
v 0.312500 0.562500 -0.187500
v 0.375000 0.562500 -0.187500
v 0.312500 0.625000 -0.125000
v 0.312500 0.625000 -0.187500
v 0.375000 0.625000 -0.187500
v 0.312500 0.687500 -0.125000
v 0.312500 0.687500 -0.187500
v 0.375000 0.687500 -0.187500
v 0.312500 0.750000 -0.125000
v 0.312500 0.750000 -0.187500
v 0.375000 0.750000 -0.187500
v 0.312500 0.812500 -0.125000
v 0.312500 0.812500 -0.187500
v 0.375000 0.812500 -0.187500
v 0.312500 0.875000 -0.125000
v 0.312500 0.875000 -0.187500
v 0.375000 0.875000 -0.187500
v 0.312500 0.937500 -0.125000
v 0.312500 0.937500 -0.187500
v 0.375000 0.937500 -0.187500
v 0.312500 1.000000 -0.125000
v 0.312500 1.000000 -0.187500
v 0.375000 1.000000 -0.187500
v 0.312500 1.062500 -0.125000
v 0.312500 1.062500 -0.187500
v 0.375000 1.062500 -0.187500
v 0.312500 1.125000 -0.125000
v 0.312500 1.125000 -0.187500
v 0.375000 1.125000 -0.187500
v 0.312500 1.187500 -0.125000
v 0.312500 1.187500 -0.187500
v 0.375000 1.187500 -0.187500
v 0.312500 1.250000 -0.125000
v 0.312500 1.250000 -0.187500
v 0.375000 1.250000 -0.187500
v 0.312500 1.312500 -0.125000
v 0.312500 1.312500 -0.187500
v 0.375000 1.312500 -0.187500
v 0.312500 1.375000 -0.125000
v 0.312500 1.375000 -0.187500
v 0.375000 1.375000 -0.187500
v 0.312500 1.437500 -0.125000
v 0.312500 1.437500 -0.187500
v 0.375000 1.437500 -0.187500
v 0.312500 1.500000 -0.125000
v 0.312500 1.500000 -0.187500
v 0.375000 1.500000 -0.187500
v 0.312500 1.562500 -0.125000
v 0.312500 1.562500 -0.187500
v 0.375000 1.562500 -0.187500
v 0.312500 1.625000 -0.125000
v 0.312500 1.625000 -0.187500
v 0.375000 1.625000 -0.187500
v 0.312500 1.687500 -0.125000
v 0.312500 1.687500 -0.187500
v 0.375000 1.687500 -0.187500
v 0.375000 1.750000 -0.187500
v 0.375000 1.812500 -0.187500
v 0.375000 1.875000 -0.187500
v 0.375000 1.937500 -0.187500
v 0.375000 2.000000 -0.187500
v 0.375000 2.000000 -0.125000
v 0.375000 0.000000 -0.062500
v 0.312500 0.125000 -0.062500
v 0.312500 0.187500 -0.062500
v 0.312500 0.250000 -0.062500
v 0.312500 0.312500 -0.062500
v 0.312500 0.375000 -0.062500
v 0.312500 0.562500 -0.062500
v 0.312500 0.625000 -0.062500
v 0.312500 0.687500 -0.062500
v 0.312500 0.750000 -0.062500
v 0.312500 0.812500 -0.062500
v 0.312500 0.875000 -0.062500
v 0.312500 0.937500 -0.062500
v 0.312500 1.000000 -0.062500
v 0.312500 1.062500 -0.062500
v 0.312500 1.250000 -0.062500
v 0.312500 1.312500 -0.062500
v 0.312500 1.375000 -0.062500
v 0.312500 1.437500 -0.062500
v 0.312500 1.500000 -0.062500
v 0.312500 1.562500 -0.062500
v 0.375000 2.000000 -0.062500
v 0.375000 0.000000 0.000000
v 0.312500 0.125000 0.000000
v 0.312500 0.187500 0.000000
v 0.312500 0.250000 0.000000
v 0.312500 0.312500 0.000000
v 0.312500 0.375000 0.000000
v 0.312500 0.562500 0.000000
v 0.312500 0.625000 0.000000
v 0.312500 0.687500 0.000000
v 0.312500 0.750000 0.000000
v 0.312500 0.812500 0.000000
v 0.312500 0.875000 0.000000
v 0.312500 0.937500 0.000000
v 0.312500 1.000000 0.000000
v 0.312500 1.062500 0.000000
v 0.312500 1.250000 0.000000
v 0.312500 1.312500 0.000000
v 0.312500 1.375000 0.000000
v 0.312500 1.437500 0.000000
v 0.312500 1.500000 0.000000
v 0.312500 1.562500 0.000000
v 0.375000 2.000000 0.000000
v 0.375000 0.000000 0.062500
v 0.312500 0.125000 0.062500
v 0.312500 0.187500 0.062500
v 0.312500 0.250000 0.062500
v 0.312500 0.312500 0.062500
v 0.312500 0.375000 0.062500
v 0.312500 0.562500 0.062500
v 0.312500 0.625000 0.062500
v 0.312500 0.687500 0.062500
v 0.312500 0.750000 0.062500
v 0.312500 0.812500 0.062500
v 0.312500 0.875000 0.062500
v 0.312500 0.937500 0.062500
v 0.312500 1.000000 0.062500
v 0.312500 1.062500 0.062500
v 0.312500 1.250000 0.062500
v 0.312500 1.312500 0.062500
v 0.312500 1.375000 0.062500
v 0.312500 1.437500 0.062500
v 0.312500 1.500000 0.062500
v 0.312500 1.562500 0.062500
v 0.375000 2.000000 0.062500
v 0.375000 0.000000 0.125000
v 0.312500 0.125000 0.125000
v 0.312500 0.187500 0.125000
v 0.312500 0.250000 0.125000
v 0.312500 0.312500 0.125000
v 0.312500 0.375000 0.125000
v 0.312500 0.437500 0.125000
v 0.312500 0.500000 0.125000
v 0.312500 0.562500 0.125000
v 0.312500 0.625000 0.125000
v 0.312500 0.687500 0.125000
v 0.312500 0.750000 0.125000
v 0.312500 0.812500 0.125000
v 0.312500 0.875000 0.125000
v 0.312500 0.937500 0.125000
v 0.312500 1.000000 0.125000
v 0.312500 1.062500 0.125000
v 0.312500 1.125000 0.125000
v 0.312500 1.187500 0.125000
v 0.312500 1.250000 0.125000
v 0.312500 1.312500 0.125000
v 0.312500 1.375000 0.125000
v 0.312500 1.437500 0.125000
v 0.312500 1.500000 0.125000
v 0.312500 1.562500 0.125000
v 0.312500 1.625000 0.125000
v 0.312500 1.687500 0.125000
v 0.375000 2.000000 0.125000
v 0.375000 0.000000 0.187500
v 0.312500 0.125000 0.187500
v 0.375000 0.062500 0.187500
v 0.375000 0.125000 0.187500
v 0.312500 0.187500 0.187500
v 0.375000 0.187500 0.187500
v 0.312500 0.250000 0.187500
v 0.375000 0.250000 0.187500
v 0.312500 0.312500 0.187500
v 0.375000 0.312500 0.187500
v 0.312500 0.375000 0.187500
v 0.375000 0.375000 0.187500
v 0.312500 0.437500 0.187500
v 0.375000 0.437500 0.187500
v 0.312500 0.500000 0.187500
v 0.375000 0.500000 0.187500
v 0.312500 0.562500 0.187500
v 0.375000 0.562500 0.187500
v 0.312500 0.625000 0.187500
v 0.375000 0.625000 0.187500
v 0.312500 0.687500 0.187500
v 0.375000 0.687500 0.187500
v 0.312500 0.750000 0.187500
v 0.375000 0.750000 0.187500
v 0.312500 0.812500 0.187500
v 0.375000 0.812500 0.187500
v 0.312500 0.875000 0.187500
v 0.375000 0.875000 0.187500
v 0.312500 0.937500 0.187500
v 0.375000 0.937500 0.187500
v 0.312500 1.000000 0.187500
v 0.375000 1.000000 0.187500
v 0.312500 1.062500 0.187500
v 0.375000 1.062500 0.187500
v 0.312500 1.125000 0.187500
v 0.375000 1.125000 0.187500
v 0.312500 1.187500 0.187500
v 0.375000 1.187500 0.187500
v 0.312500 1.250000 0.187500
v 0.375000 1.250000 0.187500
v 0.312500 1.312500 0.187500
v 0.375000 1.312500 0.187500
v 0.312500 1.375000 0.187500
v 0.375000 1.375000 0.187500
v 0.312500 1.437500 0.187500
v 0.375000 1.437500 0.187500
v 0.312500 1.500000 0.187500
v 0.375000 1.500000 0.187500
v 0.312500 1.562500 0.187500
v 0.375000 1.562500 0.187500
v 0.312500 1.625000 0.187500
v 0.375000 1.625000 0.187500
v 0.312500 1.687500 0.187500
v 0.375000 1.687500 0.187500
v 0.375000 1.750000 0.187500
v 0.375000 1.812500 0.187500
v 0.375000 1.875000 0.187500
v 0.375000 1.937500 0.187500
v 0.375000 2.000000 0.187500
v 0.375000 0.000000 0.250000
v 0.375000 0.062500 0.250000
v 0.375000 0.000000 0.312500
v 0.375000 0.062500 0.312500
v 0.375000 0.000000 0.375000
v 0.375000 0.062500 0.375000
v 0.375000 0.000000 0.437500
v 0.375000 0.062500 0.437500
v 0.375000 0.000000 0.500000
v 0.375000 0.062500 0.500000
v 0.437500 0.062500 -0.500000
v 0.437500 0.000000 -0.500000
v 0.437500 0.000000 -0.437500
v 0.437500 0.062500 -0.437500
v 0.437500 0.000000 -0.375000
v 0.437500 0.062500 -0.375000
v 0.437500 0.000000 -0.312500
v 0.437500 0.062500 -0.312500
v 0.437500 0.000000 -0.250000
v 0.437500 0.062500 -0.250000
v 0.437500 0.000000 -0.187500
v 0.437500 0.062500 -0.187500
v 0.437500 0.000000 -0.125000
v 0.437500 0.125000 -0.187500
v 0.437500 0.187500 -0.187500
v 0.437500 0.250000 -0.187500
v 0.437500 0.312500 -0.187500
v 0.437500 0.375000 -0.187500
v 0.437500 0.437500 -0.187500
v 0.437500 0.500000 -0.187500
v 0.437500 0.562500 -0.187500
v 0.437500 0.625000 -0.187500
v 0.437500 0.687500 -0.187500
v 0.437500 0.750000 -0.187500
v 0.437500 0.812500 -0.187500
v 0.437500 0.875000 -0.187500
v 0.437500 0.937500 -0.187500
v 0.437500 1.000000 -0.187500
v 0.437500 1.062500 -0.187500
v 0.437500 1.125000 -0.187500
v 0.437500 1.187500 -0.187500
v 0.437500 1.250000 -0.187500
v 0.437500 1.312500 -0.187500
v 0.437500 1.375000 -0.187500
v 0.437500 1.437500 -0.187500
v 0.437500 1.500000 -0.187500
v 0.437500 1.562500 -0.187500
v 0.437500 1.625000 -0.187500
v 0.437500 1.687500 -0.187500
v 0.437500 1.750000 -0.187500
v 0.437500 1.812500 -0.187500
v 0.437500 1.875000 -0.187500
v 0.437500 1.937500 -0.187500
v 0.437500 2.000000 -0.187500
v 0.437500 2.000000 -0.125000
v 0.437500 0.000000 -0.062500
v 0.437500 2.000000 -0.062500
v 0.437500 0.000000 0.000000
v 0.437500 2.000000 0.000000
v 0.437500 0.000000 0.062500
v 0.437500 2.000000 0.062500
v 0.437500 0.000000 0.125000
v 0.437500 2.000000 0.125000
v 0.437500 0.000000 0.187500
v 0.437500 0.062500 0.187500
v 0.437500 0.125000 0.187500
v 0.437500 0.187500 0.187500
v 0.437500 0.250000 0.187500
v 0.437500 0.312500 0.187500
v 0.437500 0.375000 0.187500
v 0.437500 0.437500 0.187500
v 0.437500 0.500000 0.187500
v 0.437500 0.562500 0.187500
v 0.437500 0.625000 0.187500
v 0.437500 0.687500 0.187500
v 0.437500 0.750000 0.187500
v 0.437500 0.812500 0.187500
v 0.437500 0.875000 0.187500
v 0.437500 0.937500 0.187500
v 0.437500 1.000000 0.187500
v 0.437500 1.062500 0.187500
v 0.437500 1.125000 0.187500
v 0.437500 1.187500 0.187500
v 0.437500 1.250000 0.187500
v 0.437500 1.312500 0.187500
v 0.437500 1.375000 0.187500
v 0.437500 1.437500 0.187500
v 0.437500 1.500000 0.187500
v 0.437500 1.562500 0.187500
v 0.437500 1.625000 0.187500
v 0.437500 1.687500 0.187500
v 0.437500 1.750000 0.187500
v 0.437500 1.812500 0.187500
v 0.437500 1.875000 0.187500
v 0.437500 1.937500 0.187500
v 0.437500 2.000000 0.187500
v 0.437500 0.000000 0.250000
v 0.437500 0.062500 0.250000
v 0.437500 0.000000 0.312500
v 0.437500 0.062500 0.312500
v 0.437500 0.000000 0.375000
v 0.437500 0.062500 0.375000
v 0.437500 0.000000 0.437500
v 0.437500 0.062500 0.437500
v 0.437500 0.000000 0.500000
v 0.437500 0.062500 0.500000
v 0.500000 0.062500 -0.500000
v 0.500000 0.062500 -0.437500
v 0.500000 0.000000 -0.437500
v 0.500000 0.000000 -0.500000
v 0.500000 0.062500 -0.375000
v 0.500000 0.000000 -0.375000
v 0.500000 0.062500 -0.312500
v 0.500000 0.000000 -0.312500
v 0.500000 0.062500 -0.250000
v 0.500000 0.000000 -0.250000
v 0.500000 0.062500 -0.187500
v 0.500000 0.000000 -0.187500
v 0.500000 0.062500 -0.125000
v 0.500000 0.000000 -0.125000
v 0.500000 0.125000 -0.187500
v 0.500000 0.125000 -0.125000
v 0.500000 0.187500 -0.187500
v 0.500000 0.187500 -0.125000
v 0.500000 0.250000 -0.187500
v 0.500000 0.250000 -0.125000
v 0.500000 0.312500 -0.187500
v 0.500000 0.312500 -0.125000
v 0.500000 0.375000 -0.187500
v 0.500000 0.375000 -0.125000
v 0.500000 0.437500 -0.187500
v 0.500000 0.437500 -0.125000
v 0.500000 0.500000 -0.187500
v 0.500000 0.500000 -0.125000
v 0.500000 0.562500 -0.187500
v 0.500000 0.562500 -0.125000
v 0.500000 0.625000 -0.187500
v 0.500000 0.625000 -0.125000
v 0.500000 0.687500 -0.187500
v 0.500000 0.687500 -0.125000
v 0.500000 0.750000 -0.187500
v 0.500000 0.750000 -0.125000
v 0.500000 0.812500 -0.187500
v 0.500000 0.812500 -0.125000
v 0.500000 0.875000 -0.187500
v 0.500000 0.875000 -0.125000
v 0.500000 0.937500 -0.187500
v 0.500000 0.937500 -0.125000
v 0.500000 1.000000 -0.187500
v 0.500000 1.000000 -0.125000
v 0.500000 1.062500 -0.187500
v 0.500000 1.062500 -0.125000
v 0.500000 1.125000 -0.187500
v 0.500000 1.125000 -0.125000
v 0.500000 1.187500 -0.187500
v 0.500000 1.187500 -0.125000
v 0.500000 1.250000 -0.187500
v 0.500000 1.250000 -0.125000
v 0.500000 1.312500 -0.187500
v 0.500000 1.312500 -0.125000
v 0.500000 1.375000 -0.187500
v 0.500000 1.375000 -0.125000
v 0.500000 1.437500 -0.187500
v 0.500000 1.437500 -0.125000
v 0.500000 1.500000 -0.187500
v 0.500000 1.500000 -0.125000
v 0.500000 1.562500 -0.187500
v 0.500000 1.562500 -0.125000
v 0.500000 1.625000 -0.187500
v 0.500000 1.625000 -0.125000
v 0.500000 1.687500 -0.187500
v 0.500000 1.687500 -0.125000
v 0.500000 1.750000 -0.187500
v 0.500000 1.750000 -0.125000
v 0.500000 1.812500 -0.187500
v 0.500000 1.812500 -0.125000
v 0.500000 1.875000 -0.187500
v 0.500000 1.875000 -0.125000
v 0.500000 1.937500 -0.187500
v 0.500000 1.937500 -0.125000
v 0.500000 2.000000 -0.187500
v 0.500000 2.000000 -0.125000
v 0.500000 0.062500 -0.062500
v 0.500000 0.000000 -0.062500
v 0.500000 0.125000 -0.062500
v 0.500000 0.187500 -0.062500
v 0.500000 0.250000 -0.062500
v 0.500000 0.312500 -0.062500
v 0.500000 0.375000 -0.062500
v 0.500000 0.437500 -0.062500
v 0.500000 0.500000 -0.062500
v 0.500000 0.562500 -0.062500
v 0.500000 0.625000 -0.062500
v 0.500000 0.687500 -0.062500
v 0.500000 0.750000 -0.062500
v 0.500000 0.812500 -0.062500
v 0.500000 0.875000 -0.062500
v 0.500000 0.937500 -0.062500
v 0.500000 1.000000 -0.062500
v 0.500000 1.062500 -0.062500
v 0.500000 1.125000 -0.062500
v 0.500000 1.187500 -0.062500
v 0.500000 1.250000 -0.062500
v 0.500000 1.312500 -0.062500
v 0.500000 1.375000 -0.062500
v 0.500000 1.437500 -0.062500
v 0.500000 1.500000 -0.062500
v 0.500000 1.562500 -0.062500
v 0.500000 1.625000 -0.062500
v 0.500000 1.687500 -0.062500
v 0.500000 1.750000 -0.062500
v 0.500000 1.812500 -0.062500
v 0.500000 1.875000 -0.062500
v 0.500000 1.937500 -0.062500
v 0.500000 2.000000 -0.062500
v 0.500000 0.062500 0.000000
v 0.500000 0.000000 0.000000
v 0.500000 0.125000 0.000000
v 0.500000 0.187500 0.000000
v 0.500000 0.250000 0.000000
v 0.500000 0.312500 0.000000
v 0.500000 0.375000 0.000000
v 0.500000 0.437500 0.000000
v 0.500000 0.500000 0.000000
v 0.500000 0.562500 0.000000
v 0.500000 0.625000 0.000000
v 0.500000 0.687500 0.000000
v 0.500000 0.750000 0.000000
v 0.500000 0.812500 0.000000
v 0.500000 0.875000 0.000000
v 0.500000 0.937500 0.000000
v 0.500000 1.000000 0.000000
v 0.500000 1.062500 0.000000
v 0.500000 1.125000 0.000000
v 0.500000 1.187500 0.000000
v 0.500000 1.250000 0.000000
v 0.500000 1.312500 0.000000
v 0.500000 1.375000 0.000000
v 0.500000 1.437500 0.000000
v 0.500000 1.500000 0.000000
v 0.500000 1.562500 0.000000
v 0.500000 1.625000 0.000000
v 0.500000 1.687500 0.000000
v 0.500000 1.750000 0.000000
v 0.500000 1.812500 0.000000
v 0.500000 1.875000 0.000000
v 0.500000 1.937500 0.000000
v 0.500000 2.000000 0.000000
v 0.500000 0.062500 0.062500
v 0.500000 0.000000 0.062500
v 0.500000 0.125000 0.062500
v 0.500000 0.187500 0.062500
v 0.500000 0.250000 0.062500
v 0.500000 0.312500 0.062500
v 0.500000 0.375000 0.062500
v 0.500000 0.437500 0.062500
v 0.500000 0.500000 0.062500
v 0.500000 0.562500 0.062500
v 0.500000 0.625000 0.062500
v 0.500000 0.687500 0.062500
v 0.500000 0.750000 0.062500
v 0.500000 0.812500 0.062500
v 0.500000 0.875000 0.062500
v 0.500000 0.937500 0.062500
v 0.500000 1.000000 0.062500
v 0.500000 1.062500 0.062500
v 0.500000 1.125000 0.062500
v 0.500000 1.187500 0.062500
v 0.500000 1.250000 0.062500
v 0.500000 1.312500 0.062500
v 0.500000 1.375000 0.062500
v 0.500000 1.437500 0.062500
v 0.500000 1.500000 0.062500
v 0.500000 1.562500 0.062500
v 0.500000 1.625000 0.062500
v 0.500000 1.687500 0.062500
v 0.500000 1.750000 0.062500
v 0.500000 1.812500 0.062500
v 0.500000 1.875000 0.062500
v 0.500000 1.937500 0.062500
v 0.500000 2.000000 0.062500
v 0.500000 0.062500 0.125000
v 0.500000 0.000000 0.125000
v 0.500000 0.125000 0.125000
v 0.500000 0.187500 0.125000
v 0.500000 0.250000 0.125000
v 0.500000 0.312500 0.125000
v 0.500000 0.375000 0.125000
v 0.500000 0.437500 0.125000
v 0.500000 0.500000 0.125000
v 0.500000 0.562500 0.125000
v 0.500000 0.625000 0.125000
v 0.500000 0.687500 0.125000
v 0.500000 0.750000 0.125000
v 0.500000 0.812500 0.125000
v 0.500000 0.875000 0.125000
v 0.500000 0.937500 0.125000
v 0.500000 1.000000 0.125000
v 0.500000 1.062500 0.125000
v 0.500000 1.125000 0.125000
v 0.500000 1.187500 0.125000
v 0.500000 1.250000 0.125000
v 0.500000 1.312500 0.125000
v 0.500000 1.375000 0.125000
v 0.500000 1.437500 0.125000
v 0.500000 1.500000 0.125000
v 0.500000 1.562500 0.125000
v 0.500000 1.625000 0.125000
v 0.500000 1.687500 0.125000
v 0.500000 1.750000 0.125000
v 0.500000 1.812500 0.125000
v 0.500000 1.875000 0.125000
v 0.500000 1.937500 0.125000
v 0.500000 2.000000 0.125000
v 0.500000 0.062500 0.187500
v 0.500000 0.000000 0.187500
v 0.500000 0.125000 0.187500
v 0.500000 0.187500 0.187500
v 0.500000 0.250000 0.187500
v 0.500000 0.312500 0.187500
v 0.500000 0.375000 0.187500
v 0.500000 0.437500 0.187500
v 0.500000 0.500000 0.187500
v 0.500000 0.562500 0.187500
v 0.500000 0.625000 0.187500
v 0.500000 0.687500 0.187500
v 0.500000 0.750000 0.187500
v 0.500000 0.812500 0.187500
v 0.500000 0.875000 0.187500
v 0.500000 0.937500 0.187500
v 0.500000 1.000000 0.187500
v 0.500000 1.062500 0.187500
v 0.500000 1.125000 0.187500
v 0.500000 1.187500 0.187500
v 0.500000 1.250000 0.187500
v 0.500000 1.312500 0.187500
v 0.500000 1.375000 0.187500
v 0.500000 1.437500 0.187500
v 0.500000 1.500000 0.187500
v 0.500000 1.562500 0.187500
v 0.500000 1.625000 0.187500
v 0.500000 1.687500 0.187500
v 0.500000 1.750000 0.187500
v 0.500000 1.812500 0.187500
v 0.500000 1.875000 0.187500
v 0.500000 1.937500 0.187500
v 0.500000 2.000000 0.187500
v 0.500000 0.062500 0.250000
v 0.500000 0.000000 0.250000
v 0.500000 0.062500 0.312500
v 0.500000 0.000000 0.312500
v 0.500000 0.062500 0.375000
v 0.500000 0.000000 0.375000
v 0.500000 0.062500 0.437500
v 0.500000 0.000000 0.437500
v 0.500000 0.062500 0.500000
v 0.500000 0.000000 0.500000
vt 0.03125000 0.96875000
vt 0.09375000 0.96875000
vt 0.15625000 0.96875000
vt 0.21875000 0.96875000
vt 0.28125000 0.96875000
vt 0.34375000 0.96875000
vt 0.40625000 0.96875000
vt 0.46875000 0.96875000
vt 0.53125000 0.96875000
vt 0.59375000 0.96875000
vt 0.65625000 0.96875000
vt 0.71875000 0.96875000
vt 0.78125000 0.96875000
vt 0.84375000 0.96875000
vt 0.90625000 0.96875000
vt 0.96875000 0.96875000
vt 0.03125000 0.90625000
vt 0.09375000 0.90625000
vt 0.15625000 0.90625000
vt 0.21875000 0.90625000
vt 0.28125000 0.90625000
vt 0.34375000 0.90625000
vt 0.40625000 0.90625000
vt 0.46875000 0.90625000
vt 0.53125000 0.90625000
vt 0.59375000 0.90625000
vt 0.65625000 0.90625000
vt 0.71875000 0.90625000
vt 0.78125000 0.90625000
vt 0.84375000 0.90625000
vt 0.90625000 0.90625000
vt 0.96875000 0.90625000
vt 0.03125000 0.84375000
vt 0.09375000 0.84375000
vt 0.15625000 0.84375000
vt 0.21875000 0.84375000
vt 0.28125000 0.84375000
vt 0.34375000 0.84375000
vt 0.40625000 0.84375000
vt 0.46875000 0.84375000
vt 0.53125000 0.84375000
vt 0.59375000 0.84375000
vt 0.65625000 0.84375000
vt 0.71875000 0.84375000
vt 0.78125000 0.84375000
vt 0.84375000 0.84375000
vt 0.90625000 0.84375000
vt 0.96875000 0.84375000
vt 0.03125000 0.78125000
vt 0.09375000 0.78125000
vt 0.15625000 0.78125000
vt 0.21875000 0.78125000
vt 0.28125000 0.78125000
vt 0.34375000 0.78125000
vt 0.40625000 0.78125000
vt 0.46875000 0.78125000
vt 0.53125000 0.78125000
vt 0.59375000 0.78125000
vt 0.65625000 0.78125000
vt 0.71875000 0.78125000
vt 0.78125000 0.78125000
vt 0.84375000 0.78125000
vt 0.90625000 0.78125000
vt 0.96875000 0.78125000
vt 0.03125000 0.71875000
vt 0.09375000 0.71875000
vt 0.15625000 0.71875000
vt 0.21875000 0.71875000
vt 0.28125000 0.71875000
vt 0.34375000 0.71875000
vt 0.40625000 0.71875000
vt 0.46875000 0.71875000
vt 0.53125000 0.71875000
vt 0.59375000 0.71875000
vt 0.65625000 0.71875000
vt 0.71875000 0.71875000
vt 0.78125000 0.71875000
vt 0.84375000 0.71875000
vt 0.90625000 0.71875000
vt 0.96875000 0.71875000
vt 0.03125000 0.65625000
vt 0.09375000 0.65625000
vt 0.15625000 0.65625000
vt 0.21875000 0.65625000
vt 0.28125000 0.65625000
vt 0.34375000 0.65625000
vt 0.40625000 0.65625000
vt 0.46875000 0.65625000
vt 0.53125000 0.65625000
vt 0.59375000 0.65625000
vt 0.65625000 0.65625000
vt 0.71875000 0.65625000
vt 0.78125000 0.65625000
vt 0.84375000 0.65625000
vt 0.90625000 0.65625000
vt 0.96875000 0.65625000
vt 0.03125000 0.59375000
vt 0.09375000 0.59375000
vt 0.15625000 0.59375000
vt 0.21875000 0.59375000
vt 0.28125000 0.59375000
vt 0.34375000 0.59375000
vt 0.40625000 0.59375000
vt 0.46875000 0.59375000
vt 0.53125000 0.59375000
vt 0.59375000 0.59375000
vt 0.65625000 0.59375000
vt 0.71875000 0.59375000
vt 0.78125000 0.59375000
vt 0.84375000 0.59375000
vt 0.90625000 0.59375000
vt 0.96875000 0.59375000
vt 0.03125000 0.53125000
vt 0.09375000 0.53125000
vt 0.15625000 0.53125000
vt 0.21875000 0.53125000
vt 0.28125000 0.53125000
vt 0.34375000 0.53125000
vt 0.40625000 0.53125000
vt 0.46875000 0.53125000
vt 0.53125000 0.53125000
vt 0.59375000 0.53125000
vt 0.65625000 0.53125000
vt 0.71875000 0.53125000
vt 0.78125000 0.53125000
vt 0.84375000 0.53125000
vt 0.90625000 0.53125000
vt 0.96875000 0.53125000
vt 0.03125000 0.46875000
vt 0.09375000 0.46875000
vt 0.15625000 0.46875000
vt 0.21875000 0.46875000
vt 0.28125000 0.46875000
vt 0.34375000 0.46875000
vt 0.40625000 0.46875000
vt 0.46875000 0.46875000
vt 0.53125000 0.46875000
vt 0.59375000 0.46875000
vt 0.65625000 0.46875000
vt 0.71875000 0.46875000
vt 0.78125000 0.46875000
vt 0.84375000 0.46875000
vt 0.90625000 0.46875000
vt 0.96875000 0.46875000
vt 0.03125000 0.40625000
vt 0.09375000 0.40625000
vt 0.15625000 0.40625000
vt 0.21875000 0.40625000
vt 0.28125000 0.40625000
vt 0.34375000 0.40625000
vt 0.40625000 0.40625000
vt 0.46875000 0.40625000
vt 0.53125000 0.40625000
vt 0.59375000 0.40625000
vt 0.65625000 0.40625000
vt 0.71875000 0.40625000
vt 0.78125000 0.40625000
vt 0.84375000 0.40625000
vt 0.90625000 0.40625000
vt 0.96875000 0.40625000
vt 0.03125000 0.34375000
vt 0.09375000 0.34375000
vt 0.15625000 0.34375000
vt 0.21875000 0.34375000
vt 0.28125000 0.34375000
vt 0.34375000 0.34375000
vt 0.40625000 0.34375000
vt 0.46875000 0.34375000
vt 0.53125000 0.34375000
vt 0.59375000 0.34375000
vt 0.65625000 0.34375000
vt 0.71875000 0.34375000
vt 0.78125000 0.34375000
vt 0.84375000 0.34375000
vt 0.90625000 0.34375000
vt 0.96875000 0.34375000
vt 0.03125000 0.28125000
vt 0.09375000 0.28125000
vt 0.15625000 0.28125000
vt 0.21875000 0.28125000
vt 0.28125000 0.28125000
vt 0.34375000 0.28125000
vt 0.40625000 0.28125000
vt 0.46875000 0.28125000
vt 0.53125000 0.28125000
vt 0.59375000 0.28125000
vt 0.65625000 0.28125000
vt 0.71875000 0.28125000
vt 0.78125000 0.28125000
vt 0.84375000 0.28125000
vt 0.90625000 0.28125000
vt 0.96875000 0.28125000
vt 0.03125000 0.21875000
vt 0.09375000 0.21875000
vt 0.15625000 0.21875000
vt 0.21875000 0.21875000
vt 0.28125000 0.21875000
vt 0.34375000 0.21875000
vt 0.40625000 0.21875000
vt 0.46875000 0.21875000
vt 0.53125000 0.21875000
vt 0.59375000 0.21875000
vt 0.65625000 0.21875000
vt 0.71875000 0.21875000
vt 0.78125000 0.21875000
vt 0.84375000 0.21875000
vt 0.90625000 0.21875000
vt 0.96875000 0.21875000
vt 0.03125000 0.15625000
vt 0.09375000 0.15625000
vt 0.15625000 0.15625000
vt 0.21875000 0.15625000
vt 0.28125000 0.15625000
vt 0.34375000 0.15625000
vt 0.40625000 0.15625000
vt 0.46875000 0.15625000
vt 0.53125000 0.15625000
vt 0.59375000 0.15625000
vt 0.65625000 0.15625000
vt 0.71875000 0.15625000
vt 0.78125000 0.15625000
vt 0.84375000 0.15625000
vt 0.90625000 0.15625000
vt 0.96875000 0.15625000
vt 0.03125000 0.09375000
vt 0.09375000 0.09375000
vt 0.15625000 0.09375000
vt 0.21875000 0.09375000
vt 0.28125000 0.09375000
vt 0.34375000 0.09375000
vt 0.40625000 0.09375000
vt 0.46875000 0.09375000
vt 0.53125000 0.09375000
vt 0.59375000 0.09375000
vt 0.65625000 0.09375000
vt 0.71875000 0.09375000
vt 0.78125000 0.09375000
vt 0.84375000 0.09375000
vt 0.90625000 0.09375000
vt 0.96875000 0.09375000
vt 0.03125000 0.03125000
vt 0.09375000 0.03125000
vt 0.15625000 0.03125000
vt 0.21875000 0.03125000
vt 0.28125000 0.03125000
vt 0.34375000 0.03125000
vt 0.40625000 0.03125000
vt 0.46875000 0.03125000
vt 0.53125000 0.03125000
vt 0.59375000 0.03125000
vt 0.65625000 0.03125000
vt 0.71875000 0.03125000
vt 0.78125000 0.03125000
vt 0.84375000 0.03125000
vt 0.90625000 0.03125000
vt 0.96875000 0.03125000
vn -1 0 0
vn 1 0 0
vn 0 0 -1
vn 0 0 1
vn 0 -1 0
vn 0 1 0
g palette
usemtl palette
f 1/4/1 2/4/1 3/4/1 4/4/1
f 3/4/3 5/4/3 6/4/3 4/4/3
f 6/4/5 7/4/5 1/4/5 4/4/5
f 2/4/6 8/4/6 5/4/6 3/4/6
f 9/4/1 10/4/1 2/4/1 1/4/1
f 7/4/5 11/4/5 9/4/5 1/4/5
f 10/4/6 12/4/6 8/4/6 2/4/6
f 13/4/1 14/4/1 10/4/1 9/4/1
f 11/4/5 15/4/5 13/4/5 9/4/5
f 14/4/6 16/4/6 12/4/6 10/4/6
f 17/4/1 18/4/1 14/4/1 13/4/1
f 15/4/5 19/4/5 17/4/5 13/4/5
f 18/4/6 20/4/6 16/4/6 14/4/6
f 21/4/1 22/4/1 18/4/1 17/4/1
f 19/4/5 23/4/5 21/4/5 17/4/5
f 22/4/6 24/4/6 20/4/6 18/4/6
f 25/4/1 26/4/1 22/4/1 21/4/1
f 23/4/5 27/4/5 25/4/5 21/4/5
f 26/4/1 28/4/1 29/4/1 22/4/1
f 29/4/3 30/4/3 24/4/3 22/4/3
f 28/4/1 31/4/1 32/4/1 29/4/1
f 32/4/3 33/4/3 30/4/3 29/4/3
f 31/4/1 34/4/1 35/4/1 32/4/1
f 35/4/3 36/4/3 33/4/3 32/4/3
f 34/4/1 37/4/1 38/4/1 35/4/1
f 38/4/3 39/4/3 36/4/3 35/4/3
f 37/4/1 40/4/1 41/4/1 38/4/1
f 41/4/3 42/4/3 39/4/3 38/4/3
f 40/4/1 43/4/1 44/4/1 41/4/1
f 44/4/3 45/4/3 42/4/3 41/4/3
f 43/4/1 46/4/1 47/4/1 44/4/1
f 47/4/3 48/4/3 45/4/3 44/4/3
f 46/4/1 49/4/1 50/4/1 47/4/1
f 50/4/3 51/4/3 48/4/3 47/4/3
f 49/4/1 52/4/1 53/4/1 50/4/1
f 53/4/3 54/4/3 51/4/3 50/4/3
f 52/4/1 55/4/1 56/4/1 53/4/1
f 56/4/3 57/4/3 54/4/3 53/4/3
f 55/4/1 58/4/1 59/4/1 56/4/1
f 59/4/3 60/4/3 57/4/3 56/4/3
f 58/4/1 61/4/1 62/4/1 59/4/1
f 62/4/3 63/4/3 60/4/3 59/4/3
f 61/4/1 64/4/1 65/4/1 62/4/1
f 65/4/3 66/4/3 63/4/3 62/4/3
f 64/4/1 67/4/1 68/4/1 65/4/1
f 68/4/3 69/4/3 66/4/3 65/4/3
f 67/4/1 70/4/1 71/4/1 68/4/1
f 71/4/3 72/4/3 69/4/3 68/4/3
f 70/4/1 73/4/1 74/4/1 71/4/1
f 74/4/3 75/4/3 72/4/3 71/4/3
f 73/4/1 76/4/1 77/4/1 74/4/1
f 77/4/3 78/4/3 75/4/3 74/4/3
f 76/4/1 79/4/1 80/4/1 77/4/1
f 80/4/3 81/4/3 78/4/3 77/4/3
f 79/4/1 82/4/1 83/4/1 80/4/1
f 83/4/3 84/4/3 81/4/3 80/4/3
f 82/4/1 85/4/1 86/4/1 83/4/1
f 86/4/3 87/4/3 84/4/3 83/4/3
f 85/4/1 88/4/1 89/4/1 86/4/1
f 89/4/3 90/4/3 87/4/3 86/4/3
f 88/4/1 91/4/1 92/4/1 89/4/1
f 92/4/3 93/4/3 90/4/3 89/4/3
f 91/4/1 94/4/1 95/4/1 92/4/1
f 95/4/3 96/4/3 93/4/3 92/4/3
f 94/4/1 97/4/1 98/4/1 95/4/1
f 98/4/3 99/4/3 96/4/3 95/4/3
f 97/4/1 100/4/1 101/4/1 98/4/1
f 101/4/3 102/4/3 99/4/3 98/4/3
f 100/4/1 103/4/1 104/4/1 101/4/1
f 104/4/3 105/4/3 102/4/3 101/4/3
f 103/4/1 106/4/1 107/4/1 104/4/1
f 107/4/3 108/4/3 105/4/3 104/4/3
f 106/5/1 109/5/1 110/5/1 107/5/1
f 110/5/3 111/5/3 108/5/3 107/5/3
f 109/5/1 112/5/1 113/5/1 110/5/1
f 113/5/3 114/5/3 111/5/3 110/5/3
f 112/5/1 115/5/1 116/5/1 113/5/1
f 116/5/3 117/5/3 114/5/3 113/5/3
f 115/5/1 118/5/1 119/5/1 116/5/1
f 119/5/3 120/5/3 117/5/3 116/5/3
f 118/5/6 121/5/6 120/5/6 119/5/6
f 122/4/1 123/4/1 26/4/1 25/4/1
f 27/4/5 124/4/5 122/4/5 25/4/5
f 123/4/1 125/4/1 28/4/1 26/4/1
f 125/4/1 126/4/1 31/4/1 28/4/1
f 126/4/1 127/4/1 34/4/1 31/4/1
f 127/4/1 128/4/1 37/4/1 34/4/1
f 128/4/1 129/4/1 40/4/1 37/4/1
f 129/4/1 130/4/1 43/4/1 40/4/1
f 130/4/1 131/4/1 46/4/1 43/4/1
f 131/4/1 132/4/1 49/4/1 46/4/1
f 132/4/1 133/4/1 52/4/1 49/4/1
f 133/4/1 134/4/1 55/4/1 52/4/1
f 134/4/1 135/4/1 58/4/1 55/4/1
f 135/4/1 136/4/1 61/4/1 58/4/1
f 136/4/1 137/4/1 64/4/1 61/4/1
f 137/4/1 138/4/1 67/4/1 64/4/1
f 138/4/1 139/4/1 70/4/1 67/4/1
f 139/4/1 140/4/1 73/4/1 70/4/1
f 140/4/1 141/4/1 76/4/1 73/4/1
f 141/4/1 142/4/1 79/4/1 76/4/1
f 142/4/1 143/4/1 82/4/1 79/4/1
f 143/4/1 144/4/1 85/4/1 82/4/1
f 144/4/1 145/4/1 88/4/1 85/4/1
f 145/4/1 146/4/1 91/4/1 88/4/1
f 146/4/1 147/4/1 94/4/1 91/4/1
f 147/4/1 148/4/1 97/4/1 94/4/1
f 148/4/1 149/4/1 100/4/1 97/4/1
f 149/4/1 150/4/1 103/4/1 100/4/1
f 150/4/1 151/4/1 106/4/1 103/4/1
f 151/5/1 152/5/1 109/5/1 106/5/1
f 152/5/1 153/5/1 112/5/1 109/5/1
f 153/5/1 154/5/1 115/5/1 112/5/1
f 154/5/1 155/5/1 118/5/1 115/5/1
f 155/5/6 156/5/6 121/5/6 118/5/6
f 157/4/1 158/4/1 123/4/1 122/4/1
f 124/4/5 159/4/5 157/4/5 122/4/5
f 158/4/1 160/4/1 125/4/1 123/4/1
f 160/4/1 161/4/1 126/4/1 125/4/1
f 161/4/1 162/4/1 127/4/1 126/4/1
f 162/4/1 163/4/1 128/4/1 127/4/1
f 163/4/1 164/4/1 129/4/1 128/4/1
f 164/4/1 165/4/1 130/4/1 129/4/1
f 165/4/1 166/4/1 131/4/1 130/4/1
f 166/4/1 167/4/1 132/4/1 131/4/1
f 167/4/1 168/4/1 133/4/1 132/4/1
f 168/4/1 169/4/1 134/4/1 133/4/1
f 169/4/1 170/4/1 135/4/1 134/4/1
f 170/4/1 171/4/1 136/4/1 135/4/1
f 171/4/1 172/4/1 137/4/1 136/4/1
f 172/4/1 173/4/1 138/4/1 137/4/1
f 173/4/1 174/4/1 139/4/1 138/4/1
f 174/4/1 175/4/1 140/4/1 139/4/1
f 175/4/1 176/4/1 141/4/1 140/4/1
f 176/4/1 177/4/1 142/4/1 141/4/1
f 177/4/1 178/4/1 143/4/1 142/4/1
f 178/4/1 179/4/1 144/4/1 143/4/1
f 179/4/1 180/4/1 145/4/1 144/4/1
f 180/4/1 181/4/1 146/4/1 145/4/1
f 181/4/1 182/4/1 147/4/1 146/4/1
f 182/4/1 183/4/1 148/4/1 147/4/1
f 183/4/1 184/4/1 149/4/1 148/4/1
f 184/4/1 185/4/1 150/4/1 149/4/1
f 185/4/1 186/4/1 151/4/1 150/4/1
f 186/5/1 187/5/1 152/5/1 151/5/1
f 187/5/1 188/5/1 153/5/1 152/5/1
f 188/5/1 189/5/1 154/5/1 153/5/1
f 189/5/1 190/5/1 155/5/1 154/5/1
f 190/5/6 191/5/6 156/5/6 155/5/6
f 192/4/1 193/4/1 158/4/1 157/4/1
f 159/4/5 194/4/5 192/4/5 157/4/5
f 193/4/1 195/4/1 160/4/1 158/4/1
f 195/4/1 196/4/1 161/4/1 160/4/1
f 196/4/1 197/4/1 162/4/1 161/4/1
f 197/4/1 198/4/1 163/4/1 162/4/1
f 198/4/1 199/4/1 164/4/1 163/4/1
f 199/4/1 200/4/1 165/4/1 164/4/1
f 200/4/1 201/4/1 166/4/1 165/4/1
f 201/4/1 202/4/1 167/4/1 166/4/1
f 202/4/1 203/4/1 168/4/1 167/4/1
f 203/4/1 204/4/1 169/4/1 168/4/1
f 204/4/1 205/4/1 170/4/1 169/4/1
f 205/4/1 206/4/1 171/4/1 170/4/1
f 206/4/1 207/4/1 172/4/1 171/4/1
f 207/4/1 208/4/1 173/4/1 172/4/1
f 208/4/1 209/4/1 174/4/1 173/4/1
f 209/4/1 210/4/1 175/4/1 174/4/1
f 210/4/1 211/4/1 176/4/1 175/4/1
f 211/4/1 212/4/1 177/4/1 176/4/1
f 212/4/1 213/4/1 178/4/1 177/4/1
f 213/4/1 214/4/1 179/4/1 178/4/1
f 214/4/1 215/4/1 180/4/1 179/4/1
f 215/4/1 216/4/1 181/4/1 180/4/1
f 216/4/1 217/4/1 182/4/1 181/4/1
f 217/4/1 218/4/1 183/4/1 182/4/1
f 218/4/1 219/4/1 184/4/1 183/4/1
f 219/4/1 220/4/1 185/4/1 184/4/1
f 220/4/1 221/4/1 186/4/1 185/4/1
f 221/5/1 222/5/1 187/5/1 186/5/1
f 222/5/1 223/5/1 188/5/1 187/5/1
f 223/5/1 224/5/1 189/5/1 188/5/1
f 224/5/1 225/5/1 190/5/1 189/5/1
f 225/5/6 226/5/6 191/5/6 190/5/6
f 227/4/1 228/4/1 193/4/1 192/4/1
f 194/4/5 229/4/5 227/4/5 192/4/5
f 228/4/1 230/4/1 195/4/1 193/4/1
f 230/4/1 231/4/1 196/4/1 195/4/1
f 231/4/1 232/4/1 197/4/1 196/4/1
f 232/4/1 233/4/1 198/4/1 197/4/1
f 233/4/1 234/4/1 199/4/1 198/4/1
f 234/4/1 235/4/1 200/4/1 199/4/1
f 235/4/1 236/4/1 201/4/1 200/4/1
f 236/4/1 237/4/1 202/4/1 201/4/1
f 237/4/1 238/4/1 203/4/1 202/4/1
f 238/4/1 239/4/1 204/4/1 203/4/1
f 239/4/1 240/4/1 205/4/1 204/4/1
f 240/4/1 241/4/1 206/4/1 205/4/1
f 241/4/1 242/4/1 207/4/1 206/4/1
f 242/4/1 243/4/1 208/4/1 207/4/1
f 243/4/1 244/4/1 209/4/1 208/4/1
f 244/4/1 245/4/1 210/4/1 209/4/1
f 245/4/1 246/4/1 211/4/1 210/4/1
f 246/4/1 247/4/1 212/4/1 211/4/1
f 247/4/1 248/4/1 213/4/1 212/4/1
f 248/4/1 249/4/1 214/4/1 213/4/1
f 249/4/1 250/4/1 215/4/1 214/4/1
f 250/4/1 251/4/1 216/4/1 215/4/1
f 251/4/1 252/4/1 217/4/1 216/4/1
f 252/4/1 253/4/1 218/4/1 217/4/1
f 253/4/1 254/4/1 219/4/1 218/4/1
f 254/4/1 255/4/1 220/4/1 219/4/1
f 255/4/1 256/4/1 221/4/1 220/4/1
f 256/5/1 257/5/1 222/5/1 221/5/1
f 257/5/1 258/5/1 223/5/1 222/5/1
f 258/5/1 259/5/1 224/5/1 223/5/1
f 259/5/1 260/5/1 225/5/1 224/5/1
f 260/5/6 261/5/6 226/5/6 225/5/6
f 262/4/1 263/4/1 228/4/1 227/4/1
f 229/4/5 264/4/5 262/4/5 227/4/5
f 263/4/1 265/4/1 230/4/1 228/4/1
f 266/4/4 267/4/4 265/4/4 263/4/4
f 265/4/1 268/4/1 231/4/1 230/4/1
f 267/4/4 269/4/4 268/4/4 265/4/4
f 268/4/1 270/4/1 232/4/1 231/4/1
f 269/4/4 271/4/4 270/4/4 268/4/4
f 270/4/1 272/4/1 233/4/1 232/4/1
f 271/4/4 273/4/4 272/4/4 270/4/4
f 272/4/1 274/4/1 234/4/1 233/4/1
f 273/4/4 275/4/4 274/4/4 272/4/4
f 274/4/1 276/4/1 235/4/1 234/4/1
f 275/4/4 277/4/4 276/4/4 274/4/4
f 276/4/1 278/4/1 236/4/1 235/4/1
f 277/4/4 279/4/4 278/4/4 276/4/4
f 278/4/1 280/4/1 237/4/1 236/4/1
f 279/4/4 281/4/4 280/4/4 278/4/4
f 280/4/1 282/4/1 238/4/1 237/4/1
f 281/4/4 283/4/4 282/4/4 280/4/4
f 282/4/1 284/4/1 239/4/1 238/4/1
f 283/4/4 285/4/4 284/4/4 282/4/4
f 284/4/1 286/4/1 240/4/1 239/4/1
f 285/4/4 287/4/4 286/4/4 284/4/4
f 286/4/1 288/4/1 241/4/1 240/4/1
f 287/4/4 289/4/4 288/4/4 286/4/4
f 288/4/1 290/4/1 242/4/1 241/4/1
f 289/4/4 291/4/4 290/4/4 288/4/4
f 290/4/1 292/4/1 243/4/1 242/4/1
f 291/4/4 293/4/4 292/4/4 290/4/4
f 292/4/1 294/4/1 244/4/1 243/4/1
f 293/4/4 295/4/4 294/4/4 292/4/4
f 294/4/1 296/4/1 245/4/1 244/4/1
f 295/4/4 297/4/4 296/4/4 294/4/4
f 296/4/1 298/4/1 246/4/1 245/4/1
f 297/4/4 299/4/4 298/4/4 296/4/4
f 298/4/1 300/4/1 247/4/1 246/4/1
f 299/4/4 301/4/4 300/4/4 298/4/4
f 300/4/1 302/4/1 248/4/1 247/4/1
f 301/4/4 303/4/4 302/4/4 300/4/4
f 302/4/1 304/4/1 249/4/1 248/4/1
f 303/4/4 305/4/4 304/4/4 302/4/4
f 304/4/1 306/4/1 250/4/1 249/4/1
f 305/4/4 307/4/4 306/4/4 304/4/4
f 306/4/1 308/4/1 251/4/1 250/4/1
f 307/4/4 309/4/4 308/4/4 306/4/4
f 308/4/1 310/4/1 252/4/1 251/4/1
f 309/4/4 311/4/4 310/4/4 308/4/4
f 310/4/1 312/4/1 253/4/1 252/4/1
f 311/4/4 313/4/4 312/4/4 310/4/4
f 312/4/1 314/4/1 254/4/1 253/4/1
f 313/4/4 315/4/4 314/4/4 312/4/4
f 314/4/1 316/4/1 255/4/1 254/4/1
f 315/4/4 317/4/4 316/4/4 314/4/4
f 316/4/1 318/4/1 256/4/1 255/4/1
f 317/4/4 319/4/4 318/4/4 316/4/4
f 318/5/1 320/5/1 257/5/1 256/5/1
f 319/5/4 321/5/4 320/5/4 318/5/4
f 320/5/1 322/5/1 258/5/1 257/5/1
f 321/5/4 323/5/4 322/5/4 320/5/4
f 322/5/1 324/5/1 259/5/1 258/5/1
f 323/5/4 325/5/4 324/5/4 322/5/4
f 324/5/1 326/5/1 260/5/1 259/5/1
f 325/5/4 327/5/4 326/5/4 324/5/4
f 326/5/6 327/5/6 261/5/6 260/5/6
f 328/4/1 329/4/1 263/4/1 262/4/1
f 264/4/5 330/4/5 328/4/5 262/4/5
f 329/4/6 331/4/6 266/4/6 263/4/6
f 332/4/1 333/4/1 329/4/1 328/4/1
f 330/4/5 334/4/5 332/4/5 328/4/5
f 333/4/6 335/4/6 331/4/6 329/4/6
f 336/4/1 337/4/1 333/4/1 332/4/1
f 334/4/5 338/4/5 336/4/5 332/4/5
f 337/4/6 339/4/6 335/4/6 333/4/6
f 340/4/1 341/4/1 337/4/1 336/4/1
f 338/4/5 342/4/5 340/4/5 336/4/5
f 341/4/6 343/4/6 339/4/6 337/4/6
f 344/4/1 345/4/1 341/4/1 340/4/1
f 346/4/4 347/4/4 345/4/4 344/4/4
f 342/4/5 346/4/5 344/4/5 340/4/5
f 345/4/6 347/4/6 343/4/6 341/4/6
f 5/4/3 348/4/3 349/4/3 6/4/3
f 349/4/5 350/4/5 7/4/5 6/4/5
f 8/4/6 351/4/6 348/4/6 5/4/6
f 350/4/5 352/4/5 11/4/5 7/4/5
f 12/4/6 353/4/6 351/4/6 8/4/6
f 352/4/5 354/4/5 15/4/5 11/4/5
f 16/4/6 355/4/6 353/4/6 12/4/6
f 354/4/5 356/4/5 19/4/5 15/4/5
f 20/4/6 357/4/6 355/4/6 16/4/6
f 356/4/5 358/4/5 23/4/5 19/4/5
f 24/4/6 359/4/6 357/4/6 20/4/6
f 358/4/5 360/4/5 27/4/5 23/4/5
f 30/4/3 361/4/3 359/4/3 24/4/3
f 33/4/3 362/4/3 361/4/3 30/4/3
f 36/4/3 363/4/3 362/4/3 33/4/3
f 39/4/3 364/4/3 363/4/3 36/4/3
f 42/4/3 365/4/3 364/4/3 39/4/3
f 45/4/3 366/4/3 365/4/3 42/4/3
f 48/4/3 367/4/3 366/4/3 45/4/3
f 51/4/3 368/4/3 367/4/3 48/4/3
f 54/4/3 369/4/3 368/4/3 51/4/3
f 57/4/3 370/4/3 369/4/3 54/4/3
f 60/4/3 371/4/3 370/4/3 57/4/3
f 63/4/3 372/4/3 371/4/3 60/4/3
f 66/4/3 373/4/3 372/4/3 63/4/3
f 69/4/3 374/4/3 373/4/3 66/4/3
f 72/4/3 375/4/3 374/4/3 69/4/3
f 75/4/3 376/4/3 375/4/3 72/4/3
f 78/11/3 377/11/3 376/11/3 75/11/3
f 81/11/3 378/11/3 377/11/3 78/11/3
f 84/11/3 379/11/3 378/11/3 81/11/3
f 87/4/3 380/4/3 379/4/3 84/4/3
f 90/4/3 381/4/3 380/4/3 87/4/3
f 93/4/3 382/4/3 381/4/3 90/4/3
f 96/4/3 383/4/3 382/4/3 93/4/3
f 99/4/3 384/4/3 383/4/3 96/4/3
f 102/4/3 385/4/3 384/4/3 99/4/3
f 105/4/3 386/4/3 385/4/3 102/4/3
f 108/4/3 387/4/3 386/4/3 105/4/3
f 111/5/3 388/5/3 387/5/3 108/5/3
f 114/5/3 389/5/3 388/5/3 111/5/3
f 117/5/3 390/5/3 389/5/3 114/5/3
f 120/5/3 391/5/3 390/5/3 117/5/3
f 121/5/6 392/5/6 391/5/6 120/5/6
f 360/4/5 393/4/5 124/4/5 27/4/5
f 156/5/6 394/5/6 392/5/6 121/5/6
f 393/4/5 395/4/5 159/4/5 124/4/5
f 191/5/6 396/5/6 394/5/6 156/5/6
f 395/4/5 397/4/5 194/4/5 159/4/5
f 226/5/6 398/5/6 396/5/6 191/5/6
f 397/4/5 399/4/5 229/4/5 194/4/5
f 261/5/6 400/5/6 398/5/6 226/5/6
f 399/4/5 401/4/5 264/4/5 229/4/5
f 402/4/4 403/4/4 267/4/4 266/4/4
f 403/4/4 404/4/4 269/4/4 267/4/4
f 404/4/4 405/4/4 271/4/4 269/4/4
f 405/4/4 406/4/4 273/4/4 271/4/4
f 406/4/4 407/4/4 275/4/4 273/4/4
f 407/4/4 408/4/4 277/4/4 275/4/4
f 408/4/4 409/4/4 279/4/4 277/4/4
f 409/4/4 410/4/4 281/4/4 279/4/4
f 410/4/4 411/4/4 283/4/4 281/4/4
f 411/4/4 412/4/4 285/4/4 283/4/4
f 412/4/4 413/4/4 287/4/4 285/4/4
f 413/4/4 414/4/4 289/4/4 287/4/4
f 414/4/4 415/4/4 291/4/4 289/4/4
f 415/4/4 416/4/4 293/4/4 291/4/4
f 416/4/4 417/4/4 295/4/4 293/4/4
f 417/4/4 418/4/4 297/4/4 295/4/4
f 418/4/4 419/4/4 299/4/4 297/4/4
f 419/4/4 420/4/4 301/4/4 299/4/4
f 420/4/4 421/4/4 303/4/4 301/4/4
f 421/4/4 422/4/4 305/4/4 303/4/4
f 422/4/4 423/4/4 307/4/4 305/4/4
f 423/4/4 424/4/4 309/4/4 307/4/4
f 424/4/4 425/4/4 311/4/4 309/4/4
f 425/4/4 426/4/4 313/4/4 311/4/4
f 426/4/4 427/4/4 315/4/4 313/4/4
f 427/4/4 428/4/4 317/4/4 315/4/4
f 428/4/4 429/4/4 319/4/4 317/4/4
f 429/5/4 430/5/4 321/5/4 319/5/4
f 430/5/4 431/5/4 323/5/4 321/5/4
f 431/5/4 432/5/4 325/5/4 323/5/4
f 432/5/4 433/5/4 327/5/4 325/5/4
f 327/5/6 433/5/6 400/5/6 261/5/6
f 401/4/5 434/4/5 330/4/5 264/4/5
f 331/4/6 435/4/6 402/4/6 266/4/6
f 434/4/5 436/4/5 334/4/5 330/4/5
f 335/4/6 437/4/6 435/4/6 331/4/6
f 436/4/5 438/4/5 338/4/5 334/4/5
f 339/4/6 439/4/6 437/4/6 335/4/6
f 438/4/5 440/4/5 342/4/5 338/4/5
f 343/4/6 441/4/6 439/4/6 339/4/6
f 442/4/4 443/4/4 347/4/4 346/4/4
f 440/4/5 442/4/5 346/4/5 342/4/5
f 347/4/6 443/4/6 441/4/6 343/4/6
f 348/4/3 444/4/3 445/4/3 349/4/3
f 445/4/5 446/4/5 350/4/5 349/4/5
f 351/4/6 447/4/6 444/4/6 348/4/6
f 446/4/5 448/4/5 352/4/5 350/4/5
f 353/4/6 449/4/6 447/4/6 351/4/6
f 448/4/5 450/4/5 354/4/5 352/4/5
f 355/4/6 451/4/6 449/4/6 353/4/6
f 450/4/5 452/4/5 356/4/5 354/4/5
f 357/4/6 453/4/6 451/4/6 355/4/6
f 452/4/5 454/4/5 358/4/5 356/4/5
f 359/4/6 455/4/6 453/4/6 357/4/6
f 454/4/5 456/4/5 360/4/5 358/4/5
f 457/4/2 458/4/2 459/4/2 455/4/2
f 361/4/3 457/4/3 455/4/3 359/4/3
f 460/4/2 461/4/2 458/4/2 457/4/2
f 362/4/3 460/4/3 457/4/3 361/4/3
f 462/4/2 463/4/2 461/4/2 460/4/2
f 363/4/3 462/4/3 460/4/3 362/4/3
f 464/4/2 465/4/2 463/4/2 462/4/2
f 364/4/3 464/4/3 462/4/3 363/4/3
f 466/4/2 467/4/2 465/4/2 464/4/2
f 365/4/3 466/4/3 464/4/3 364/4/3
f 468/4/2 469/4/2 467/4/2 466/4/2
f 366/4/3 468/4/3 466/4/3 365/4/3
f 470/4/2 471/4/2 469/4/2 468/4/2
f 367/4/3 470/4/3 468/4/3 366/4/3
f 472/4/2 473/4/2 471/4/2 470/4/2
f 368/4/3 472/4/3 470/4/3 367/4/3
f 474/4/2 475/4/2 473/4/2 472/4/2
f 369/4/3 474/4/3 472/4/3 368/4/3
f 476/4/2 477/4/2 475/4/2 474/4/2
f 370/4/3 476/4/3 474/4/3 369/4/3
f 478/4/2 479/4/2 477/4/2 476/4/2
f 371/4/3 478/4/3 476/4/3 370/4/3
f 480/4/2 481/4/2 479/4/2 478/4/2
f 372/4/3 480/4/3 478/4/3 371/4/3
f 482/4/2 483/4/2 481/4/2 480/4/2
f 373/4/3 482/4/3 480/4/3 372/4/3
f 484/4/2 485/4/2 483/4/2 482/4/2
f 374/4/3 484/4/3 482/4/3 373/4/3
f 486/4/2 487/4/2 485/4/2 484/4/2
f 375/4/3 486/4/3 484/4/3 374/4/3
f 488/4/2 489/4/2 487/4/2 486/4/2
f 376/4/3 488/4/3 486/4/3 375/4/3
f 490/4/2 491/4/2 489/4/2 488/4/2
f 377/4/3 490/4/3 488/4/3 376/4/3
f 492/4/2 493/4/2 491/4/2 490/4/2
f 378/4/3 492/4/3 490/4/3 377/4/3
f 494/4/2 495/4/2 493/4/2 492/4/2
f 379/4/3 494/4/3 492/4/3 378/4/3
f 496/4/2 497/4/2 495/4/2 494/4/2
f 380/4/3 496/4/3 494/4/3 379/4/3
f 498/4/2 499/4/2 497/4/2 496/4/2
f 381/4/3 498/4/3 496/4/3 380/4/3
f 500/4/2 501/4/2 499/4/2 498/4/2
f 382/4/3 500/4/3 498/4/3 381/4/3
f 502/4/2 503/4/2 501/4/2 500/4/2
f 383/4/3 502/4/3 500/4/3 382/4/3
f 504/4/2 505/4/2 503/4/2 502/4/2
f 384/4/3 504/4/3 502/4/3 383/4/3
f 506/4/2 507/4/2 505/4/2 504/4/2
f 385/4/3 506/4/3 504/4/3 384/4/3
f 508/4/2 509/4/2 507/4/2 506/4/2
f 386/4/3 508/4/3 506/4/3 385/4/3
f 510/4/2 511/4/2 509/4/2 508/4/2
f 387/4/3 510/4/3 508/4/3 386/4/3
f 388/5/3 512/5/3 510/5/3 387/5/3
f 389/5/3 513/5/3 512/5/3 388/5/3
f 390/5/3 514/5/3 513/5/3 389/5/3
f 391/5/3 515/5/3 514/5/3 390/5/3
f 392/5/6 516/5/6 515/5/6 391/5/6
f 456/4/5 517/4/5 393/4/5 360/4/5
f 458/4/2 518/4/2 519/4/2 459/4/2
f 461/4/2 520/4/2 518/4/2 458/4/2
f 463/4/2 521/4/2 520/4/2 461/4/2
f 465/4/2 522/4/2 521/4/2 463/4/2
f 467/4/2 523/4/2 522/4/2 465/4/2
f 469/4/2 524/4/2 523/4/2 467/4/2
f 471/4/2 525/4/2 524/4/2 469/4/2
f 473/4/2 526/4/2 525/4/2 471/4/2
f 475/4/2 527/4/2 526/4/2 473/4/2
f 477/4/2 528/4/2 527/4/2 475/4/2
f 479/4/2 529/4/2 528/4/2 477/4/2
f 481/4/2 530/4/2 529/4/2 479/4/2
f 483/4/2 531/4/2 530/4/2 481/4/2
f 485/4/2 532/4/2 531/4/2 483/4/2
f 487/4/2 533/4/2 532/4/2 485/4/2
f 489/4/2 534/4/2 533/4/2 487/4/2
f 491/4/2 535/4/2 534/4/2 489/4/2
f 493/4/2 536/4/2 535/4/2 491/4/2
f 495/4/2 537/4/2 536/4/2 493/4/2
f 497/4/2 538/4/2 537/4/2 495/4/2
f 499/4/2 539/4/2 538/4/2 497/4/2
f 501/4/2 540/4/2 539/4/2 499/4/2
f 503/4/2 541/4/2 540/4/2 501/4/2
f 505/4/2 542/4/2 541/4/2 503/4/2
f 507/4/2 543/4/2 542/4/2 505/4/2
f 509/4/2 544/4/2 543/4/2 507/4/2
f 511/4/2 545/4/2 544/4/2 509/4/2
f 394/5/6 546/5/6 516/5/6 392/5/6
f 517/4/5 547/4/5 395/4/5 393/4/5
f 518/4/2 548/4/2 549/4/2 519/4/2
f 520/4/2 550/4/2 548/4/2 518/4/2
f 521/4/2 551/4/2 550/4/2 520/4/2
f 522/4/2 552/4/2 551/4/2 521/4/2
f 523/4/2 553/4/2 552/4/2 522/4/2
f 524/4/2 554/4/2 553/4/2 523/4/2
f 526/4/2 555/4/2 556/4/2 525/4/2
f 527/4/2 557/4/2 555/4/2 526/4/2
f 528/4/2 558/4/2 557/4/2 527/4/2
f 529/4/2 559/4/2 558/4/2 528/4/2
f 530/4/2 560/4/2 559/4/2 529/4/2
f 531/4/2 561/4/2 560/4/2 530/4/2
f 532/4/2 562/4/2 561/4/2 531/4/2
f 533/4/2 563/4/2 562/4/2 532/4/2
f 534/4/2 564/4/2 563/4/2 533/4/2
f 535/4/2 565/4/2 564/4/2 534/4/2
f 537/4/2 566/4/2 567/4/2 536/4/2
f 538/4/2 568/4/2 566/4/2 537/4/2
f 539/4/2 569/4/2 568/4/2 538/4/2
f 540/4/2 570/4/2 569/4/2 539/4/2
f 541/4/2 571/4/2 570/4/2 540/4/2
f 542/4/2 572/4/2 571/4/2 541/4/2
f 543/4/2 573/4/2 572/4/2 542/4/2
f 545/4/2 574/4/2 575/4/2 544/4/2
f 396/5/6 576/5/6 546/5/6 394/5/6
f 547/4/5 577/4/5 397/4/5 395/4/5
f 548/4/2 578/4/2 579/4/2 549/4/2
f 550/4/2 580/4/2 578/4/2 548/4/2
f 551/4/2 581/4/2 580/4/2 550/4/2
f 552/4/2 582/4/2 581/4/2 551/4/2
f 553/4/2 583/4/2 582/4/2 552/4/2
f 554/4/2 584/4/2 583/4/2 553/4/2
f 555/4/2 585/4/2 586/4/2 556/4/2
f 557/4/2 587/4/2 585/4/2 555/4/2
f 558/4/2 588/4/2 587/4/2 557/4/2
f 559/4/2 589/4/2 588/4/2 558/4/2
f 560/4/2 590/4/2 589/4/2 559/4/2
f 561/4/2 591/4/2 590/4/2 560/4/2
f 562/4/2 592/4/2 591/4/2 561/4/2
f 563/4/2 593/4/2 592/4/2 562/4/2
f 564/4/2 594/4/2 593/4/2 563/4/2
f 565/4/2 595/4/2 594/4/2 564/4/2
f 566/4/2 596/4/2 597/4/2 567/4/2
f 568/4/2 598/4/2 596/4/2 566/4/2
f 569/4/2 599/4/2 598/4/2 568/4/2
f 570/4/2 600/4/2 599/4/2 569/4/2
f 571/4/2 601/4/2 600/4/2 570/4/2
f 572/4/2 602/4/2 601/4/2 571/4/2
f 573/4/2 603/4/2 602/4/2 572/4/2
f 574/4/2 604/4/2 605/4/2 575/4/2
f 398/5/6 606/5/6 576/5/6 396/5/6
f 577/4/5 607/4/5 399/4/5 397/4/5
f 578/4/2 608/4/2 609/4/2 579/4/2
f 580/4/2 610/4/2 608/4/2 578/4/2
f 581/4/2 611/4/2 610/4/2 580/4/2
f 582/4/2 612/4/2 611/4/2 581/4/2
f 583/4/2 613/4/2 612/4/2 582/4/2
f 584/4/2 614/4/2 613/4/2 583/4/2
f 586/4/2 615/4/2 614/4/2 584/4/2
f 585/4/2 616/4/2 615/4/2 586/4/2
f 587/4/2 617/4/2 616/4/2 585/4/2
f 588/4/2 618/4/2 617/4/2 587/4/2
f 589/4/2 619/4/2 618/4/2 588/4/2
f 590/4/2 620/4/2 619/4/2 589/4/2
f 591/4/2 621/4/2 620/4/2 590/4/2
f 592/4/2 622/4/2 621/4/2 591/4/2
f 593/4/2 623/4/2 622/4/2 592/4/2
f 594/4/2 624/4/2 623/4/2 593/4/2
f 595/4/2 625/4/2 624/4/2 594/4/2
f 597/4/2 626/4/2 625/4/2 595/4/2
f 596/4/2 627/4/2 626/4/2 597/4/2
f 598/4/2 628/4/2 627/4/2 596/4/2
f 599/4/2 629/4/2 628/4/2 598/4/2
f 600/4/2 630/4/2 629/4/2 599/4/2
f 601/4/2 631/4/2 630/4/2 600/4/2
f 602/4/2 632/4/2 631/4/2 601/4/2
f 603/4/2 633/4/2 632/4/2 602/4/2
f 605/4/2 634/4/2 633/4/2 603/4/2
f 604/4/2 635/4/2 634/4/2 605/4/2
f 400/5/6 636/5/6 606/5/6 398/5/6
f 607/4/5 637/4/5 401/4/5 399/4/5
f 608/4/2 638/4/2 639/4/2 609/4/2
f 639/4/4 638/4/4 403/4/4 402/4/4
f 610/4/2 640/4/2 638/4/2 608/4/2
f 638/4/4 640/4/4 404/4/4 403/4/4
f 611/4/2 641/4/2 640/4/2 610/4/2
f 640/4/4 641/4/4 405/4/4 404/4/4
f 612/4/2 642/4/2 641/4/2 611/4/2
f 641/4/4 642/4/4 406/4/4 405/4/4
f 613/4/2 643/4/2 642/4/2 612/4/2
f 642/4/4 643/4/4 407/4/4 406/4/4
f 614/4/2 644/4/2 643/4/2 613/4/2
f 643/4/4 644/4/4 408/4/4 407/4/4
f 615/4/2 645/4/2 644/4/2 614/4/2
f 644/4/4 645/4/4 409/4/4 408/4/4
f 616/4/2 646/4/2 645/4/2 615/4/2
f 645/4/4 646/4/4 410/4/4 409/4/4
f 617/4/2 647/4/2 646/4/2 616/4/2
f 646/4/4 647/4/4 411/4/4 410/4/4
f 618/4/2 648/4/2 647/4/2 617/4/2
f 647/4/4 648/4/4 412/4/4 411/4/4
f 619/4/2 649/4/2 648/4/2 618/4/2
f 648/4/4 649/4/4 413/4/4 412/4/4
f 620/4/2 650/4/2 649/4/2 619/4/2
f 649/4/4 650/4/4 414/4/4 413/4/4
f 621/4/2 651/4/2 650/4/2 620/4/2
f 650/4/4 651/4/4 415/4/4 414/4/4
f 622/4/2 652/4/2 651/4/2 621/4/2
f 651/4/4 652/4/4 416/4/4 415/4/4
f 623/4/2 653/4/2 652/4/2 622/4/2
f 652/4/4 653/4/4 417/4/4 416/4/4
f 624/4/2 654/4/2 653/4/2 623/4/2
f 653/4/4 654/4/4 418/4/4 417/4/4
f 625/4/2 655/4/2 654/4/2 624/4/2
f 654/4/4 655/4/4 419/4/4 418/4/4
f 626/4/2 656/4/2 655/4/2 625/4/2
f 655/4/4 656/4/4 420/4/4 419/4/4
f 627/4/2 657/4/2 656/4/2 626/4/2
f 656/4/4 657/4/4 421/4/4 420/4/4
f 628/4/2 658/4/2 657/4/2 627/4/2
f 657/4/4 658/4/4 422/4/4 421/4/4
f 629/4/2 659/4/2 658/4/2 628/4/2
f 658/4/4 659/4/4 423/4/4 422/4/4
f 630/4/2 660/4/2 659/4/2 629/4/2
f 659/4/4 660/4/4 424/4/4 423/4/4
f 631/4/2 661/4/2 660/4/2 630/4/2
f 660/4/4 661/4/4 425/4/4 424/4/4
f 632/4/2 662/4/2 661/4/2 631/4/2
f 661/4/4 662/4/4 426/4/4 425/4/4
f 633/4/2 663/4/2 662/4/2 632/4/2
f 662/4/4 663/4/4 427/4/4 426/4/4
f 634/4/2 664/4/2 663/4/2 633/4/2
f 663/4/4 664/4/4 428/4/4 427/4/4
f 635/4/2 665/4/2 664/4/2 634/4/2
f 664/4/4 665/4/4 429/4/4 428/4/4
f 665/5/4 666/5/4 430/5/4 429/5/4
f 666/5/4 667/5/4 431/5/4 430/5/4
f 667/5/4 668/5/4 432/5/4 431/5/4
f 668/5/4 669/5/4 433/5/4 432/5/4
f 433/5/6 669/5/6 636/5/6 400/5/6
f 637/4/5 670/4/5 434/4/5 401/4/5
f 435/4/6 671/4/6 639/4/6 402/4/6
f 670/4/5 672/4/5 436/4/5 434/4/5
f 437/4/6 673/4/6 671/4/6 435/4/6
f 672/4/5 674/4/5 438/4/5 436/4/5
f 439/4/6 675/4/6 673/4/6 437/4/6
f 674/4/5 676/4/5 440/4/5 438/4/5
f 441/4/6 677/4/6 675/4/6 439/4/6
f 678/4/4 679/4/4 443/4/4 442/4/4
f 676/4/5 678/4/5 442/4/5 440/4/5
f 443/4/6 679/4/6 677/4/6 441/4/6
f 444/4/3 680/4/3 681/4/3 445/4/3
f 681/4/5 682/4/5 446/4/5 445/4/5
f 447/4/6 683/4/6 680/4/6 444/4/6
f 682/4/5 684/4/5 448/4/5 446/4/5
f 449/4/6 685/4/6 683/4/6 447/4/6
f 684/4/5 686/4/5 450/4/5 448/4/5
f 451/4/6 687/4/6 685/4/6 449/4/6
f 686/4/5 688/4/5 452/4/5 450/4/5
f 453/4/6 689/4/6 687/4/6 451/4/6
f 688/4/5 690/4/5 454/4/5 452/4/5
f 455/4/6 691/4/6 689/4/6 453/4/6
f 690/4/5 692/4/5 456/4/5 454/4/5
f 459/4/6 693/4/6 691/4/6 455/4/6
f 512/5/3 694/5/3 695/5/3 510/5/3
f 695/5/5 696/5/5 511/5/5 510/5/5
f 513/5/3 697/5/3 694/5/3 512/5/3
f 514/5/3 698/5/3 697/5/3 513/5/3
f 515/5/3 699/5/3 698/5/3 514/5/3
f 516/5/6 700/5/6 699/5/6 515/5/6
f 692/4/5 701/4/5 517/4/5 456/4/5
f 519/4/6 702/4/6 693/4/6 459/4/6
f 696/5/5 703/5/5 545/5/5 511/5/5
f 546/5/6 704/5/6 700/5/6 516/5/6
f 701/4/5 705/4/5 547/4/5 517/4/5
f 549/4/6 706/4/6 702/4/6 519/4/6
f 525/53/3 707/53/3 708/53/3 524/53/3
f 708/53/5 709/53/5 554/53/5 524/53/5
f 556/53/6 710/53/6 707/53/6 525/53/6
f 536/53/3 711/53/3 712/53/3 535/53/3
f 712/53/5 713/53/5 565/53/5 535/53/5
f 567/53/6 714/53/6 711/53/6 536/53/6
f 544/53/3 715/53/3 716/53/3 543/53/3
f 716/53/5 717/53/5 573/53/5 543/53/5
f 575/53/6 718/53/6 715/53/6 544/53/6
f 703/5/5 719/5/5 574/5/5 545/5/5
f 576/5/6 720/5/6 704/5/6 546/5/6
f 705/4/5 721/4/5 577/4/5 547/4/5
f 579/4/6 722/4/6 706/4/6 549/4/6
f 723/53/4 724/53/4 586/53/4 584/53/4
f 709/53/5 723/53/5 584/53/5 554/53/5
f 586/53/6 724/53/6 710/53/6 556/53/6
f 725/53/4 726/53/4 597/53/4 595/53/4
f 713/53/5 725/53/5 595/53/5 565/53/5
f 597/53/6 726/53/6 714/53/6 567/53/6
f 727/53/4 728/53/4 605/53/4 603/53/4
f 717/53/5 727/53/5 603/53/5 573/53/5
f 605/53/6 728/53/6 718/53/6 575/53/6
f 719/5/5 729/5/5 604/5/5 574/5/5
f 606/5/6 730/5/6 720/5/6 576/5/6
f 721/4/5 731/4/5 607/4/5 577/4/5
f 609/4/6 732/4/6 722/4/6 579/4/6
f 729/5/5 733/5/5 635/5/5 604/5/5
f 636/5/6 734/5/6 730/5/6 606/5/6
f 731/4/5 735/4/5 637/4/5 607/4/5
f 639/4/6 736/4/6 732/4/6 609/4/6
f 737/5/4 738/5/4 666/5/4 665/5/4
f 733/5/5 737/5/5 665/5/5 635/5/5
f 738/5/4 739/5/4 667/5/4 666/5/4
f 739/5/4 740/5/4 668/5/4 667/5/4
f 740/5/4 741/5/4 669/5/4 668/5/4
f 669/5/6 741/5/6 734/5/6 636/5/6
f 735/4/5 742/4/5 670/4/5 637/4/5
f 671/4/6 743/4/6 736/4/6 639/4/6
f 742/4/5 744/4/5 672/4/5 670/4/5
f 673/4/6 745/4/6 743/4/6 671/4/6
f 744/4/5 746/4/5 674/4/5 672/4/5
f 675/4/6 747/4/6 745/4/6 673/4/6
f 746/4/5 748/4/5 676/4/5 674/4/5
f 677/4/6 749/4/6 747/4/6 675/4/6
f 750/4/4 751/4/4 679/4/4 678/4/4
f 748/4/5 750/4/5 678/4/5 676/4/5
f 679/4/6 751/4/6 749/4/6 677/4/6
f 680/4/3 752/4/3 753/4/3 681/4/3
f 753/4/5 754/4/5 682/4/5 681/4/5
f 683/4/6 755/4/6 752/4/6 680/4/6
f 754/4/5 756/4/5 684/4/5 682/4/5
f 685/4/6 757/4/6 755/4/6 683/4/6
f 756/4/5 758/4/5 686/4/5 684/4/5
f 687/4/6 759/4/6 757/4/6 685/4/6
f 758/4/5 760/4/5 688/4/5 686/4/5
f 689/4/6 761/4/6 759/4/6 687/4/6
f 760/4/5 762/4/5 690/4/5 688/4/5
f 691/4/6 763/4/6 761/4/6 689/4/6
f 762/4/5 764/4/5 692/4/5 690/4/5
f 693/4/6 765/4/6 763/4/6 691/4/6
f 694/5/3 766/5/3 767/5/3 695/5/3
f 767/5/5 768/5/5 696/5/5 695/5/5
f 697/5/3 769/5/3 766/5/3 694/5/3
f 698/5/3 770/5/3 769/5/3 697/5/3
f 699/5/3 771/5/3 770/5/3 698/5/3
f 700/5/6 772/5/6 771/5/6 699/5/6
f 764/4/5 773/4/5 701/4/5 692/4/5
f 702/4/6 774/4/6 765/4/6 693/4/6
f 768/5/5 775/5/5 703/5/5 696/5/5
f 704/5/6 776/5/6 772/5/6 700/5/6
f 773/4/5 777/4/5 705/4/5 701/4/5
f 706/55/1 778/55/1 779/55/1 702/55/1
f 780/55/2 781/55/2 782/55/2 774/55/2
f 779/55/3 780/55/3 774/55/3 702/55/3
f 778/55/1 783/55/1 784/55/1 779/55/1
f 785/55/2 786/55/2 781/55/2 780/55/2
f 784/55/3 785/55/3 780/55/3 779/55/3
f 783/55/1 787/55/1 788/55/1 784/55/1
f 789/55/2 790/55/2 786/55/2 785/55/2
f 788/55/3 789/55/3 785/55/3 784/55/3
f 787/55/1 791/55/1 792/55/1 788/55/1
f 793/55/2 794/55/2 790/55/2 789/55/2
f 792/55/3 793/55/3 789/55/3 788/55/3
f 791/55/1 795/55/1 796/55/1 792/55/1
f 797/55/2 798/55/2 794/55/2 793/55/2
f 796/55/3 797/55/3 793/55/3 792/55/3
f 795/55/1 709/55/1 708/55/1 796/55/1
f 799/55/2 800/55/2 798/55/2 797/55/2
f 708/55/3 799/55/3 797/55/3 796/55/3
f 707/53/3 801/53/3 799/53/3 708/53/3
f 710/55/1 802/55/1 803/55/1 707/55/1
f 804/55/2 805/55/2 806/55/2 801/55/2
f 803/55/3 804/55/3 801/55/3 707/55/3
f 802/55/1 807/55/1 808/55/1 803/55/1
f 809/55/2 810/55/2 805/55/2 804/55/2
f 808/55/3 809/55/3 804/55/3 803/55/3
f 807/55/1 811/55/1 812/55/1 808/55/1
f 813/55/2 814/55/2 810/55/2 809/55/2
f 812/55/3 813/55/3 809/55/3 808/55/3
f 811/55/1 815/55/1 816/55/1 812/55/1
f 817/55/2 818/55/2 814/55/2 813/55/2
f 816/55/3 817/55/3 813/55/3 812/55/3
f 815/55/1 819/55/1 820/55/1 816/55/1
f 821/55/2 822/55/2 818/55/2 817/55/2
f 820/55/3 821/55/3 817/55/3 816/55/3
f 819/55/1 823/55/1 824/55/1 820/55/1
f 825/55/2 826/55/2 822/55/2 821/55/2
f 824/55/3 825/55/3 821/55/3 820/55/3
f 823/55/1 827/55/1 828/55/1 824/55/1
f 829/55/2 830/55/2 826/55/2 825/55/2
f 828/55/3 829/55/3 825/55/3 824/55/3
f 827/55/1 831/55/1 832/55/1 828/55/1
f 833/55/2 834/55/2 830/55/2 829/55/2
f 832/55/3 833/55/3 829/55/3 828/55/3
f 831/55/1 835/55/1 836/55/1 832/55/1
f 837/55/2 838/55/2 834/55/2 833/55/2
f 836/55/3 837/55/3 833/55/3 832/55/3
f 835/55/1 713/55/1 712/55/1 836/55/1
f 839/55/2 840/55/2 838/55/2 837/55/2
f 712/55/3 839/55/3 837/55/3 836/55/3
f 711/53/3 841/53/3 839/53/3 712/53/3
f 714/55/1 842/55/1 843/55/1 711/55/1
f 844/55/2 845/55/2 846/55/2 841/55/2
f 843/55/3 844/55/3 841/55/3 711/55/3
f 842/55/1 847/55/1 848/55/1 843/55/1
f 849/55/2 850/55/2 845/55/2 844/55/2
f 848/55/3 849/55/3 844/55/3 843/55/3
f 847/55/1 851/55/1 852/55/1 848/55/1
f 853/55/2 854/55/2 850/55/2 849/55/2
f 852/55/3 853/55/3 849/55/3 848/55/3
f 851/55/1 855/55/1 856/55/1 852/55/1
f 857/55/2 858/55/2 854/55/2 853/55/2
f 856/55/3 857/55/3 853/55/3 852/55/3
f 855/55/1 859/55/1 860/55/1 856/55/1
f 861/55/2 862/55/2 858/55/2 857/55/2
f 860/55/3 861/55/3 857/55/3 856/55/3
f 859/55/1 863/55/1 864/55/1 860/55/1
f 865/55/2 866/55/2 862/55/2 861/55/2
f 864/55/3 865/55/3 861/55/3 860/55/3
f 863/55/1 717/55/1 716/55/1 864/55/1
f 867/55/2 868/55/2 866/55/2 865/55/2
f 716/55/3 867/55/3 865/55/3 864/55/3
f 715/53/3 869/53/3 867/53/3 716/53/3
f 718/55/1 719/55/1 703/55/1 715/55/1
f 775/55/2 870/55/2 871/55/2 869/55/2
f 703/55/3 775/55/3 869/55/3 715/55/3
f 720/5/6 872/5/6 776/5/6 704/5/6
f 777/4/5 873/4/5 721/4/5 705/4/5
f 722/54/1 874/54/1 778/54/1 706/54/1
f 781/54/2 875/54/2 876/54/2 782/54/2
f 876/54/4 875/54/4 874/54/4 722/54/4
f 874/54/1 877/54/1 783/54/1 778/54/1
f 786/54/2 878/54/2 875/54/2 781/54/2
f 875/54/4 878/54/4 877/54/4 874/54/4
f 877/54/1 879/54/1 787/54/1 783/54/1
f 790/54/2 880/54/2 878/54/2 786/54/2
f 878/54/4 880/54/4 879/54/4 877/54/4
f 879/54/1 881/54/1 791/54/1 787/54/1
f 794/54/2 882/54/2 880/54/2 790/54/2
f 880/54/4 882/54/4 881/54/4 879/54/4
f 881/54/1 883/54/1 795/54/1 791/54/1
f 798/54/2 884/54/2 882/54/2 794/54/2
f 882/54/4 884/54/4 883/54/4 881/54/4
f 883/54/1 723/54/1 709/54/1 795/54/1
f 800/54/2 885/54/2 884/54/2 798/54/2
f 884/54/4 885/54/4 723/54/4 883/54/4
f 885/53/4 886/53/4 724/53/4 723/53/4
f 724/54/1 887/54/1 802/54/1 710/54/1
f 805/54/2 888/54/2 886/54/2 806/54/2
f 886/54/4 888/54/4 887/54/4 724/54/4
f 887/54/1 889/54/1 807/54/1 802/54/1
f 810/54/2 890/54/2 888/54/2 805/54/2
f 888/54/4 890/54/4 889/54/4 887/54/4
f 889/54/1 891/54/1 811/54/1 807/54/1
f 814/54/2 892/54/2 890/54/2 810/54/2
f 890/54/4 892/54/4 891/54/4 889/54/4
f 891/54/1 893/54/1 815/54/1 811/54/1
f 818/54/2 894/54/2 892/54/2 814/54/2
f 892/54/4 894/54/4 893/54/4 891/54/4
f 893/54/1 895/54/1 819/54/1 815/54/1
f 822/54/2 896/54/2 894/54/2 818/54/2
f 894/54/4 896/54/4 895/54/4 893/54/4
f 895/54/1 897/54/1 823/54/1 819/54/1
f 826/54/2 898/54/2 896/54/2 822/54/2
f 896/54/4 898/54/4 897/54/4 895/54/4
f 897/54/1 899/54/1 827/54/1 823/54/1
f 830/54/2 900/54/2 898/54/2 826/54/2
f 898/54/4 900/54/4 899/54/4 897/54/4
f 899/54/1 901/54/1 831/54/1 827/54/1
f 834/54/2 902/54/2 900/54/2 830/54/2
f 900/54/4 902/54/4 901/54/4 899/54/4
f 901/54/1 903/54/1 835/54/1 831/54/1
f 838/54/2 904/54/2 902/54/2 834/54/2
f 902/54/4 904/54/4 903/54/4 901/54/4
f 903/54/1 725/54/1 713/54/1 835/54/1
f 840/54/2 905/54/2 904/54/2 838/54/2
f 904/54/4 905/54/4 725/54/4 903/54/4
f 905/53/4 906/53/4 726/53/4 725/53/4
f 726/54/1 907/54/1 842/54/1 714/54/1
f 845/54/2 908/54/2 906/54/2 846/54/2
f 906/54/4 908/54/4 907/54/4 726/54/4
f 907/54/1 909/54/1 847/54/1 842/54/1
f 850/54/2 910/54/2 908/54/2 845/54/2
f 908/54/4 910/54/4 909/54/4 907/54/4
f 909/54/1 911/54/1 851/54/1 847/54/1
f 854/54/2 912/54/2 910/54/2 850/54/2
f 910/54/4 912/54/4 911/54/4 909/54/4
f 911/54/1 913/54/1 855/54/1 851/54/1
f 858/54/2 914/54/2 912/54/2 854/54/2
f 912/54/4 914/54/4 913/54/4 911/54/4
f 913/54/1 915/54/1 859/54/1 855/54/1
f 862/54/2 916/54/2 914/54/2 858/54/2
f 914/54/4 916/54/4 915/54/4 913/54/4
f 915/54/1 917/54/1 863/54/1 859/54/1
f 866/54/2 918/54/2 916/54/2 862/54/2
f 916/54/4 918/54/4 917/54/4 915/54/4
f 917/54/1 727/54/1 717/54/1 863/54/1
f 868/54/2 919/54/2 918/54/2 866/54/2
f 918/54/4 919/54/4 727/54/4 917/54/4
f 919/53/4 920/53/4 728/53/4 727/53/4
f 728/54/1 729/54/1 719/54/1 718/54/1
f 870/54/2 921/54/2 920/54/2 871/54/2
f 920/54/4 921/54/4 729/54/4 728/54/4
f 730/5/6 922/5/6 872/5/6 720/5/6
f 873/4/5 923/4/5 731/4/5 721/4/5
f 732/4/6 924/4/6 876/4/6 722/4/6
f 921/5/5 925/5/5 733/5/5 729/5/5
f 734/5/6 926/5/6 922/5/6 730/5/6
f 923/4/5 927/4/5 735/4/5 731/4/5
f 736/4/6 928/4/6 924/4/6 732/4/6
f 929/5/4 930/5/4 738/5/4 737/5/4
f 925/5/5 929/5/5 737/5/5 733/5/5
f 930/5/4 931/5/4 739/5/4 738/5/4
f 931/5/4 932/5/4 740/5/4 739/5/4
f 932/5/4 933/5/4 741/5/4 740/5/4
f 741/5/6 933/5/6 926/5/6 734/5/6
f 927/4/5 934/4/5 742/4/5 735/4/5
f 743/4/6 935/4/6 928/4/6 736/4/6
f 934/4/5 936/4/5 744/4/5 742/4/5
f 745/4/6 937/4/6 935/4/6 743/4/6
f 936/4/5 938/4/5 746/4/5 744/4/5
f 747/4/6 939/4/6 937/4/6 745/4/6
f 938/4/5 940/4/5 748/4/5 746/4/5
f 749/4/6 941/4/6 939/4/6 747/4/6
f 942/4/4 943/4/4 751/4/4 750/4/4
f 940/4/5 942/4/5 750/4/5 748/4/5
f 751/4/6 943/4/6 941/4/6 749/4/6
f 752/4/3 944/4/3 945/4/3 753/4/3
f 945/4/5 946/4/5 754/4/5 753/4/5
f 755/4/6 947/4/6 944/4/6 752/4/6
f 946/4/5 948/4/5 756/4/5 754/4/5
f 757/4/6 949/4/6 947/4/6 755/4/6
f 948/4/5 950/4/5 758/4/5 756/4/5
f 759/4/6 951/4/6 949/4/6 757/4/6
f 950/4/5 952/4/5 760/4/5 758/4/5
f 761/4/6 953/4/6 951/4/6 759/4/6
f 952/4/5 954/4/5 762/4/5 760/4/5
f 763/4/6 955/4/6 953/4/6 761/4/6
f 954/4/5 956/4/5 764/4/5 762/4/5
f 765/4/6 957/4/6 955/4/6 763/4/6
f 766/5/3 958/5/3 959/5/3 767/5/3
f 959/5/5 960/5/5 768/5/5 767/5/5
f 769/5/3 961/5/3 958/5/3 766/5/3
f 770/5/3 962/5/3 961/5/3 769/5/3
f 771/5/3 963/5/3 962/5/3 770/5/3
f 772/5/6 964/5/6 963/5/6 771/5/6
f 956/4/5 965/4/5 773/4/5 764/4/5
f 774/4/6 966/4/6 957/4/6 765/4/6
f 960/5/5 967/5/5 775/5/5 768/5/5
f 776/5/6 968/5/6 964/5/6 772/5/6
f 965/4/5 969/4/5 777/4/5 773/4/5
f 782/4/6 970/4/6 966/4/6 774/4/6
f 801/53/3 971/53/3 972/53/3 799/53/3
f 972/53/5 973/53/5 800/53/5 799/53/5
f 806/53/6 974/53/6 971/53/6 801/53/6
f 841/53/3 975/53/3 976/53/3 839/53/3
f 976/53/5 977/53/5 840/53/5 839/53/5
f 846/53/6 978/53/6 975/53/6 841/53/6
f 869/53/3 979/53/3 980/53/3 867/53/3
f 980/53/5 981/53/5 868/53/5 867/53/5
f 871/53/6 982/53/6 979/53/6 869/53/6
f 967/5/5 983/5/5 870/5/5 775/5/5
f 872/5/6 984/5/6 968/5/6 776/5/6
f 969/4/5 985/4/5 873/4/5 777/4/5
f 876/4/6 986/4/6 970/4/6 782/4/6
f 987/53/4 988/53/4 886/53/4 885/53/4
f 973/53/5 987/53/5 885/53/5 800/53/5
f 886/53/6 988/53/6 974/53/6 806/53/6
f 989/53/4 990/53/4 906/53/4 905/53/4
f 977/53/5 989/53/5 905/53/5 840/53/5
f 906/53/6 990/53/6 978/53/6 846/53/6
f 991/53/4 992/53/4 920/53/4 919/53/4
f 981/53/5 991/53/5 919/53/5 868/53/5
f 920/53/6 992/53/6 982/53/6 871/53/6
f 983/5/5 993/5/5 921/5/5 870/5/5
f 922/5/6 994/5/6 984/5/6 872/5/6
f 985/4/5 995/4/5 923/4/5 873/4/5
f 924/4/6 996/4/6 986/4/6 876/4/6
f 993/5/5 997/5/5 925/5/5 921/5/5
f 926/5/6 998/5/6 994/5/6 922/5/6
f 995/4/5 999/4/5 927/4/5 923/4/5
f 928/4/6 1000/4/6 996/4/6 924/4/6
f 1001/5/4 1002/5/4 930/5/4 929/5/4
f 997/5/5 1001/5/5 929/5/5 925/5/5
f 1002/5/4 1003/5/4 931/5/4 930/5/4
f 1003/5/4 1004/5/4 932/5/4 931/5/4
f 1004/5/4 1005/5/4 933/5/4 932/5/4
f 933/5/6 1005/5/6 998/5/6 926/5/6
f 999/4/5 1006/4/5 934/4/5 927/4/5
f 935/4/6 1007/4/6 1000/4/6 928/4/6
f 1006/4/5 1008/4/5 936/4/5 934/4/5
f 937/4/6 1009/4/6 1007/4/6 935/4/6
f 1008/4/5 1010/4/5 938/4/5 936/4/5
f 939/4/6 1011/4/6 1009/4/6 937/4/6
f 1010/4/5 1012/4/5 940/4/5 938/4/5
f 941/4/6 1013/4/6 1011/4/6 939/4/6
f 1014/4/4 1015/4/4 943/4/4 942/4/4
f 1012/4/5 1014/4/5 942/4/5 940/4/5
f 943/4/6 1015/4/6 1013/4/6 941/4/6
f 944/4/3 1016/4/3 1017/4/3 945/4/3
f 1017/4/5 1018/4/5 946/4/5 945/4/5
f 947/4/6 1019/4/6 1016/4/6 944/4/6
f 1018/4/5 1020/4/5 948/4/5 946/4/5
f 949/4/6 1021/4/6 1019/4/6 947/4/6
f 1020/4/5 1022/4/5 950/4/5 948/4/5
f 951/4/6 1023/4/6 1021/4/6 949/4/6
f 1022/4/5 1024/4/5 952/4/5 950/4/5
f 953/4/6 1025/4/6 1023/4/6 951/4/6
f 1024/4/5 1026/4/5 954/4/5 952/4/5
f 955/4/6 1027/4/6 1025/4/6 953/4/6
f 1026/4/5 1028/4/5 956/4/5 954/4/5
f 957/4/6 1029/4/6 1027/4/6 955/4/6
f 958/5/3 1030/5/3 1031/5/3 959/5/3
f 1031/5/5 1032/5/5 960/5/5 959/5/5
f 961/5/3 1033/5/3 1030/5/3 958/5/3
f 962/5/3 1034/5/3 1033/5/3 961/5/3
f 963/5/3 1035/5/3 1034/5/3 962/5/3
f 964/5/6 1036/5/6 1035/5/6 963/5/6
f 1028/4/5 1037/4/5 965/4/5 956/4/5
f 966/4/6 1038/4/6 1029/4/6 957/4/6
f 1032/5/5 1039/5/5 967/5/5 960/5/5
f 968/5/6 1040/5/6 1036/5/6 964/5/6
f 1037/4/5 1041/4/5 969/4/5 965/4/5
f 970/4/6 1042/4/6 1038/4/6 966/4/6
f 971/53/3 1043/53/3 1044/53/3 972/53/3
f 1044/53/5 1045/53/5 973/53/5 972/53/5
f 974/53/6 1046/53/6 1043/53/6 971/53/6
f 975/53/3 1047/53/3 1048/53/3 976/53/3
f 1048/53/5 1049/53/5 977/53/5 976/53/5
f 978/53/6 1050/53/6 1047/53/6 975/53/6
f 979/53/3 1051/53/3 1052/53/3 980/53/3
f 1052/53/5 1053/53/5 981/53/5 980/53/5
f 982/53/6 1054/53/6 1051/53/6 979/53/6
f 1039/5/5 1055/5/5 983/5/5 967/5/5
f 984/5/6 1056/5/6 1040/5/6 968/5/6
f 1041/4/5 1057/4/5 985/4/5 969/4/5
f 986/4/6 1058/4/6 1042/4/6 970/4/6
f 1059/53/4 1060/53/4 988/53/4 987/53/4
f 1045/53/5 1059/53/5 987/53/5 973/53/5
f 988/53/6 1060/53/6 1046/53/6 974/53/6
f 1061/53/4 1062/53/4 990/53/4 989/53/4
f 1049/53/5 1061/53/5 989/53/5 977/53/5
f 990/53/6 1062/53/6 1050/53/6 978/53/6
f 1063/53/4 1064/53/4 992/53/4 991/53/4
f 1053/53/5 1063/53/5 991/53/5 981/53/5
f 992/53/6 1064/53/6 1054/53/6 982/53/6
f 1055/5/5 1065/5/5 993/5/5 983/5/5
f 994/5/6 1066/5/6 1056/5/6 984/5/6
f 1057/4/5 1067/4/5 995/4/5 985/4/5
f 996/4/6 1068/4/6 1058/4/6 986/4/6
f 1065/5/5 1069/5/5 997/5/5 993/5/5
f 998/5/6 1070/5/6 1066/5/6 994/5/6
f 1067/4/5 1071/4/5 999/4/5 995/4/5
f 1000/4/6 1072/4/6 1068/4/6 996/4/6
f 1073/5/4 1074/5/4 1002/5/4 1001/5/4
f 1069/5/5 1073/5/5 1001/5/5 997/5/5
f 1074/5/4 1075/5/4 1003/5/4 1002/5/4
f 1075/5/4 1076/5/4 1004/5/4 1003/5/4
f 1076/5/4 1077/5/4 1005/5/4 1004/5/4
f 1005/5/6 1077/5/6 1070/5/6 998/5/6
f 1071/4/5 1078/4/5 1006/4/5 999/4/5
f 1007/4/6 1079/4/6 1072/4/6 1000/4/6
f 1078/4/5 1080/4/5 1008/4/5 1006/4/5
f 1009/4/6 1081/4/6 1079/4/6 1007/4/6
f 1080/4/5 1082/4/5 1010/4/5 1008/4/5
f 1011/4/6 1083/4/6 1081/4/6 1009/4/6
f 1082/4/5 1084/4/5 1012/4/5 1010/4/5
f 1013/4/6 1085/4/6 1083/4/6 1011/4/6
f 1086/4/4 1087/4/4 1015/4/4 1014/4/4
f 1084/4/5 1086/4/5 1014/4/5 1012/4/5
f 1015/4/6 1087/4/6 1085/4/6 1013/4/6
f 1016/4/3 1088/4/3 1089/4/3 1017/4/3
f 1089/4/5 1090/4/5 1018/4/5 1017/4/5
f 1019/4/6 1091/4/6 1088/4/6 1016/4/6
f 1090/4/5 1092/4/5 1020/4/5 1018/4/5
f 1021/4/6 1093/4/6 1091/4/6 1019/4/6
f 1092/4/5 1094/4/5 1022/4/5 1020/4/5
f 1023/4/6 1095/4/6 1093/4/6 1021/4/6
f 1094/4/5 1096/4/5 1024/4/5 1022/4/5
f 1025/4/6 1097/4/6 1095/4/6 1023/4/6
f 1096/4/5 1098/4/5 1026/4/5 1024/4/5
f 1027/4/6 1099/4/6 1097/4/6 1025/4/6
f 1098/4/5 1100/4/5 1028/4/5 1026/4/5
f 1029/4/6 1101/4/6 1099/4/6 1027/4/6
f 1030/5/3 1102/5/3 1103/5/3 1031/5/3
f 1103/5/5 1104/5/5 1032/5/5 1031/5/5
f 1033/5/3 1105/5/3 1102/5/3 1030/5/3
f 1034/5/3 1106/5/3 1105/5/3 1033/5/3
f 1035/5/3 1107/5/3 1106/5/3 1034/5/3
f 1036/5/6 1108/5/6 1107/5/6 1035/5/6
f 1100/4/5 1109/4/5 1037/4/5 1028/4/5
f 1038/4/6 1110/4/6 1101/4/6 1029/4/6
f 1104/5/5 1111/5/5 1039/5/5 1032/5/5
f 1040/5/6 1112/5/6 1108/5/6 1036/5/6
f 1109/4/5 1113/4/5 1041/4/5 1037/4/5
f 1042/55/1 1114/55/1 1115/55/1 1038/55/1
f 1116/55/2 1117/55/2 1118/55/2 1110/55/2
f 1115/55/3 1116/55/3 1110/55/3 1038/55/3
f 1114/55/1 1119/55/1 1120/55/1 1115/55/1
f 1121/55/2 1122/55/2 1117/55/2 1116/55/2
f 1120/55/3 1121/55/3 1116/55/3 1115/55/3
f 1119/55/1 1123/55/1 1124/55/1 1120/55/1
f 1125/55/2 1126/55/2 1122/55/2 1121/55/2
f 1124/55/3 1125/55/3 1121/55/3 1120/55/3
f 1123/55/1 1127/55/1 1128/55/1 1124/55/1
f 1129/55/2 1130/55/2 1126/55/2 1125/55/2
f 1128/55/3 1129/55/3 1125/55/3 1124/55/3
f 1127/55/1 1131/55/1 1132/55/1 1128/55/1
f 1133/55/2 1134/55/2 1130/55/2 1129/55/2
f 1132/55/3 1133/55/3 1129/55/3 1128/55/3
f 1131/55/1 1045/55/1 1044/55/1 1132/55/1
f 1135/55/2 1136/55/2 1134/55/2 1133/55/2
f 1044/55/3 1135/55/3 1133/55/3 1132/55/3
f 1043/53/3 1137/53/3 1135/53/3 1044/53/3
f 1046/55/1 1138/55/1 1139/55/1 1043/55/1
f 1140/55/2 1141/55/2 1142/55/2 1137/55/2
f 1139/55/3 1140/55/3 1137/55/3 1043/55/3
f 1138/55/1 1143/55/1 1144/55/1 1139/55/1
f 1145/55/2 1146/55/2 1141/55/2 1140/55/2
f 1144/55/3 1145/55/3 1140/55/3 1139/55/3
f 1143/55/1 1147/55/1 1148/55/1 1144/55/1
f 1149/55/2 1150/55/2 1146/55/2 1145/55/2
f 1148/55/3 1149/55/3 1145/55/3 1144/55/3
f 1147/55/1 1151/55/1 1152/55/1 1148/55/1
f 1153/55/2 1154/55/2 1150/55/2 1149/55/2
f 1152/55/3 1153/55/3 1149/55/3 1148/55/3
f 1151/55/1 1155/55/1 1156/55/1 1152/55/1
f 1157/55/2 1158/55/2 1154/55/2 1153/55/2
f 1156/55/3 1157/55/3 1153/55/3 1152/55/3
f 1155/55/1 1159/55/1 1160/55/1 1156/55/1
f 1161/55/2 1162/55/2 1158/55/2 1157/55/2
f 1160/55/3 1161/55/3 1157/55/3 1156/55/3
f 1159/55/1 1163/55/1 1164/55/1 1160/55/1
f 1165/55/2 1166/55/2 1162/55/2 1161/55/2
f 1164/55/3 1165/55/3 1161/55/3 1160/55/3
f 1163/55/1 1167/55/1 1168/55/1 1164/55/1
f 1169/55/2 1170/55/2 1166/55/2 1165/55/2
f 1168/55/3 1169/55/3 1165/55/3 1164/55/3
f 1167/55/1 1171/55/1 1172/55/1 1168/55/1
f 1173/55/2 1174/55/2 1170/55/2 1169/55/2
f 1172/55/3 1173/55/3 1169/55/3 1168/55/3
f 1171/55/1 1049/55/1 1048/55/1 1172/55/1
f 1175/55/2 1176/55/2 1174/55/2 1173/55/2
f 1048/55/3 1175/55/3 1173/55/3 1172/55/3
f 1047/53/3 1177/53/3 1175/53/3 1048/53/3
f 1050/55/1 1178/55/1 1179/55/1 1047/55/1
f 1180/55/2 1181/55/2 1182/55/2 1177/55/2
f 1179/55/3 1180/55/3 1177/55/3 1047/55/3
f 1178/55/1 1183/55/1 1184/55/1 1179/55/1
f 1185/55/2 1186/55/2 1181/55/2 1180/55/2
f 1184/55/3 1185/55/3 1180/55/3 1179/55/3
f 1183/55/1 1187/55/1 1188/55/1 1184/55/1
f 1189/55/2 1190/55/2 1186/55/2 1185/55/2
f 1188/55/3 1189/55/3 1185/55/3 1184/55/3
f 1187/55/1 1191/55/1 1192/55/1 1188/55/1
f 1193/55/2 1194/55/2 1190/55/2 1189/55/2
f 1192/55/3 1193/55/3 1189/55/3 1188/55/3
f 1191/55/1 1195/55/1 1196/55/1 1192/55/1
f 1197/55/2 1198/55/2 1194/55/2 1193/55/2
f 1196/55/3 1197/55/3 1193/55/3 1192/55/3
f 1195/55/1 1199/55/1 1200/55/1 1196/55/1
f 1201/55/2 1202/55/2 1198/55/2 1197/55/2
f 1200/55/3 1201/55/3 1197/55/3 1196/55/3
f 1199/55/1 1053/55/1 1052/55/1 1200/55/1
f 1203/55/2 1204/55/2 1202/55/2 1201/55/2
f 1052/55/3 1203/55/3 1201/55/3 1200/55/3
f 1051/53/3 1205/53/3 1203/53/3 1052/53/3
f 1054/55/1 1055/55/1 1039/55/1 1051/55/1
f 1111/55/2 1206/55/2 1207/55/2 1205/55/2
f 1039/55/3 1111/55/3 1205/55/3 1051/55/3
f 1056/5/6 1208/5/6 1112/5/6 1040/5/6
f 1113/4/5 1209/4/5 1057/4/5 1041/4/5
f 1058/54/1 1210/54/1 1114/54/1 1042/54/1
f 1117/54/2 1211/54/2 1212/54/2 1118/54/2
f 1212/54/4 1211/54/4 1210/54/4 1058/54/4
f 1210/54/1 1213/54/1 1119/54/1 1114/54/1
f 1122/54/2 1214/54/2 1211/54/2 1117/54/2
f 1211/54/4 1214/54/4 1213/54/4 1210/54/4
f 1213/54/1 1215/54/1 1123/54/1 1119/54/1
f 1126/54/2 1216/54/2 1214/54/2 1122/54/2
f 1214/54/4 1216/54/4 1215/54/4 1213/54/4
f 1215/54/1 1217/54/1 1127/54/1 1123/54/1
f 1130/54/2 1218/54/2 1216/54/2 1126/54/2
f 1216/54/4 1218/54/4 1217/54/4 1215/54/4
f 1217/54/1 1219/54/1 1131/54/1 1127/54/1
f 1134/54/2 1220/54/2 1218/54/2 1130/54/2
f 1218/54/4 1220/54/4 1219/54/4 1217/54/4
f 1219/54/1 1059/54/1 1045/54/1 1131/54/1
f 1136/54/2 1221/54/2 1220/54/2 1134/54/2
f 1220/54/4 1221/54/4 1059/54/4 1219/54/4
f 1221/53/4 1222/53/4 1060/53/4 1059/53/4
f 1060/54/1 1223/54/1 1138/54/1 1046/54/1
f 1141/54/2 1224/54/2 1222/54/2 1142/54/2
f 1222/54/4 1224/54/4 1223/54/4 1060/54/4
f 1223/54/1 1225/54/1 1143/54/1 1138/54/1
f 1146/54/2 1226/54/2 1224/54/2 1141/54/2
f 1224/54/4 1226/54/4 1225/54/4 1223/54/4
f 1225/54/1 1227/54/1 1147/54/1 1143/54/1
f 1150/54/2 1228/54/2 1226/54/2 1146/54/2
f 1226/54/4 1228/54/4 1227/54/4 1225/54/4
f 1227/54/1 1229/54/1 1151/54/1 1147/54/1
f 1154/54/2 1230/54/2 1228/54/2 1150/54/2
f 1228/54/4 1230/54/4 1229/54/4 1227/54/4
f 1229/54/1 1231/54/1 1155/54/1 1151/54/1
f 1158/54/2 1232/54/2 1230/54/2 1154/54/2
f 1230/54/4 1232/54/4 1231/54/4 1229/54/4
f 1231/54/1 1233/54/1 1159/54/1 1155/54/1
f 1162/54/2 1234/54/2 1232/54/2 1158/54/2
f 1232/54/4 1234/54/4 1233/54/4 1231/54/4
f 1233/54/1 1235/54/1 1163/54/1 1159/54/1
f 1166/54/2 1236/54/2 1234/54/2 1162/54/2
f 1234/54/4 1236/54/4 1235/54/4 1233/54/4
f 1235/54/1 1237/54/1 1167/54/1 1163/54/1
f 1170/54/2 1238/54/2 1236/54/2 1166/54/2
f 1236/54/4 1238/54/4 1237/54/4 1235/54/4
f 1237/54/1 1239/54/1 1171/54/1 1167/54/1
f 1174/54/2 1240/54/2 1238/54/2 1170/54/2
f 1238/54/4 1240/54/4 1239/54/4 1237/54/4
f 1239/54/1 1061/54/1 1049/54/1 1171/54/1
f 1176/54/2 1241/54/2 1240/54/2 1174/54/2
f 1240/54/4 1241/54/4 1061/54/4 1239/54/4
f 1241/53/4 1242/53/4 1062/53/4 1061/53/4
f 1062/54/1 1243/54/1 1178/54/1 1050/54/1
f 1181/54/2 1244/54/2 1242/54/2 1182/54/2
f 1242/54/4 1244/54/4 1243/54/4 1062/54/4
f 1243/54/1 1245/54/1 1183/54/1 1178/54/1
f 1186/54/2 1246/54/2 1244/54/2 1181/54/2
f 1244/54/4 1246/54/4 1245/54/4 1243/54/4
f 1245/54/1 1247/54/1 1187/54/1 1183/54/1
f 1190/54/2 1248/54/2 1246/54/2 1186/54/2
f 1246/54/4 1248/54/4 1247/54/4 1245/54/4
f 1247/54/1 1249/54/1 1191/54/1 1187/54/1
f 1194/54/2 1250/54/2 1248/54/2 1190/54/2
f 1248/54/4 1250/54/4 1249/54/4 1247/54/4
f 1249/54/1 1251/54/1 1195/54/1 1191/54/1
f 1198/54/2 1252/54/2 1250/54/2 1194/54/2
f 1250/54/4 1252/54/4 1251/54/4 1249/54/4
f 1251/54/1 1253/54/1 1199/54/1 1195/54/1
f 1202/54/2 1254/54/2 1252/54/2 1198/54/2
f 1252/54/4 1254/54/4 1253/54/4 1251/54/4
f 1253/54/1 1063/54/1 1053/54/1 1199/54/1
f 1204/54/2 1255/54/2 1254/54/2 1202/54/2
f 1254/54/4 1255/54/4 1063/54/4 1253/54/4
f 1255/53/4 1256/53/4 1064/53/4 1063/53/4
f 1064/54/1 1065/54/1 1055/54/1 1054/54/1
f 1206/54/2 1257/54/2 1256/54/2 1207/54/2
f 1256/54/4 1257/54/4 1065/54/4 1064/54/4
f 1066/5/6 1258/5/6 1208/5/6 1056/5/6
f 1209/4/5 1259/4/5 1067/4/5 1057/4/5
f 1068/4/6 1260/4/6 1212/4/6 1058/4/6
f 1257/5/5 1261/5/5 1069/5/5 1065/5/5
f 1070/5/6 1262/5/6 1258/5/6 1066/5/6
f 1259/4/5 1263/4/5 1071/4/5 1067/4/5
f 1072/4/6 1264/4/6 1260/4/6 1068/4/6
f 1265/5/4 1266/5/4 1074/5/4 1073/5/4
f 1261/5/5 1265/5/5 1073/5/5 1069/5/5
f 1266/5/4 1267/5/4 1075/5/4 1074/5/4
f 1267/5/4 1268/5/4 1076/5/4 1075/5/4
f 1268/5/4 1269/5/4 1077/5/4 1076/5/4
f 1077/5/6 1269/5/6 1262/5/6 1070/5/6
f 1263/4/5 1270/4/5 1078/4/5 1071/4/5
f 1079/4/6 1271/4/6 1264/4/6 1072/4/6
f 1270/4/5 1272/4/5 1080/4/5 1078/4/5
f 1081/4/6 1273/4/6 1271/4/6 1079/4/6
f 1272/4/5 1274/4/5 1082/4/5 1080/4/5
f 1083/4/6 1275/4/6 1273/4/6 1081/4/6
f 1274/4/5 1276/4/5 1084/4/5 1082/4/5
f 1085/4/6 1277/4/6 1275/4/6 1083/4/6
f 1278/4/4 1279/4/4 1087/4/4 1086/4/4
f 1276/4/5 1278/4/5 1086/4/5 1084/4/5
f 1087/4/6 1279/4/6 1277/4/6 1085/4/6
f 1088/4/3 1280/4/3 1281/4/3 1089/4/3
f 1281/4/5 1282/4/5 1090/4/5 1089/4/5
f 1091/4/6 1283/4/6 1280/4/6 1088/4/6
f 1282/4/5 1284/4/5 1092/4/5 1090/4/5
f 1093/4/6 1285/4/6 1283/4/6 1091/4/6
f 1284/4/5 1286/4/5 1094/4/5 1092/4/5
f 1095/4/6 1287/4/6 1285/4/6 1093/4/6
f 1286/4/5 1288/4/5 1096/4/5 1094/4/5
f 1097/4/6 1289/4/6 1287/4/6 1095/4/6
f 1288/4/5 1290/4/5 1098/4/5 1096/4/5
f 1099/4/6 1291/4/6 1289/4/6 1097/4/6
f 1290/4/5 1292/4/5 1100/4/5 1098/4/5
f 1101/4/6 1293/4/6 1291/4/6 1099/4/6
f 1102/5/3 1294/5/3 1295/5/3 1103/5/3
f 1295/5/5 1296/5/5 1104/5/5 1103/5/5
f 1105/5/3 1297/5/3 1294/5/3 1102/5/3
f 1106/5/3 1298/5/3 1297/5/3 1105/5/3
f 1107/5/3 1299/5/3 1298/5/3 1106/5/3
f 1108/5/6 1300/5/6 1299/5/6 1107/5/6
f 1292/4/5 1301/4/5 1109/4/5 1100/4/5
f 1110/4/6 1302/4/6 1293/4/6 1101/4/6
f 1296/5/5 1303/5/5 1111/5/5 1104/5/5
f 1112/5/6 1304/5/6 1300/5/6 1108/5/6
f 1301/4/5 1305/4/5 1113/4/5 1109/4/5
f 1118/4/6 1306/4/6 1302/4/6 1110/4/6
f 1137/53/3 1307/53/3 1308/53/3 1135/53/3
f 1308/53/5 1309/53/5 1136/53/5 1135/53/5
f 1142/53/6 1310/53/6 1307/53/6 1137/53/6
f 1177/53/3 1311/53/3 1312/53/3 1175/53/3
f 1312/53/5 1313/53/5 1176/53/5 1175/53/5
f 1182/53/6 1314/53/6 1311/53/6 1177/53/6
f 1205/53/3 1315/53/3 1316/53/3 1203/53/3
f 1316/53/5 1317/53/5 1204/53/5 1203/53/5
f 1207/53/6 1318/53/6 1315/53/6 1205/53/6
f 1303/5/5 1319/5/5 1206/5/5 1111/5/5
f 1208/5/6 1320/5/6 1304/5/6 1112/5/6
f 1305/4/5 1321/4/5 1209/4/5 1113/4/5
f 1212/4/6 1322/4/6 1306/4/6 1118/4/6
f 1323/53/4 1324/53/4 1222/53/4 1221/53/4
f 1309/53/5 1323/53/5 1221/53/5 1136/53/5
f 1222/53/6 1324/53/6 1310/53/6 1142/53/6
f 1325/53/4 1326/53/4 1242/53/4 1241/53/4
f 1313/53/5 1325/53/5 1241/53/5 1176/53/5
f 1242/53/6 1326/53/6 1314/53/6 1182/53/6
f 1327/53/4 1328/53/4 1256/53/4 1255/53/4
f 1317/53/5 1327/53/5 1255/53/5 1204/53/5
f 1256/53/6 1328/53/6 1318/53/6 1207/53/6
f 1319/5/5 1329/5/5 1257/5/5 1206/5/5
f 1258/5/6 1330/5/6 1320/5/6 1208/5/6
f 1321/4/5 1331/4/5 1259/4/5 1209/4/5
f 1260/4/6 1332/4/6 1322/4/6 1212/4/6
f 1329/5/5 1333/5/5 1261/5/5 1257/5/5
f 1262/5/6 1334/5/6 1330/5/6 1258/5/6
f 1331/4/5 1335/4/5 1263/4/5 1259/4/5
f 1264/4/6 1336/4/6 1332/4/6 1260/4/6
f 1337/5/4 1338/5/4 1266/5/4 1265/5/4
f 1333/5/5 1337/5/5 1265/5/5 1261/5/5
f 1338/5/4 1339/5/4 1267/5/4 1266/5/4
f 1339/5/4 1340/5/4 1268/5/4 1267/5/4
f 1340/5/4 1341/5/4 1269/5/4 1268/5/4
f 1269/5/6 1341/5/6 1334/5/6 1262/5/6
f 1335/4/5 1342/4/5 1270/4/5 1263/4/5
f 1271/4/6 1343/4/6 1336/4/6 1264/4/6
f 1342/4/5 1344/4/5 1272/4/5 1270/4/5
f 1273/4/6 1345/4/6 1343/4/6 1271/4/6
f 1344/4/5 1346/4/5 1274/4/5 1272/4/5
f 1275/4/6 1347/4/6 1345/4/6 1273/4/6
f 1346/4/5 1348/4/5 1276/4/5 1274/4/5
f 1277/4/6 1349/4/6 1347/4/6 1275/4/6
f 1350/4/4 1351/4/4 1279/4/4 1278/4/4
f 1348/4/5 1350/4/5 1278/4/5 1276/4/5
f 1279/4/6 1351/4/6 1349/4/6 1277/4/6
f 1280/4/3 1352/4/3 1353/4/3 1281/4/3
f 1353/4/5 1354/4/5 1282/4/5 1281/4/5
f 1283/4/6 1355/4/6 1352/4/6 1280/4/6
f 1354/4/5 1356/4/5 1284/4/5 1282/4/5
f 1285/4/6 1357/4/6 1355/4/6 1283/4/6
f 1356/4/5 1358/4/5 1286/4/5 1284/4/5
f 1287/4/6 1359/4/6 1357/4/6 1285/4/6
f 1358/4/5 1360/4/5 1288/4/5 1286/4/5
f 1289/4/6 1361/4/6 1359/4/6 1287/4/6
f 1360/4/5 1362/4/5 1290/4/5 1288/4/5
f 1291/4/6 1363/4/6 1361/4/6 1289/4/6
f 1362/4/5 1364/4/5 1292/4/5 1290/4/5
f 1293/4/6 1365/4/6 1363/4/6 1291/4/6
f 1294/5/3 1366/5/3 1367/5/3 1295/5/3
f 1367/5/5 1368/5/5 1296/5/5 1295/5/5
f 1297/5/3 1369/5/3 1366/5/3 1294/5/3
f 1298/5/3 1370/5/3 1369/5/3 1297/5/3
f 1299/5/3 1371/5/3 1370/5/3 1298/5/3
f 1300/5/6 1372/5/6 1371/5/6 1299/5/6
f 1364/4/5 1373/4/5 1301/4/5 1292/4/5
f 1302/4/6 1374/4/6 1365/4/6 1293/4/6
f 1368/5/5 1375/5/5 1303/5/5 1296/5/5
f 1304/5/6 1376/5/6 1372/5/6 1300/5/6
f 1373/4/5 1377/4/5 1305/4/5 1301/4/5
f 1306/4/6 1378/4/6 1374/4/6 1302/4/6
f 1307/53/3 1379/53/3 1380/53/3 1308/53/3
f 1380/53/5 1381/53/5 1309/53/5 1308/53/5
f 1310/53/6 1382/53/6 1379/53/6 1307/53/6
f 1311/53/3 1383/53/3 1384/53/3 1312/53/3
f 1384/53/5 1385/53/5 1313/53/5 1312/53/5
f 1314/53/6 1386/53/6 1383/53/6 1311/53/6
f 1315/53/3 1387/53/3 1388/53/3 1316/53/3
f 1388/53/5 1389/53/5 1317/53/5 1316/53/5
f 1318/53/6 1390/53/6 1387/53/6 1315/53/6
f 1375/5/5 1391/5/5 1319/5/5 1303/5/5
f 1320/5/6 1392/5/6 1376/5/6 1304/5/6
f 1377/4/5 1393/4/5 1321/4/5 1305/4/5
f 1322/4/6 1394/4/6 1378/4/6 1306/4/6
f 1395/53/4 1396/53/4 1324/53/4 1323/53/4
f 1381/53/5 1395/53/5 1323/53/5 1309/53/5
f 1324/53/6 1396/53/6 1382/53/6 1310/53/6
f 1397/53/4 1398/53/4 1326/53/4 1325/53/4
f 1385/53/5 1397/53/5 1325/53/5 1313/53/5
f 1326/53/6 1398/53/6 1386/53/6 1314/53/6
f 1399/53/4 1400/53/4 1328/53/4 1327/53/4
f 1389/53/5 1399/53/5 1327/53/5 1317/53/5
f 1328/53/6 1400/53/6 1390/53/6 1318/53/6
f 1391/5/5 1401/5/5 1329/5/5 1319/5/5
f 1330/5/6 1402/5/6 1392/5/6 1320/5/6
f 1393/4/5 1403/4/5 1331/4/5 1321/4/5
f 1332/4/6 1404/4/6 1394/4/6 1322/4/6
f 1401/5/5 1405/5/5 1333/5/5 1329/5/5
f 1334/5/6 1406/5/6 1402/5/6 1330/5/6
f 1403/4/5 1407/4/5 1335/4/5 1331/4/5
f 1336/4/6 1408/4/6 1404/4/6 1332/4/6
f 1409/5/4 1410/5/4 1338/5/4 1337/5/4
f 1405/5/5 1409/5/5 1337/5/5 1333/5/5
f 1410/5/4 1411/5/4 1339/5/4 1338/5/4
f 1411/5/4 1412/5/4 1340/5/4 1339/5/4
f 1412/5/4 1413/5/4 1341/5/4 1340/5/4
f 1341/5/6 1413/5/6 1406/5/6 1334/5/6
f 1407/4/5 1414/4/5 1342/4/5 1335/4/5
f 1343/4/6 1415/4/6 1408/4/6 1336/4/6
f 1414/4/5 1416/4/5 1344/4/5 1342/4/5
f 1345/4/6 1417/4/6 1415/4/6 1343/4/6
f 1416/4/5 1418/4/5 1346/4/5 1344/4/5
f 1347/4/6 1419/4/6 1417/4/6 1345/4/6
f 1418/4/5 1420/4/5 1348/4/5 1346/4/5
f 1349/4/6 1421/4/6 1419/4/6 1347/4/6
f 1422/4/4 1423/4/4 1351/4/4 1350/4/4
f 1420/4/5 1422/4/5 1350/4/5 1348/4/5
f 1351/4/6 1423/4/6 1421/4/6 1349/4/6
f 1352/4/3 1424/4/3 1425/4/3 1353/4/3
f 1425/4/5 1426/4/5 1354/4/5 1353/4/5
f 1355/4/6 1427/4/6 1424/4/6 1352/4/6
f 1426/4/5 1428/4/5 1356/4/5 1354/4/5
f 1357/4/6 1429/4/6 1427/4/6 1355/4/6
f 1428/4/5 1430/4/5 1358/4/5 1356/4/5
f 1359/4/6 1431/4/6 1429/4/6 1357/4/6
f 1430/4/5 1432/4/5 1360/4/5 1358/4/5
f 1361/4/6 1433/4/6 1431/4/6 1359/4/6
f 1432/4/5 1434/4/5 1362/4/5 1360/4/5
f 1363/4/6 1435/4/6 1433/4/6 1361/4/6
f 1434/4/5 1436/4/5 1364/4/5 1362/4/5
f 1365/4/6 1437/4/6 1435/4/6 1363/4/6
f 1366/5/3 1438/5/3 1439/5/3 1367/5/3
f 1439/5/5 1440/5/5 1368/5/5 1367/5/5
f 1369/5/3 1441/5/3 1438/5/3 1366/5/3
f 1370/5/3 1442/5/3 1441/5/3 1369/5/3
f 1371/5/3 1443/5/3 1442/5/3 1370/5/3
f 1372/5/6 1444/5/6 1443/5/6 1371/5/6
f 1436/4/5 1445/4/5 1373/4/5 1364/4/5
f 1374/4/6 1446/4/6 1437/4/6 1365/4/6
f 1440/5/5 1447/5/5 1375/5/5 1368/5/5
f 1376/5/6 1448/5/6 1444/5/6 1372/5/6
f 1445/4/5 1449/4/5 1377/4/5 1373/4/5
f 1378/55/1 1450/55/1 1451/55/1 1374/55/1
f 1452/55/2 1453/55/2 1454/55/2 1446/55/2
f 1451/55/3 1452/55/3 1446/55/3 1374/55/3
f 1450/55/1 1455/55/1 1456/55/1 1451/55/1
f 1457/55/2 1458/55/2 1453/55/2 1452/55/2
f 1456/55/3 1457/55/3 1452/55/3 1451/55/3
f 1455/55/1 1459/55/1 1460/55/1 1456/55/1
f 1461/55/2 1462/55/2 1458/55/2 1457/55/2
f 1460/55/3 1461/55/3 1457/55/3 1456/55/3
f 1459/55/1 1463/55/1 1464/55/1 1460/55/1
f 1465/55/2 1466/55/2 1462/55/2 1461/55/2
f 1464/55/3 1465/55/3 1461/55/3 1460/55/3
f 1463/55/1 1467/55/1 1468/55/1 1464/55/1
f 1469/55/2 1470/55/2 1466/55/2 1465/55/2
f 1468/55/3 1469/55/3 1465/55/3 1464/55/3
f 1467/55/1 1381/55/1 1380/55/1 1468/55/1
f 1471/55/2 1472/55/2 1470/55/2 1469/55/2
f 1380/55/3 1471/55/3 1469/55/3 1468/55/3
f 1379/53/3 1473/53/3 1471/53/3 1380/53/3
f 1382/55/1 1474/55/1 1475/55/1 1379/55/1
f 1476/55/2 1477/55/2 1478/55/2 1473/55/2
f 1475/55/3 1476/55/3 1473/55/3 1379/55/3
f 1474/55/1 1479/55/1 1480/55/1 1475/55/1
f 1481/55/2 1482/55/2 1477/55/2 1476/55/2
f 1480/55/3 1481/55/3 1476/55/3 1475/55/3
f 1479/55/1 1483/55/1 1484/55/1 1480/55/1
f 1485/55/2 1486/55/2 1482/55/2 1481/55/2
f 1484/55/3 1485/55/3 1481/55/3 1480/55/3
f 1483/55/1 1487/55/1 1488/55/1 1484/55/1
f 1489/55/2 1490/55/2 1486/55/2 1485/55/2
f 1488/55/3 1489/55/3 1485/55/3 1484/55/3
f 1487/55/1 1491/55/1 1492/55/1 1488/55/1
f 1493/55/2 1494/55/2 1490/55/2 1489/55/2
f 1492/55/3 1493/55/3 1489/55/3 1488/55/3
f 1491/55/1 1495/55/1 1496/55/1 1492/55/1
f 1497/55/2 1498/55/2 1494/55/2 1493/55/2
f 1496/55/3 1497/55/3 1493/55/3 1492/55/3
f 1495/55/1 1499/55/1 1500/55/1 1496/55/1
f 1501/55/2 1502/55/2 1498/55/2 1497/55/2
f 1500/55/3 1501/55/3 1497/55/3 1496/55/3
f 1499/55/1 1503/55/1 1504/55/1 1500/55/1
f 1505/55/2 1506/55/2 1502/55/2 1501/55/2
f 1504/55/3 1505/55/3 1501/55/3 1500/55/3
f 1503/55/1 1507/55/1 1508/55/1 1504/55/1
f 1509/55/2 1510/55/2 1506/55/2 1505/55/2
f 1508/55/3 1509/55/3 1505/55/3 1504/55/3
f 1507/55/1 1385/55/1 1384/55/1 1508/55/1
f 1511/55/2 1512/55/2 1510/55/2 1509/55/2
f 1384/55/3 1511/55/3 1509/55/3 1508/55/3
f 1383/53/3 1513/53/3 1511/53/3 1384/53/3
f 1386/55/1 1514/55/1 1515/55/1 1383/55/1
f 1516/55/2 1517/55/2 1518/55/2 1513/55/2
f 1515/55/3 1516/55/3 1513/55/3 1383/55/3
f 1514/55/1 1519/55/1 1520/55/1 1515/55/1
f 1521/55/2 1522/55/2 1517/55/2 1516/55/2
f 1520/55/3 1521/55/3 1516/55/3 1515/55/3
f 1519/55/1 1523/55/1 1524/55/1 1520/55/1
f 1525/55/2 1526/55/2 1522/55/2 1521/55/2
f 1524/55/3 1525/55/3 1521/55/3 1520/55/3
f 1523/55/1 1527/55/1 1528/55/1 1524/55/1
f 1529/55/2 1530/55/2 1526/55/2 1525/55/2
f 1528/55/3 1529/55/3 1525/55/3 1524/55/3
f 1527/55/1 1531/55/1 1532/55/1 1528/55/1
f 1533/55/2 1534/55/2 1530/55/2 1529/55/2
f 1532/55/3 1533/55/3 1529/55/3 1528/55/3
f 1531/55/1 1535/55/1 1536/55/1 1532/55/1
f 1537/55/2 1538/55/2 1534/55/2 1533/55/2
f 1536/55/3 1537/55/3 1533/55/3 1532/55/3
f 1535/55/1 1389/55/1 1388/55/1 1536/55/1
f 1539/55/2 1540/55/2 1538/55/2 1537/55/2
f 1388/55/3 1539/55/3 1537/55/3 1536/55/3
f 1387/53/3 1541/53/3 1539/53/3 1388/53/3
f 1390/55/1 1391/55/1 1375/55/1 1387/55/1
f 1447/55/2 1542/55/2 1543/55/2 1541/55/2
f 1375/55/3 1447/55/3 1541/55/3 1387/55/3
f 1392/5/6 1544/5/6 1448/5/6 1376/5/6
f 1449/4/5 1545/4/5 1393/4/5 1377/4/5
f 1394/54/1 1546/54/1 1450/54/1 1378/54/1
f 1453/54/2 1547/54/2 1548/54/2 1454/54/2
f 1548/54/4 1547/54/4 1546/54/4 1394/54/4
f 1546/54/1 1549/54/1 1455/54/1 1450/54/1
f 1458/54/2 1550/54/2 1547/54/2 1453/54/2
f 1547/54/4 1550/54/4 1549/54/4 1546/54/4
f 1549/54/1 1551/54/1 1459/54/1 1455/54/1
f 1462/54/2 1552/54/2 1550/54/2 1458/54/2
f 1550/54/4 1552/54/4 1551/54/4 1549/54/4
f 1551/54/1 1553/54/1 1463/54/1 1459/54/1
f 1466/54/2 1554/54/2 1552/54/2 1462/54/2
f 1552/54/4 1554/54/4 1553/54/4 1551/54/4
f 1553/54/1 1555/54/1 1467/54/1 1463/54/1
f 1470/54/2 1556/54/2 1554/54/2 1466/54/2
f 1554/54/4 1556/54/4 1555/54/4 1553/54/4
f 1555/54/1 1395/54/1 1381/54/1 1467/54/1
f 1472/54/2 1557/54/2 1556/54/2 1470/54/2
f 1556/54/4 1557/54/4 1395/54/4 1555/54/4
f 1557/53/4 1558/53/4 1396/53/4 1395/53/4
f 1396/54/1 1559/54/1 1474/54/1 1382/54/1
f 1477/54/2 1560/54/2 1558/54/2 1478/54/2
f 1558/54/4 1560/54/4 1559/54/4 1396/54/4
f 1559/54/1 1561/54/1 1479/54/1 1474/54/1
f 1482/54/2 1562/54/2 1560/54/2 1477/54/2
f 1560/54/4 1562/54/4 1561/54/4 1559/54/4
f 1561/54/1 1563/54/1 1483/54/1 1479/54/1
f 1486/54/2 1564/54/2 1562/54/2 1482/54/2
f 1562/54/4 1564/54/4 1563/54/4 1561/54/4
f 1563/54/1 1565/54/1 1487/54/1 1483/54/1
f 1490/54/2 1566/54/2 1564/54/2 1486/54/2
f 1564/54/4 1566/54/4 1565/54/4 1563/54/4
f 1565/54/1 1567/54/1 1491/54/1 1487/54/1
f 1494/54/2 1568/54/2 1566/54/2 1490/54/2
f 1566/54/4 1568/54/4 1567/54/4 1565/54/4
f 1567/54/1 1569/54/1 1495/54/1 1491/54/1
f 1498/54/2 1570/54/2 1568/54/2 1494/54/2
f 1568/54/4 1570/54/4 1569/54/4 1567/54/4
f 1569/54/1 1571/54/1 1499/54/1 1495/54/1
f 1502/54/2 1572/54/2 1570/54/2 1498/54/2
f 1570/54/4 1572/54/4 1571/54/4 1569/54/4
f 1571/54/1 1573/54/1 1503/54/1 1499/54/1
f 1506/54/2 1574/54/2 1572/54/2 1502/54/2
f 1572/54/4 1574/54/4 1573/54/4 1571/54/4
f 1573/54/1 1575/54/1 1507/54/1 1503/54/1
f 1510/54/2 1576/54/2 1574/54/2 1506/54/2
f 1574/54/4 1576/54/4 1575/54/4 1573/54/4
f 1575/54/1 1397/54/1 1385/54/1 1507/54/1
f 1512/54/2 1577/54/2 1576/54/2 1510/54/2
f 1576/54/4 1577/54/4 1397/54/4 1575/54/4
f 1577/53/4 1578/53/4 1398/53/4 1397/53/4
f 1398/54/1 1579/54/1 1514/54/1 1386/54/1
f 1517/54/2 1580/54/2 1578/54/2 1518/54/2
f 1578/54/4 1580/54/4 1579/54/4 1398/54/4
f 1579/54/1 1581/54/1 1519/54/1 1514/54/1
f 1522/54/2 1582/54/2 1580/54/2 1517/54/2
f 1580/54/4 1582/54/4 1581/54/4 1579/54/4
f 1581/54/1 1583/54/1 1523/54/1 1519/54/1
f 1526/54/2 1584/54/2 1582/54/2 1522/54/2
f 1582/54/4 1584/54/4 1583/54/4 1581/54/4
f 1583/54/1 1585/54/1 1527/54/1 1523/54/1
f 1530/54/2 1586/54/2 1584/54/2 1526/54/2
f 1584/54/4 1586/54/4 1585/54/4 1583/54/4
f 1585/54/1 1587/54/1 1531/54/1 1527/54/1
f 1534/54/2 1588/54/2 1586/54/2 1530/54/2
f 1586/54/4 1588/54/4 1587/54/4 1585/54/4
f 1587/54/1 1589/54/1 1535/54/1 1531/54/1
f 1538/54/2 1590/54/2 1588/54/2 1534/54/2
f 1588/54/4 1590/54/4 1589/54/4 1587/54/4
f 1589/54/1 1399/54/1 1389/54/1 1535/54/1
f 1540/54/2 1591/54/2 1590/54/2 1538/54/2
f 1590/54/4 1591/54/4 1399/54/4 1589/54/4
f 1591/53/4 1592/53/4 1400/53/4 1399/53/4
f 1400/54/1 1401/54/1 1391/54/1 1390/54/1
f 1542/54/2 1593/54/2 1592/54/2 1543/54/2
f 1592/54/4 1593/54/4 1401/54/4 1400/54/4
f 1402/5/6 1594/5/6 1544/5/6 1392/5/6
f 1545/4/5 1595/4/5 1403/4/5 1393/4/5
f 1404/4/6 1596/4/6 1548/4/6 1394/4/6
f 1593/5/5 1597/5/5 1405/5/5 1401/5/5
f 1406/5/6 1598/5/6 1594/5/6 1402/5/6
f 1595/4/5 1599/4/5 1407/4/5 1403/4/5
f 1408/4/6 1600/4/6 1596/4/6 1404/4/6
f 1601/5/4 1602/5/4 1410/5/4 1409/5/4
f 1597/5/5 1601/5/5 1409/5/5 1405/5/5
f 1602/5/4 1603/5/4 1411/5/4 1410/5/4
f 1603/5/4 1604/5/4 1412/5/4 1411/5/4
f 1604/5/4 1605/5/4 1413/5/4 1412/5/4
f 1413/5/6 1605/5/6 1598/5/6 1406/5/6
f 1599/4/5 1606/4/5 1414/4/5 1407/4/5
f 1415/4/6 1607/4/6 1600/4/6 1408/4/6
f 1606/4/5 1608/4/5 1416/4/5 1414/4/5
f 1417/4/6 1609/4/6 1607/4/6 1415/4/6
f 1608/4/5 1610/4/5 1418/4/5 1416/4/5
f 1419/4/6 1611/4/6 1609/4/6 1417/4/6
f 1610/4/5 1612/4/5 1420/4/5 1418/4/5
f 1421/4/6 1613/4/6 1611/4/6 1419/4/6
f 1614/4/4 1615/4/4 1423/4/4 1422/4/4
f 1612/4/5 1614/4/5 1422/4/5 1420/4/5
f 1423/4/6 1615/4/6 1613/4/6 1421/4/6
f 1424/4/3 1616/4/3 1617/4/3 1425/4/3
f 1617/4/5 1618/4/5 1426/4/5 1425/4/5
f 1427/4/6 1619/4/6 1616/4/6 1424/4/6
f 1618/4/5 1620/4/5 1428/4/5 1426/4/5
f 1429/4/6 1621/4/6 1619/4/6 1427/4/6
f 1620/4/5 1622/4/5 1430/4/5 1428/4/5
f 1431/4/6 1623/4/6 1621/4/6 1429/4/6
f 1622/4/5 1624/4/5 1432/4/5 1430/4/5
f 1433/4/6 1625/4/6 1623/4/6 1431/4/6
f 1624/4/5 1626/4/5 1434/4/5 1432/4/5
f 1435/4/6 1627/4/6 1625/4/6 1433/4/6
f 1626/4/5 1628/4/5 1436/4/5 1434/4/5
f 1437/4/6 1629/4/6 1627/4/6 1435/4/6
f 1438/5/3 1630/5/3 1631/5/3 1439/5/3
f 1631/5/5 1632/5/5 1440/5/5 1439/5/5
f 1441/5/3 1633/5/3 1630/5/3 1438/5/3
f 1442/5/3 1634/5/3 1633/5/3 1441/5/3
f 1443/5/3 1635/5/3 1634/5/3 1442/5/3
f 1444/5/6 1636/5/6 1635/5/6 1443/5/6
f 1628/4/5 1637/4/5 1445/4/5 1436/4/5
f 1446/4/6 1638/4/6 1629/4/6 1437/4/6
f 1632/5/5 1639/5/5 1447/5/5 1440/5/5
f 1448/5/6 1640/5/6 1636/5/6 1444/5/6
f 1637/4/5 1641/4/5 1449/4/5 1445/4/5
f 1454/4/6 1642/4/6 1638/4/6 1446/4/6
f 1473/53/3 1643/53/3 1644/53/3 1471/53/3
f 1644/53/5 1645/53/5 1472/53/5 1471/53/5
f 1478/53/6 1646/53/6 1643/53/6 1473/53/6
f 1513/53/3 1647/53/3 1648/53/3 1511/53/3
f 1648/53/5 1649/53/5 1512/53/5 1511/53/5
f 1518/53/6 1650/53/6 1647/53/6 1513/53/6
f 1541/53/3 1651/53/3 1652/53/3 1539/53/3
f 1652/53/5 1653/53/5 1540/53/5 1539/53/5
f 1543/53/6 1654/53/6 1651/53/6 1541/53/6
f 1639/5/5 1655/5/5 1542/5/5 1447/5/5
f 1544/5/6 1656/5/6 1640/5/6 1448/5/6
f 1641/4/5 1657/4/5 1545/4/5 1449/4/5
f 1548/4/6 1658/4/6 1642/4/6 1454/4/6
f 1659/53/4 1660/53/4 1558/53/4 1557/53/4
f 1645/53/5 1659/53/5 1557/53/5 1472/53/5
f 1558/53/6 1660/53/6 1646/53/6 1478/53/6
f 1661/53/4 1662/53/4 1578/53/4 1577/53/4
f 1649/53/5 1661/53/5 1577/53/5 1512/53/5
f 1578/53/6 1662/53/6 1650/53/6 1518/53/6
f 1663/53/4 1664/53/4 1592/53/4 1591/53/4
f 1653/53/5 1663/53/5 1591/53/5 1540/53/5
f 1592/53/6 1664/53/6 1654/53/6 1543/53/6
f 1655/5/5 1665/5/5 1593/5/5 1542/5/5
f 1594/5/6 1666/5/6 1656/5/6 1544/5/6
f 1657/4/5 1667/4/5 1595/4/5 1545/4/5
f 1596/4/6 1668/4/6 1658/4/6 1548/4/6
f 1665/5/5 1669/5/5 1597/5/5 1593/5/5
f 1598/5/6 1670/5/6 1666/5/6 1594/5/6
f 1667/4/5 1671/4/5 1599/4/5 1595/4/5
f 1600/4/6 1672/4/6 1668/4/6 1596/4/6
f 1673/5/4 1674/5/4 1602/5/4 1601/5/4
f 1669/5/5 1673/5/5 1601/5/5 1597/5/5
f 1674/5/4 1675/5/4 1603/5/4 1602/5/4
f 1675/5/4 1676/5/4 1604/5/4 1603/5/4
f 1676/5/4 1677/5/4 1605/5/4 1604/5/4
f 1605/5/6 1677/5/6 1670/5/6 1598/5/6
f 1671/4/5 1678/4/5 1606/4/5 1599/4/5
f 1607/4/6 1679/4/6 1672/4/6 1600/4/6
f 1678/4/5 1680/4/5 1608/4/5 1606/4/5
f 1609/4/6 1681/4/6 1679/4/6 1607/4/6
f 1680/4/5 1682/4/5 1610/4/5 1608/4/5
f 1611/4/6 1683/4/6 1681/4/6 1609/4/6
f 1682/4/5 1684/4/5 1612/4/5 1610/4/5
f 1613/4/6 1685/4/6 1683/4/6 1611/4/6
f 1686/4/4 1687/4/4 1615/4/4 1614/4/4
f 1684/4/5 1686/4/5 1614/4/5 1612/4/5
f 1615/4/6 1687/4/6 1685/4/6 1613/4/6
f 1616/4/3 1688/4/3 1689/4/3 1617/4/3
f 1689/4/5 1690/4/5 1618/4/5 1617/4/5
f 1619/4/6 1691/4/6 1688/4/6 1616/4/6
f 1690/4/5 1692/4/5 1620/4/5 1618/4/5
f 1621/4/6 1693/4/6 1691/4/6 1619/4/6
f 1692/4/5 1694/4/5 1622/4/5 1620/4/5
f 1623/4/6 1695/4/6 1693/4/6 1621/4/6
f 1694/4/5 1696/4/5 1624/4/5 1622/4/5
f 1625/4/6 1697/4/6 1695/4/6 1623/4/6
f 1696/4/5 1698/4/5 1626/4/5 1624/4/5
f 1627/4/6 1699/4/6 1697/4/6 1625/4/6
f 1698/4/5 1700/4/5 1628/4/5 1626/4/5
f 1629/4/6 1701/4/6 1699/4/6 1627/4/6
f 1630/5/3 1702/5/3 1703/5/3 1631/5/3
f 1703/5/5 1704/5/5 1632/5/5 1631/5/5
f 1633/5/3 1705/5/3 1702/5/3 1630/5/3
f 1634/5/3 1706/5/3 1705/5/3 1633/5/3
f 1635/5/3 1707/5/3 1706/5/3 1634/5/3
f 1636/5/6 1708/5/6 1707/5/6 1635/5/6
f 1700/4/5 1709/4/5 1637/4/5 1628/4/5
f 1638/4/6 1710/4/6 1701/4/6 1629/4/6
f 1704/5/5 1711/5/5 1639/5/5 1632/5/5
f 1640/5/6 1712/5/6 1708/5/6 1636/5/6
f 1709/4/5 1713/4/5 1641/4/5 1637/4/5
f 1642/4/6 1714/4/6 1710/4/6 1638/4/6
f 1643/53/3 1715/53/3 1716/53/3 1644/53/3
f 1716/53/5 1717/53/5 1645/53/5 1644/53/5
f 1646/53/6 1718/53/6 1715/53/6 1643/53/6
f 1647/53/3 1719/53/3 1720/53/3 1648/53/3
f 1720/53/5 1721/53/5 1649/53/5 1648/53/5
f 1650/53/6 1722/53/6 1719/53/6 1647/53/6
f 1651/53/3 1723/53/3 1724/53/3 1652/53/3
f 1724/53/5 1725/53/5 1653/53/5 1652/53/5
f 1654/53/6 1726/53/6 1723/53/6 1651/53/6
f 1711/5/5 1727/5/5 1655/5/5 1639/5/5
f 1656/5/6 1728/5/6 1712/5/6 1640/5/6
f 1713/4/5 1729/4/5 1657/4/5 1641/4/5
f 1658/4/6 1730/4/6 1714/4/6 1642/4/6
f 1731/53/4 1732/53/4 1660/53/4 1659/53/4
f 1717/53/5 1731/53/5 1659/53/5 1645/53/5
f 1660/53/6 1732/53/6 1718/53/6 1646/53/6
f 1733/53/4 1734/53/4 1662/53/4 1661/53/4
f 1721/53/5 1733/53/5 1661/53/5 1649/53/5
f 1662/53/6 1734/53/6 1722/53/6 1650/53/6
f 1735/53/4 1736/53/4 1664/53/4 1663/53/4
f 1725/53/5 1735/53/5 1663/53/5 1653/53/5
f 1664/53/6 1736/53/6 1726/53/6 1654/53/6
f 1727/5/5 1737/5/5 1665/5/5 1655/5/5
f 1666/5/6 1738/5/6 1728/5/6 1656/5/6
f 1729/4/5 1739/4/5 1667/4/5 1657/4/5
f 1668/4/6 1740/4/6 1730/4/6 1658/4/6
f 1737/5/5 1741/5/5 1669/5/5 1665/5/5
f 1670/5/6 1742/5/6 1738/5/6 1666/5/6
f 1739/4/5 1743/4/5 1671/4/5 1667/4/5
f 1672/4/6 1744/4/6 1740/4/6 1668/4/6
f 1745/5/4 1746/5/4 1674/5/4 1673/5/4
f 1741/5/5 1745/5/5 1673/5/5 1669/5/5
f 1746/5/4 1747/5/4 1675/5/4 1674/5/4
f 1747/5/4 1748/5/4 1676/5/4 1675/5/4
f 1748/5/4 1749/5/4 1677/5/4 1676/5/4
f 1677/5/6 1749/5/6 1742/5/6 1670/5/6
f 1743/4/5 1750/4/5 1678/4/5 1671/4/5
f 1679/4/6 1751/4/6 1744/4/6 1672/4/6
f 1750/4/5 1752/4/5 1680/4/5 1678/4/5
f 1681/4/6 1753/4/6 1751/4/6 1679/4/6
f 1752/4/5 1754/4/5 1682/4/5 1680/4/5
f 1683/4/6 1755/4/6 1753/4/6 1681/4/6
f 1754/4/5 1756/4/5 1684/4/5 1682/4/5
f 1685/4/6 1757/4/6 1755/4/6 1683/4/6
f 1758/4/4 1759/4/4 1687/4/4 1686/4/4
f 1756/4/5 1758/4/5 1686/4/5 1684/4/5
f 1687/4/6 1759/4/6 1757/4/6 1685/4/6
f 1688/4/3 1760/4/3 1761/4/3 1689/4/3
f 1761/4/5 1762/4/5 1690/4/5 1689/4/5
f 1691/4/6 1763/4/6 1760/4/6 1688/4/6
f 1762/4/5 1764/4/5 1692/4/5 1690/4/5
f 1693/4/6 1765/4/6 1763/4/6 1691/4/6
f 1764/4/5 1766/4/5 1694/4/5 1692/4/5
f 1695/4/6 1767/4/6 1765/4/6 1693/4/6
f 1766/4/5 1768/4/5 1696/4/5 1694/4/5
f 1697/4/6 1769/4/6 1767/4/6 1695/4/6
f 1768/4/5 1770/4/5 1698/4/5 1696/4/5
f 1699/4/6 1771/4/6 1769/4/6 1697/4/6
f 1770/4/5 1772/4/5 1700/4/5 1698/4/5
f 1701/4/1 1773/4/1 1774/4/1 1699/4/1
f 1774/4/3 1775/4/3 1771/4/3 1699/4/3
f 1773/4/1 1776/4/1 1777/4/1 1774/4/1
f 1777/4/3 1778/4/3 1775/4/3 1774/4/3
f 1776/4/1 1779/4/1 1780/4/1 1777/4/1
f 1780/4/3 1781/4/3 1778/4/3 1777/4/3
f 1779/4/1 1782/4/1 1783/4/1 1780/4/1
f 1783/4/3 1784/4/3 1781/4/3 1780/4/3
f 1782/4/1 1785/4/1 1786/4/1 1783/4/1
f 1786/4/3 1787/4/3 1784/4/3 1783/4/3
f 1785/4/1 1788/4/1 1789/4/1 1786/4/1
f 1789/4/3 1790/4/3 1787/4/3 1786/4/3
f 1788/4/1 1791/4/1 1792/4/1 1789/4/1
f 1792/4/3 1793/4/3 1790/4/3 1789/4/3
f 1791/4/1 1794/4/1 1795/4/1 1792/4/1
f 1795/4/3 1796/4/3 1793/4/3 1792/4/3
f 1794/4/1 1797/4/1 1798/4/1 1795/4/1
f 1798/4/3 1799/4/3 1796/4/3 1795/4/3
f 1797/4/1 1800/4/1 1801/4/1 1798/4/1
f 1801/4/3 1802/4/3 1799/4/3 1798/4/3
f 1800/4/1 1803/4/1 1804/4/1 1801/4/1
f 1804/4/3 1805/4/3 1802/4/3 1801/4/3
f 1803/4/1 1806/4/1 1807/4/1 1804/4/1
f 1807/4/3 1808/4/3 1805/4/3 1804/4/3
f 1806/4/1 1809/4/1 1810/4/1 1807/4/1
f 1810/4/3 1811/4/3 1808/4/3 1807/4/3
f 1809/4/1 1812/4/1 1813/4/1 1810/4/1
f 1813/4/3 1814/4/3 1811/4/3 1810/4/3
f 1812/4/1 1815/4/1 1816/4/1 1813/4/1
f 1816/4/3 1817/4/3 1814/4/3 1813/4/3
f 1815/4/1 1818/4/1 1819/4/1 1816/4/1
f 1819/4/3 1820/4/3 1817/4/3 1816/4/3
f 1818/4/1 1821/4/1 1822/4/1 1819/4/1
f 1822/4/3 1823/4/3 1820/4/3 1819/4/3
f 1821/4/1 1824/4/1 1825/4/1 1822/4/1
f 1825/4/3 1826/4/3 1823/4/3 1822/4/3
f 1824/4/1 1827/4/1 1828/4/1 1825/4/1
f 1828/4/3 1829/4/3 1826/4/3 1825/4/3
f 1827/4/1 1830/4/1 1831/4/1 1828/4/1
f 1831/4/3 1832/4/3 1829/4/3 1828/4/3
f 1830/4/1 1833/4/1 1834/4/1 1831/4/1
f 1834/4/3 1835/4/3 1832/4/3 1831/4/3
f 1833/4/1 1836/4/1 1837/4/1 1834/4/1
f 1837/4/3 1838/4/3 1835/4/3 1834/4/3
f 1836/4/1 1839/4/1 1840/4/1 1837/4/1
f 1840/4/3 1841/4/3 1838/4/3 1837/4/3
f 1839/4/1 1842/4/1 1843/4/1 1840/4/1
f 1843/4/3 1844/4/3 1841/4/3 1840/4/3
f 1842/4/1 1845/4/1 1846/4/1 1843/4/1
f 1846/4/3 1847/4/3 1844/4/3 1843/4/3
f 1845/4/1 1848/4/1 1849/4/1 1846/4/1
f 1849/4/3 1850/4/3 1847/4/3 1846/4/3
f 1848/4/1 1704/4/1 1703/4/1 1849/4/1
f 1703/4/3 1851/4/3 1850/4/3 1849/4/3
f 1702/5/3 1852/5/3 1851/5/3 1703/5/3
f 1705/5/3 1853/5/3 1852/5/3 1702/5/3
f 1706/5/3 1854/5/3 1853/5/3 1705/5/3
f 1707/5/3 1855/5/3 1854/5/3 1706/5/3
f 1708/5/6 1856/5/6 1855/5/6 1707/5/6
f 1772/4/5 1857/4/5 1709/4/5 1700/4/5
f 1710/4/1 1858/4/1 1773/4/1 1701/4/1
f 1858/4/1 1859/4/1 1776/4/1 1773/4/1
f 1859/4/1 1860/4/1 1779/4/1 1776/4/1
f 1860/4/1 1861/4/1 1782/4/1 1779/4/1
f 1861/4/1 1862/4/1 1785/4/1 1782/4/1
f 1862/4/1 1716/4/1 1788/4/1 1785/4/1
f 1716/4/1 1715/4/1 1791/4/1 1788/4/1
f 1715/4/1 1863/4/1 1794/4/1 1791/4/1
f 1863/4/1 1864/4/1 1797/4/1 1794/4/1
f 1864/4/1 1865/4/1 1800/4/1 1797/4/1
f 1865/4/1 1866/4/1 1803/4/1 1800/4/1
f 1866/4/1 1867/4/1 1806/4/1 1803/4/1
f 1867/4/1 1868/4/1 1809/4/1 1806/4/1
f 1868/4/1 1869/4/1 1812/4/1 1809/4/1
f 1869/4/1 1870/4/1 1815/4/1 1812/4/1
f 1870/4/1 1871/4/1 1818/4/1 1815/4/1
f 1871/4/1 1720/4/1 1821/4/1 1818/4/1
f 1720/4/1 1719/4/1 1824/4/1 1821/4/1
f 1719/4/1 1872/4/1 1827/4/1 1824/4/1
f 1872/4/1 1873/4/1 1830/4/1 1827/4/1
f 1873/4/1 1874/4/1 1833/4/1 1830/4/1
f 1874/4/1 1875/4/1 1836/4/1 1833/4/1
f 1875/4/1 1876/4/1 1839/4/1 1836/4/1
f 1876/4/1 1877/4/1 1842/4/1 1839/4/1
f 1877/4/1 1724/4/1 1845/4/1 1842/4/1
f 1724/4/1 1723/4/1 1848/4/1 1845/4/1
f 1723/4/1 1711/4/1 1704/4/1 1848/4/1
f 1712/5/6 1878/5/6 1856/5/6 1708/5/6
f 1857/4/5 1879/4/5 1713/4/5 1709/4/5
f 1714/4/1 1880/4/1 1858/4/1 1710/4/1
f 1880/4/1 1881/4/1 1859/4/1 1858/4/1
f 1881/4/1 1882/4/1 1860/4/1 1859/4/1
f 1882/4/1 1883/4/1 1861/4/1 1860/4/1
f 1883/4/1 1884/4/1 1862/4/1 1861/4/1
f 1884/4/1 1717/4/1 1716/4/1 1862/4/1
f 1718/4/1 1885/4/1 1863/4/1 1715/4/1
f 1885/4/1 1886/4/1 1864/4/1 1863/4/1
f 1886/4/1 1887/4/1 1865/4/1 1864/4/1
f 1887/4/1 1888/4/1 1866/4/1 1865/4/1
f 1888/4/1 1889/4/1 1867/4/1 1866/4/1
f 1889/4/1 1890/4/1 1868/4/1 1867/4/1
f 1890/4/1 1891/4/1 1869/4/1 1868/4/1
f 1891/4/1 1892/4/1 1870/4/1 1869/4/1
f 1892/4/1 1893/4/1 1871/4/1 1870/4/1
f 1893/4/1 1721/4/1 1720/4/1 1871/4/1
f 1722/4/1 1894/4/1 1872/4/1 1719/4/1
f 1894/4/1 1895/4/1 1873/4/1 1872/4/1
f 1895/4/1 1896/4/1 1874/4/1 1873/4/1
f 1896/4/1 1897/4/1 1875/4/1 1874/4/1
f 1897/4/1 1898/4/1 1876/4/1 1875/4/1
f 1898/4/1 1899/4/1 1877/4/1 1876/4/1
f 1899/4/1 1725/4/1 1724/4/1 1877/4/1
f 1726/4/1 1727/4/1 1711/4/1 1723/4/1
f 1728/5/6 1900/5/6 1878/5/6 1712/5/6
f 1879/4/5 1901/4/5 1729/4/5 1713/4/5
f 1730/4/1 1902/4/1 1880/4/1 1714/4/1
f 1902/4/1 1903/4/1 1881/4/1 1880/4/1
f 1903/4/1 1904/4/1 1882/4/1 1881/4/1
f 1904/4/1 1905/4/1 1883/4/1 1882/4/1
f 1905/4/1 1906/4/1 1884/4/1 1883/4/1
f 1906/4/1 1731/4/1 1717/4/1 1884/4/1
f 1732/4/1 1907/4/1 1885/4/1 1718/4/1
f 1907/4/1 1908/4/1 1886/4/1 1885/4/1
f 1908/4/1 1909/4/1 1887/4/1 1886/4/1
f 1909/4/1 1910/4/1 1888/4/1 1887/4/1
f 1910/4/1 1911/4/1 1889/4/1 1888/4/1
f 1911/4/1 1912/4/1 1890/4/1 1889/4/1
f 1912/4/1 1913/4/1 1891/4/1 1890/4/1
f 1913/4/1 1914/4/1 1892/4/1 1891/4/1
f 1914/4/1 1915/4/1 1893/4/1 1892/4/1
f 1915/4/1 1733/4/1 1721/4/1 1893/4/1
f 1734/4/1 1916/4/1 1894/4/1 1722/4/1
f 1916/4/1 1917/4/1 1895/4/1 1894/4/1
f 1917/4/1 1918/4/1 1896/4/1 1895/4/1
f 1918/4/1 1919/4/1 1897/4/1 1896/4/1
f 1919/4/1 1920/4/1 1898/4/1 1897/4/1
f 1920/4/1 1921/4/1 1899/4/1 1898/4/1
f 1921/4/1 1735/4/1 1725/4/1 1899/4/1
f 1736/4/1 1737/4/1 1727/4/1 1726/4/1
f 1738/5/6 1922/5/6 1900/5/6 1728/5/6
f 1901/4/5 1923/4/5 1739/4/5 1729/4/5
f 1740/4/1 1924/4/1 1902/4/1 1730/4/1
f 1924/4/1 1925/4/1 1903/4/1 1902/4/1
f 1925/4/1 1926/4/1 1904/4/1 1903/4/1
f 1926/4/1 1927/4/1 1905/4/1 1904/4/1
f 1927/4/1 1928/4/1 1906/4/1 1905/4/1
f 1928/4/1 1929/4/1 1731/4/1 1906/4/1
f 1929/4/1 1930/4/1 1732/4/1 1731/4/1
f 1930/4/1 1931/4/1 1907/4/1 1732/4/1
f 1931/4/1 1932/4/1 1908/4/1 1907/4/1
f 1932/4/1 1933/4/1 1909/4/1 1908/4/1
f 1933/4/1 1934/4/1 1910/4/1 1909/4/1
f 1934/4/1 1935/4/1 1911/4/1 1910/4/1
f 1935/4/1 1936/4/1 1912/4/1 1911/4/1
f 1936/4/1 1937/4/1 1913/4/1 1912/4/1
f 1937/4/1 1938/4/1 1914/4/1 1913/4/1
f 1938/4/1 1939/4/1 1915/4/1 1914/4/1
f 1939/4/1 1940/4/1 1733/4/1 1915/4/1
f 1940/4/1 1941/4/1 1734/4/1 1733/4/1
f 1941/4/1 1942/4/1 1916/4/1 1734/4/1
f 1942/4/1 1943/4/1 1917/4/1 1916/4/1
f 1943/4/1 1944/4/1 1918/4/1 1917/4/1
f 1944/4/1 1945/4/1 1919/4/1 1918/4/1
f 1945/4/1 1946/4/1 1920/4/1 1919/4/1
f 1946/4/1 1947/4/1 1921/4/1 1920/4/1
f 1947/4/1 1948/4/1 1735/4/1 1921/4/1
f 1948/4/1 1949/4/1 1736/4/1 1735/4/1
f 1949/4/1 1741/4/1 1737/4/1 1736/4/1
f 1742/5/6 1950/5/6 1922/5/6 1738/5/6
f 1923/4/5 1951/4/5 1743/4/5 1739/4/5
f 1744/4/1 1952/4/1 1924/4/1 1740/4/1
f 1953/4/4 1954/4/4 1952/4/4 1744/4/4
f 1952/4/1 1955/4/1 1925/4/1 1924/4/1
f 1954/4/4 1956/4/4 1955/4/4 1952/4/4
f 1955/4/1 1957/4/1 1926/4/1 1925/4/1
f 1956/4/4 1958/4/4 1957/4/4 1955/4/4
f 1957/4/1 1959/4/1 1927/4/1 1926/4/1
f 1958/4/4 1960/4/4 1959/4/4 1957/4/4
f 1959/4/1 1961/4/1 1928/4/1 1927/4/1
f 1960/4/4 1962/4/4 1961/4/4 1959/4/4
f 1961/4/1 1963/4/1 1929/4/1 1928/4/1
f 1962/4/4 1964/4/4 1963/4/4 1961/4/4
f 1963/4/1 1965/4/1 1930/4/1 1929/4/1
f 1964/4/4 1966/4/4 1965/4/4 1963/4/4
f 1965/4/1 1967/4/1 1931/4/1 1930/4/1
f 1966/4/4 1968/4/4 1967/4/4 1965/4/4
f 1967/4/1 1969/4/1 1932/4/1 1931/4/1
f 1968/4/4 1970/4/4 1969/4/4 1967/4/4
f 1969/4/1 1971/4/1 1933/4/1 1932/4/1
f 1970/4/4 1972/4/4 1971/4/4 1969/4/4
f 1971/4/1 1973/4/1 1934/4/1 1933/4/1
f 1972/4/4 1974/4/4 1973/4/4 1971/4/4
f 1973/4/1 1975/4/1 1935/4/1 1934/4/1
f 1974/4/4 1976/4/4 1975/4/4 1973/4/4
f 1975/4/1 1977/4/1 1936/4/1 1935/4/1
f 1976/4/4 1978/4/4 1977/4/4 1975/4/4
f 1977/4/1 1979/4/1 1937/4/1 1936/4/1
f 1978/4/4 1980/4/4 1979/4/4 1977/4/4
f 1979/4/1 1981/4/1 1938/4/1 1937/4/1
f 1980/4/4 1982/4/4 1981/4/4 1979/4/4
f 1981/4/1 1983/4/1 1939/4/1 1938/4/1
f 1982/4/4 1984/4/4 1983/4/4 1981/4/4
f 1983/4/1 1985/4/1 1940/4/1 1939/4/1
f 1984/4/4 1986/4/4 1985/4/4 1983/4/4
f 1985/4/1 1987/4/1 1941/4/1 1940/4/1
f 1986/4/4 1988/4/4 1987/4/4 1985/4/4
f 1987/4/1 1989/4/1 1942/4/1 1941/4/1
f 1988/4/4 1990/4/4 1989/4/4 1987/4/4
f 1989/4/1 1991/4/1 1943/4/1 1942/4/1
f 1990/4/4 1992/4/4 1991/4/4 1989/4/4
f 1991/4/1 1993/4/1 1944/4/1 1943/4/1
f 1992/4/4 1994/4/4 1993/4/4 1991/4/4
f 1993/4/1 1995/4/1 1945/4/1 1944/4/1
f 1994/4/4 1996/4/4 1995/4/4 1993/4/4
f 1995/4/1 1997/4/1 1946/4/1 1945/4/1
f 1996/4/4 1998/4/4 1997/4/4 1995/4/4
f 1997/4/1 1999/4/1 1947/4/1 1946/4/1
f 1998/4/4 2000/4/4 1999/4/4 1997/4/4
f 1999/4/1 2001/4/1 1948/4/1 1947/4/1
f 2000/4/4 2002/4/4 2001/4/4 1999/4/4
f 2001/4/1 2003/4/1 1949/4/1 1948/4/1
f 2002/4/4 2004/4/4 2003/4/4 2001/4/4
f 2003/4/1 1745/4/1 1741/4/1 1949/4/1
f 2004/4/4 2005/4/4 1745/4/4 2003/4/4
f 2005/5/4 2006/5/4 1746/5/4 1745/5/4
f 2006/5/4 2007/5/4 1747/5/4 1746/5/4
f 2007/5/4 2008/5/4 1748/5/4 1747/5/4
f 2008/5/4 2009/5/4 1749/5/4 1748/5/4
f 1749/5/6 2009/5/6 1950/5/6 1742/5/6
f 1951/4/5 2010/4/5 1750/4/5 1743/4/5
f 1751/4/6 2011/4/6 1953/4/6 1744/4/6
f 2010/4/5 2012/4/5 1752/4/5 1750/4/5
f 1753/4/6 2013/4/6 2011/4/6 1751/4/6
f 2012/4/5 2014/4/5 1754/4/5 1752/4/5
f 1755/4/6 2015/4/6 2013/4/6 1753/4/6
f 2014/4/5 2016/4/5 1756/4/5 1754/4/5
f 1757/4/6 2017/4/6 2015/4/6 1755/4/6
f 2018/4/4 2019/4/4 1759/4/4 1758/4/4
f 2016/4/5 2018/4/5 1758/4/5 1756/4/5
f 1759/4/6 2019/4/6 2017/4/6 1757/4/6
f 1760/4/3 2020/4/3 2021/4/3 1761/4/3
f 2021/4/5 2022/4/5 1762/4/5 1761/4/5
f 1763/4/6 2023/4/6 2020/4/6 1760/4/6
f 2022/4/5 2024/4/5 1764/4/5 1762/4/5
f 1765/4/6 2025/4/6 2023/4/6 1763/4/6
f 2024/4/5 2026/4/5 1766/4/5 1764/4/5
f 1767/4/6 2027/4/6 2025/4/6 1765/4/6
f 2026/4/5 2028/4/5 1768/4/5 1766/4/5
f 1769/4/6 2029/4/6 2027/4/6 1767/4/6
f 2028/4/5 2030/4/5 1770/4/5 1768/4/5
f 1771/4/6 2031/4/6 2029/4/6 1769/4/6
f 2030/4/5 2032/4/5 1772/4/5 1770/4/5
f 1775/4/3 2033/4/3 2031/4/3 1771/4/3
f 1778/4/3 2034/4/3 2033/4/3 1775/4/3
f 1781/4/3 2035/4/3 2034/4/3 1778/4/3
f 1784/4/3 2036/4/3 2035/4/3 1781/4/3
f 1787/4/3 2037/4/3 2036/4/3 1784/4/3
f 1790/5/3 2038/5/3 2037/5/3 1787/5/3
f 1793/5/3 2039/5/3 2038/5/3 1790/5/3
f 1796/5/3 2040/5/3 2039/5/3 1793/5/3
f 1799/4/3 2041/4/3 2040/4/3 1796/4/3
f 1802/4/3 2042/4/3 2041/4/3 1799/4/3
f 1805/4/3 2043/4/3 2042/4/3 1802/4/3
f 1808/4/3 2044/4/3 2043/4/3 1805/4/3
f 1811/4/3 2045/4/3 2044/4/3 1808/4/3
f 1814/4/3 2046/4/3 2045/4/3 1811/4/3
f 1817/4/3 2047/4/3 2046/4/3 1814/4/3
f 1820/4/3 2048/4/3 2047/4/3 1817/4/3
f 1823/4/3 2049/4/3 2048/4/3 1820/4/3
f 1826/4/3 2050/4/3 2049/4/3 1823/4/3
f 1829/4/3 2051/4/3 2050/4/3 1826/4/3
f 1832/4/3 2052/4/3 2051/4/3 1829/4/3
f 1835/4/3 2053/4/3 2052/4/3 1832/4/3
f 1838/4/3 2054/4/3 2053/4/3 1835/4/3
f 1841/4/3 2055/4/3 2054/4/3 1838/4/3
f 1844/4/3 2056/4/3 2055/4/3 1841/4/3
f 1847/4/3 2057/4/3 2056/4/3 1844/4/3
f 1850/4/3 2058/4/3 2057/4/3 1847/4/3
f 1851/4/3 2059/4/3 2058/4/3 1850/4/3
f 1852/5/3 2060/5/3 2059/5/3 1851/5/3
f 1853/5/3 2061/5/3 2060/5/3 1852/5/3
f 1854/5/3 2062/5/3 2061/5/3 1853/5/3
f 1855/5/3 2063/5/3 2062/5/3 1854/5/3
f 1856/5/6 2064/5/6 2063/5/6 1855/5/6
f 2032/4/5 2065/4/5 1857/4/5 1772/4/5
f 1878/5/6 2066/5/6 2064/5/6 1856/5/6
f 2065/4/5 2067/4/5 1879/4/5 1857/4/5
f 1900/5/6 2068/5/6 2066/5/6 1878/5/6
f 2067/4/5 2069/4/5 1901/4/5 1879/4/5
f 1922/5/6 2070/5/6 2068/5/6 1900/5/6
f 2069/4/5 2071/4/5 1923/4/5 1901/4/5
f 1950/5/6 2072/5/6 2070/5/6 1922/5/6
f 2071/4/5 2073/4/5 1951/4/5 1923/4/5
f 2074/4/4 2075/4/4 1954/4/4 1953/4/4
f 2075/4/4 2076/4/4 1956/4/4 1954/4/4
f 2076/4/4 2077/4/4 1958/4/4 1956/4/4
f 2077/4/4 2078/4/4 1960/4/4 1958/4/4
f 2078/4/4 2079/4/4 1962/4/4 1960/4/4
f 2079/4/4 2080/4/4 1964/4/4 1962/4/4
f 2080/4/4 2081/4/4 1966/4/4 1964/4/4
f 2081/4/4 2082/4/4 1968/4/4 1966/4/4
f 2082/4/4 2083/4/4 1970/4/4 1968/4/4
f 2083/4/4 2084/4/4 1972/4/4 1970/4/4
f 2084/4/4 2085/4/4 1974/4/4 1972/4/4
f 2085/4/4 2086/4/4 1976/4/4 1974/4/4
f 2086/4/4 2087/4/4 1978/4/4 1976/4/4
f 2087/4/4 2088/4/4 1980/4/4 1978/4/4
f 2088/4/4 2089/4/4 1982/4/4 1980/4/4
f 2089/4/4 2090/4/4 1984/4/4 1982/4/4
f 2090/4/4 2091/4/4 1986/4/4 1984/4/4
f 2091/4/4 2092/4/4 1988/4/4 1986/4/4
f 2092/4/4 2093/4/4 1990/4/4 1988/4/4
f 2093/4/4 2094/4/4 1992/4/4 1990/4/4
f 2094/4/4 2095/4/4 1994/4/4 1992/4/4
f 2095/4/4 2096/4/4 1996/4/4 1994/4/4
f 2096/4/4 2097/4/4 1998/4/4 1996/4/4
f 2097/4/4 2098/4/4 2000/4/4 1998/4/4
f 2098/4/4 2099/4/4 2002/4/4 2000/4/4
f 2099/4/4 2100/4/4 2004/4/4 2002/4/4
f 2100/4/4 2101/4/4 2005/4/4 2004/4/4
f 2101/5/4 2102/5/4 2006/5/4 2005/5/4
f 2102/5/4 2103/5/4 2007/5/4 2006/5/4
f 2103/5/4 2104/5/4 2008/5/4 2007/5/4
f 2104/5/4 2105/5/4 2009/5/4 2008/5/4
f 2009/5/6 2105/5/6 2072/5/6 1950/5/6
f 2073/4/5 2106/4/5 2010/4/5 1951/4/5
f 2011/4/6 2107/4/6 2074/4/6 1953/4/6
f 2106/4/5 2108/4/5 2012/4/5 2010/4/5
f 2013/4/6 2109/4/6 2107/4/6 2011/4/6
f 2108/4/5 2110/4/5 2014/4/5 2012/4/5
f 2015/4/6 2111/4/6 2109/4/6 2013/4/6
f 2110/4/5 2112/4/5 2016/4/5 2014/4/5
f 2017/4/6 2113/4/6 2111/4/6 2015/4/6
f 2114/4/4 2115/4/4 2019/4/4 2018/4/4
f 2112/4/5 2114/4/5 2018/4/5 2016/4/5
f 2019/4/6 2115/4/6 2113/4/6 2017/4/6
f 2116/4/2 2117/4/2 2118/4/2 2119/4/2
f 2020/4/3 2116/4/3 2119/4/3 2021/4/3
f 2119/4/5 2118/4/5 2022/4/5 2021/4/5
f 2023/4/6 2117/4/6 2116/4/6 2020/4/6
f 2117/4/2 2120/4/2 2121/4/2 2118/4/2
f 2118/4/5 2121/4/5 2024/4/5 2022/4/5
f 2025/4/6 2120/4/6 2117/4/6 2023/4/6
f 2120/4/2 2122/4/2 2123/4/2 2121/4/2
f 2121/4/5 2123/4/5 2026/4/5 2024/4/5
f 2027/4/6 2122/4/6 2120/4/6 2025/4/6
f 2122/4/2 2124/4/2 2125/4/2 2123/4/2
f 2123/4/5 2125/4/5 2028/4/5 2026/4/5
f 2029/4/6 2124/4/6 2122/4/6 2027/4/6
f 2124/4/2 2126/4/2 2127/4/2 2125/4/2
f 2125/4/5 2127/4/5 2030/4/5 2028/4/5
f 2031/4/6 2126/4/6 2124/4/6 2029/4/6
f 2126/4/2 2128/4/2 2129/4/2 2127/4/2
f 2127/4/5 2129/4/5 2032/4/5 2030/4/5
f 2130/4/2 2131/4/2 2128/4/2 2126/4/2
f 2033/4/3 2130/4/3 2126/4/3 2031/4/3
f 2132/4/2 2133/4/2 2131/4/2 2130/4/2
f 2034/4/3 2132/4/3 2130/4/3 2033/4/3
f 2134/4/2 2135/4/2 2133/4/2 2132/4/2
f 2035/4/3 2134/4/3 2132/4/3 2034/4/3
f 2136/4/2 2137/4/2 2135/4/2 2134/4/2
f 2036/4/3 2136/4/3 2134/4/3 2035/4/3
f 2138/4/2 2139/4/2 2137/4/2 2136/4/2
f 2037/4/3 2138/4/3 2136/4/3 2036/4/3
f 2140/4/2 2141/4/2 2139/4/2 2138/4/2
f 2038/4/3 2140/4/3 2138/4/3 2037/4/3
f 2142/4/2 2143/4/2 2141/4/2 2140/4/2
f 2039/4/3 2142/4/3 2140/4/3 2038/4/3
f 2144/4/2 2145/4/2 2143/4/2 2142/4/2
f 2040/4/3 2144/4/3 2142/4/3 2039/4/3
f 2146/4/2 2147/4/2 2145/4/2 2144/4/2
f 2041/4/3 2146/4/3 2144/4/3 2040/4/3
f 2148/4/2 2149/4/2 2147/4/2 2146/4/2
f 2042/4/3 2148/4/3 2146/4/3 2041/4/3
f 2150/4/2 2151/4/2 2149/4/2 2148/4/2
f 2043/4/3 2150/4/3 2148/4/3 2042/4/3
f 2152/4/2 2153/4/2 2151/4/2 2150/4/2
f 2044/4/3 2152/4/3 2150/4/3 2043/4/3
f 2154/4/2 2155/4/2 2153/4/2 2152/4/2
f 2045/4/3 2154/4/3 2152/4/3 2044/4/3
f 2156/4/2 2157/4/2 2155/4/2 2154/4/2
f 2046/4/3 2156/4/3 2154/4/3 2045/4/3
f 2158/4/2 2159/4/2 2157/4/2 2156/4/2
f 2047/4/3 2158/4/3 2156/4/3 2046/4/3
f 2160/4/2 2161/4/2 2159/4/2 2158/4/2
f 2048/4/3 2160/4/3 2158/4/3 2047/4/3
f 2162/4/2 2163/4/2 2161/4/2 2160/4/2
f 2049/4/3 2162/4/3 2160/4/3 2048/4/3
f 2164/4/2 2165/4/2 2163/4/2 2162/4/2
f 2050/4/3 2164/4/3 2162/4/3 2049/4/3
f 2166/4/2 2167/4/2 2165/4/2 2164/4/2
f 2051/4/3 2166/4/3 2164/4/3 2050/4/3
f 2168/4/2 2169/4/2 2167/4/2 2166/4/2
f 2052/4/3 2168/4/3 2166/4/3 2051/4/3
f 2170/4/2 2171/4/2 2169/4/2 2168/4/2
f 2053/4/3 2170/4/3 2168/4/3 2052/4/3
f 2172/4/2 2173/4/2 2171/4/2 2170/4/2
f 2054/4/3 2172/4/3 2170/4/3 2053/4/3
f 2174/4/2 2175/4/2 2173/4/2 2172/4/2
f 2055/4/3 2174/4/3 2172/4/3 2054/4/3
f 2176/4/2 2177/4/2 2175/4/2 2174/4/2
f 2056/4/3 2176/4/3 2174/4/3 2055/4/3
f 2178/4/2 2179/4/2 2177/4/2 2176/4/2
f 2057/4/3 2178/4/3 2176/4/3 2056/4/3
f 2180/4/2 2181/4/2 2179/4/2 2178/4/2
f 2058/4/3 2180/4/3 2178/4/3 2057/4/3
f 2182/4/2 2183/4/2 2181/4/2 2180/4/2
f 2059/4/3 2182/4/3 2180/4/3 2058/4/3
f 2184/5/2 2185/5/2 2183/5/2 2182/5/2
f 2060/5/3 2184/5/3 2182/5/3 2059/5/3
f 2186/5/2 2187/5/2 2185/5/2 2184/5/2
f 2061/5/3 2186/5/3 2184/5/3 2060/5/3
f 2188/5/2 2189/5/2 2187/5/2 2186/5/2
f 2062/5/3 2188/5/3 2186/5/3 2061/5/3
f 2190/5/2 2191/5/2 2189/5/2 2188/5/2
f 2063/5/3 2190/5/3 2188/5/3 2062/5/3
f 2064/5/6 2191/5/6 2190/5/6 2063/5/6
f 2128/4/2 2192/4/2 2193/4/2 2129/4/2
f 2129/4/5 2193/4/5 2065/4/5 2032/4/5
f 2131/4/2 2194/4/2 2192/4/2 2128/4/2
f 2133/4/2 2195/4/2 2194/4/2 2131/4/2
f 2135/4/2 2196/4/2 2195/4/2 2133/4/2
f 2137/4/2 2197/4/2 2196/4/2 2135/4/2
f 2139/4/2 2198/4/2 2197/4/2 2137/4/2
f 2141/4/2 2199/4/2 2198/4/2 2139/4/2
f 2143/4/2 2200/4/2 2199/4/2 2141/4/2
f 2145/4/2 2201/4/2 2200/4/2 2143/4/2
f 2147/4/2 2202/4/2 2201/4/2 2145/4/2
f 2149/4/2 2203/4/2 2202/4/2 2147/4/2
f 2151/4/2 2204/4/2 2203/4/2 2149/4/2
f 2153/4/2 2205/4/2 2204/4/2 2151/4/2
f 2155/4/2 2206/4/2 2205/4/2 2153/4/2
f 2157/4/2 2207/4/2 2206/4/2 2155/4/2
f 2159/4/2 2208/4/2 2207/4/2 2157/4/2
f 2161/4/2 2209/4/2 2208/4/2 2159/4/2
f 2163/4/2 2210/4/2 2209/4/2 2161/4/2
f 2165/4/2 2211/4/2 2210/4/2 2163/4/2
f 2167/4/2 2212/4/2 2211/4/2 2165/4/2
f 2169/4/2 2213/4/2 2212/4/2 2167/4/2
f 2171/4/2 2214/4/2 2213/4/2 2169/4/2
f 2173/4/2 2215/4/2 2214/4/2 2171/4/2
f 2175/4/2 2216/4/2 2215/4/2 2173/4/2
f 2177/4/2 2217/4/2 2216/4/2 2175/4/2
f 2179/4/2 2218/4/2 2217/4/2 2177/4/2
f 2181/4/2 2219/4/2 2218/4/2 2179/4/2
f 2183/4/2 2220/4/2 2219/4/2 2181/4/2
f 2185/5/2 2221/5/2 2220/5/2 2183/5/2
f 2187/5/2 2222/5/2 2221/5/2 2185/5/2
f 2189/5/2 2223/5/2 2222/5/2 2187/5/2
f 2191/5/2 2224/5/2 2223/5/2 2189/5/2
f 2066/5/6 2224/5/6 2191/5/6 2064/5/6
f 2192/4/2 2225/4/2 2226/4/2 2193/4/2
f 2193/4/5 2226/4/5 2067/4/5 2065/4/5
f 2194/4/2 2227/4/2 2225/4/2 2192/4/2
f 2195/4/2 2228/4/2 2227/4/2 2194/4/2
f 2196/4/2 2229/4/2 2228/4/2 2195/4/2
f 2197/4/2 2230/4/2 2229/4/2 2196/4/2
f 2198/4/2 2231/4/2 2230/4/2 2197/4/2
f 2199/4/2 2232/4/2 2231/4/2 2198/4/2
f 2200/4/2 2233/4/2 2232/4/2 2199/4/2
f 2201/4/2 2234/4/2 2233/4/2 2200/4/2
f 2202/4/2 2235/4/2 2234/4/2 2201/4/2
f 2203/4/2 2236/4/2 2235/4/2 2202/4/2
f 2204/4/2 2237/4/2 2236/4/2 2203/4/2
f 2205/4/2 2238/4/2 2237/4/2 2204/4/2
f 2206/4/2 2239/4/2 2238/4/2 2205/4/2
f 2207/4/2 2240/4/2 2239/4/2 2206/4/2
f 2208/4/2 2241/4/2 2240/4/2 2207/4/2
f 2209/4/2 2242/4/2 2241/4/2 2208/4/2
f 2210/4/2 2243/4/2 2242/4/2 2209/4/2
f 2211/4/2 2244/4/2 2243/4/2 2210/4/2
f 2212/4/2 2245/4/2 2244/4/2 2211/4/2
f 2213/4/2 2246/4/2 2245/4/2 2212/4/2
f 2214/4/2 2247/4/2 2246/4/2 2213/4/2
f 2215/4/2 2248/4/2 2247/4/2 2214/4/2
f 2216/4/2 2249/4/2 2248/4/2 2215/4/2
f 2217/4/2 2250/4/2 2249/4/2 2216/4/2
f 2218/4/2 2251/4/2 2250/4/2 2217/4/2
f 2219/4/2 2252/4/2 2251/4/2 2218/4/2
f 2220/4/2 2253/4/2 2252/4/2 2219/4/2
f 2221/5/2 2254/5/2 2253/5/2 2220/5/2
f 2222/5/2 2255/5/2 2254/5/2 2221/5/2
f 2223/5/2 2256/5/2 2255/5/2 2222/5/2
f 2224/5/2 2257/5/2 2256/5/2 2223/5/2
f 2068/5/6 2257/5/6 2224/5/6 2066/5/6
f 2225/4/2 2258/4/2 2259/4/2 2226/4/2
f 2226/4/5 2259/4/5 2069/4/5 2067/4/5
f 2227/4/2 2260/4/2 2258/4/2 2225/4/2
f 2228/4/2 2261/4/2 2260/4/2 2227/4/2
f 2229/4/2 2262/4/2 2261/4/2 2228/4/2
f 2230/4/2 2263/4/2 2262/4/2 2229/4/2
f 2231/4/2 2264/4/2 2263/4/2 2230/4/2
f 2232/4/2 2265/4/2 2264/4/2 2231/4/2
f 2233/4/2 2266/4/2 2265/4/2 2232/4/2
f 2234/4/2 2267/4/2 2266/4/2 2233/4/2
f 2235/4/2 2268/4/2 2267/4/2 2234/4/2
f 2236/4/2 2269/4/2 2268/4/2 2235/4/2
f 2237/4/2 2270/4/2 2269/4/2 2236/4/2
f 2238/4/2 2271/4/2 2270/4/2 2237/4/2
f 2239/4/2 2272/4/2 2271/4/2 2238/4/2
f 2240/4/2 2273/4/2 2272/4/2 2239/4/2
f 2241/4/2 2274/4/2 2273/4/2 2240/4/2
f 2242/4/2 2275/4/2 2274/4/2 2241/4/2
f 2243/4/2 2276/4/2 2275/4/2 2242/4/2
f 2244/4/2 2277/4/2 2276/4/2 2243/4/2
f 2245/4/2 2278/4/2 2277/4/2 2244/4/2
f 2246/4/2 2279/4/2 2278/4/2 2245/4/2
f 2247/4/2 2280/4/2 2279/4/2 2246/4/2
f 2248/4/2 2281/4/2 2280/4/2 2247/4/2
f 2249/4/2 2282/4/2 2281/4/2 2248/4/2
f 2250/4/2 2283/4/2 2282/4/2 2249/4/2
f 2251/4/2 2284/4/2 2283/4/2 2250/4/2
f 2252/4/2 2285/4/2 2284/4/2 2251/4/2
f 2253/4/2 2286/4/2 2285/4/2 2252/4/2
f 2254/5/2 2287/5/2 2286/5/2 2253/5/2
f 2255/5/2 2288/5/2 2287/5/2 2254/5/2
f 2256/5/2 2289/5/2 2288/5/2 2255/5/2
f 2257/5/2 2290/5/2 2289/5/2 2256/5/2
f 2070/5/6 2290/5/6 2257/5/6 2068/5/6
f 2258/4/2 2291/4/2 2292/4/2 2259/4/2
f 2259/4/5 2292/4/5 2071/4/5 2069/4/5
f 2260/4/2 2293/4/2 2291/4/2 2258/4/2
f 2261/4/2 2294/4/2 2293/4/2 2260/4/2
f 2262/4/2 2295/4/2 2294/4/2 2261/4/2
f 2263/4/2 2296/4/2 2295/4/2 2262/4/2
f 2264/4/2 2297/4/2 2296/4/2 2263/4/2
f 2265/4/2 2298/4/2 2297/4/2 2264/4/2
f 2266/4/2 2299/4/2 2298/4/2 2265/4/2
f 2267/4/2 2300/4/2 2299/4/2 2266/4/2
f 2268/4/2 2301/4/2 2300/4/2 2267/4/2
f 2269/4/2 2302/4/2 2301/4/2 2268/4/2
f 2270/4/2 2303/4/2 2302/4/2 2269/4/2
f 2271/4/2 2304/4/2 2303/4/2 2270/4/2
f 2272/4/2 2305/4/2 2304/4/2 2271/4/2
f 2273/4/2 2306/4/2 2305/4/2 2272/4/2
f 2274/4/2 2307/4/2 2306/4/2 2273/4/2
f 2275/4/2 2308/4/2 2307/4/2 2274/4/2
f 2276/4/2 2309/4/2 2308/4/2 2275/4/2
f 2277/4/2 2310/4/2 2309/4/2 2276/4/2
f 2278/4/2 2311/4/2 2310/4/2 2277/4/2
f 2279/4/2 2312/4/2 2311/4/2 2278/4/2
f 2280/4/2 2313/4/2 2312/4/2 2279/4/2
f 2281/4/2 2314/4/2 2313/4/2 2280/4/2
f 2282/4/2 2315/4/2 2314/4/2 2281/4/2
f 2283/4/2 2316/4/2 2315/4/2 2282/4/2
f 2284/4/2 2317/4/2 2316/4/2 2283/4/2
f 2285/4/2 2318/4/2 2317/4/2 2284/4/2
f 2286/4/2 2319/4/2 2318/4/2 2285/4/2
f 2287/5/2 2320/5/2 2319/5/2 2286/5/2
f 2288/5/2 2321/5/2 2320/5/2 2287/5/2
f 2289/5/2 2322/5/2 2321/5/2 2288/5/2
f 2290/5/2 2323/5/2 2322/5/2 2289/5/2
f 2072/5/6 2323/5/6 2290/5/6 2070/5/6
f 2291/4/2 2324/4/2 2325/4/2 2292/4/2
f 2292/4/5 2325/4/5 2073/4/5 2071/4/5
f 2293/4/2 2326/4/2 2324/4/2 2291/4/2
f 2324/4/4 2326/4/4 2075/4/4 2074/4/4
f 2294/4/2 2327/4/2 2326/4/2 2293/4/2
f 2326/4/4 2327/4/4 2076/4/4 2075/4/4
f 2295/4/2 2328/4/2 2327/4/2 2294/4/2
f 2327/4/4 2328/4/4 2077/4/4 2076/4/4
f 2296/4/2 2329/4/2 2328/4/2 2295/4/2
f 2328/4/4 2329/4/4 2078/4/4 2077/4/4
f 2297/4/2 2330/4/2 2329/4/2 2296/4/2
f 2329/4/4 2330/4/4 2079/4/4 2078/4/4
f 2298/4/2 2331/4/2 2330/4/2 2297/4/2
f 2330/4/4 2331/4/4 2080/4/4 2079/4/4
f 2299/4/2 2332/4/2 2331/4/2 2298/4/2
f 2331/4/4 2332/4/4 2081/4/4 2080/4/4
f 2300/4/2 2333/4/2 2332/4/2 2299/4/2
f 2332/4/4 2333/4/4 2082/4/4 2081/4/4
f 2301/4/2 2334/4/2 2333/4/2 2300/4/2
f 2333/4/4 2334/4/4 2083/4/4 2082/4/4
f 2302/4/2 2335/4/2 2334/4/2 2301/4/2
f 2334/4/4 2335/4/4 2084/4/4 2083/4/4
f 2303/4/2 2336/4/2 2335/4/2 2302/4/2
f 2335/4/4 2336/4/4 2085/4/4 2084/4/4
f 2304/4/2 2337/4/2 2336/4/2 2303/4/2
f 2336/4/4 2337/4/4 2086/4/4 2085/4/4
f 2305/4/2 2338/4/2 2337/4/2 2304/4/2
f 2337/4/4 2338/4/4 2087/4/4 2086/4/4
f 2306/4/2 2339/4/2 2338/4/2 2305/4/2
f 2338/4/4 2339/4/4 2088/4/4 2087/4/4
f 2307/4/2 2340/4/2 2339/4/2 2306/4/2
f 2339/4/4 2340/4/4 2089/4/4 2088/4/4
f 2308/4/2 2341/4/2 2340/4/2 2307/4/2
f 2340/4/4 2341/4/4 2090/4/4 2089/4/4
f 2309/4/2 2342/4/2 2341/4/2 2308/4/2
f 2341/4/4 2342/4/4 2091/4/4 2090/4/4
f 2310/4/2 2343/4/2 2342/4/2 2309/4/2
f 2342/4/4 2343/4/4 2092/4/4 2091/4/4
f 2311/4/2 2344/4/2 2343/4/2 2310/4/2
f 2343/4/4 2344/4/4 2093/4/4 2092/4/4
f 2312/4/2 2345/4/2 2344/4/2 2311/4/2
f 2344/4/4 2345/4/4 2094/4/4 2093/4/4
f 2313/4/2 2346/4/2 2345/4/2 2312/4/2
f 2345/4/4 2346/4/4 2095/4/4 2094/4/4
f 2314/4/2 2347/4/2 2346/4/2 2313/4/2
f 2346/4/4 2347/4/4 2096/4/4 2095/4/4
f 2315/4/2 2348/4/2 2347/4/2 2314/4/2
f 2347/4/4 2348/4/4 2097/4/4 2096/4/4
f 2316/4/2 2349/4/2 2348/4/2 2315/4/2
f 2348/4/4 2349/4/4 2098/4/4 2097/4/4
f 2317/4/2 2350/4/2 2349/4/2 2316/4/2
f 2349/4/4 2350/4/4 2099/4/4 2098/4/4
f 2318/4/2 2351/4/2 2350/4/2 2317/4/2
f 2350/4/4 2351/4/4 2100/4/4 2099/4/4
f 2319/4/2 2352/4/2 2351/4/2 2318/4/2
f 2351/4/4 2352/4/4 2101/4/4 2100/4/4
f 2320/5/2 2353/5/2 2352/5/2 2319/5/2
f 2352/5/4 2353/5/4 2102/5/4 2101/5/4
f 2321/5/2 2354/5/2 2353/5/2 2320/5/2
f 2353/5/4 2354/5/4 2103/5/4 2102/5/4
f 2322/5/2 2355/5/2 2354/5/2 2321/5/2
f 2354/5/4 2355/5/4 2104/5/4 2103/5/4
f 2323/5/2 2356/5/2 2355/5/2 2322/5/2
f 2355/5/4 2356/5/4 2105/5/4 2104/5/4
f 2105/5/6 2356/5/6 2323/5/6 2072/5/6
f 2324/4/2 2357/4/2 2358/4/2 2325/4/2
f 2325/4/5 2358/4/5 2106/4/5 2073/4/5
f 2107/4/6 2357/4/6 2324/4/6 2074/4/6
f 2357/4/2 2359/4/2 2360/4/2 2358/4/2
f 2358/4/5 2360/4/5 2108/4/5 2106/4/5
f 2109/4/6 2359/4/6 2357/4/6 2107/4/6
f 2359/4/2 2361/4/2 2362/4/2 2360/4/2
f 2360/4/5 2362/4/5 2110/4/5 2108/4/5
f 2111/4/6 2361/4/6 2359/4/6 2109/4/6
f 2361/4/2 2363/4/2 2364/4/2 2362/4/2
f 2362/4/5 2364/4/5 2112/4/5 2110/4/5
f 2113/4/6 2363/4/6 2361/4/6 2111/4/6
f 2363/4/2 2365/4/2 2366/4/2 2364/4/2
f 2366/4/4 2365/4/4 2115/4/4 2114/4/4
f 2364/4/5 2366/4/5 2114/4/5 2112/4/5
f 2115/4/6 2365/4/6 2363/4/6 2113/4/6
