# Dungine sarcophagus; 1 voxel = 1/16 unit; Y-up floor-center origin
mtllib sarcophagus.mtl
o sarcophagus
s off
v -0.937500 0.812500 -0.375000
v -0.937500 0.875000 -0.375000
v -0.937500 0.875000 -0.437500
v -0.937500 0.812500 -0.437500
v -0.875000 0.875000 -0.437500
v -0.875000 0.812500 -0.437500
v -0.875000 0.812500 -0.375000
v -0.937500 0.937500 -0.375000
v -0.937500 0.937500 -0.437500
v -0.875000 0.937500 -0.437500
v -0.937500 1.000000 -0.375000
v -0.937500 1.000000 -0.437500
v -0.875000 1.000000 -0.437500
v -0.875000 1.000000 -0.375000
v -0.937500 0.812500 -0.312500
v -0.937500 0.875000 -0.312500
v -0.875000 0.812500 -0.312500
v -0.937500 0.937500 -0.312500
v -0.937500 1.000000 -0.312500
v -0.875000 1.000000 -0.312500
v -0.937500 0.812500 -0.250000
v -0.937500 0.875000 -0.250000
v -0.875000 0.812500 -0.250000
v -0.937500 0.937500 -0.250000
v -0.937500 1.000000 -0.250000
v -0.875000 1.000000 -0.250000
v -0.937500 0.812500 -0.187500
v -0.937500 0.875000 -0.187500
v -0.875000 0.812500 -0.187500
v -0.937500 0.937500 -0.187500
v -0.937500 1.000000 -0.187500
v -0.875000 1.000000 -0.187500
v -0.937500 0.812500 -0.125000
v -0.937500 0.875000 -0.125000
v -0.875000 0.812500 -0.125000
v -0.937500 0.937500 -0.125000
v -0.937500 1.000000 -0.125000
v -0.875000 1.000000 -0.125000
v -0.937500 0.812500 -0.062500
v -0.937500 0.875000 -0.062500
v -0.875000 0.812500 -0.062500
v -0.937500 0.937500 -0.062500
v -0.937500 1.000000 -0.062500
v -0.875000 1.000000 -0.062500
v -0.937500 0.812500 0.000000
v -0.937500 0.875000 0.000000
v -0.875000 0.812500 0.000000
v -0.937500 0.937500 0.000000
v -0.937500 1.000000 0.000000
v -0.875000 1.000000 0.000000
v -0.937500 0.812500 0.062500
v -0.937500 0.875000 0.062500
v -0.875000 0.812500 0.062500
v -0.937500 0.937500 0.062500
v -0.937500 1.000000 0.062500
v -0.875000 1.000000 0.062500
v -0.937500 0.812500 0.125000
v -0.937500 0.875000 0.125000
v -0.875000 0.812500 0.125000
v -0.937500 0.937500 0.125000
v -0.937500 1.000000 0.125000
v -0.875000 1.000000 0.125000
v -0.937500 0.812500 0.187500
v -0.937500 0.875000 0.187500
v -0.875000 0.812500 0.187500
v -0.937500 0.937500 0.187500
v -0.937500 1.000000 0.187500
v -0.875000 1.000000 0.187500
v -0.937500 0.812500 0.250000
v -0.937500 0.875000 0.250000
v -0.875000 0.812500 0.250000
v -0.937500 0.937500 0.250000
v -0.937500 1.000000 0.250000
v -0.875000 1.000000 0.250000
v -0.937500 0.812500 0.312500
v -0.937500 0.875000 0.312500
v -0.875000 0.812500 0.312500
v -0.937500 0.937500 0.312500
v -0.937500 1.000000 0.312500
v -0.875000 1.000000 0.312500
v -0.937500 0.812500 0.375000
v -0.937500 0.875000 0.375000
v -0.875000 0.812500 0.375000
v -0.937500 0.937500 0.375000
v -0.937500 1.000000 0.375000
v -0.875000 1.000000 0.375000
v -0.937500 0.812500 0.437500
v -0.937500 0.875000 0.437500
v -0.875000 0.812500 0.437500
v -0.875000 0.875000 0.437500
v -0.937500 0.937500 0.437500
v -0.875000 0.937500 0.437500
v -0.937500 1.000000 0.437500
v -0.875000 1.000000 0.437500
v -0.812500 0.875000 -0.437500
v -0.812500 0.812500 -0.437500
v -0.812500 0.812500 -0.375000
v -0.812500 0.937500 -0.437500
v -0.812500 1.000000 -0.437500
v -0.812500 1.000000 -0.375000
v -0.875000 0.000000 -0.312500
v -0.875000 0.062500 -0.312500
v -0.875000 0.062500 -0.375000
v -0.875000 0.000000 -0.375000
v -0.812500 0.062500 -0.375000
v -0.812500 0.000000 -0.375000
v -0.812500 0.000000 -0.312500
v -0.875000 0.125000 -0.312500
v -0.875000 0.125000 -0.375000
v -0.812500 0.125000 -0.375000
v -0.875000 0.187500 -0.312500
v -0.875000 0.187500 -0.375000
v -0.812500 0.187500 -0.375000
v -0.812500 0.187500 -0.312500
v -0.812500 0.812500 -0.312500
v -0.812500 1.000000 -0.312500
v -0.875000 0.000000 -0.250000
v -0.875000 0.062500 -0.250000
v -0.812500 0.000000 -0.250000
v -0.875000 0.125000 -0.250000
v -0.875000 0.187500 -0.250000
v -0.812500 0.187500 -0.250000
v -0.812500 0.812500 -0.250000
v -0.812500 1.000000 -0.250000
v -0.875000 0.000000 -0.187500
v -0.875000 0.062500 -0.187500
v -0.812500 0.000000 -0.187500
v -0.875000 0.125000 -0.187500
v -0.875000 0.187500 -0.187500
v -0.812500 0.187500 -0.187500
v -0.812500 0.812500 -0.187500
v -0.812500 1.000000 -0.187500
v -0.875000 0.000000 -0.125000
v -0.875000 0.062500 -0.125000
v -0.812500 0.000000 -0.125000
v -0.875000 0.125000 -0.125000
v -0.875000 0.187500 -0.125000
v -0.812500 0.187500 -0.125000
v -0.812500 0.812500 -0.125000
v -0.812500 1.000000 -0.125000
v -0.875000 0.000000 -0.062500
v -0.875000 0.062500 -0.062500
v -0.812500 0.000000 -0.062500
v -0.875000 0.125000 -0.062500
v -0.875000 0.187500 -0.062500
v -0.812500 0.187500 -0.062500
v -0.812500 0.812500 -0.062500
v -0.812500 1.000000 -0.062500
v -0.875000 0.000000 0.000000
v -0.875000 0.062500 0.000000
v -0.812500 0.000000 0.000000
v -0.875000 0.125000 0.000000
v -0.875000 0.187500 0.000000
v -0.812500 0.187500 0.000000
v -0.812500 0.812500 0.000000
v -0.812500 1.000000 0.000000
v -0.875000 0.000000 0.062500
v -0.875000 0.062500 0.062500
v -0.812500 0.000000 0.062500
v -0.875000 0.125000 0.062500
v -0.875000 0.187500 0.062500
v -0.812500 0.187500 0.062500
v -0.812500 0.812500 0.062500
v -0.812500 1.000000 0.062500
v -0.875000 0.000000 0.125000
v -0.875000 0.062500 0.125000
v -0.812500 0.000000 0.125000
v -0.875000 0.125000 0.125000
v -0.875000 0.187500 0.125000
v -0.812500 0.187500 0.125000
v -0.812500 0.812500 0.125000
v -0.812500 1.000000 0.125000
v -0.875000 0.000000 0.187500
v -0.875000 0.062500 0.187500
v -0.812500 0.000000 0.187500
v -0.875000 0.125000 0.187500
v -0.875000 0.187500 0.187500
v -0.812500 0.187500 0.187500
v -0.812500 0.812500 0.187500
v -0.812500 1.000000 0.187500
v -0.875000 0.000000 0.250000
v -0.875000 0.062500 0.250000
v -0.812500 0.000000 0.250000
v -0.875000 0.125000 0.250000
v -0.875000 0.187500 0.250000
v -0.812500 0.187500 0.250000
v -0.812500 0.812500 0.250000
v -0.812500 1.000000 0.250000
v -0.875000 0.000000 0.312500
v -0.875000 0.062500 0.312500
v -0.812500 0.000000 0.312500
v -0.875000 0.125000 0.312500
v -0.875000 0.187500 0.312500
v -0.812500 0.187500 0.312500
v -0.812500 0.812500 0.312500
v -0.812500 1.000000 0.312500
v -0.875000 0.000000 0.375000
v -0.875000 0.062500 0.375000
v -0.812500 0.000000 0.375000
v -0.812500 0.062500 0.375000
v -0.875000 0.125000 0.375000
v -0.812500 0.125000 0.375000
v -0.875000 0.187500 0.375000
v -0.812500 0.187500 0.375000
v -0.812500 0.812500 0.375000
v -0.812500 1.000000 0.375000
v -0.812500 0.812500 0.437500
v -0.812500 0.875000 0.437500
v -0.812500 0.937500 0.437500
v -0.812500 1.000000 0.437500
v -0.750000 0.875000 -0.437500
v -0.750000 0.812500 -0.437500
v -0.750000 0.812500 -0.375000
v -0.750000 0.937500 -0.437500
v -0.750000 1.000000 -0.437500
v -0.750000 1.000000 -0.375000
v -0.750000 0.062500 -0.375000
v -0.750000 0.000000 -0.375000
v -0.750000 0.000000 -0.312500
v -0.750000 0.125000 -0.375000
v -0.750000 0.187500 -0.375000
v -0.750000 0.187500 -0.312500
v -0.750000 0.812500 -0.312500
v -0.750000 1.000000 -0.312500
v -0.750000 0.000000 -0.250000
v -0.750000 0.187500 -0.250000
v -0.750000 0.812500 -0.250000
v -0.750000 1.000000 -0.250000
v -0.750000 0.000000 -0.187500
v -0.750000 0.187500 -0.187500
v -0.750000 0.812500 -0.187500
v -0.750000 1.000000 -0.187500
v -0.750000 0.000000 -0.125000
v -0.750000 0.187500 -0.125000
v -0.750000 0.812500 -0.125000
v -0.750000 1.000000 -0.125000
v -0.750000 0.000000 -0.062500
v -0.750000 0.187500 -0.062500
v -0.750000 0.812500 -0.062500
v -0.750000 1.000000 -0.062500
v -0.750000 0.000000 0.000000
v -0.750000 0.187500 0.000000
v -0.750000 0.812500 0.000000
v -0.750000 1.000000 0.000000
v -0.750000 0.000000 0.062500
v -0.750000 0.187500 0.062500
v -0.750000 0.812500 0.062500
v -0.750000 1.000000 0.062500
v -0.750000 0.000000 0.125000
v -0.750000 0.187500 0.125000
v -0.750000 0.812500 0.125000
v -0.750000 1.000000 0.125000
v -0.750000 0.000000 0.187500
v -0.750000 0.187500 0.187500
v -0.750000 0.812500 0.187500
v -0.750000 1.000000 0.187500
v -0.750000 0.000000 0.250000
v -0.750000 0.187500 0.250000
v -0.750000 0.812500 0.250000
v -0.750000 1.000000 0.250000
v -0.750000 0.000000 0.312500
v -0.750000 0.187500 0.312500
v -0.750000 0.812500 0.312500
v -0.750000 1.000000 0.312500
v -0.750000 0.000000 0.375000
v -0.750000 0.062500 0.375000
v -0.750000 0.125000 0.375000
v -0.750000 0.187500 0.375000
v -0.750000 0.812500 0.375000
v -0.750000 1.000000 0.375000
v -0.750000 0.812500 0.437500
v -0.750000 0.875000 0.437500
v -0.750000 0.937500 0.437500
v -0.750000 1.000000 0.437500
v -0.687500 0.875000 -0.437500
v -0.687500 0.812500 -0.437500
v -0.687500 0.812500 -0.375000
v -0.687500 0.937500 -0.437500
v -0.687500 1.000000 -0.437500
v -0.687500 1.000000 -0.375000
v -0.687500 0.062500 -0.375000
v -0.687500 0.000000 -0.375000
v -0.687500 0.000000 -0.312500
v -0.687500 0.125000 -0.375000
v -0.687500 0.187500 -0.375000
v -0.687500 0.187500 -0.312500
v -0.687500 0.812500 -0.312500
v -0.687500 1.000000 -0.312500
v -0.687500 0.000000 -0.250000
v -0.687500 0.187500 -0.250000
v -0.687500 0.812500 -0.250000
v -0.687500 1.000000 -0.250000
v -0.687500 0.000000 -0.187500
v -0.750000 0.250000 -0.187500
v -0.750000 0.250000 -0.250000
v -0.687500 0.250000 -0.250000
v -0.750000 0.312500 -0.187500
v -0.750000 0.312500 -0.250000
v -0.687500 0.312500 -0.250000
v -0.750000 0.375000 -0.187500
v -0.750000 0.375000 -0.250000
v -0.687500 0.375000 -0.250000
v -0.750000 0.437500 -0.187500
v -0.750000 0.437500 -0.250000
v -0.687500 0.437500 -0.250000
v -0.750000 0.500000 -0.187500
v -0.750000 0.500000 -0.250000
v -0.687500 0.500000 -0.250000
v -0.750000 0.562500 -0.187500
v -0.750000 0.562500 -0.250000
v -0.687500 0.562500 -0.250000
v -0.750000 0.625000 -0.187500
v -0.750000 0.625000 -0.250000
v -0.687500 0.625000 -0.250000
v -0.750000 0.687500 -0.187500
v -0.750000 0.687500 -0.250000
v -0.687500 0.687500 -0.250000
v -0.750000 0.750000 -0.187500
v -0.750000 0.750000 -0.250000
v -0.687500 0.750000 -0.250000
v -0.687500 1.000000 -0.187500
v -0.687500 0.000000 -0.125000
v -0.750000 0.250000 -0.125000
v -0.750000 0.312500 -0.125000
v -0.750000 0.375000 -0.125000
v -0.750000 0.437500 -0.125000
v -0.750000 0.500000 -0.125000
v -0.750000 0.562500 -0.125000
v -0.750000 0.625000 -0.125000
v -0.750000 0.687500 -0.125000
v -0.750000 0.750000 -0.125000
v -0.687500 1.000000 -0.125000
v -0.687500 0.000000 -0.062500
v -0.750000 0.250000 -0.062500
v -0.750000 0.312500 -0.062500
v -0.750000 0.375000 -0.062500
v -0.750000 0.437500 -0.062500
v -0.750000 0.500000 -0.062500
v -0.750000 0.562500 -0.062500
v -0.750000 0.625000 -0.062500
v -0.750000 0.687500 -0.062500
v -0.750000 0.750000 -0.062500
v -0.687500 1.000000 -0.062500
v -0.687500 0.000000 0.000000
v -0.750000 0.250000 0.000000
v -0.750000 0.312500 0.000000
v -0.750000 0.375000 0.000000
v -0.750000 0.437500 0.000000
v -0.750000 0.500000 0.000000
v -0.750000 0.562500 0.000000
v -0.750000 0.625000 0.000000
v -0.750000 0.687500 0.000000
v -0.750000 0.750000 0.000000
v -0.687500 1.000000 0.000000
v -0.687500 0.000000 0.062500
v -0.750000 0.250000 0.062500
v -0.750000 0.312500 0.062500
v -0.750000 0.375000 0.062500
v -0.750000 0.437500 0.062500
v -0.750000 0.500000 0.062500
v -0.750000 0.562500 0.062500
v -0.750000 0.625000 0.062500
v -0.750000 0.687500 0.062500
v -0.750000 0.750000 0.062500
v -0.687500 1.000000 0.062500
v -0.687500 0.000000 0.125000
v -0.750000 0.250000 0.125000
v -0.750000 0.312500 0.125000
v -0.750000 0.375000 0.125000
v -0.750000 0.437500 0.125000
v -0.750000 0.500000 0.125000
v -0.750000 0.562500 0.125000
v -0.750000 0.625000 0.125000
v -0.750000 0.687500 0.125000
v -0.750000 0.750000 0.125000
v -0.687500 1.000000 0.125000
v -0.687500 0.000000 0.187500
v -0.750000 0.250000 0.187500
v -0.750000 0.312500 0.187500
v -0.750000 0.375000 0.187500
v -0.750000 0.437500 0.187500
v -0.750000 0.500000 0.187500
v -0.750000 0.562500 0.187500
v -0.750000 0.625000 0.187500
v -0.750000 0.687500 0.187500
v -0.750000 0.750000 0.187500
v -0.687500 1.000000 0.187500
v -0.687500 0.000000 0.250000
v -0.750000 0.250000 0.250000
v -0.687500 0.187500 0.250000
v -0.687500 0.250000 0.250000
v -0.750000 0.312500 0.250000
v -0.687500 0.312500 0.250000
v -0.750000 0.375000 0.250000
v -0.687500 0.375000 0.250000
v -0.750000 0.437500 0.250000
v -0.687500 0.437500 0.250000
v -0.750000 0.500000 0.250000
v -0.687500 0.500000 0.250000
v -0.750000 0.562500 0.250000
v -0.687500 0.562500 0.250000
v -0.750000 0.625000 0.250000
v -0.687500 0.625000 0.250000
v -0.750000 0.687500 0.250000
v -0.687500 0.687500 0.250000
v -0.750000 0.750000 0.250000
v -0.687500 0.750000 0.250000
v -0.687500 0.812500 0.250000
v -0.687500 1.000000 0.250000
v -0.687500 0.000000 0.312500
v -0.687500 0.187500 0.312500
v -0.687500 0.812500 0.312500
v -0.687500 1.000000 0.312500
v -0.687500 0.000000 0.375000
v -0.687500 0.062500 0.375000
v -0.687500 0.125000 0.375000
v -0.687500 0.187500 0.375000
v -0.687500 0.812500 0.375000
v -0.687500 1.000000 0.375000
v -0.687500 0.812500 0.437500
v -0.687500 0.875000 0.437500
v -0.687500 0.937500 0.437500
v -0.687500 1.000000 0.437500
v -0.625000 0.875000 -0.437500
v -0.625000 0.812500 -0.437500
v -0.625000 0.812500 -0.375000
v -0.625000 0.937500 -0.437500
v -0.625000 1.000000 -0.437500
v -0.625000 1.000000 -0.375000
v -0.625000 0.062500 -0.375000
v -0.625000 0.000000 -0.375000
v -0.625000 0.000000 -0.312500
v -0.625000 0.125000 -0.375000
v -0.625000 0.187500 -0.375000
v -0.625000 0.187500 -0.312500
v -0.625000 0.812500 -0.312500
v -0.625000 1.000000 -0.312500
v -0.625000 0.000000 -0.250000
v -0.625000 0.187500 -0.250000
v -0.625000 0.812500 -0.250000
v -0.625000 1.000000 -0.250000
v -0.625000 0.000000 -0.187500
v -0.625000 0.250000 -0.250000
v -0.625000 0.312500 -0.250000
v -0.625000 0.375000 -0.250000
v -0.625000 0.437500 -0.250000
v -0.625000 0.500000 -0.250000
v -0.625000 0.562500 -0.250000
v -0.625000 0.625000 -0.250000
v -0.625000 0.687500 -0.250000
v -0.625000 0.750000 -0.250000
v -0.625000 1.000000 -0.187500
v -0.625000 0.000000 -0.125000
v -0.625000 1.000000 -0.125000
v -0.625000 0.000000 -0.062500
v -0.625000 1.000000 -0.062500
v -0.625000 0.000000 0.000000
v -0.625000 1.000000 0.000000
v -0.625000 0.000000 0.062500
v -0.625000 1.000000 0.062500
v -0.625000 0.000000 0.125000
v -0.625000 1.000000 0.125000
v -0.625000 0.000000 0.187500
v -0.625000 1.000000 0.187500
v -0.625000 0.000000 0.250000
v -0.625000 0.187500 0.250000
v -0.625000 0.250000 0.250000
v -0.625000 0.312500 0.250000
v -0.625000 0.375000 0.250000
v -0.625000 0.437500 0.250000
v -0.625000 0.500000 0.250000
v -0.625000 0.562500 0.250000
v -0.625000 0.625000 0.250000
v -0.625000 0.687500 0.250000
v -0.625000 0.750000 0.250000
v -0.625000 0.812500 0.250000
v -0.625000 1.000000 0.250000
v -0.625000 0.000000 0.312500
v -0.625000 0.187500 0.312500
v -0.625000 0.812500 0.312500
v -0.625000 1.000000 0.312500
v -0.625000 0.000000 0.375000
v -0.625000 0.062500 0.375000
v -0.625000 0.125000 0.375000
v -0.625000 0.187500 0.375000
v -0.625000 0.812500 0.375000
v -0.625000 1.000000 0.375000
v -0.625000 0.812500 0.437500
v -0.625000 0.875000 0.437500
v -0.625000 0.937500 0.437500
v -0.625000 1.000000 0.437500
v -0.562500 0.875000 -0.437500
v -0.562500 0.812500 -0.437500
v -0.562500 0.812500 -0.375000
v -0.562500 0.937500 -0.437500
v -0.562500 1.000000 -0.437500
v -0.562500 1.000000 -0.375000
v -0.562500 0.062500 -0.375000
v -0.562500 0.000000 -0.375000
v -0.562500 0.000000 -0.312500
v -0.562500 0.125000 -0.375000
v -0.562500 0.187500 -0.375000
v -0.562500 0.187500 -0.312500
v -0.562500 0.812500 -0.312500
v -0.562500 1.000000 -0.312500
v -0.562500 0.000000 -0.250000
v -0.562500 0.187500 -0.250000
v -0.562500 0.812500 -0.250000
v -0.562500 1.000000 -0.250000
v -0.562500 0.000000 -0.187500
v -0.562500 0.250000 -0.250000
v -0.562500 0.312500 -0.250000
v -0.562500 0.375000 -0.250000
v -0.562500 0.437500 -0.250000
v -0.562500 0.500000 -0.250000
v -0.562500 0.562500 -0.250000
v -0.562500 0.625000 -0.250000
v -0.562500 0.687500 -0.250000
v -0.562500 0.750000 -0.250000
v -0.562500 1.000000 -0.187500
v -0.562500 0.000000 -0.125000
v -0.562500 1.000000 -0.125000
v -0.562500 0.000000 -0.062500
v -0.562500 1.000000 -0.062500
v -0.562500 0.000000 0.000000
v -0.562500 1.000000 0.000000
v -0.562500 0.000000 0.062500
v -0.562500 1.000000 0.062500
v -0.562500 0.000000 0.125000
v -0.562500 1.000000 0.125000
v -0.562500 0.000000 0.187500
v -0.562500 1.000000 0.187500
v -0.562500 0.000000 0.250000
v -0.562500 0.187500 0.250000
v -0.562500 0.250000 0.250000
v -0.562500 0.312500 0.250000
v -0.562500 0.375000 0.250000
v -0.562500 0.437500 0.250000
v -0.562500 0.500000 0.250000
v -0.562500 0.562500 0.250000
v -0.562500 0.625000 0.250000
v -0.562500 0.687500 0.250000
v -0.562500 0.750000 0.250000
v -0.562500 0.812500 0.250000
v -0.562500 1.000000 0.250000
v -0.562500 0.000000 0.312500
v -0.562500 0.187500 0.312500
v -0.562500 0.812500 0.312500
v -0.562500 1.000000 0.312500
v -0.562500 0.000000 0.375000
v -0.562500 0.062500 0.375000
v -0.562500 0.125000 0.375000
v -0.562500 0.187500 0.375000
v -0.562500 0.812500 0.375000
v -0.562500 1.000000 0.375000
v -0.562500 0.812500 0.437500
v -0.562500 0.875000 0.437500
v -0.562500 0.937500 0.437500
v -0.562500 1.000000 0.437500
v -0.500000 0.875000 -0.437500
v -0.500000 0.812500 -0.437500
v -0.500000 0.812500 -0.375000
v -0.500000 0.937500 -0.437500
v -0.500000 1.000000 -0.437500
v -0.500000 1.000000 -0.375000
v -0.500000 0.062500 -0.375000
v -0.500000 0.000000 -0.375000
v -0.500000 0.000000 -0.312500
v -0.500000 0.125000 -0.375000
v -0.500000 0.187500 -0.375000
v -0.500000 0.187500 -0.312500
v -0.500000 0.812500 -0.312500
v -0.500000 1.000000 -0.312500
v -0.500000 0.000000 -0.250000
v -0.500000 0.187500 -0.250000
v -0.500000 0.812500 -0.250000
v -0.500000 1.000000 -0.250000
v -0.500000 0.000000 -0.187500
v -0.500000 0.250000 -0.250000
v -0.500000 0.312500 -0.250000
v -0.500000 0.375000 -0.250000
v -0.500000 0.437500 -0.250000
v -0.500000 0.500000 -0.250000
v -0.500000 0.562500 -0.250000
v -0.500000 0.625000 -0.250000
v -0.500000 0.687500 -0.250000
v -0.500000 0.750000 -0.250000
v -0.500000 1.000000 -0.187500
v -0.500000 0.000000 -0.125000
v -0.500000 1.000000 -0.125000
v -0.500000 0.000000 -0.062500
v -0.500000 1.000000 -0.062500
v -0.500000 0.000000 0.000000
v -0.500000 1.000000 0.000000
v -0.500000 0.000000 0.062500
v -0.500000 1.000000 0.062500
v -0.500000 0.000000 0.125000
v -0.500000 1.000000 0.125000
v -0.500000 0.000000 0.187500
v -0.500000 1.000000 0.187500
v -0.500000 0.000000 0.250000
v -0.500000 0.187500 0.250000
v -0.500000 0.250000 0.250000
v -0.500000 0.312500 0.250000
v -0.500000 0.375000 0.250000
v -0.500000 0.437500 0.250000
v -0.500000 0.500000 0.250000
v -0.500000 0.562500 0.250000
v -0.500000 0.625000 0.250000
v -0.500000 0.687500 0.250000
v -0.500000 0.750000 0.250000
v -0.500000 0.812500 0.250000
v -0.500000 1.000000 0.250000
v -0.500000 0.000000 0.312500
v -0.500000 0.187500 0.312500
v -0.500000 0.812500 0.312500
v -0.500000 1.000000 0.312500
v -0.500000 0.000000 0.375000
v -0.500000 0.062500 0.375000
v -0.500000 0.125000 0.375000
v -0.500000 0.187500 0.375000
v -0.500000 0.812500 0.375000
v -0.500000 1.000000 0.375000
v -0.500000 0.812500 0.437500
v -0.500000 0.875000 0.437500
v -0.500000 0.937500 0.437500
v -0.500000 1.000000 0.437500
v -0.437500 0.875000 -0.437500
v -0.437500 0.812500 -0.437500
v -0.437500 0.812500 -0.375000
v -0.437500 0.937500 -0.437500
v -0.437500 1.000000 -0.437500
v -0.437500 1.000000 -0.375000
v -0.437500 0.062500 -0.375000
v -0.437500 0.000000 -0.375000
v -0.437500 0.000000 -0.312500
v -0.437500 0.125000 -0.375000
v -0.437500 0.187500 -0.375000
v -0.437500 0.187500 -0.312500
v -0.437500 0.812500 -0.312500
v -0.437500 1.000000 -0.312500
v -0.437500 0.000000 -0.250000
v -0.437500 0.187500 -0.250000
v -0.437500 0.812500 -0.250000
v -0.437500 1.000000 -0.250000
v -0.437500 0.000000 -0.187500
v -0.437500 0.250000 -0.250000
v -0.437500 0.312500 -0.250000
v -0.437500 0.375000 -0.250000
v -0.437500 0.437500 -0.250000
v -0.437500 0.500000 -0.250000
v -0.437500 0.562500 -0.250000
v -0.437500 0.625000 -0.250000
v -0.437500 0.687500 -0.250000
v -0.437500 0.750000 -0.250000
v -0.437500 1.000000 -0.187500
v -0.437500 0.000000 -0.125000
v -0.437500 1.000000 -0.125000
v -0.437500 0.000000 -0.062500
v -0.437500 1.000000 -0.062500
v -0.437500 0.000000 0.000000
v -0.437500 1.000000 0.000000
v -0.437500 0.000000 0.062500
v -0.437500 1.000000 0.062500
v -0.437500 0.000000 0.125000
v -0.437500 1.000000 0.125000
v -0.437500 0.000000 0.187500
v -0.437500 1.000000 0.187500
v -0.437500 0.000000 0.250000
v -0.437500 0.187500 0.250000
v -0.437500 0.250000 0.250000
v -0.437500 0.312500 0.250000
v -0.437500 0.375000 0.250000
v -0.437500 0.437500 0.250000
v -0.437500 0.500000 0.250000
v -0.437500 0.562500 0.250000
v -0.437500 0.625000 0.250000
v -0.437500 0.687500 0.250000
v -0.437500 0.750000 0.250000
v -0.437500 0.812500 0.250000
v -0.437500 1.000000 0.250000
v -0.437500 0.000000 0.312500
v -0.437500 0.187500 0.312500
v -0.437500 0.812500 0.312500
v -0.437500 1.000000 0.312500
v -0.437500 0.000000 0.375000
v -0.437500 0.062500 0.375000
v -0.437500 0.125000 0.375000
v -0.437500 0.187500 0.375000
v -0.437500 0.812500 0.375000
v -0.437500 1.000000 0.375000
v -0.437500 0.812500 0.437500
v -0.437500 0.875000 0.437500
v -0.437500 0.937500 0.437500
v -0.437500 1.000000 0.437500
v -0.375000 0.875000 -0.437500
v -0.375000 0.812500 -0.437500
v -0.375000 0.812500 -0.375000
v -0.375000 0.937500 -0.437500
v -0.375000 1.000000 -0.437500
v -0.375000 1.000000 -0.375000
v -0.375000 0.062500 -0.375000
v -0.375000 0.000000 -0.375000
v -0.375000 0.000000 -0.312500
v -0.375000 0.125000 -0.375000
v -0.375000 0.187500 -0.375000
v -0.375000 0.187500 -0.312500
v -0.375000 0.812500 -0.312500
v -0.375000 1.000000 -0.312500
v -0.375000 0.000000 -0.250000
v -0.375000 0.187500 -0.250000
v -0.375000 0.812500 -0.250000
v -0.375000 1.000000 -0.250000
v -0.375000 0.000000 -0.187500
v -0.375000 0.250000 -0.250000
v -0.375000 0.312500 -0.250000
v -0.375000 0.375000 -0.250000
v -0.375000 0.437500 -0.250000
v -0.375000 0.500000 -0.250000
v -0.375000 0.562500 -0.250000
v -0.375000 0.625000 -0.250000
v -0.375000 0.687500 -0.250000
v -0.375000 0.750000 -0.250000
v -0.375000 1.000000 -0.187500
v -0.375000 0.000000 -0.125000
v -0.375000 1.000000 -0.125000
v -0.375000 0.000000 -0.062500
v -0.375000 1.000000 -0.062500
v -0.375000 0.000000 0.000000
v -0.375000 1.000000 0.000000
v -0.375000 0.000000 0.062500
v -0.375000 1.000000 0.062500
v -0.375000 0.000000 0.125000
v -0.375000 1.000000 0.125000
v -0.375000 0.000000 0.187500
v -0.375000 1.000000 0.187500
v -0.375000 0.000000 0.250000
v -0.375000 0.187500 0.250000
v -0.375000 0.250000 0.250000
v -0.375000 0.312500 0.250000
v -0.375000 0.375000 0.250000
v -0.375000 0.437500 0.250000
v -0.375000 0.500000 0.250000
v -0.375000 0.562500 0.250000
v -0.375000 0.625000 0.250000
v -0.375000 0.687500 0.250000
v -0.375000 0.750000 0.250000
v -0.375000 0.812500 0.250000
v -0.375000 1.000000 0.250000
v -0.375000 0.000000 0.312500
v -0.375000 0.187500 0.312500
v -0.375000 0.812500 0.312500
v -0.375000 1.000000 0.312500
v -0.375000 0.000000 0.375000
v -0.375000 0.062500 0.375000
v -0.375000 0.125000 0.375000
v -0.375000 0.187500 0.375000
v -0.375000 0.812500 0.375000
v -0.375000 1.000000 0.375000
v -0.375000 0.812500 0.437500
v -0.375000 0.875000 0.437500
v -0.375000 0.937500 0.437500
v -0.375000 1.000000 0.437500
v -0.312500 0.875000 -0.437500
v -0.312500 0.812500 -0.437500
v -0.312500 0.812500 -0.375000
v -0.312500 0.937500 -0.437500
v -0.312500 1.000000 -0.437500
v -0.312500 1.000000 -0.375000
v -0.312500 0.062500 -0.375000
v -0.312500 0.000000 -0.375000
v -0.312500 0.000000 -0.312500
v -0.312500 0.125000 -0.375000
v -0.312500 0.187500 -0.375000
v -0.312500 0.187500 -0.312500
v -0.312500 0.812500 -0.312500
v -0.312500 1.000000 -0.312500
v -0.312500 0.000000 -0.250000
v -0.312500 0.187500 -0.250000
v -0.312500 0.812500 -0.250000
v -0.312500 1.000000 -0.250000
v -0.312500 0.000000 -0.187500
v -0.312500 0.250000 -0.250000
v -0.312500 0.312500 -0.250000
v -0.312500 0.375000 -0.250000
v -0.312500 0.437500 -0.250000
v -0.312500 0.500000 -0.250000
v -0.312500 0.562500 -0.250000
v -0.312500 0.625000 -0.250000
v -0.312500 0.687500 -0.250000
v -0.312500 0.750000 -0.250000
v -0.312500 1.000000 -0.187500
v -0.312500 0.000000 -0.125000
v -0.312500 1.000000 -0.125000
v -0.312500 0.000000 -0.062500
v -0.312500 1.000000 -0.062500
v -0.312500 0.000000 0.000000
v -0.312500 1.000000 0.000000
v -0.312500 0.000000 0.062500
v -0.312500 1.000000 0.062500
v -0.312500 0.000000 0.125000
v -0.312500 1.000000 0.125000
v -0.312500 0.000000 0.187500
v -0.312500 1.000000 0.187500
v -0.312500 0.000000 0.250000
v -0.312500 0.187500 0.250000
v -0.312500 0.250000 0.250000
v -0.312500 0.312500 0.250000
v -0.312500 0.375000 0.250000
v -0.312500 0.437500 0.250000
v -0.312500 0.500000 0.250000
v -0.312500 0.562500 0.250000
v -0.312500 0.625000 0.250000
v -0.312500 0.687500 0.250000
v -0.312500 0.750000 0.250000
v -0.312500 0.812500 0.250000
v -0.312500 1.000000 0.250000
v -0.312500 0.000000 0.312500
v -0.312500 0.187500 0.312500
v -0.312500 0.812500 0.312500
v -0.312500 1.000000 0.312500
v -0.312500 0.000000 0.375000
v -0.312500 0.062500 0.375000
v -0.312500 0.125000 0.375000
v -0.312500 0.187500 0.375000
v -0.312500 0.812500 0.375000
v -0.312500 1.000000 0.375000
v -0.312500 0.812500 0.437500
v -0.312500 0.875000 0.437500
v -0.312500 0.937500 0.437500
v -0.312500 1.000000 0.437500
v -0.250000 0.875000 -0.437500
v -0.250000 0.812500 -0.437500
v -0.250000 0.812500 -0.375000
v -0.250000 0.937500 -0.437500
v -0.250000 1.000000 -0.437500
v -0.250000 1.000000 -0.375000
v -0.250000 0.062500 -0.375000
v -0.250000 0.000000 -0.375000
v -0.250000 0.000000 -0.312500
v -0.250000 0.125000 -0.375000
v -0.250000 0.187500 -0.375000
v -0.250000 0.187500 -0.312500
v -0.250000 0.812500 -0.312500
v -0.250000 1.000000 -0.312500
v -0.250000 0.000000 -0.250000
v -0.250000 0.187500 -0.250000
v -0.250000 0.812500 -0.250000
v -0.250000 1.000000 -0.250000
v -0.250000 0.000000 -0.187500
v -0.250000 0.250000 -0.250000
v -0.250000 0.312500 -0.250000
v -0.250000 0.375000 -0.250000
v -0.250000 0.437500 -0.250000
v -0.250000 0.500000 -0.250000
v -0.250000 0.562500 -0.250000
v -0.250000 0.625000 -0.250000
v -0.250000 0.687500 -0.250000
v -0.250000 0.750000 -0.250000
v -0.250000 1.000000 -0.187500
v -0.250000 0.000000 -0.125000
v -0.250000 1.000000 -0.125000
v -0.250000 0.000000 -0.062500
v -0.250000 1.000000 -0.062500
v -0.250000 0.000000 0.000000
v -0.250000 1.000000 0.000000
v -0.250000 0.000000 0.062500
v -0.250000 1.000000 0.062500
v -0.250000 0.000000 0.125000
v -0.250000 1.000000 0.125000
v -0.250000 0.000000 0.187500
v -0.250000 1.000000 0.187500
v -0.250000 0.000000 0.250000
v -0.250000 0.187500 0.250000
v -0.250000 0.250000 0.250000
v -0.250000 0.312500 0.250000
v -0.250000 0.375000 0.250000
v -0.250000 0.437500 0.250000
v -0.250000 0.500000 0.250000
v -0.250000 0.562500 0.250000
v -0.250000 0.625000 0.250000
v -0.250000 0.687500 0.250000
v -0.250000 0.750000 0.250000
v -0.250000 0.812500 0.250000
v -0.250000 1.000000 0.250000
v -0.250000 0.000000 0.312500
v -0.250000 0.187500 0.312500
v -0.250000 0.812500 0.312500
v -0.250000 1.000000 0.312500
v -0.250000 0.000000 0.375000
v -0.250000 0.062500 0.375000
v -0.250000 0.125000 0.375000
v -0.250000 0.187500 0.375000
v -0.250000 0.812500 0.375000
v -0.250000 1.000000 0.375000
v -0.250000 0.812500 0.437500
v -0.250000 0.875000 0.437500
v -0.250000 0.937500 0.437500
v -0.250000 1.000000 0.437500
v -0.187500 0.875000 -0.437500
v -0.187500 0.812500 -0.437500
v -0.187500 0.812500 -0.375000
v -0.187500 0.937500 -0.437500
v -0.187500 1.000000 -0.437500
v -0.187500 1.000000 -0.375000
v -0.187500 0.062500 -0.375000
v -0.187500 0.000000 -0.375000
v -0.187500 0.000000 -0.312500
v -0.187500 0.125000 -0.375000
v -0.187500 0.187500 -0.375000
v -0.187500 0.187500 -0.312500
v -0.187500 0.812500 -0.312500
v -0.187500 1.000000 -0.312500
v -0.187500 0.000000 -0.250000
v -0.187500 0.187500 -0.250000
v -0.187500 0.812500 -0.250000
v -0.187500 1.000000 -0.250000
v -0.187500 0.000000 -0.187500
v -0.187500 0.250000 -0.250000
v -0.187500 0.312500 -0.250000
v -0.187500 0.375000 -0.250000
v -0.187500 0.437500 -0.250000
v -0.187500 0.500000 -0.250000
v -0.187500 0.562500 -0.250000
v -0.187500 0.625000 -0.250000
v -0.187500 0.687500 -0.250000
v -0.187500 0.750000 -0.250000
v -0.187500 1.000000 -0.187500
v -0.187500 0.000000 -0.125000
v -0.187500 1.000000 -0.125000
v -0.187500 0.000000 -0.062500
v -0.187500 1.000000 -0.062500
v -0.187500 0.000000 0.000000
v -0.187500 1.000000 0.000000
v -0.187500 0.000000 0.062500
v -0.187500 1.000000 0.062500
v -0.187500 0.000000 0.125000
v -0.187500 1.000000 0.125000
v -0.187500 0.000000 0.187500
v -0.187500 1.000000 0.187500
v -0.187500 0.000000 0.250000
v -0.187500 0.187500 0.250000
v -0.187500 0.250000 0.250000
v -0.187500 0.312500 0.250000
v -0.187500 0.375000 0.250000
v -0.187500 0.437500 0.250000
v -0.187500 0.500000 0.250000
v -0.187500 0.562500 0.250000
v -0.187500 0.625000 0.250000
v -0.187500 0.687500 0.250000
v -0.187500 0.750000 0.250000
v -0.187500 0.812500 0.250000
v -0.187500 1.000000 0.250000
v -0.187500 0.000000 0.312500
v -0.187500 0.187500 0.312500
v -0.187500 0.812500 0.312500
v -0.187500 1.000000 0.312500
v -0.187500 0.000000 0.375000
v -0.187500 0.062500 0.375000
v -0.187500 0.125000 0.375000
v -0.187500 0.187500 0.375000
v -0.187500 0.812500 0.375000
v -0.187500 1.000000 0.375000
v -0.187500 0.812500 0.437500
v -0.187500 0.875000 0.437500
v -0.187500 0.937500 0.437500
v -0.187500 1.000000 0.437500
v -0.125000 0.875000 -0.437500
v -0.125000 0.812500 -0.437500
v -0.125000 0.812500 -0.375000
v -0.125000 0.937500 -0.437500
v -0.125000 1.000000 -0.437500
v -0.125000 1.000000 -0.375000
v -0.125000 0.062500 -0.375000
v -0.125000 0.000000 -0.375000
v -0.125000 0.000000 -0.312500
v -0.125000 0.125000 -0.375000
v -0.125000 0.187500 -0.375000
v -0.125000 0.187500 -0.312500
v -0.125000 0.812500 -0.312500
v -0.125000 1.000000 -0.312500
v -0.125000 0.000000 -0.250000
v -0.125000 0.187500 -0.250000
v -0.125000 0.812500 -0.250000
v -0.125000 1.000000 -0.250000
v -0.125000 0.000000 -0.187500
v -0.125000 0.250000 -0.250000
v -0.125000 0.312500 -0.250000
v -0.125000 0.375000 -0.250000
v -0.125000 0.437500 -0.250000
v -0.125000 0.500000 -0.250000
v -0.125000 0.562500 -0.250000
v -0.125000 0.625000 -0.250000
v -0.125000 0.687500 -0.250000
v -0.125000 0.750000 -0.250000
v -0.125000 1.000000 -0.187500
v -0.125000 0.000000 -0.125000
v -0.125000 1.000000 -0.125000
v -0.125000 0.000000 -0.062500
v -0.125000 1.000000 -0.062500
v -0.125000 0.000000 0.000000
v -0.125000 1.000000 0.000000
v -0.125000 0.000000 0.062500
v -0.125000 1.000000 0.062500
v -0.125000 0.000000 0.125000
v -0.125000 1.000000 0.125000
v -0.125000 0.000000 0.187500
v -0.125000 1.000000 0.187500
v -0.125000 0.000000 0.250000
v -0.125000 0.187500 0.250000
v -0.125000 0.250000 0.250000
v -0.125000 0.312500 0.250000
v -0.125000 0.375000 0.250000
v -0.125000 0.437500 0.250000
v -0.125000 0.500000 0.250000
v -0.125000 0.562500 0.250000
v -0.125000 0.625000 0.250000
v -0.125000 0.687500 0.250000
v -0.125000 0.750000 0.250000
v -0.125000 0.812500 0.250000
v -0.125000 1.000000 0.250000
v -0.125000 0.000000 0.312500
v -0.125000 0.187500 0.312500
v -0.125000 0.812500 0.312500
v -0.125000 1.000000 0.312500
v -0.125000 0.000000 0.375000
v -0.125000 0.062500 0.375000
v -0.125000 0.125000 0.375000
v -0.125000 0.187500 0.375000
v -0.125000 0.812500 0.375000
v -0.125000 1.000000 0.375000
v -0.125000 0.812500 0.437500
v -0.125000 0.875000 0.437500
v -0.125000 0.937500 0.437500
v -0.125000 1.000000 0.437500
v -0.062500 0.875000 -0.437500
v -0.062500 0.812500 -0.437500
v -0.062500 0.812500 -0.375000
v -0.062500 0.937500 -0.437500
v -0.062500 1.000000 -0.437500
v -0.062500 1.000000 -0.375000
v -0.062500 0.062500 -0.375000
v -0.062500 0.000000 -0.375000
v -0.062500 0.000000 -0.312500
v -0.062500 0.125000 -0.375000
v -0.062500 0.187500 -0.375000
v -0.062500 0.187500 -0.312500
v -0.062500 0.812500 -0.312500
v -0.062500 1.000000 -0.312500
v -0.062500 0.000000 -0.250000
v -0.062500 0.187500 -0.250000
v -0.062500 0.812500 -0.250000
v -0.062500 1.000000 -0.250000
v -0.062500 0.000000 -0.187500
v -0.062500 0.250000 -0.250000
v -0.062500 0.312500 -0.250000
v -0.062500 0.375000 -0.250000
v -0.062500 0.437500 -0.250000
v -0.062500 0.500000 -0.250000
v -0.062500 0.562500 -0.250000
v -0.062500 0.625000 -0.250000
v -0.062500 0.687500 -0.250000
v -0.062500 0.750000 -0.250000
v -0.062500 1.000000 -0.187500
v -0.062500 0.000000 -0.125000
v -0.062500 1.000000 -0.125000
v -0.062500 0.000000 -0.062500
v -0.062500 1.000000 -0.062500
v -0.062500 0.000000 0.000000
v -0.062500 1.000000 0.000000
v -0.062500 0.000000 0.062500
v -0.062500 1.000000 0.062500
v -0.062500 0.000000 0.125000
v -0.062500 1.000000 0.125000
v -0.062500 0.000000 0.187500
v -0.062500 1.000000 0.187500
v -0.062500 0.000000 0.250000
v -0.062500 0.187500 0.250000
v -0.062500 0.250000 0.250000
v -0.062500 0.312500 0.250000
v -0.062500 0.375000 0.250000
v -0.062500 0.437500 0.250000
v -0.062500 0.500000 0.250000
v -0.062500 0.562500 0.250000
v -0.062500 0.625000 0.250000
v -0.062500 0.687500 0.250000
v -0.062500 0.750000 0.250000
v -0.062500 0.812500 0.250000
v -0.062500 1.000000 0.250000
v -0.062500 0.000000 0.312500
v -0.062500 0.187500 0.312500
v -0.062500 0.812500 0.312500
v -0.062500 1.000000 0.312500
v -0.062500 0.000000 0.375000
v -0.062500 0.062500 0.375000
v -0.062500 0.125000 0.375000
v -0.062500 0.187500 0.375000
v -0.062500 0.812500 0.375000
v -0.062500 1.000000 0.375000
v -0.062500 0.812500 0.437500
v -0.062500 0.875000 0.437500
v -0.062500 0.937500 0.437500
v -0.062500 1.000000 0.437500
v 0.000000 0.875000 -0.437500
v 0.000000 0.812500 -0.437500
v 0.000000 0.812500 -0.375000
v 0.000000 0.937500 -0.437500
v 0.000000 1.000000 -0.437500
v 0.000000 1.000000 -0.375000
v 0.000000 0.062500 -0.375000
v 0.000000 0.000000 -0.375000
v 0.000000 0.000000 -0.312500
v 0.000000 0.125000 -0.375000
v 0.000000 0.187500 -0.375000
v 0.000000 0.187500 -0.312500
v 0.000000 0.812500 -0.312500
v 0.000000 1.000000 -0.312500
v 0.000000 0.000000 -0.250000
v 0.000000 0.187500 -0.250000
v 0.000000 0.812500 -0.250000
v 0.000000 1.000000 -0.250000
v 0.000000 0.000000 -0.187500
v 0.000000 0.250000 -0.250000
v 0.000000 0.312500 -0.250000
v 0.000000 0.375000 -0.250000
v 0.000000 0.437500 -0.250000
v 0.000000 0.500000 -0.250000
v 0.000000 0.562500 -0.250000
v 0.000000 0.625000 -0.250000
v 0.000000 0.687500 -0.250000
v 0.000000 0.750000 -0.250000
v 0.000000 1.000000 -0.187500
v 0.000000 0.000000 -0.125000
v 0.000000 1.000000 -0.125000
v 0.000000 0.000000 -0.062500
v 0.000000 1.000000 -0.062500
v 0.000000 0.000000 0.000000
v 0.000000 1.000000 0.000000
v 0.000000 0.000000 0.062500
v 0.000000 1.000000 0.062500
v 0.000000 0.000000 0.125000
v 0.000000 1.000000 0.125000
v 0.000000 0.000000 0.187500
v 0.000000 1.000000 0.187500
v 0.000000 0.000000 0.250000
v 0.000000 0.187500 0.250000
v 0.000000 0.250000 0.250000
v 0.000000 0.312500 0.250000
v 0.000000 0.375000 0.250000
v 0.000000 0.437500 0.250000
v 0.000000 0.500000 0.250000
v 0.000000 0.562500 0.250000
v 0.000000 0.625000 0.250000
v 0.000000 0.687500 0.250000
v 0.000000 0.750000 0.250000
v 0.000000 0.812500 0.250000
v 0.000000 1.000000 0.250000
v 0.000000 0.000000 0.312500
v 0.000000 0.187500 0.312500
v 0.000000 0.812500 0.312500
v 0.000000 1.000000 0.312500
v 0.000000 0.000000 0.375000
v 0.000000 0.062500 0.375000
v 0.000000 0.125000 0.375000
v 0.000000 0.187500 0.375000
v 0.000000 0.812500 0.375000
v 0.000000 1.000000 0.375000
v 0.000000 0.812500 0.437500
v 0.000000 0.875000 0.437500
v 0.000000 0.937500 0.437500
v 0.000000 1.000000 0.437500
v 0.062500 0.875000 -0.437500
v 0.062500 0.812500 -0.437500
v 0.062500 0.812500 -0.375000
v 0.062500 0.937500 -0.437500
v 0.062500 1.000000 -0.437500
v 0.062500 1.000000 -0.375000
v 0.062500 0.062500 -0.375000
v 0.062500 0.000000 -0.375000
v 0.062500 0.000000 -0.312500
v 0.062500 0.125000 -0.375000
v 0.062500 0.187500 -0.375000
v 0.062500 0.187500 -0.312500
v 0.062500 0.812500 -0.312500
v 0.062500 1.000000 -0.312500
v 0.062500 0.000000 -0.250000
v 0.062500 0.187500 -0.250000
v 0.062500 0.812500 -0.250000
v 0.062500 1.000000 -0.250000
v 0.062500 0.000000 -0.187500
v 0.062500 0.250000 -0.250000
v 0.062500 0.312500 -0.250000
v 0.062500 0.375000 -0.250000
v 0.062500 0.437500 -0.250000
v 0.062500 0.500000 -0.250000
v 0.062500 0.562500 -0.250000
v 0.062500 0.625000 -0.250000
v 0.062500 0.687500 -0.250000
v 0.062500 0.750000 -0.250000
v 0.062500 1.000000 -0.187500
v 0.062500 0.000000 -0.125000
v 0.062500 1.000000 -0.125000
v 0.062500 0.000000 -0.062500
v 0.062500 1.000000 -0.062500
v 0.062500 0.000000 0.000000
v 0.062500 1.000000 0.000000
v 0.062500 0.000000 0.062500
v 0.062500 1.000000 0.062500
v 0.062500 0.000000 0.125000
v 0.062500 1.000000 0.125000
v 0.062500 0.000000 0.187500
v 0.062500 1.000000 0.187500
v 0.062500 0.000000 0.250000
v 0.062500 0.187500 0.250000
v 0.062500 0.250000 0.250000
v 0.062500 0.312500 0.250000
v 0.062500 0.375000 0.250000
v 0.062500 0.437500 0.250000
v 0.062500 0.500000 0.250000
v 0.062500 0.562500 0.250000
v 0.062500 0.625000 0.250000
v 0.062500 0.687500 0.250000
v 0.062500 0.750000 0.250000
v 0.062500 0.812500 0.250000
v 0.062500 1.000000 0.250000
v 0.062500 0.000000 0.312500
v 0.062500 0.187500 0.312500
v 0.062500 0.812500 0.312500
v 0.062500 1.000000 0.312500
v 0.062500 0.000000 0.375000
v 0.062500 0.062500 0.375000
v 0.062500 0.125000 0.375000
v 0.062500 0.187500 0.375000
v 0.062500 0.812500 0.375000
v 0.062500 1.000000 0.375000
v 0.062500 0.812500 0.437500
v 0.062500 0.875000 0.437500
v 0.062500 0.937500 0.437500
v 0.062500 1.000000 0.437500
v 0.125000 0.875000 -0.437500
v 0.125000 0.812500 -0.437500
v 0.125000 0.812500 -0.375000
v 0.125000 0.937500 -0.437500
v 0.125000 1.000000 -0.437500
v 0.125000 1.000000 -0.375000
v 0.125000 0.062500 -0.375000
v 0.125000 0.000000 -0.375000
v 0.125000 0.000000 -0.312500
v 0.125000 0.125000 -0.375000
v 0.125000 0.187500 -0.375000
v 0.125000 0.187500 -0.312500
v 0.125000 0.812500 -0.312500
v 0.125000 1.000000 -0.312500
v 0.125000 0.000000 -0.250000
v 0.125000 0.187500 -0.250000
v 0.125000 0.812500 -0.250000
v 0.125000 1.000000 -0.250000
v 0.125000 0.000000 -0.187500
v 0.125000 0.250000 -0.250000
v 0.125000 0.312500 -0.250000
v 0.125000 0.375000 -0.250000
v 0.125000 0.437500 -0.250000
v 0.125000 0.500000 -0.250000
v 0.125000 0.562500 -0.250000
v 0.125000 0.625000 -0.250000
v 0.125000 0.687500 -0.250000
v 0.125000 0.750000 -0.250000
v 0.125000 1.000000 -0.187500
v 0.125000 0.000000 -0.125000
v 0.125000 1.000000 -0.125000
v 0.125000 0.000000 -0.062500
v 0.125000 1.000000 -0.062500
v 0.125000 0.000000 0.000000
v 0.125000 1.000000 0.000000
v 0.125000 0.000000 0.062500
v 0.125000 1.000000 0.062500
v 0.125000 0.000000 0.125000
v 0.125000 1.000000 0.125000
v 0.125000 0.000000 0.187500
v 0.125000 1.000000 0.187500
v 0.125000 0.000000 0.250000
v 0.125000 0.187500 0.250000
v 0.125000 0.250000 0.250000
v 0.125000 0.312500 0.250000
v 0.125000 0.375000 0.250000
v 0.125000 0.437500 0.250000
v 0.125000 0.500000 0.250000
v 0.125000 0.562500 0.250000
v 0.125000 0.625000 0.250000
v 0.125000 0.687500 0.250000
v 0.125000 0.750000 0.250000
v 0.125000 0.812500 0.250000
v 0.125000 1.000000 0.250000
v 0.125000 0.000000 0.312500
v 0.125000 0.187500 0.312500
v 0.125000 0.812500 0.312500
v 0.125000 1.000000 0.312500
v 0.125000 0.000000 0.375000
v 0.125000 0.062500 0.375000
v 0.125000 0.125000 0.375000
v 0.125000 0.187500 0.375000
v 0.125000 0.812500 0.375000
v 0.125000 1.000000 0.375000
v 0.125000 0.812500 0.437500
v 0.125000 0.875000 0.437500
v 0.125000 0.937500 0.437500
v 0.125000 1.000000 0.437500
v 0.187500 0.875000 -0.437500
v 0.187500 0.812500 -0.437500
v 0.187500 0.812500 -0.375000
v 0.187500 0.937500 -0.437500
v 0.187500 1.000000 -0.437500
v 0.187500 1.000000 -0.375000
v 0.187500 0.062500 -0.375000
v 0.187500 0.000000 -0.375000
v 0.187500 0.000000 -0.312500
v 0.187500 0.125000 -0.375000
v 0.187500 0.187500 -0.375000
v 0.187500 0.187500 -0.312500
v 0.187500 0.812500 -0.312500
v 0.187500 1.000000 -0.312500
v 0.187500 0.000000 -0.250000
v 0.187500 0.187500 -0.250000
v 0.187500 0.812500 -0.250000
v 0.187500 1.000000 -0.250000
v 0.187500 0.000000 -0.187500
v 0.187500 0.250000 -0.250000
v 0.187500 0.312500 -0.250000
v 0.187500 0.375000 -0.250000
v 0.187500 0.437500 -0.250000
v 0.187500 0.500000 -0.250000
v 0.187500 0.562500 -0.250000
v 0.187500 0.625000 -0.250000
v 0.187500 0.687500 -0.250000
v 0.187500 0.750000 -0.250000
v 0.187500 1.000000 -0.187500
v 0.187500 0.000000 -0.125000
v 0.187500 1.000000 -0.125000
v 0.187500 0.000000 -0.062500
v 0.187500 1.000000 -0.062500
v 0.187500 0.000000 0.000000
v 0.187500 1.000000 0.000000
v 0.187500 0.000000 0.062500
v 0.187500 1.000000 0.062500
v 0.187500 0.000000 0.125000
v 0.187500 1.000000 0.125000
v 0.187500 0.000000 0.187500
v 0.187500 1.000000 0.187500
v 0.187500 0.000000 0.250000
v 0.187500 0.187500 0.250000
v 0.187500 0.250000 0.250000
v 0.187500 0.312500 0.250000
v 0.187500 0.375000 0.250000
v 0.187500 0.437500 0.250000
v 0.187500 0.500000 0.250000
v 0.187500 0.562500 0.250000
v 0.187500 0.625000 0.250000
v 0.187500 0.687500 0.250000
v 0.187500 0.750000 0.250000
v 0.187500 0.812500 0.250000
v 0.187500 1.000000 0.250000
v 0.187500 0.000000 0.312500
v 0.187500 0.187500 0.312500
v 0.187500 0.812500 0.312500
v 0.187500 1.000000 0.312500
v 0.187500 0.000000 0.375000
v 0.187500 0.062500 0.375000
v 0.187500 0.125000 0.375000
v 0.187500 0.187500 0.375000
v 0.187500 0.812500 0.375000
v 0.187500 1.000000 0.375000
v 0.187500 0.812500 0.437500
v 0.187500 0.875000 0.437500
v 0.187500 0.937500 0.437500
v 0.187500 1.000000 0.437500
v 0.250000 0.875000 -0.437500
v 0.250000 0.812500 -0.437500
v 0.250000 0.812500 -0.375000
v 0.250000 0.937500 -0.437500
v 0.250000 1.000000 -0.437500
v 0.250000 1.000000 -0.375000
v 0.250000 0.062500 -0.375000
v 0.250000 0.000000 -0.375000
v 0.250000 0.000000 -0.312500
v 0.250000 0.125000 -0.375000
v 0.250000 0.187500 -0.375000
v 0.250000 0.187500 -0.312500
v 0.250000 0.812500 -0.312500
v 0.250000 1.000000 -0.312500
v 0.250000 0.000000 -0.250000
v 0.250000 0.187500 -0.250000
v 0.250000 0.812500 -0.250000
v 0.250000 1.000000 -0.250000
v 0.250000 0.000000 -0.187500
v 0.250000 0.250000 -0.250000
v 0.250000 0.312500 -0.250000
v 0.250000 0.375000 -0.250000
v 0.250000 0.437500 -0.250000
v 0.250000 0.500000 -0.250000
v 0.250000 0.562500 -0.250000
v 0.250000 0.625000 -0.250000
v 0.250000 0.687500 -0.250000
v 0.250000 0.750000 -0.250000
v 0.250000 1.000000 -0.187500
v 0.250000 0.000000 -0.125000
v 0.250000 1.000000 -0.125000
v 0.250000 0.000000 -0.062500
v 0.250000 1.000000 -0.062500
v 0.250000 0.000000 0.000000
v 0.250000 1.000000 0.000000
v 0.250000 0.000000 0.062500
v 0.250000 1.000000 0.062500
v 0.250000 0.000000 0.125000
v 0.250000 1.000000 0.125000
v 0.250000 0.000000 0.187500
v 0.250000 1.000000 0.187500
v 0.250000 0.000000 0.250000
v 0.250000 0.187500 0.250000
v 0.250000 0.250000 0.250000
v 0.250000 0.312500 0.250000
v 0.250000 0.375000 0.250000
v 0.250000 0.437500 0.250000
v 0.250000 0.500000 0.250000
v 0.250000 0.562500 0.250000
v 0.250000 0.625000 0.250000
v 0.250000 0.687500 0.250000
v 0.250000 0.750000 0.250000
v 0.250000 0.812500 0.250000
v 0.250000 1.000000 0.250000
v 0.250000 0.000000 0.312500
v 0.250000 0.187500 0.312500
v 0.250000 0.812500 0.312500
v 0.250000 1.000000 0.312500
v 0.250000 0.000000 0.375000
v 0.250000 0.062500 0.375000
v 0.250000 0.125000 0.375000
v 0.250000 0.187500 0.375000
v 0.250000 0.812500 0.375000
v 0.250000 1.000000 0.375000
v 0.250000 0.812500 0.437500
v 0.250000 0.875000 0.437500
v 0.250000 0.937500 0.437500
v 0.250000 1.000000 0.437500
v 0.312500 0.875000 -0.437500
v 0.312500 0.812500 -0.437500
v 0.312500 0.812500 -0.375000
v 0.312500 0.937500 -0.437500
v 0.312500 1.000000 -0.437500
v 0.312500 1.000000 -0.375000
v 0.312500 0.062500 -0.375000
v 0.312500 0.000000 -0.375000
v 0.312500 0.000000 -0.312500
v 0.312500 0.125000 -0.375000
v 0.312500 0.187500 -0.375000
v 0.312500 0.187500 -0.312500
v 0.312500 0.812500 -0.312500
v 0.312500 1.000000 -0.312500
v 0.312500 0.000000 -0.250000
v 0.312500 0.187500 -0.250000
v 0.312500 0.812500 -0.250000
v 0.312500 1.000000 -0.250000
v 0.312500 0.000000 -0.187500
v 0.312500 0.250000 -0.250000
v 0.312500 0.312500 -0.250000
v 0.312500 0.375000 -0.250000
v 0.312500 0.437500 -0.250000
v 0.312500 0.500000 -0.250000
v 0.312500 0.562500 -0.250000
v 0.312500 0.625000 -0.250000
v 0.312500 0.687500 -0.250000
v 0.312500 0.750000 -0.250000
v 0.312500 1.000000 -0.187500
v 0.312500 0.000000 -0.125000
v 0.312500 1.000000 -0.125000
v 0.312500 0.000000 -0.062500
v 0.312500 1.000000 -0.062500
v 0.312500 0.000000 0.000000
v 0.312500 1.000000 0.000000
v 0.312500 0.000000 0.062500
v 0.312500 1.000000 0.062500
v 0.312500 0.000000 0.125000
v 0.312500 1.000000 0.125000
v 0.312500 0.000000 0.187500
v 0.312500 1.000000 0.187500
v 0.312500 0.000000 0.250000
v 0.312500 0.187500 0.250000
v 0.312500 0.250000 0.250000
v 0.312500 0.312500 0.250000
v 0.312500 0.375000 0.250000
v 0.312500 0.437500 0.250000
v 0.312500 0.500000 0.250000
v 0.312500 0.562500 0.250000
v 0.312500 0.625000 0.250000
v 0.312500 0.687500 0.250000
v 0.312500 0.750000 0.250000
v 0.312500 0.812500 0.250000
v 0.312500 1.000000 0.250000
v 0.312500 0.000000 0.312500
v 0.312500 0.187500 0.312500
v 0.312500 0.812500 0.312500
v 0.312500 1.000000 0.312500
v 0.312500 0.000000 0.375000
v 0.312500 0.062500 0.375000
v 0.312500 0.125000 0.375000
v 0.312500 0.187500 0.375000
v 0.312500 0.812500 0.375000
v 0.312500 1.000000 0.375000
v 0.312500 0.812500 0.437500
v 0.312500 0.875000 0.437500
v 0.312500 0.937500 0.437500
v 0.312500 1.000000 0.437500
v 0.375000 0.875000 -0.437500
v 0.375000 0.812500 -0.437500
v 0.375000 0.812500 -0.375000
v 0.375000 0.937500 -0.437500
v 0.375000 1.000000 -0.437500
v 0.375000 1.000000 -0.375000
v 0.375000 0.062500 -0.375000
v 0.375000 0.000000 -0.375000
v 0.375000 0.000000 -0.312500
v 0.375000 0.125000 -0.375000
v 0.375000 0.187500 -0.375000
v 0.375000 0.187500 -0.312500
v 0.375000 0.812500 -0.312500
v 0.375000 1.000000 -0.312500
v 0.375000 0.000000 -0.250000
v 0.375000 0.187500 -0.250000
v 0.375000 0.812500 -0.250000
v 0.375000 1.000000 -0.250000
v 0.375000 0.000000 -0.187500
v 0.375000 0.250000 -0.250000
v 0.375000 0.312500 -0.250000
v 0.375000 0.375000 -0.250000
v 0.375000 0.437500 -0.250000
v 0.375000 0.500000 -0.250000
v 0.375000 0.562500 -0.250000
v 0.375000 0.625000 -0.250000
v 0.375000 0.687500 -0.250000
v 0.375000 0.750000 -0.250000
v 0.375000 1.000000 -0.187500
v 0.375000 0.000000 -0.125000
v 0.375000 1.000000 -0.125000
v 0.375000 0.000000 -0.062500
v 0.375000 1.000000 -0.062500
v 0.375000 0.000000 0.000000
v 0.375000 1.000000 0.000000
v 0.375000 0.000000 0.062500
v 0.375000 1.000000 0.062500
v 0.375000 0.000000 0.125000
v 0.375000 1.000000 0.125000
v 0.375000 0.000000 0.187500
v 0.375000 1.000000 0.187500
v 0.375000 0.000000 0.250000
v 0.375000 0.187500 0.250000
v 0.375000 0.250000 0.250000
v 0.375000 0.312500 0.250000
v 0.375000 0.375000 0.250000
v 0.375000 0.437500 0.250000
v 0.375000 0.500000 0.250000
v 0.375000 0.562500 0.250000
v 0.375000 0.625000 0.250000
v 0.375000 0.687500 0.250000
v 0.375000 0.750000 0.250000
v 0.375000 0.812500 0.250000
v 0.375000 1.000000 0.250000
v 0.375000 0.000000 0.312500
v 0.375000 0.187500 0.312500
v 0.375000 0.812500 0.312500
v 0.375000 1.000000 0.312500
v 0.375000 0.000000 0.375000
v 0.375000 0.062500 0.375000
v 0.375000 0.125000 0.375000
v 0.375000 0.187500 0.375000
v 0.375000 0.812500 0.375000
v 0.375000 1.000000 0.375000
v 0.375000 0.812500 0.437500
v 0.375000 0.875000 0.437500
v 0.375000 0.937500 0.437500
v 0.375000 1.000000 0.437500
v 0.437500 0.875000 -0.437500
v 0.437500 0.812500 -0.437500
v 0.437500 0.812500 -0.375000
v 0.437500 0.937500 -0.437500
v 0.437500 1.000000 -0.437500
v 0.437500 1.000000 -0.375000
v 0.437500 0.062500 -0.375000
v 0.437500 0.000000 -0.375000
v 0.437500 0.000000 -0.312500
v 0.437500 0.125000 -0.375000
v 0.437500 0.187500 -0.375000
v 0.437500 0.187500 -0.312500
v 0.437500 0.812500 -0.312500
v 0.437500 1.000000 -0.312500
v 0.437500 0.000000 -0.250000
v 0.437500 0.187500 -0.250000
v 0.437500 0.812500 -0.250000
v 0.437500 1.000000 -0.250000
v 0.437500 0.000000 -0.187500
v 0.437500 0.250000 -0.250000
v 0.437500 0.312500 -0.250000
v 0.437500 0.375000 -0.250000
v 0.437500 0.437500 -0.250000
v 0.437500 0.500000 -0.250000
v 0.437500 0.562500 -0.250000
v 0.437500 0.625000 -0.250000
v 0.437500 0.687500 -0.250000
v 0.437500 0.750000 -0.250000
v 0.437500 1.000000 -0.187500
v 0.437500 0.000000 -0.125000
v 0.437500 1.000000 -0.125000
v 0.437500 0.000000 -0.062500
v 0.437500 1.000000 -0.062500
v 0.437500 0.000000 0.000000
v 0.437500 1.000000 0.000000
v 0.437500 0.000000 0.062500
v 0.437500 1.000000 0.062500
v 0.437500 0.000000 0.125000
v 0.437500 1.000000 0.125000
v 0.437500 0.000000 0.187500
v 0.437500 1.000000 0.187500
v 0.437500 0.000000 0.250000
v 0.437500 0.187500 0.250000
v 0.437500 0.250000 0.250000
v 0.437500 0.312500 0.250000
v 0.437500 0.375000 0.250000
v 0.437500 0.437500 0.250000
v 0.437500 0.500000 0.250000
v 0.437500 0.562500 0.250000
v 0.437500 0.625000 0.250000
v 0.437500 0.687500 0.250000
v 0.437500 0.750000 0.250000
v 0.437500 0.812500 0.250000
v 0.437500 1.000000 0.250000
v 0.437500 0.000000 0.312500
v 0.437500 0.187500 0.312500
v 0.437500 0.812500 0.312500
v 0.437500 1.000000 0.312500
v 0.437500 0.000000 0.375000
v 0.437500 0.062500 0.375000
v 0.437500 0.125000 0.375000
v 0.437500 0.187500 0.375000
v 0.437500 0.812500 0.375000
v 0.437500 1.000000 0.375000
v 0.437500 0.812500 0.437500
v 0.437500 0.875000 0.437500
v 0.437500 0.937500 0.437500
v 0.437500 1.000000 0.437500
v 0.500000 0.875000 -0.437500
v 0.500000 0.812500 -0.437500
v 0.500000 0.812500 -0.375000
v 0.500000 0.937500 -0.437500
v 0.500000 1.000000 -0.437500
v 0.500000 1.000000 -0.375000
v 0.500000 0.062500 -0.375000
v 0.500000 0.000000 -0.375000
v 0.500000 0.000000 -0.312500
v 0.500000 0.125000 -0.375000
v 0.500000 0.187500 -0.375000
v 0.500000 0.187500 -0.312500
v 0.500000 0.812500 -0.312500
v 0.500000 1.000000 -0.312500
v 0.500000 0.000000 -0.250000
v 0.500000 0.187500 -0.250000
v 0.500000 0.812500 -0.250000
v 0.500000 1.000000 -0.250000
v 0.500000 0.000000 -0.187500
v 0.500000 0.250000 -0.250000
v 0.500000 0.312500 -0.250000
v 0.500000 0.375000 -0.250000
v 0.500000 0.437500 -0.250000
v 0.500000 0.500000 -0.250000
v 0.500000 0.562500 -0.250000
v 0.500000 0.625000 -0.250000
v 0.500000 0.687500 -0.250000
v 0.500000 0.750000 -0.250000
v 0.500000 1.000000 -0.187500
v 0.500000 0.000000 -0.125000
v 0.500000 1.000000 -0.125000
v 0.500000 0.000000 -0.062500
v 0.500000 1.000000 -0.062500
v 0.500000 0.000000 0.000000
v 0.500000 1.000000 0.000000
v 0.500000 0.000000 0.062500
v 0.500000 1.000000 0.062500
v 0.500000 0.000000 0.125000
v 0.500000 1.000000 0.125000
v 0.500000 0.000000 0.187500
v 0.500000 1.000000 0.187500
v 0.500000 0.000000 0.250000
v 0.500000 0.187500 0.250000
v 0.500000 0.250000 0.250000
v 0.500000 0.312500 0.250000
v 0.500000 0.375000 0.250000
v 0.500000 0.437500 0.250000
v 0.500000 0.500000 0.250000
v 0.500000 0.562500 0.250000
v 0.500000 0.625000 0.250000
v 0.500000 0.687500 0.250000
v 0.500000 0.750000 0.250000
v 0.500000 0.812500 0.250000
v 0.500000 1.000000 0.250000
v 0.500000 0.000000 0.312500
v 0.500000 0.187500 0.312500
v 0.500000 0.812500 0.312500
v 0.500000 1.000000 0.312500
v 0.500000 0.000000 0.375000
v 0.500000 0.062500 0.375000
v 0.500000 0.125000 0.375000
v 0.500000 0.187500 0.375000
v 0.500000 0.812500 0.375000
v 0.500000 1.000000 0.375000
v 0.500000 0.812500 0.437500
v 0.500000 0.875000 0.437500
v 0.500000 0.937500 0.437500
v 0.500000 1.000000 0.437500
v 0.562500 0.875000 -0.437500
v 0.562500 0.812500 -0.437500
v 0.562500 0.812500 -0.375000
v 0.562500 0.937500 -0.437500
v 0.562500 1.000000 -0.437500
v 0.562500 1.000000 -0.375000
v 0.562500 0.062500 -0.375000
v 0.562500 0.000000 -0.375000
v 0.562500 0.000000 -0.312500
v 0.562500 0.125000 -0.375000
v 0.562500 0.187500 -0.375000
v 0.562500 0.187500 -0.312500
v 0.562500 0.812500 -0.312500
v 0.562500 1.000000 -0.312500
v 0.562500 0.000000 -0.250000
v 0.562500 0.187500 -0.250000
v 0.562500 0.812500 -0.250000
v 0.562500 1.000000 -0.250000
v 0.562500 0.000000 -0.187500
v 0.562500 0.250000 -0.250000
v 0.562500 0.312500 -0.250000
v 0.562500 0.375000 -0.250000
v 0.562500 0.437500 -0.250000
v 0.562500 0.500000 -0.250000
v 0.562500 0.562500 -0.250000
v 0.562500 0.625000 -0.250000
v 0.562500 0.687500 -0.250000
v 0.562500 0.750000 -0.250000
v 0.562500 1.000000 -0.187500
v 0.562500 0.000000 -0.125000
v 0.562500 1.000000 -0.125000
v 0.562500 0.000000 -0.062500
v 0.562500 1.000000 -0.062500
v 0.562500 0.000000 0.000000
v 0.562500 1.000000 0.000000
v 0.562500 0.000000 0.062500
v 0.562500 1.000000 0.062500
v 0.562500 0.000000 0.125000
v 0.562500 1.000000 0.125000
v 0.562500 0.000000 0.187500
v 0.562500 1.000000 0.187500
v 0.562500 0.000000 0.250000
v 0.562500 0.187500 0.250000
v 0.562500 0.250000 0.250000
v 0.562500 0.312500 0.250000
v 0.562500 0.375000 0.250000
v 0.562500 0.437500 0.250000
v 0.562500 0.500000 0.250000
v 0.562500 0.562500 0.250000
v 0.562500 0.625000 0.250000
v 0.562500 0.687500 0.250000
v 0.562500 0.750000 0.250000
v 0.562500 0.812500 0.250000
v 0.562500 1.000000 0.250000
v 0.562500 0.000000 0.312500
v 0.562500 0.187500 0.312500
v 0.562500 0.812500 0.312500
v 0.562500 1.000000 0.312500
v 0.562500 0.000000 0.375000
v 0.562500 0.062500 0.375000
v 0.562500 0.125000 0.375000
v 0.562500 0.187500 0.375000
v 0.562500 0.812500 0.375000
v 0.562500 1.000000 0.375000
v 0.562500 0.812500 0.437500
v 0.562500 0.875000 0.437500
v 0.562500 0.937500 0.437500
v 0.562500 1.000000 0.437500
v 0.625000 0.875000 -0.437500
v 0.625000 0.812500 -0.437500
v 0.625000 0.812500 -0.375000
v 0.625000 0.937500 -0.437500
v 0.625000 1.000000 -0.437500
v 0.625000 1.000000 -0.375000
v 0.625000 0.062500 -0.375000
v 0.625000 0.000000 -0.375000
v 0.625000 0.000000 -0.312500
v 0.625000 0.125000 -0.375000
v 0.625000 0.187500 -0.375000
v 0.625000 0.187500 -0.312500
v 0.625000 0.812500 -0.312500
v 0.625000 1.000000 -0.312500
v 0.625000 0.000000 -0.250000
v 0.625000 0.187500 -0.250000
v 0.625000 0.812500 -0.250000
v 0.625000 1.000000 -0.250000
v 0.625000 0.000000 -0.187500
v 0.625000 0.250000 -0.250000
v 0.625000 0.312500 -0.250000
v 0.625000 0.375000 -0.250000
v 0.625000 0.437500 -0.250000
v 0.625000 0.500000 -0.250000
v 0.625000 0.562500 -0.250000
v 0.625000 0.625000 -0.250000
v 0.625000 0.687500 -0.250000
v 0.625000 0.750000 -0.250000
v 0.625000 1.000000 -0.187500
v 0.625000 0.000000 -0.125000
v 0.625000 1.000000 -0.125000
v 0.625000 0.000000 -0.062500
v 0.625000 1.000000 -0.062500
v 0.625000 0.000000 0.000000
v 0.625000 1.000000 0.000000
v 0.625000 0.000000 0.062500
v 0.625000 1.000000 0.062500
v 0.625000 0.000000 0.125000
v 0.625000 1.000000 0.125000
v 0.625000 0.000000 0.187500
v 0.625000 1.000000 0.187500
v 0.625000 0.000000 0.250000
v 0.625000 0.187500 0.250000
v 0.625000 0.250000 0.250000
v 0.625000 0.312500 0.250000
v 0.625000 0.375000 0.250000
v 0.625000 0.437500 0.250000
v 0.625000 0.500000 0.250000
v 0.625000 0.562500 0.250000
v 0.625000 0.625000 0.250000
v 0.625000 0.687500 0.250000
v 0.625000 0.750000 0.250000
v 0.625000 0.812500 0.250000
v 0.625000 1.000000 0.250000
v 0.625000 0.000000 0.312500
v 0.625000 0.187500 0.312500
v 0.625000 0.812500 0.312500
v 0.625000 1.000000 0.312500
v 0.625000 0.000000 0.375000
v 0.625000 0.062500 0.375000
v 0.625000 0.125000 0.375000
v 0.625000 0.187500 0.375000
v 0.625000 0.812500 0.375000
v 0.625000 1.000000 0.375000
v 0.625000 0.812500 0.437500
v 0.625000 0.875000 0.437500
v 0.625000 0.937500 0.437500
v 0.625000 1.000000 0.437500
v 0.687500 0.875000 -0.437500
v 0.687500 0.812500 -0.437500
v 0.687500 0.812500 -0.375000
v 0.687500 0.937500 -0.437500
v 0.687500 1.000000 -0.437500
v 0.687500 1.000000 -0.375000
v 0.687500 0.062500 -0.375000
v 0.687500 0.000000 -0.375000
v 0.687500 0.000000 -0.312500
v 0.687500 0.125000 -0.375000
v 0.687500 0.187500 -0.375000
v 0.687500 0.187500 -0.312500
v 0.687500 0.812500 -0.312500
v 0.687500 1.000000 -0.312500
v 0.687500 0.000000 -0.250000
v 0.687500 0.187500 -0.250000
v 0.687500 0.812500 -0.250000
v 0.687500 1.000000 -0.250000
v 0.687500 0.000000 -0.187500
v 0.687500 0.250000 -0.250000
v 0.687500 0.312500 -0.250000
v 0.687500 0.375000 -0.250000
v 0.687500 0.437500 -0.250000
v 0.687500 0.500000 -0.250000
v 0.687500 0.562500 -0.250000
v 0.687500 0.625000 -0.250000
v 0.687500 0.687500 -0.250000
v 0.687500 0.750000 -0.250000
v 0.687500 1.000000 -0.187500
v 0.687500 0.000000 -0.125000
v 0.687500 1.000000 -0.125000
v 0.687500 0.000000 -0.062500
v 0.687500 1.000000 -0.062500
v 0.687500 0.000000 0.000000
v 0.687500 1.000000 0.000000
v 0.687500 0.000000 0.062500
v 0.687500 1.000000 0.062500
v 0.687500 0.000000 0.125000
v 0.687500 1.000000 0.125000
v 0.687500 0.000000 0.187500
v 0.687500 1.000000 0.187500
v 0.687500 0.000000 0.250000
v 0.687500 0.187500 0.250000
v 0.687500 0.250000 0.250000
v 0.687500 0.312500 0.250000
v 0.687500 0.375000 0.250000
v 0.687500 0.437500 0.250000
v 0.687500 0.500000 0.250000
v 0.687500 0.562500 0.250000
v 0.687500 0.625000 0.250000
v 0.687500 0.687500 0.250000
v 0.687500 0.750000 0.250000
v 0.687500 0.812500 0.250000
v 0.687500 1.000000 0.250000
v 0.687500 0.000000 0.312500
v 0.687500 0.187500 0.312500
v 0.687500 0.812500 0.312500
v 0.687500 1.000000 0.312500
v 0.687500 0.000000 0.375000
v 0.687500 0.062500 0.375000
v 0.687500 0.125000 0.375000
v 0.687500 0.187500 0.375000
v 0.687500 0.812500 0.375000
v 0.687500 1.000000 0.375000
v 0.687500 0.812500 0.437500
v 0.687500 0.875000 0.437500
v 0.687500 0.937500 0.437500
v 0.687500 1.000000 0.437500
v 0.750000 0.875000 -0.437500
v 0.750000 0.812500 -0.437500
v 0.750000 0.812500 -0.375000
v 0.750000 0.937500 -0.437500
v 0.750000 1.000000 -0.437500
v 0.750000 1.000000 -0.375000
v 0.750000 0.062500 -0.375000
v 0.750000 0.000000 -0.375000
v 0.750000 0.000000 -0.312500
v 0.750000 0.125000 -0.375000
v 0.750000 0.187500 -0.375000
v 0.750000 0.187500 -0.312500
v 0.750000 0.812500 -0.312500
v 0.750000 1.000000 -0.312500
v 0.750000 0.000000 -0.250000
v 0.750000 0.187500 -0.250000
v 0.750000 0.812500 -0.250000
v 0.750000 1.000000 -0.250000
v 0.750000 0.000000 -0.187500
v 0.750000 0.250000 -0.250000
v 0.750000 0.250000 -0.187500
v 0.750000 0.187500 -0.187500
v 0.750000 0.312500 -0.250000
v 0.750000 0.312500 -0.187500
v 0.750000 0.375000 -0.250000
v 0.750000 0.375000 -0.187500
v 0.750000 0.437500 -0.250000
v 0.750000 0.437500 -0.187500
v 0.750000 0.500000 -0.250000
v 0.750000 0.500000 -0.187500
v 0.750000 0.562500 -0.250000
v 0.750000 0.562500 -0.187500
v 0.750000 0.625000 -0.250000
v 0.750000 0.625000 -0.187500
v 0.750000 0.687500 -0.250000
v 0.750000 0.687500 -0.187500
v 0.750000 0.750000 -0.250000
v 0.750000 0.750000 -0.187500
v 0.750000 0.812500 -0.187500
v 0.750000 1.000000 -0.187500
v 0.750000 0.000000 -0.125000
v 0.750000 0.250000 -0.125000
v 0.750000 0.187500 -0.125000
v 0.750000 0.312500 -0.125000
v 0.750000 0.375000 -0.125000
v 0.750000 0.437500 -0.125000
v 0.750000 0.500000 -0.125000
v 0.750000 0.562500 -0.125000
v 0.750000 0.625000 -0.125000
v 0.750000 0.687500 -0.125000
v 0.750000 0.750000 -0.125000
v 0.750000 0.812500 -0.125000
v 0.750000 1.000000 -0.125000
v 0.750000 0.000000 -0.062500
v 0.750000 0.250000 -0.062500
v 0.750000 0.187500 -0.062500
v 0.750000 0.312500 -0.062500
v 0.750000 0.375000 -0.062500
v 0.750000 0.437500 -0.062500
v 0.750000 0.500000 -0.062500
v 0.750000 0.562500 -0.062500
v 0.750000 0.625000 -0.062500
v 0.750000 0.687500 -0.062500
v 0.750000 0.750000 -0.062500
v 0.750000 0.812500 -0.062500
v 0.750000 1.000000 -0.062500
v 0.750000 0.000000 0.000000
v 0.750000 0.250000 0.000000
v 0.750000 0.187500 0.000000
v 0.750000 0.312500 0.000000
v 0.750000 0.375000 0.000000
v 0.750000 0.437500 0.000000
v 0.750000 0.500000 0.000000
v 0.750000 0.562500 0.000000
v 0.750000 0.625000 0.000000
v 0.750000 0.687500 0.000000
v 0.750000 0.750000 0.000000
v 0.750000 0.812500 0.000000
v 0.750000 1.000000 0.000000
v 0.750000 0.000000 0.062500
v 0.750000 0.250000 0.062500
v 0.750000 0.187500 0.062500
v 0.750000 0.312500 0.062500
v 0.750000 0.375000 0.062500
v 0.750000 0.437500 0.062500
v 0.750000 0.500000 0.062500
v 0.750000 0.562500 0.062500
v 0.750000 0.625000 0.062500
v 0.750000 0.687500 0.062500
v 0.750000 0.750000 0.062500
v 0.750000 0.812500 0.062500
v 0.750000 1.000000 0.062500
v 0.750000 0.000000 0.125000
v 0.750000 0.250000 0.125000
v 0.750000 0.187500 0.125000
v 0.750000 0.312500 0.125000
v 0.750000 0.375000 0.125000
v 0.750000 0.437500 0.125000
v 0.750000 0.500000 0.125000
v 0.750000 0.562500 0.125000
v 0.750000 0.625000 0.125000
v 0.750000 0.687500 0.125000
v 0.750000 0.750000 0.125000
v 0.750000 0.812500 0.125000
v 0.750000 1.000000 0.125000
v 0.750000 0.000000 0.187500
v 0.750000 0.250000 0.187500
v 0.750000 0.187500 0.187500
v 0.750000 0.312500 0.187500
v 0.750000 0.375000 0.187500
v 0.750000 0.437500 0.187500
v 0.750000 0.500000 0.187500
v 0.750000 0.562500 0.187500
v 0.750000 0.625000 0.187500
v 0.750000 0.687500 0.187500
v 0.750000 0.750000 0.187500
v 0.750000 0.812500 0.187500
v 0.750000 1.000000 0.187500
v 0.750000 0.000000 0.250000
v 0.750000 0.250000 0.250000
v 0.750000 0.187500 0.250000
v 0.750000 0.312500 0.250000
v 0.750000 0.375000 0.250000
v 0.750000 0.437500 0.250000
v 0.750000 0.500000 0.250000
v 0.750000 0.562500 0.250000
v 0.750000 0.625000 0.250000
v 0.750000 0.687500 0.250000
v 0.750000 0.750000 0.250000
v 0.750000 0.812500 0.250000
v 0.750000 1.000000 0.250000
v 0.750000 0.000000 0.312500
v 0.750000 0.187500 0.312500
v 0.750000 0.812500 0.312500
v 0.750000 1.000000 0.312500
v 0.750000 0.000000 0.375000
v 0.750000 0.062500 0.375000
v 0.750000 0.125000 0.375000
v 0.750000 0.187500 0.375000
v 0.750000 0.812500 0.375000
v 0.750000 1.000000 0.375000
v 0.750000 0.812500 0.437500
v 0.750000 0.875000 0.437500
v 0.750000 0.937500 0.437500
v 0.750000 1.000000 0.437500
v 0.812500 0.875000 -0.437500
v 0.812500 0.812500 -0.437500
v 0.812500 0.812500 -0.375000
v 0.812500 0.937500 -0.437500
v 0.812500 1.000000 -0.437500
v 0.812500 1.000000 -0.375000
v 0.812500 0.062500 -0.375000
v 0.812500 0.000000 -0.375000
v 0.812500 0.000000 -0.312500
v 0.812500 0.125000 -0.375000
v 0.812500 0.187500 -0.375000
v 0.812500 0.187500 -0.312500
v 0.812500 0.812500 -0.312500
v 0.812500 1.000000 -0.312500
v 0.812500 0.000000 -0.250000
v 0.812500 0.187500 -0.250000
v 0.812500 0.812500 -0.250000
v 0.812500 1.000000 -0.250000
v 0.812500 0.000000 -0.187500
v 0.812500 0.187500 -0.187500
v 0.812500 0.812500 -0.187500
v 0.812500 1.000000 -0.187500
v 0.812500 0.000000 -0.125000
v 0.812500 0.187500 -0.125000
v 0.812500 0.812500 -0.125000
v 0.812500 1.000000 -0.125000
v 0.812500 0.000000 -0.062500
v 0.812500 0.187500 -0.062500
v 0.812500 0.812500 -0.062500
v 0.812500 1.000000 -0.062500
v 0.812500 0.000000 0.000000
v 0.812500 0.187500 0.000000
v 0.812500 0.812500 0.000000
v 0.812500 1.000000 0.000000
v 0.812500 0.000000 0.062500
v 0.812500 0.187500 0.062500
v 0.812500 0.812500 0.062500
v 0.812500 1.000000 0.062500
v 0.812500 0.000000 0.125000
v 0.812500 0.187500 0.125000
v 0.812500 0.812500 0.125000
v 0.812500 1.000000 0.125000
v 0.812500 0.000000 0.187500
v 0.812500 0.187500 0.187500
v 0.812500 0.812500 0.187500
v 0.812500 1.000000 0.187500
v 0.812500 0.000000 0.250000
v 0.812500 0.187500 0.250000
v 0.812500 0.812500 0.250000
v 0.812500 1.000000 0.250000
v 0.812500 0.000000 0.312500
v 0.812500 0.187500 0.312500
v 0.812500 0.812500 0.312500
v 0.812500 1.000000 0.312500
v 0.812500 0.000000 0.375000
v 0.812500 0.062500 0.375000
v 0.812500 0.125000 0.375000
v 0.812500 0.187500 0.375000
v 0.812500 0.812500 0.375000
v 0.812500 1.000000 0.375000
v 0.812500 0.812500 0.437500
v 0.812500 0.875000 0.437500
v 0.812500 0.937500 0.437500
v 0.812500 1.000000 0.437500
v 0.875000 0.875000 -0.437500
v 0.875000 0.812500 -0.437500
v 0.875000 0.812500 -0.375000
v 0.875000 0.937500 -0.437500
v 0.875000 1.000000 -0.437500
v 0.875000 1.000000 -0.375000
v 0.875000 0.062500 -0.375000
v 0.875000 0.062500 -0.312500
v 0.875000 0.000000 -0.312500
v 0.875000 0.000000 -0.375000
v 0.875000 0.125000 -0.375000
v 0.875000 0.125000 -0.312500
v 0.875000 0.187500 -0.375000
v 0.875000 0.187500 -0.312500
v 0.875000 0.812500 -0.312500
v 0.875000 1.000000 -0.312500
v 0.875000 0.062500 -0.250000
v 0.875000 0.000000 -0.250000
v 0.875000 0.125000 -0.250000
v 0.875000 0.187500 -0.250000
v 0.875000 0.812500 -0.250000
v 0.875000 1.000000 -0.250000
v 0.875000 0.062500 -0.187500
v 0.875000 0.000000 -0.187500
v 0.875000 0.125000 -0.187500
v 0.875000 0.187500 -0.187500
v 0.875000 0.812500 -0.187500
v 0.875000 1.000000 -0.187500
v 0.875000 0.062500 -0.125000
v 0.875000 0.000000 -0.125000
v 0.875000 0.125000 -0.125000
v 0.875000 0.187500 -0.125000
v 0.875000 0.812500 -0.125000
v 0.875000 1.000000 -0.125000
v 0.875000 0.062500 -0.062500
v 0.875000 0.000000 -0.062500
v 0.875000 0.125000 -0.062500
v 0.875000 0.187500 -0.062500
v 0.875000 0.812500 -0.062500
v 0.875000 1.000000 -0.062500
v 0.875000 0.062500 0.000000
v 0.875000 0.000000 0.000000
v 0.875000 0.125000 0.000000
v 0.875000 0.187500 0.000000
v 0.875000 0.812500 0.000000
v 0.875000 1.000000 0.000000
v 0.875000 0.062500 0.062500
v 0.875000 0.000000 0.062500
v 0.875000 0.125000 0.062500
v 0.875000 0.187500 0.062500
v 0.875000 0.812500 0.062500
v 0.875000 1.000000 0.062500
v 0.875000 0.062500 0.125000
v 0.875000 0.000000 0.125000
v 0.875000 0.125000 0.125000
v 0.875000 0.187500 0.125000
v 0.875000 0.812500 0.125000
v 0.875000 1.000000 0.125000
v 0.875000 0.062500 0.187500
v 0.875000 0.000000 0.187500
v 0.875000 0.125000 0.187500
v 0.875000 0.187500 0.187500
v 0.875000 0.812500 0.187500
v 0.875000 1.000000 0.187500
v 0.875000 0.062500 0.250000
v 0.875000 0.000000 0.250000
v 0.875000 0.125000 0.250000
v 0.875000 0.187500 0.250000
v 0.875000 0.812500 0.250000
v 0.875000 1.000000 0.250000
v 0.875000 0.062500 0.312500
v 0.875000 0.000000 0.312500
v 0.875000 0.125000 0.312500
v 0.875000 0.187500 0.312500
v 0.875000 0.812500 0.312500
v 0.875000 1.000000 0.312500
v 0.875000 0.062500 0.375000
v 0.875000 0.000000 0.375000
v 0.875000 0.125000 0.375000
v 0.875000 0.187500 0.375000
v 0.875000 0.812500 0.375000
v 0.875000 1.000000 0.375000
v 0.875000 0.812500 0.437500
v 0.875000 0.875000 0.437500
v 0.875000 0.937500 0.437500
v 0.875000 1.000000 0.437500
v 0.937500 0.875000 -0.437500
v 0.937500 0.875000 -0.375000
v 0.937500 0.812500 -0.375000
v 0.937500 0.812500 -0.437500
v 0.937500 0.937500 -0.437500
v 0.937500 0.937500 -0.375000
v 0.937500 1.000000 -0.437500
v 0.937500 1.000000 -0.375000
v 0.937500 0.875000 -0.312500
v 0.937500 0.812500 -0.312500
v 0.937500 0.937500 -0.312500
v 0.937500 1.000000 -0.312500
v 0.937500 0.875000 -0.250000
v 0.937500 0.812500 -0.250000
v 0.937500 0.937500 -0.250000
v 0.937500 1.000000 -0.250000
v 0.937500 0.875000 -0.187500
v 0.937500 0.812500 -0.187500
v 0.937500 0.937500 -0.187500
v 0.937500 1.000000 -0.187500
v 0.937500 0.875000 -0.125000
v 0.937500 0.812500 -0.125000
v 0.937500 0.937500 -0.125000
v 0.937500 1.000000 -0.125000
v 0.937500 0.875000 -0.062500
v 0.937500 0.812500 -0.062500
v 0.937500 0.937500 -0.062500
v 0.937500 1.000000 -0.062500
v 0.937500 0.875000 0.000000
v 0.937500 0.812500 0.000000
v 0.937500 0.937500 0.000000
v 0.937500 1.000000 0.000000
v 0.937500 0.875000 0.062500
v 0.937500 0.812500 0.062500
v 0.937500 0.937500 0.062500
v 0.937500 1.000000 0.062500
v 0.937500 0.875000 0.125000
v 0.937500 0.812500 0.125000
v 0.937500 0.937500 0.125000
v 0.937500 1.000000 0.125000
v 0.937500 0.875000 0.187500
v 0.937500 0.812500 0.187500
v 0.937500 0.937500 0.187500
v 0.937500 1.000000 0.187500
v 0.937500 0.875000 0.250000
v 0.937500 0.812500 0.250000
v 0.937500 0.937500 0.250000
v 0.937500 1.000000 0.250000
v 0.937500 0.875000 0.312500
v 0.937500 0.812500 0.312500
v 0.937500 0.937500 0.312500
v 0.937500 1.000000 0.312500
v 0.937500 0.875000 0.375000
v 0.937500 0.812500 0.375000
v 0.937500 0.937500 0.375000
v 0.937500 1.000000 0.375000
v 0.937500 0.875000 0.437500
v 0.937500 0.812500 0.437500
v 0.937500 0.937500 0.437500
v 0.937500 1.000000 0.437500
vt 0.03125000 0.96875000
vt 0.09375000 0.96875000
vt 0.15625000 0.96875000
vt 0.21875000 0.96875000
vt 0.28125000 0.96875000
vt 0.34375000 0.96875000
vt 0.40625000 0.96875000
vt 0.46875000 0.96875000
vt 0.53125000 0.96875000
vt 0.59375000 0.96875000
vt 0.65625000 0.96875000
vt 0.71875000 0.96875000
vt 0.78125000 0.96875000
vt 0.84375000 0.96875000
vt 0.90625000 0.96875000
vt 0.96875000 0.96875000
vt 0.03125000 0.90625000
vt 0.09375000 0.90625000
vt 0.15625000 0.90625000
vt 0.21875000 0.90625000
vt 0.28125000 0.90625000
vt 0.34375000 0.90625000
vt 0.40625000 0.90625000
vt 0.46875000 0.90625000
vt 0.53125000 0.90625000
vt 0.59375000 0.90625000
vt 0.65625000 0.90625000
vt 0.71875000 0.90625000
vt 0.78125000 0.90625000
vt 0.84375000 0.90625000
vt 0.90625000 0.90625000
vt 0.96875000 0.90625000
vt 0.03125000 0.84375000
vt 0.09375000 0.84375000
vt 0.15625000 0.84375000
vt 0.21875000 0.84375000
vt 0.28125000 0.84375000
vt 0.34375000 0.84375000
vt 0.40625000 0.84375000
vt 0.46875000 0.84375000
vt 0.53125000 0.84375000
vt 0.59375000 0.84375000
vt 0.65625000 0.84375000
vt 0.71875000 0.84375000
vt 0.78125000 0.84375000
vt 0.84375000 0.84375000
vt 0.90625000 0.84375000
vt 0.96875000 0.84375000
vt 0.03125000 0.78125000
vt 0.09375000 0.78125000
vt 0.15625000 0.78125000
vt 0.21875000 0.78125000
vt 0.28125000 0.78125000
vt 0.34375000 0.78125000
vt 0.40625000 0.78125000
vt 0.46875000 0.78125000
vt 0.53125000 0.78125000
vt 0.59375000 0.78125000
vt 0.65625000 0.78125000
vt 0.71875000 0.78125000
vt 0.78125000 0.78125000
vt 0.84375000 0.78125000
vt 0.90625000 0.78125000
vt 0.96875000 0.78125000
vt 0.03125000 0.71875000
vt 0.09375000 0.71875000
vt 0.15625000 0.71875000
vt 0.21875000 0.71875000
vt 0.28125000 0.71875000
vt 0.34375000 0.71875000
vt 0.40625000 0.71875000
vt 0.46875000 0.71875000
vt 0.53125000 0.71875000
vt 0.59375000 0.71875000
vt 0.65625000 0.71875000
vt 0.71875000 0.71875000
vt 0.78125000 0.71875000
vt 0.84375000 0.71875000
vt 0.90625000 0.71875000
vt 0.96875000 0.71875000
vt 0.03125000 0.65625000
vt 0.09375000 0.65625000
vt 0.15625000 0.65625000
vt 0.21875000 0.65625000
vt 0.28125000 0.65625000
vt 0.34375000 0.65625000
vt 0.40625000 0.65625000
vt 0.46875000 0.65625000
vt 0.53125000 0.65625000
vt 0.59375000 0.65625000
vt 0.65625000 0.65625000
vt 0.71875000 0.65625000
vt 0.78125000 0.65625000
vt 0.84375000 0.65625000
vt 0.90625000 0.65625000
vt 0.96875000 0.65625000
vt 0.03125000 0.59375000
vt 0.09375000 0.59375000
vt 0.15625000 0.59375000
vt 0.21875000 0.59375000
vt 0.28125000 0.59375000
vt 0.34375000 0.59375000
vt 0.40625000 0.59375000
vt 0.46875000 0.59375000
vt 0.53125000 0.59375000
vt 0.59375000 0.59375000
vt 0.65625000 0.59375000
vt 0.71875000 0.59375000
vt 0.78125000 0.59375000
vt 0.84375000 0.59375000
vt 0.90625000 0.59375000
vt 0.96875000 0.59375000
vt 0.03125000 0.53125000
vt 0.09375000 0.53125000
vt 0.15625000 0.53125000
vt 0.21875000 0.53125000
vt 0.28125000 0.53125000
vt 0.34375000 0.53125000
vt 0.40625000 0.53125000
vt 0.46875000 0.53125000
vt 0.53125000 0.53125000
vt 0.59375000 0.53125000
vt 0.65625000 0.53125000
vt 0.71875000 0.53125000
vt 0.78125000 0.53125000
vt 0.84375000 0.53125000
vt 0.90625000 0.53125000
vt 0.96875000 0.53125000
vt 0.03125000 0.46875000
vt 0.09375000 0.46875000
vt 0.15625000 0.46875000
vt 0.21875000 0.46875000
vt 0.28125000 0.46875000
vt 0.34375000 0.46875000
vt 0.40625000 0.46875000
vt 0.46875000 0.46875000
vt 0.53125000 0.46875000
vt 0.59375000 0.46875000
vt 0.65625000 0.46875000
vt 0.71875000 0.46875000
vt 0.78125000 0.46875000
vt 0.84375000 0.46875000
vt 0.90625000 0.46875000
vt 0.96875000 0.46875000
vt 0.03125000 0.40625000
vt 0.09375000 0.40625000
vt 0.15625000 0.40625000
vt 0.21875000 0.40625000
vt 0.28125000 0.40625000
vt 0.34375000 0.40625000
vt 0.40625000 0.40625000
vt 0.46875000 0.40625000
vt 0.53125000 0.40625000
vt 0.59375000 0.40625000
vt 0.65625000 0.40625000
vt 0.71875000 0.40625000
vt 0.78125000 0.40625000
vt 0.84375000 0.40625000
vt 0.90625000 0.40625000
vt 0.96875000 0.40625000
vt 0.03125000 0.34375000
vt 0.09375000 0.34375000
vt 0.15625000 0.34375000
vt 0.21875000 0.34375000
vt 0.28125000 0.34375000
vt 0.34375000 0.34375000
vt 0.40625000 0.34375000
vt 0.46875000 0.34375000
vt 0.53125000 0.34375000
vt 0.59375000 0.34375000
vt 0.65625000 0.34375000
vt 0.71875000 0.34375000
vt 0.78125000 0.34375000
vt 0.84375000 0.34375000
vt 0.90625000 0.34375000
vt 0.96875000 0.34375000
vt 0.03125000 0.28125000
vt 0.09375000 0.28125000
vt 0.15625000 0.28125000
vt 0.21875000 0.28125000
vt 0.28125000 0.28125000
vt 0.34375000 0.28125000
vt 0.40625000 0.28125000
vt 0.46875000 0.28125000
vt 0.53125000 0.28125000
vt 0.59375000 0.28125000
vt 0.65625000 0.28125000
vt 0.71875000 0.28125000
vt 0.78125000 0.28125000
vt 0.84375000 0.28125000
vt 0.90625000 0.28125000
vt 0.96875000 0.28125000
vt 0.03125000 0.21875000
vt 0.09375000 0.21875000
vt 0.15625000 0.21875000
vt 0.21875000 0.21875000
vt 0.28125000 0.21875000
vt 0.34375000 0.21875000
vt 0.40625000 0.21875000
vt 0.46875000 0.21875000
vt 0.53125000 0.21875000
vt 0.59375000 0.21875000
vt 0.65625000 0.21875000
vt 0.71875000 0.21875000
vt 0.78125000 0.21875000
vt 0.84375000 0.21875000
vt 0.90625000 0.21875000
vt 0.96875000 0.21875000
vt 0.03125000 0.15625000
vt 0.09375000 0.15625000
vt 0.15625000 0.15625000
vt 0.21875000 0.15625000
vt 0.28125000 0.15625000
vt 0.34375000 0.15625000
vt 0.40625000 0.15625000
vt 0.46875000 0.15625000
vt 0.53125000 0.15625000
vt 0.59375000 0.15625000
vt 0.65625000 0.15625000
vt 0.71875000 0.15625000
vt 0.78125000 0.15625000
vt 0.84375000 0.15625000
vt 0.90625000 0.15625000
vt 0.96875000 0.15625000
vt 0.03125000 0.09375000
vt 0.09375000 0.09375000
vt 0.15625000 0.09375000
vt 0.21875000 0.09375000
vt 0.28125000 0.09375000
vt 0.34375000 0.09375000
vt 0.40625000 0.09375000
vt 0.46875000 0.09375000
vt 0.53125000 0.09375000
vt 0.59375000 0.09375000
vt 0.65625000 0.09375000
vt 0.71875000 0.09375000
vt 0.78125000 0.09375000
vt 0.84375000 0.09375000
vt 0.90625000 0.09375000
vt 0.96875000 0.09375000
vt 0.03125000 0.03125000
vt 0.09375000 0.03125000
vt 0.15625000 0.03125000
vt 0.21875000 0.03125000
vt 0.28125000 0.03125000
vt 0.34375000 0.03125000
vt 0.40625000 0.03125000
vt 0.46875000 0.03125000
vt 0.53125000 0.03125000
vt 0.59375000 0.03125000
vt 0.65625000 0.03125000
vt 0.71875000 0.03125000
vt 0.78125000 0.03125000
vt 0.84375000 0.03125000
vt 0.90625000 0.03125000
vt 0.96875000 0.03125000
vn -1 0 0
vn 1 0 0
vn 0 0 -1
vn 0 0 1
vn 0 -1 0
vn 0 1 0
g palette
usemtl palette
f 1/5/1 2/5/1 3/5/1 4/5/1
f 3/5/3 5/5/3 6/5/3 4/5/3
f 6/5/5 7/5/5 1/5/5 4/5/5
f 2/5/1 8/5/1 9/5/1 3/5/1
f 9/5/3 10/5/3 5/5/3 3/5/3
f 8/5/1 11/5/1 12/5/1 9/5/1
f 12/5/3 13/5/3 10/5/3 9/5/3
f 11/5/6 14/5/6 13/5/6 12/5/6
f 15/5/1 16/5/1 2/5/1 1/5/1
f 7/5/5 17/5/5 15/5/5 1/5/5
f 16/5/1 18/5/1 8/5/1 2/5/1
f 18/5/1 19/5/1 11/5/1 8/5/1
f 19/5/6 20/5/6 14/5/6 11/5/6
f 21/5/1 22/5/1 16/5/1 15/5/1
f 17/5/5 23/5/5 21/5/5 15/5/5
f 22/5/1 24/5/1 18/5/1 16/5/1
f 24/5/1 25/5/1 19/5/1 18/5/1
f 25/5/6 26/5/6 20/5/6 19/5/6
f 27/5/1 28/5/1 22/5/1 21/5/1
f 23/5/5 29/5/5 27/5/5 21/5/5
f 28/5/1 30/5/1 24/5/1 22/5/1
f 30/5/1 31/5/1 25/5/1 24/5/1
f 31/5/6 32/5/6 26/5/6 25/5/6
f 33/5/1 34/5/1 28/5/1 27/5/1
f 29/5/5 35/5/5 33/5/5 27/5/5
f 34/5/1 36/5/1 30/5/1 28/5/1
f 36/5/1 37/5/1 31/5/1 30/5/1
f 37/5/6 38/5/6 32/5/6 31/5/6
f 39/5/1 40/5/1 34/5/1 33/5/1
f 35/5/5 41/5/5 39/5/5 33/5/5
f 40/5/1 42/5/1 36/5/1 34/5/1
f 42/5/1 43/5/1 37/5/1 36/5/1
f 43/5/6 44/5/6 38/5/6 37/5/6
f 45/5/1 46/5/1 40/5/1 39/5/1
f 41/5/5 47/5/5 45/5/5 39/5/5
f 46/5/1 48/5/1 42/5/1 40/5/1
f 48/5/1 49/5/1 43/5/1 42/5/1
f 49/5/6 50/5/6 44/5/6 43/5/6
f 51/5/1 52/5/1 46/5/1 45/5/1
f 47/5/5 53/5/5 51/5/5 45/5/5
f 52/5/1 54/5/1 48/5/1 46/5/1
f 54/5/1 55/5/1 49/5/1 48/5/1
f 55/5/6 56/5/6 50/5/6 49/5/6
f 57/5/1 58/5/1 52/5/1 51/5/1
f 53/5/5 59/5/5 57/5/5 51/5/5
f 58/5/1 60/5/1 54/5/1 52/5/1
f 60/5/1 61/5/1 55/5/1 54/5/1
f 61/5/6 62/5/6 56/5/6 55/5/6
f 63/5/1 64/5/1 58/5/1 57/5/1
f 59/5/5 65/5/5 63/5/5 57/5/5
f 64/5/1 66/5/1 60/5/1 58/5/1
f 66/5/1 67/5/1 61/5/1 60/5/1
f 67/5/6 68/5/6 62/5/6 61/5/6
f 69/5/1 70/5/1 64/5/1 63/5/1
f 65/5/5 71/5/5 69/5/5 63/5/5
f 70/5/1 72/5/1 66/5/1 64/5/1
f 72/5/1 73/5/1 67/5/1 66/5/1
f 73/5/6 74/5/6 68/5/6 67/5/6
f 75/5/1 76/5/1 70/5/1 69/5/1
f 71/5/5 77/5/5 75/5/5 69/5/5
f 76/5/1 78/5/1 72/5/1 70/5/1
f 78/5/1 79/5/1 73/5/1 72/5/1
f 79/5/6 80/5/6 74/5/6 73/5/6
f 81/5/1 82/5/1 76/5/1 75/5/1
f 77/5/5 83/5/5 81/5/5 75/5/5
f 82/5/1 84/5/1 78/5/1 76/5/1
f 84/5/1 85/5/1 79/5/1 78/5/1
f 85/5/6 86/5/6 80/5/6 79/5/6
f 87/5/1 88/5/1 82/5/1 81/5/1
f 89/5/4 90/5/4 88/5/4 87/5/4
f 83/5/5 89/5/5 87/5/5 81/5/5
f 88/5/1 91/5/1 84/5/1 82/5/1
f 90/5/4 92/5/4 91/5/4 88/5/4
f 91/5/1 93/5/1 85/5/1 84/5/1
f 92/5/4 94/5/4 93/5/4 91/5/4
f 93/5/6 94/5/6 86/5/6 85/5/6
f 5/5/3 95/5/3 96/5/3 6/5/3
f 96/5/5 97/5/5 7/5/5 6/5/5
f 10/5/3 98/5/3 95/5/3 5/5/3
f 13/5/3 99/5/3 98/5/3 10/5/3
f 14/5/6 100/5/6 99/5/6 13/5/6
f 101/4/1 102/4/1 103/4/1 104/4/1
f 103/4/3 105/4/3 106/4/3 104/4/3
f 106/4/5 107/4/5 101/4/5 104/4/5
f 102/4/1 108/4/1 109/4/1 103/4/1
f 109/4/3 110/4/3 105/4/3 103/4/3
f 108/4/1 111/4/1 112/4/1 109/4/1
f 112/4/3 113/4/3 110/4/3 109/4/3
f 111/4/6 114/4/6 113/4/6 112/4/6
f 97/5/5 115/5/5 17/5/5 7/5/5
f 20/5/6 116/5/6 100/5/6 14/5/6
f 117/4/1 118/4/1 102/4/1 101/4/1
f 107/4/5 119/4/5 117/4/5 101/4/5
f 118/4/1 120/4/1 108/4/1 102/4/1
f 120/4/1 121/4/1 111/4/1 108/4/1
f 121/4/6 122/4/6 114/4/6 111/4/6
f 115/5/5 123/5/5 23/5/5 17/5/5
f 26/5/6 124/5/6 116/5/6 20/5/6
f 125/4/1 126/4/1 118/4/1 117/4/1
f 119/4/5 127/4/5 125/4/5 117/4/5
f 126/4/1 128/4/1 120/4/1 118/4/1
f 128/4/1 129/4/1 121/4/1 120/4/1
f 129/4/6 130/4/6 122/4/6 121/4/6
f 123/5/5 131/5/5 29/5/5 23/5/5
f 32/5/6 132/5/6 124/5/6 26/5/6
f 133/4/1 134/4/1 126/4/1 125/4/1
f 127/4/5 135/4/5 133/4/5 125/4/5
f 134/4/1 136/4/1 128/4/1 126/4/1
f 136/4/1 137/4/1 129/4/1 128/4/1
f 137/4/6 138/4/6 130/4/6 129/4/6
f 131/5/5 139/5/5 35/5/5 29/5/5
f 38/5/6 140/5/6 132/5/6 32/5/6
f 141/4/1 142/4/1 134/4/1 133/4/1
f 135/4/5 143/4/5 141/4/5 133/4/5
f 142/4/1 144/4/1 136/4/1 134/4/1
f 144/4/1 145/4/1 137/4/1 136/4/1
f 145/4/6 146/4/6 138/4/6 137/4/6
f 139/5/5 147/5/5 41/5/5 35/5/5
f 44/5/6 148/5/6 140/5/6 38/5/6
f 149/4/1 150/4/1 142/4/1 141/4/1
f 143/4/5 151/4/5 149/4/5 141/4/5
f 150/4/1 152/4/1 144/4/1 142/4/1
f 152/4/1 153/4/1 145/4/1 144/4/1
f 153/4/6 154/4/6 146/4/6 145/4/6
f 147/5/5 155/5/5 47/5/5 41/5/5
f 50/5/6 156/5/6 148/5/6 44/5/6
f 157/4/1 158/4/1 150/4/1 149/4/1
f 151/4/5 159/4/5 157/4/5 149/4/5
f 158/4/1 160/4/1 152/4/1 150/4/1
f 160/4/1 161/4/1 153/4/1 152/4/1
f 161/4/6 162/4/6 154/4/6 153/4/6
f 155/5/5 163/5/5 53/5/5 47/5/5
f 56/5/6 164/5/6 156/5/6 50/5/6
f 165/4/1 166/4/1 158/4/1 157/4/1
f 159/4/5 167/4/5 165/4/5 157/4/5
f 166/4/1 168/4/1 160/4/1 158/4/1
f 168/4/1 169/4/1 161/4/1 160/4/1
f 169/4/6 170/4/6 162/4/6 161/4/6
f 163/5/5 171/5/5 59/5/5 53/5/5
f 62/5/6 172/5/6 164/5/6 56/5/6
f 173/4/1 174/4/1 166/4/1 165/4/1
f 167/4/5 175/4/5 173/4/5 165/4/5
f 174/4/1 176/4/1 168/4/1 166/4/1
f 176/4/1 177/4/1 169/4/1 168/4/1
f 177/4/6 178/4/6 170/4/6 169/4/6
f 171/5/5 179/5/5 65/5/5 59/5/5
f 68/5/6 180/5/6 172/5/6 62/5/6
f 181/4/1 182/4/1 174/4/1 173/4/1
f 175/4/5 183/4/5 181/4/5 173/4/5
f 182/4/1 184/4/1 176/4/1 174/4/1
f 184/4/1 185/4/1 177/4/1 176/4/1
f 185/4/6 186/4/6 178/4/6 177/4/6
f 179/5/5 187/5/5 71/5/5 65/5/5
f 74/5/6 188/5/6 180/5/6 68/5/6
f 189/4/1 190/4/1 182/4/1 181/4/1
f 183/4/5 191/4/5 189/4/5 181/4/5
f 190/4/1 192/4/1 184/4/1 182/4/1
f 192/4/1 193/4/1 185/4/1 184/4/1
f 193/4/6 194/4/6 186/4/6 185/4/6
f 187/5/5 195/5/5 77/5/5 71/5/5
f 80/5/6 196/5/6 188/5/6 74/5/6
f 197/4/1 198/4/1 190/4/1 189/4/1
f 199/4/4 200/4/4 198/4/4 197/4/4
f 191/4/5 199/4/5 197/4/5 189/4/5
f 198/4/1 201/4/1 192/4/1 190/4/1
f 200/4/4 202/4/4 201/4/4 198/4/4
f 201/4/1 203/4/1 193/4/1 192/4/1
f 202/4/4 204/4/4 203/4/4 201/4/4
f 203/4/6 204/4/6 194/4/6 193/4/6
f 195/5/5 205/5/5 83/5/5 77/5/5
f 86/5/6 206/5/6 196/5/6 80/5/6
f 207/5/4 208/5/4 90/5/4 89/5/4
f 205/5/5 207/5/5 89/5/5 83/5/5
f 208/5/4 209/5/4 92/5/4 90/5/4
f 209/5/4 210/5/4 94/5/4 92/5/4
f 94/5/6 210/5/6 206/5/6 86/5/6
f 95/5/3 211/5/3 212/5/3 96/5/3
f 212/5/5 213/5/5 97/5/5 96/5/5
f 98/5/3 214/5/3 211/5/3 95/5/3
f 99/5/3 215/5/3 214/5/3 98/5/3
f 100/5/6 216/5/6 215/5/6 99/5/6
f 105/4/3 217/4/3 218/4/3 106/4/3
f 218/4/5 219/4/5 107/4/5 106/4/5
f 110/4/3 220/4/3 217/4/3 105/4/3
f 113/4/3 221/4/3 220/4/3 110/4/3
f 114/4/6 222/4/6 221/4/6 113/4/6
f 213/5/5 223/5/5 115/5/5 97/5/5
f 116/5/6 224/5/6 216/5/6 100/5/6
f 219/4/5 225/4/5 119/4/5 107/4/5
f 122/4/6 226/4/6 222/4/6 114/4/6
f 223/5/5 227/5/5 123/5/5 115/5/5
f 124/5/6 228/5/6 224/5/6 116/5/6
f 225/4/5 229/4/5 127/4/5 119/4/5
f 130/4/6 230/4/6 226/4/6 122/4/6
f 227/5/5 231/5/5 131/5/5 123/5/5
f 132/5/6 232/5/6 228/5/6 124/5/6
f 229/4/5 233/4/5 135/4/5 127/4/5
f 138/4/6 234/4/6 230/4/6 130/4/6
f 231/5/5 235/5/5 139/5/5 131/5/5
f 140/5/6 236/5/6 232/5/6 132/5/6
f 233/4/5 237/4/5 143/4/5 135/4/5
f 146/4/6 238/4/6 234/4/6 138/4/6
f 235/5/5 239/5/5 147/5/5 139/5/5
f 148/5/6 240/5/6 236/5/6 140/5/6
f 237/11/5 241/11/5 151/11/5 143/11/5
f 154/4/6 242/4/6 238/4/6 146/4/6
f 239/5/5 243/5/5 155/5/5 147/5/5
f 156/5/6 244/5/6 240/5/6 148/5/6
f 241/4/5 245/4/5 159/4/5 151/4/5
f 162/4/6 246/4/6 242/4/6 154/4/6
f 243/5/5 247/5/5 163/5/5 155/5/5
f 164/5/6 248/5/6 244/5/6 156/5/6
f 245/4/5 249/4/5 167/4/5 159/4/5
f 170/4/6 250/4/6 246/4/6 162/4/6
f 247/5/5 251/5/5 171/5/5 163/5/5
f 172/5/6 252/5/6 248/5/6 164/5/6
f 249/4/5 253/4/5 175/4/5 167/4/5
f 178/4/6 254/4/6 250/4/6 170/4/6
f 251/5/5 255/5/5 179/5/5 171/5/5
f 180/5/6 256/5/6 252/5/6 172/5/6
f 253/4/5 257/4/5 183/4/5 175/4/5
f 186/4/6 258/4/6 254/4/6 178/4/6
f 255/5/5 259/5/5 187/5/5 179/5/5
f 188/5/6 260/5/6 256/5/6 180/5/6
f 257/4/5 261/4/5 191/4/5 183/4/5
f 194/4/6 262/4/6 258/4/6 186/4/6
f 259/5/5 263/5/5 195/5/5 187/5/5
f 196/5/6 264/5/6 260/5/6 188/5/6
f 265/4/4 266/4/4 200/4/4 199/4/4
f 261/4/5 265/4/5 199/4/5 191/4/5
f 266/4/4 267/4/4 202/4/4 200/4/4
f 267/4/4 268/4/4 204/4/4 202/4/4
f 204/4/6 268/4/6 262/4/6 194/4/6
f 263/5/5 269/5/5 205/5/5 195/5/5
f 206/5/6 270/5/6 264/5/6 196/5/6
f 271/5/4 272/5/4 208/5/4 207/5/4
f 269/5/5 271/5/5 207/5/5 205/5/5
f 272/5/4 273/5/4 209/5/4 208/5/4
f 273/5/4 274/5/4 210/5/4 209/5/4
f 210/5/6 274/5/6 270/5/6 206/5/6
f 211/5/3 275/5/3 276/5/3 212/5/3
f 276/5/5 277/5/5 213/5/5 212/5/5
f 214/5/3 278/5/3 275/5/3 211/5/3
f 215/5/3 279/5/3 278/5/3 214/5/3
f 216/5/6 280/5/6 279/5/6 215/5/6
f 217/4/3 281/4/3 282/4/3 218/4/3
f 282/4/5 283/4/5 219/4/5 218/4/5
f 220/4/3 284/4/3 281/4/3 217/4/3
f 221/4/3 285/4/3 284/4/3 220/4/3
f 222/4/6 286/4/6 285/4/6 221/4/6
f 277/5/5 287/5/5 223/5/5 213/5/5
f 224/5/6 288/5/6 280/5/6 216/5/6
f 283/4/5 289/4/5 225/4/5 219/4/5
f 226/4/6 290/4/6 286/4/6 222/4/6
f 287/5/5 291/5/5 227/5/5 223/5/5
f 228/5/6 292/5/6 288/5/6 224/5/6
f 289/4/5 293/4/5 229/4/5 225/4/5
f 230/11/1 294/11/1 295/11/1 226/11/1
f 295/11/3 296/11/3 290/11/3 226/11/3
f 294/11/1 297/11/1 298/11/1 295/11/1
f 298/11/3 299/11/3 296/11/3 295/11/3
f 297/11/1 300/11/1 301/11/1 298/11/1
f 301/11/3 302/11/3 299/11/3 298/11/3
f 300/11/1 303/11/1 304/11/1 301/11/1
f 304/11/3 305/11/3 302/11/3 301/11/3
f 303/11/1 306/11/1 307/11/1 304/11/1
f 307/11/3 308/11/3 305/11/3 304/11/3
f 306/11/1 309/11/1 310/11/1 307/11/1
f 310/11/3 311/11/3 308/11/3 307/11/3
f 309/11/1 312/11/1 313/11/1 310/11/1
f 313/11/3 314/11/3 311/11/3 310/11/3
f 312/11/1 315/11/1 316/11/1 313/11/1
f 316/11/3 317/11/3 314/11/3 313/11/3
f 315/11/1 318/11/1 319/11/1 316/11/1
f 319/11/3 320/11/3 317/11/3 316/11/3
f 318/11/1 231/11/1 227/11/1 319/11/1
f 227/11/3 291/11/3 320/11/3 319/11/3
f 232/5/6 321/5/6 292/5/6 228/5/6
f 293/4/5 322/4/5 233/4/5 229/4/5
f 234/11/1 323/11/1 294/11/1 230/11/1
f 323/11/1 324/11/1 297/11/1 294/11/1
f 324/11/1 325/11/1 300/11/1 297/11/1
f 325/11/1 326/11/1 303/11/1 300/11/1
f 326/11/1 327/11/1 306/11/1 303/11/1
f 327/11/1 328/11/1 309/11/1 306/11/1
f 328/11/1 329/11/1 312/11/1 309/11/1
f 329/11/1 330/11/1 315/11/1 312/11/1
f 330/11/1 331/11/1 318/11/1 315/11/1
f 331/11/1 235/11/1 231/11/1 318/11/1
f 236/5/6 332/5/6 321/5/6 232/5/6
f 322/4/5 333/4/5 237/4/5 233/4/5
f 238/11/1 334/11/1 323/11/1 234/11/1
f 334/11/1 335/11/1 324/11/1 323/11/1
f 335/11/1 336/11/1 325/11/1 324/11/1
f 336/11/1 337/11/1 326/11/1 325/11/1
f 337/11/1 338/11/1 327/11/1 326/11/1
f 338/11/1 339/11/1 328/11/1 327/11/1
f 339/11/1 340/11/1 329/11/1 328/11/1
f 340/11/1 341/11/1 330/11/1 329/11/1
f 341/11/1 342/11/1 331/11/1 330/11/1
f 342/11/1 239/11/1 235/11/1 331/11/1
f 240/5/6 343/5/6 332/5/6 236/5/6
f 333/4/5 344/4/5 241/4/5 237/4/5
f 242/11/1 345/11/1 334/11/1 238/11/1
f 345/11/1 346/11/1 335/11/1 334/11/1
f 346/11/1 347/11/1 336/11/1 335/11/1
f 347/11/1 348/11/1 337/11/1 336/11/1
f 348/11/1 349/11/1 338/11/1 337/11/1
f 349/11/1 350/11/1 339/11/1 338/11/1
f 350/11/1 351/11/1 340/11/1 339/11/1
f 351/11/1 352/11/1 341/11/1 340/11/1
f 352/11/1 353/11/1 342/11/1 341/11/1
f 353/11/1 243/11/1 239/11/1 342/11/1
f 244/5/6 354/5/6 343/5/6 240/5/6
f 344/4/5 355/4/5 245/4/5 241/4/5
f 246/11/1 356/11/1 345/11/1 242/11/1
f 356/11/1 357/11/1 346/11/1 345/11/1
f 357/11/1 358/11/1 347/11/1 346/11/1
f 358/11/1 359/11/1 348/11/1 347/11/1
f 359/11/1 360/11/1 349/11/1 348/11/1
f 360/11/1 361/11/1 350/11/1 349/11/1
f 361/11/1 362/11/1 351/11/1 350/11/1
f 362/11/1 363/11/1 352/11/1 351/11/1
f 363/11/1 364/11/1 353/11/1 352/11/1
f 364/11/1 247/11/1 243/11/1 353/11/1
f 248/5/6 365/5/6 354/5/6 244/5/6
f 355/4/5 366/4/5 249/4/5 245/4/5
f 250/11/1 367/11/1 356/11/1 246/11/1
f 367/11/1 368/11/1 357/11/1 356/11/1
f 368/11/1 369/11/1 358/11/1 357/11/1
f 369/11/1 370/11/1 359/11/1 358/11/1
f 370/11/1 371/11/1 360/11/1 359/11/1
f 371/11/1 372/11/1 361/11/1 360/11/1
f 372/11/1 373/11/1 362/11/1 361/11/1
f 373/11/1 374/11/1 363/11/1 362/11/1
f 374/11/1 375/11/1 364/11/1 363/11/1
f 375/11/1 251/11/1 247/11/1 364/11/1
f 252/5/6 376/5/6 365/5/6 248/5/6
f 366/4/5 377/4/5 253/4/5 249/4/5
f 254/11/1 378/11/1 367/11/1 250/11/1
f 378/11/1 379/11/1 368/11/1 367/11/1
f 379/11/1 380/11/1 369/11/1 368/11/1
f 380/11/1 381/11/1 370/11/1 369/11/1
f 381/11/1 382/11/1 371/11/1 370/11/1
f 382/11/1 383/11/1 372/11/1 371/11/1
f 383/11/1 384/11/1 373/11/1 372/11/1
f 384/11/1 385/11/1 374/11/1 373/11/1
f 385/11/1 386/11/1 375/11/1 374/11/1
f 386/11/1 255/11/1 251/11/1 375/11/1
f 256/5/6 387/5/6 376/5/6 252/5/6
f 377/4/5 388/4/5 257/4/5 253/4/5
f 258/11/1 389/11/1 378/11/1 254/11/1
f 390/11/4 391/11/4 389/11/4 258/11/4
f 389/11/1 392/11/1 379/11/1 378/11/1
f 391/11/4 393/11/4 392/11/4 389/11/4
f 392/11/1 394/11/1 380/11/1 379/11/1
f 393/11/4 395/11/4 394/11/4 392/11/4
f 394/11/1 396/11/1 381/11/1 380/11/1
f 395/11/4 397/11/4 396/11/4 394/11/4
f 396/11/1 398/11/1 382/11/1 381/11/1
f 397/11/4 399/11/4 398/11/4 396/11/4
f 398/11/1 400/11/1 383/11/1 382/11/1
f 399/11/4 401/11/4 400/11/4 398/11/4
f 400/11/1 402/11/1 384/11/1 383/11/1
f 401/11/4 403/11/4 402/11/4 400/11/4
f 402/11/1 404/11/1 385/11/1 384/11/1
f 403/11/4 405/11/4 404/11/4 402/11/4
f 404/11/1 406/11/1 386/11/1 385/11/1
f 405/11/4 407/11/4 406/11/4 404/11/4
f 406/11/1 259/11/1 255/11/1 386/11/1
f 407/11/4 408/11/4 259/11/4 406/11/4
f 260/5/6 409/5/6 387/5/6 256/5/6
f 388/4/5 410/4/5 261/4/5 257/4/5
f 262/4/6 411/4/6 390/4/6 258/4/6
f 408/5/5 412/5/5 263/5/5 259/5/5
f 264/5/6 413/5/6 409/5/6 260/5/6
f 414/4/4 415/4/4 266/4/4 265/4/4
f 410/4/5 414/4/5 265/4/5 261/4/5
f 415/4/4 416/4/4 267/4/4 266/4/4
f 416/4/4 417/4/4 268/4/4 267/4/4
f 268/4/6 417/4/6 411/4/6 262/4/6
f 412/5/5 418/5/5 269/5/5 263/5/5
f 270/5/6 419/5/6 413/5/6 264/5/6
f 420/5/4 421/5/4 272/5/4 271/5/4
f 418/5/5 420/5/5 271/5/5 269/5/5
f 421/5/4 422/5/4 273/5/4 272/5/4
f 422/5/4 423/5/4 274/5/4 273/5/4
f 274/5/6 423/5/6 419/5/6 270/5/6
f 275/5/3 424/5/3 425/5/3 276/5/3
f 425/5/5 426/5/5 277/5/5 276/5/5
f 278/5/3 427/5/3 424/5/3 275/5/3
f 279/5/3 428/5/3 427/5/3 278/5/3
f 280/5/6 429/5/6 428/5/6 279/5/6
f 281/4/3 430/4/3 431/4/3 282/4/3
f 431/4/5 432/4/5 283/4/5 282/4/5
f 284/4/3 433/4/3 430/4/3 281/4/3
f 285/4/3 434/4/3 433/4/3 284/4/3
f 286/4/6 435/4/6 434/4/6 285/4/6
f 426/5/5 436/5/5 287/5/5 277/5/5
f 288/5/6 437/5/6 429/5/6 280/5/6
f 432/4/5 438/4/5 289/4/5 283/4/5
f 290/4/6 439/4/6 435/4/6 286/4/6
f 436/5/5 440/5/5 291/5/5 287/5/5
f 292/5/6 441/5/6 437/5/6 288/5/6
f 438/4/5 442/4/5 293/4/5 289/4/5
f 296/11/3 443/11/3 439/11/3 290/11/3
f 299/11/3 444/11/3 443/11/3 296/11/3
f 302/11/3 445/11/3 444/11/3 299/11/3
f 305/11/3 446/11/3 445/11/3 302/11/3
f 308/11/3 447/11/3 446/11/3 305/11/3
f 311/11/3 448/11/3 447/11/3 308/11/3
f 314/11/3 449/11/3 448/11/3 311/11/3
f 317/11/3 450/11/3 449/11/3 314/11/3
f 320/11/3 451/11/3 450/11/3 317/11/3
f 291/11/3 440/11/3 451/11/3 320/11/3
f 321/5/6 452/5/6 441/5/6 292/5/6
f 442/4/5 453/4/5 322/4/5 293/4/5
f 332/5/6 454/5/6 452/5/6 321/5/6
f 453/4/5 455/4/5 333/4/5 322/4/5
f 343/5/6 456/5/6 454/5/6 332/5/6
f 455/4/5 457/4/5 344/4/5 333/4/5
f 354/5/6 458/5/6 456/5/6 343/5/6
f 457/4/5 459/4/5 355/4/5 344/4/5
f 365/5/6 460/5/6 458/5/6 354/5/6
f 459/4/5 461/4/5 366/4/5 355/4/5
f 376/5/6 462/5/6 460/5/6 365/5/6
f 461/4/5 463/4/5 377/4/5 366/4/5
f 387/5/6 464/5/6 462/5/6 376/5/6
f 463/4/5 465/4/5 388/4/5 377/4/5
f 466/11/4 467/11/4 391/11/4 390/11/4
f 467/11/4 468/11/4 393/11/4 391/11/4
f 468/11/4 469/11/4 395/11/4 393/11/4
f 469/11/4 470/11/4 397/11/4 395/11/4
f 470/11/4 471/11/4 399/11/4 397/11/4
f 471/11/4 472/11/4 401/11/4 399/11/4
f 472/11/4 473/11/4 403/11/4 401/11/4
f 473/11/4 474/11/4 405/11/4 403/11/4
f 474/11/4 475/11/4 407/11/4 405/11/4
f 475/11/4 476/11/4 408/11/4 407/11/4
f 409/5/6 477/5/6 464/5/6 387/5/6
f 465/4/5 478/4/5 410/4/5 388/4/5
f 411/4/6 479/4/6 466/4/6 390/4/6
f 476/5/5 480/5/5 412/5/5 408/5/5
f 413/5/6 481/5/6 477/5/6 409/5/6
f 482/4/4 483/4/4 415/4/4 414/4/4
f 478/4/5 482/4/5 414/4/5 410/4/5
f 483/4/4 484/4/4 416/4/4 415/4/4
f 484/4/4 485/4/4 417/4/4 416/4/4
f 417/4/6 485/4/6 479/4/6 411/4/6
f 480/5/5 486/5/5 418/5/5 412/5/5
f 419/5/6 487/5/6 481/5/6 413/5/6
f 488/5/4 489/5/4 421/5/4 420/5/4
f 486/5/5 488/5/5 420/5/5 418/5/5
f 489/5/4 490/5/4 422/5/4 421/5/4
f 490/5/4 491/5/4 423/5/4 422/5/4
f 423/5/6 491/5/6 487/5/6 419/5/6
f 424/5/3 492/5/3 493/5/3 425/5/3
f 493/5/5 494/5/5 426/5/5 425/5/5
f 427/5/3 495/5/3 492/5/3 424/5/3
f 428/5/3 496/5/3 495/5/3 427/5/3
f 429/5/6 497/5/6 496/5/6 428/5/6
f 430/4/3 498/4/3 499/4/3 431/4/3
f 499/4/5 500/4/5 432/4/5 431/4/5
f 433/4/3 501/4/3 498/4/3 430/4/3
f 434/4/3 502/4/3 501/4/3 433/4/3
f 435/4/6 503/4/6 502/4/6 434/4/6
f 494/5/5 504/5/5 436/5/5 426/5/5
f 437/5/6 505/5/6 497/5/6 429/5/6
f 500/4/5 506/4/5 438/4/5 432/4/5
f 439/4/6 507/4/6 503/4/6 435/4/6
f 504/5/5 508/5/5 440/5/5 436/5/5
f 441/5/6 509/5/6 505/5/6 437/5/6
f 506/4/5 510/4/5 442/4/5 438/4/5
f 443/11/3 511/11/3 507/11/3 439/11/3
f 444/11/3 512/11/3 511/11/3 443/11/3
f 445/11/3 513/11/3 512/11/3 444/11/3
f 446/11/3 514/11/3 513/11/3 445/11/3
f 447/11/3 515/11/3 514/11/3 446/11/3
f 448/11/3 516/11/3 515/11/3 447/11/3
f 449/11/3 517/11/3 516/11/3 448/11/3
f 450/11/3 518/11/3 517/11/3 449/11/3
f 451/11/3 519/11/3 518/11/3 450/11/3
f 440/11/3 508/11/3 519/11/3 451/11/3
f 452/5/6 520/5/6 509/5/6 441/5/6
f 510/4/5 521/4/5 453/4/5 442/4/5
f 454/5/6 522/5/6 520/5/6 452/5/6
f 521/4/5 523/4/5 455/4/5 453/4/5
f 456/4/6 524/4/6 522/4/6 454/4/6
f 523/4/5 525/4/5 457/4/5 455/4/5
f 458/4/6 526/4/6 524/4/6 456/4/6
f 525/4/5 527/4/5 459/4/5 457/4/5
f 460/4/6 528/4/6 526/4/6 458/4/6
f 527/4/5 529/4/5 461/4/5 459/4/5
f 462/4/6 530/4/6 528/4/6 460/4/6
f 529/4/5 531/4/5 463/4/5 461/4/5
f 464/5/6 532/5/6 530/5/6 462/5/6
f 531/4/5 533/4/5 465/4/5 463/4/5
f 534/11/4 535/11/4 467/11/4 466/11/4
f 535/11/4 536/11/4 468/11/4 467/11/4
f 536/11/4 537/11/4 469/11/4 468/11/4
f 537/11/4 538/11/4 470/11/4 469/11/4
f 538/11/4 539/11/4 471/11/4 470/11/4
f 539/11/4 540/11/4 472/11/4 471/11/4
f 540/11/4 541/11/4 473/11/4 472/11/4
f 541/11/4 542/11/4 474/11/4 473/11/4
f 542/11/4 543/11/4 475/11/4 474/11/4
f 543/11/4 544/11/4 476/11/4 475/11/4
f 477/5/6 545/5/6 532/5/6 464/5/6
f 533/4/5 546/4/5 478/4/5 465/4/5
f 479/4/6 547/4/6 534/4/6 466/4/6
f 544/5/5 548/5/5 480/5/5 476/5/5
f 481/5/6 549/5/6 545/5/6 477/5/6
f 550/4/4 551/4/4 483/4/4 482/4/4
f 546/4/5 550/4/5 482/4/5 478/4/5
f 551/4/4 552/4/4 484/4/4 483/4/4
f 552/4/4 553/4/4 485/4/4 484/4/4
f 485/4/6 553/4/6 547/4/6 479/4/6
f 548/5/5 554/5/5 486/5/5 480/5/5
f 487/5/6 555/5/6 549/5/6 481/5/6
f 556/5/4 557/5/4 489/5/4 488/5/4
f 554/5/5 556/5/5 488/5/5 486/5/5
f 557/5/4 558/5/4 490/5/4 489/5/4
f 558/5/4 559/5/4 491/5/4 490/5/4
f 491/5/6 559/5/6 555/5/6 487/5/6
f 492/5/3 560/5/3 561/5/3 493/5/3
f 561/5/5 562/5/5 494/5/5 493/5/5
f 495/5/3 563/5/3 560/5/3 492/5/3
f 496/5/3 564/5/3 563/5/3 495/5/3
f 497/5/6 565/5/6 564/5/6 496/5/6
f 498/4/3 566/4/3 567/4/3 499/4/3
f 567/4/5 568/4/5 500/4/5 499/4/5
f 501/4/3 569/4/3 566/4/3 498/4/3
f 502/4/3 570/4/3 569/4/3 501/4/3
f 503/4/6 571/4/6 570/4/6 502/4/6
f 562/5/5 572/5/5 504/5/5 494/5/5
f 505/5/6 573/5/6 565/5/6 497/5/6
f 568/4/5 574/4/5 506/4/5 500/4/5
f 507/4/6 575/4/6 571/4/6 503/4/6
f 572/5/5 576/5/5 508/5/5 504/5/5
f 509/5/6 577/5/6 573/5/6 505/5/6
f 574/4/5 578/4/5 510/4/5 506/4/5
f 511/11/3 579/11/3 575/11/3 507/11/3
f 512/11/3 580/11/3 579/11/3 511/11/3
f 513/11/3 581/11/3 580/11/3 512/11/3
f 514/11/3 582/11/3 581/11/3 513/11/3
f 515/11/3 583/11/3 582/11/3 514/11/3
f 516/11/3 584/11/3 583/11/3 515/11/3
f 517/11/3 585/11/3 584/11/3 516/11/3
f 518/11/3 586/11/3 585/11/3 517/11/3
f 519/11/3 587/11/3 586/11/3 518/11/3
f 508/11/3 576/11/3 587/11/3 519/11/3
f 520/5/6 588/5/6 577/5/6 509/5/6
f 578/4/5 589/4/5 521/4/5 510/4/5
f 522/5/6 590/5/6 588/5/6 520/5/6
f 589/4/5 591/4/5 523/4/5 521/4/5
f 524/4/6 592/4/6 590/4/6 522/4/6
f 591/4/5 593/4/5 525/4/5 523/4/5
f 526/4/6 594/4/6 592/4/6 524/4/6
f 593/4/5 595/4/5 527/4/5 525/4/5
f 528/4/6 596/4/6 594/4/6 526/4/6
f 595/4/5 597/4/5 529/4/5 527/4/5
f 530/4/6 598/4/6 596/4/6 528/4/6
f 597/4/5 599/4/5 531/4/5 529/4/5
f 532/5/6 600/5/6 598/5/6 530/5/6
f 599/4/5 601/4/5 533/4/5 531/4/5
f 602/11/4 603/11/4 535/11/4 534/11/4
f 603/11/4 604/11/4 536/11/4 535/11/4
f 604/11/4 605/11/4 537/11/4 536/11/4
f 605/11/4 606/11/4 538/11/4 537/11/4
f 606/11/4 607/11/4 539/11/4 538/11/4
f 607/5/4 608/5/4 540/5/4 539/5/4
f 608/11/4 609/11/4 541/11/4 540/11/4
f 609/11/4 610/11/4 542/11/4 541/11/4
f 610/11/4 611/11/4 543/11/4 542/11/4
f 611/11/4 612/11/4 544/11/4 543/11/4
f 545/5/6 613/5/6 600/5/6 532/5/6
f 601/4/5 614/4/5 546/4/5 533/4/5
f 547/4/6 615/4/6 602/4/6 534/4/6
f 612/5/5 616/5/5 548/5/5 544/5/5
f 549/5/6 617/5/6 613/5/6 545/5/6
f 618/4/4 619/4/4 551/4/4 550/4/4
f 614/4/5 618/4/5 550/4/5 546/4/5
f 619/4/4 620/4/4 552/4/4 551/4/4
f 620/4/4 621/4/4 553/4/4 552/4/4
f 553/4/6 621/4/6 615/4/6 547/4/6
f 616/5/5 622/5/5 554/5/5 548/5/5
f 555/5/6 623/5/6 617/5/6 549/5/6
f 624/5/4 625/5/4 557/5/4 556/5/4
f 622/5/5 624/5/5 556/5/5 554/5/5
f 625/5/4 626/5/4 558/5/4 557/5/4
f 626/5/4 627/5/4 559/5/4 558/5/4
f 559/5/6 627/5/6 623/5/6 555/5/6
f 560/5/3 628/5/3 629/5/3 561/5/3
f 629/5/5 630/5/5 562/5/5 561/5/5
f 563/5/3 631/5/3 628/5/3 560/5/3
f 564/5/3 632/5/3 631/5/3 563/5/3
f 565/5/6 633/5/6 632/5/6 564/5/6
f 566/4/3 634/4/3 635/4/3 567/4/3
f 635/4/5 636/4/5 568/4/5 567/4/5
f 569/4/3 637/4/3 634/4/3 566/4/3
f 570/4/3 638/4/3 637/4/3 569/4/3
f 571/4/6 639/4/6 638/4/6 570/4/6
f 630/5/5 640/5/5 572/5/5 562/5/5
f 573/5/6 641/5/6 633/5/6 565/5/6
f 636/4/5 642/4/5 574/4/5 568/4/5
f 575/4/6 643/4/6 639/4/6 571/4/6
f 640/5/5 644/5/5 576/5/5 572/5/5
f 577/5/6 645/5/6 641/5/6 573/5/6
f 642/4/5 646/4/5 578/4/5 574/4/5
f 579/11/3 647/11/3 643/11/3 575/11/3
f 580/11/3 648/11/3 647/11/3 579/11/3
f 581/11/3 649/11/3 648/11/3 580/11/3
f 582/11/3 650/11/3 649/11/3 581/11/3
f 583/11/3 651/11/3 650/11/3 582/11/3
f 584/11/3 652/11/3 651/11/3 583/11/3
f 585/11/3 653/11/3 652/11/3 584/11/3
f 586/11/3 654/11/3 653/11/3 585/11/3
f 587/11/3 655/11/3 654/11/3 586/11/3
f 576/11/3 644/11/3 655/11/3 587/11/3
f 588/5/6 656/5/6 645/5/6 577/5/6
f 646/4/5 657/4/5 589/4/5 578/4/5
f 590/5/6 658/5/6 656/5/6 588/5/6
f 657/4/5 659/4/5 591/4/5 589/4/5
f 592/4/6 660/4/6 658/4/6 590/4/6
f 659/4/5 661/4/5 593/4/5 591/4/5
f 594/4/6 662/4/6 660/4/6 592/4/6
f 661/4/5 663/4/5 595/4/5 593/4/5
f 596/4/6 664/4/6 662/4/6 594/4/6
f 663/4/5 665/4/5 597/4/5 595/4/5
f 598/4/6 666/4/6 664/4/6 596/4/6
f 665/4/5 667/4/5 599/4/5 597/4/5
f 600/5/6 668/5/6 666/5/6 598/5/6
f 667/4/5 669/4/5 601/4/5 599/4/5
f 670/11/4 671/11/4 603/11/4 602/11/4
f 671/11/4 672/11/4 604/11/4 603/11/4
f 672/11/4 673/11/4 605/11/4 604/11/4
f 673/11/4 674/11/4 606/11/4 605/11/4
f 674/11/4 675/11/4 607/11/4 606/11/4
f 675/11/4 676/11/4 608/11/4 607/11/4
f 676/11/4 677/11/4 609/11/4 608/11/4
f 677/11/4 678/11/4 610/11/4 609/11/4
f 678/11/4 679/11/4 611/11/4 610/11/4
f 679/11/4 680/11/4 612/11/4 611/11/4
f 613/5/6 681/5/6 668/5/6 600/5/6
f 669/4/5 682/4/5 614/4/5 601/4/5
f 615/4/6 683/4/6 670/4/6 602/4/6
f 680/5/5 684/5/5 616/5/5 612/5/5
f 617/5/6 685/5/6 681/5/6 613/5/6
f 686/4/4 687/4/4 619/4/4 618/4/4
f 682/4/5 686/4/5 618/4/5 614/4/5
f 687/11/4 688/11/4 620/11/4 619/11/4
f 688/4/4 689/4/4 621/4/4 620/4/4
f 621/4/6 689/4/6 683/4/6 615/4/6
f 684/5/5 690/5/5 622/5/5 616/5/5
f 623/5/6 691/5/6 685/5/6 617/5/6
f 692/5/4 693/5/4 625/5/4 624/5/4
f 690/5/5 692/5/5 624/5/5 622/5/5
f 693/5/4 694/5/4 626/5/4 625/5/4
f 694/5/4 695/5/4 627/5/4 626/5/4
f 627/5/6 695/5/6 691/5/6 623/5/6
f 628/5/3 696/5/3 697/5/3 629/5/3
f 697/5/5 698/5/5 630/5/5 629/5/5
f 631/5/3 699/5/3 696/5/3 628/5/3
f 632/5/3 700/5/3 699/5/3 631/5/3
f 633/5/6 701/5/6 700/5/6 632/5/6
f 634/4/3 702/4/3 703/4/3 635/4/3
f 703/4/5 704/4/5 636/4/5 635/4/5
f 637/4/3 705/4/3 702/4/3 634/4/3
f 638/4/3 706/4/3 705/4/3 637/4/3
f 639/4/6 707/4/6 706/4/6 638/4/6
f 698/5/5 708/5/5 640/5/5 630/5/5
f 641/5/6 709/5/6 701/5/6 633/5/6
f 704/4/5 710/4/5 642/4/5 636/4/5
f 643/4/6 711/4/6 707/4/6 639/4/6
f 708/5/5 712/5/5 644/5/5 640/5/5
f 645/5/6 713/5/6 709/5/6 641/5/6
f 710/4/5 714/4/5 646/4/5 642/4/5
f 647/11/3 715/11/3 711/11/3 643/11/3
f 648/11/3 716/11/3 715/11/3 647/11/3
f 649/11/3 717/11/3 716/11/3 648/11/3
f 650/11/3 718/11/3 717/11/3 649/11/3
f 651/11/3 719/11/3 718/11/3 650/11/3
f 652/11/3 720/11/3 719/11/3 651/11/3
f 653/11/3 721/11/3 720/11/3 652/11/3
f 654/11/3 722/11/3 721/11/3 653/11/3
f 655/11/3 723/11/3 722/11/3 654/11/3
f 644/11/3 712/11/3 723/11/3 655/11/3
f 656/5/6 724/5/6 713/5/6 645/5/6
f 714/4/5 725/4/5 657/4/5 646/4/5
f 658/5/6 726/5/6 724/5/6 656/5/6
f 725/4/5 727/4/5 659/4/5 657/4/5
f 660/4/6 728/4/6 726/4/6 658/4/6
f 727/4/5 729/4/5 661/4/5 659/4/5
f 662/4/6 730/4/6 728/4/6 660/4/6
f 729/4/5 731/4/5 663/4/5 661/4/5
f 664/4/6 732/4/6 730/4/6 662/4/6
f 731/4/5 733/4/5 665/4/5 663/4/5
f 666/4/6 734/4/6 732/4/6 664/4/6
f 733/4/5 735/4/5 667/4/5 665/4/5
f 668/5/6 736/5/6 734/5/6 666/5/6
f 735/4/5 737/4/5 669/4/5 667/4/5
f 738/11/4 739/11/4 671/11/4 670/11/4
f 739/11/4 740/11/4 672/11/4 671/11/4
f 740/11/4 741/11/4 673/11/4 672/11/4
f 741/11/4 742/11/4 674/11/4 673/11/4
f 742/11/4 743/11/4 675/11/4 674/11/4
f 743/11/4 744/11/4 676/11/4 675/11/4
f 744/11/4 745/11/4 677/11/4 676/11/4
f 745/11/4 746/11/4 678/11/4 677/11/4
f 746/11/4 747/11/4 679/11/4 678/11/4
f 747/11/4 748/11/4 680/11/4 679/11/4
f 681/5/6 749/5/6 736/5/6 668/5/6
f 737/4/5 750/4/5 682/4/5 669/4/5
f 683/4/6 751/4/6 738/4/6 670/4/6
f 748/5/5 752/5/5 684/5/5 680/5/5
f 685/5/6 753/5/6 749/5/6 681/5/6
f 754/4/4 755/4/4 687/4/4 686/4/4
f 750/4/5 754/4/5 686/4/5 682/4/5
f 755/4/4 756/4/4 688/4/4 687/4/4
f 756/4/4 757/4/4 689/4/4 688/4/4
f 689/4/6 757/4/6 751/4/6 683/4/6
f 752/5/5 758/5/5 690/5/5 684/5/5
f 691/5/6 759/5/6 753/5/6 685/5/6
f 760/5/4 761/5/4 693/5/4 692/5/4
f 758/5/5 760/5/5 692/5/5 690/5/5
f 761/5/4 762/5/4 694/5/4 693/5/4
f 762/5/4 763/5/4 695/5/4 694/5/4
f 695/5/6 763/5/6 759/5/6 691/5/6
f 696/5/3 764/5/3 765/5/3 697/5/3
f 765/5/5 766/5/5 698/5/5 697/5/5
f 699/5/3 767/5/3 764/5/3 696/5/3
f 700/5/3 768/5/3 767/5/3 699/5/3
f 701/5/6 769/5/6 768/5/6 700/5/6
f 702/4/3 770/4/3 771/4/3 703/4/3
f 771/4/5 772/4/5 704/4/5 703/4/5
f 705/4/3 773/4/3 770/4/3 702/4/3
f 706/4/3 774/4/3 773/4/3 705/4/3
f 707/4/6 775/4/6 774/4/6 706/4/6
f 766/5/5 776/5/5 708/5/5 698/5/5
f 709/5/6 777/5/6 769/5/6 701/5/6
f 772/4/5 778/4/5 710/4/5 704/4/5
f 711/4/6 779/4/6 775/4/6 707/4/6
f 776/5/5 780/5/5 712/5/5 708/5/5
f 713/5/6 781/5/6 777/5/6 709/5/6
f 778/4/5 782/4/5 714/4/5 710/4/5
f 715/11/3 783/11/3 779/11/3 711/11/3
f 716/11/3 784/11/3 783/11/3 715/11/3
f 717/11/3 785/11/3 784/11/3 716/11/3
f 718/11/3 786/11/3 785/11/3 717/11/3
f 719/11/3 787/11/3 786/11/3 718/11/3
f 720/11/3 788/11/3 787/11/3 719/11/3
f 721/11/3 789/11/3 788/11/3 720/11/3
f 722/11/3 790/11/3 789/11/3 721/11/3
f 723/11/3 791/11/3 790/11/3 722/11/3
f 712/11/3 780/11/3 791/11/3 723/11/3
f 724/5/6 792/5/6 781/5/6 713/5/6
f 782/4/5 793/4/5 725/4/5 714/4/5
f 726/5/6 794/5/6 792/5/6 724/5/6
f 793/4/5 795/4/5 727/4/5 725/4/5
f 728/4/6 796/4/6 794/4/6 726/4/6
f 795/4/5 797/4/5 729/4/5 727/4/5
f 730/4/6 798/4/6 796/4/6 728/4/6
f 797/4/5 799/4/5 731/4/5 729/4/5
f 732/4/6 800/4/6 798/4/6 730/4/6
f 799/4/5 801/4/5 733/4/5 731/4/5
f 734/4/6 802/4/6 800/4/6 732/4/6
f 801/4/5 803/4/5 735/4/5 733/4/5
f 736/5/6 804/5/6 802/5/6 734/5/6
f 803/4/5 805/4/5 737/4/5 735/4/5
f 806/11/4 807/11/4 739/11/4 738/11/4
f 807/11/4 808/11/4 740/11/4 739/11/4
f 808/11/4 809/11/4 741/11/4 740/11/4
f 809/11/4 810/11/4 742/11/4 741/11/4
f 810/11/4 811/11/4 743/11/4 742/11/4
f 811/11/4 812/11/4 744/11/4 743/11/4
f 812/11/4 813/11/4 745/11/4 744/11/4
f 813/11/4 814/11/4 746/11/4 745/11/4
f 814/11/4 815/11/4 747/11/4 746/11/4
f 815/11/4 816/11/4 748/11/4 747/11/4
f 749/5/6 817/5/6 804/5/6 736/5/6
f 805/4/5 818/4/5 750/4/5 737/4/5
f 751/4/6 819/4/6 806/4/6 738/4/6
f 816/5/5 820/5/5 752/5/5 748/5/5
f 753/5/6 821/5/6 817/5/6 749/5/6
f 822/4/4 823/4/4 755/4/4 754/4/4
f 818/4/5 822/4/5 754/4/5 750/4/5
f 823/4/4 824/4/4 756/4/4 755/4/4
f 824/4/4 825/4/4 757/4/4 756/4/4
f 757/4/6 825/4/6 819/4/6 751/4/6
f 820/5/5 826/5/5 758/5/5 752/5/5
f 759/5/6 827/5/6 821/5/6 753/5/6
f 828/5/4 829/5/4 761/5/4 760/5/4
f 826/5/5 828/5/5 760/5/5 758/5/5
f 829/5/4 830/5/4 762/5/4 761/5/4
f 830/5/4 831/5/4 763/5/4 762/5/4
f 763/5/6 831/5/6 827/5/6 759/5/6
f 764/5/3 832/5/3 833/5/3 765/5/3
f 833/5/5 834/5/5 766/5/5 765/5/5
f 767/5/3 835/5/3 832/5/3 764/5/3
f 768/5/3 836/5/3 835/5/3 767/5/3
f 769/5/6 837/5/6 836/5/6 768/5/6
f 770/4/3 838/4/3 839/4/3 771/4/3
f 839/4/5 840/4/5 772/4/5 771/4/5
f 773/4/3 841/4/3 838/4/3 770/4/3
f 774/4/3 842/4/3 841/4/3 773/4/3
f 775/4/6 843/4/6 842/4/6 774/4/6
f 834/5/5 844/5/5 776/5/5 766/5/5
f 777/5/6 845/5/6 837/5/6 769/5/6
f 840/4/5 846/4/5 778/4/5 772/4/5
f 779/4/6 847/4/6 843/4/6 775/4/6
f 844/5/5 848/5/5 780/5/5 776/5/5
f 781/5/6 849/5/6 845/5/6 777/5/6
f 846/4/5 850/4/5 782/4/5 778/4/5
f 783/11/3 851/11/3 847/11/3 779/11/3
f 784/11/3 852/11/3 851/11/3 783/11/3
f 785/11/3 853/11/3 852/11/3 784/11/3
f 786/11/3 854/11/3 853/11/3 785/11/3
f 787/11/3 855/11/3 854/11/3 786/11/3
f 788/11/3 856/11/3 855/11/3 787/11/3
f 789/11/3 857/11/3 856/11/3 788/11/3
f 790/11/3 858/11/3 857/11/3 789/11/3
f 791/11/3 859/11/3 858/11/3 790/11/3
f 780/11/3 848/11/3 859/11/3 791/11/3
f 792/5/6 860/5/6 849/5/6 781/5/6
f 850/4/5 861/4/5 793/4/5 782/4/5
f 794/5/6 862/5/6 860/5/6 792/5/6
f 861/4/5 863/4/5 795/4/5 793/4/5
f 796/4/6 864/4/6 862/4/6 794/4/6
f 863/4/5 865/4/5 797/4/5 795/4/5
f 798/4/6 866/4/6 864/4/6 796/4/6
f 865/4/5 867/4/5 799/4/5 797/4/5
f 800/4/6 868/4/6 866/4/6 798/4/6
f 867/11/5 869/11/5 801/11/5 799/11/5
f 802/4/6 870/4/6 868/4/6 800/4/6
f 869/4/5 871/4/5 803/4/5 801/4/5
f 804/5/6 872/5/6 870/5/6 802/5/6
f 871/4/5 873/4/5 805/4/5 803/4/5
f 874/11/4 875/11/4 807/11/4 806/11/4
f 875/11/4 876/11/4 808/11/4 807/11/4
f 876/11/4 877/11/4 809/11/4 808/11/4
f 877/11/4 878/11/4 810/11/4 809/11/4
f 878/11/4 879/11/4 811/11/4 810/11/4
f 879/11/4 880/11/4 812/11/4 811/11/4
f 880/11/4 881/11/4 813/11/4 812/11/4
f 881/11/4 882/11/4 814/11/4 813/11/4
f 882/11/4 883/11/4 815/11/4 814/11/4
f 883/11/4 884/11/4 816/11/4 815/11/4
f 817/5/6 885/5/6 872/5/6 804/5/6
f 873/4/5 886/4/5 818/4/5 805/4/5
f 819/4/6 887/4/6 874/4/6 806/4/6
f 884/5/5 888/5/5 820/5/5 816/5/5
f 821/5/6 889/5/6 885/5/6 817/5/6
f 890/4/4 891/4/4 823/4/4 822/4/4
f 886/4/5 890/4/5 822/4/5 818/4/5
f 891/4/4 892/4/4 824/4/4 823/4/4
f 892/4/4 893/4/4 825/4/4 824/4/4
f 825/4/6 893/4/6 887/4/6 819/4/6
f 888/5/5 894/5/5 826/5/5 820/5/5
f 827/5/6 895/5/6 889/5/6 821/5/6
f 896/5/4 897/5/4 829/5/4 828/5/4
f 894/5/5 896/5/5 828/5/5 826/5/5
f 897/5/4 898/5/4 830/5/4 829/5/4
f 898/5/4 899/5/4 831/5/4 830/5/4
f 831/5/6 899/5/6 895/5/6 827/5/6
f 832/5/3 900/5/3 901/5/3 833/5/3
f 901/5/5 902/5/5 834/5/5 833/5/5
f 835/5/3 903/5/3 900/5/3 832/5/3
f 836/11/3 904/11/3 903/11/3 835/11/3
f 837/11/6 905/11/6 904/11/6 836/11/6
f 838/4/3 906/4/3 907/4/3 839/4/3
f 907/4/5 908/4/5 840/4/5 839/4/5
f 841/4/3 909/4/3 906/4/3 838/4/3
f 842/4/3 910/4/3 909/4/3 841/4/3
f 843/4/6 911/4/6 910/4/6 842/4/6
f 902/5/5 912/5/5 844/5/5 834/5/5
f 845/5/6 913/5/6 905/5/6 837/5/6
f 908/4/5 914/4/5 846/4/5 840/4/5
f 847/4/6 915/4/6 911/4/6 843/4/6
f 912/5/5 916/5/5 848/5/5 844/5/5
f 849/5/6 917/5/6 913/5/6 845/5/6
f 914/4/5 918/4/5 850/4/5 846/4/5
f 851/11/3 919/11/3 915/11/3 847/11/3
f 852/11/3 920/11/3 919/11/3 851/11/3
f 853/11/3 921/11/3 920/11/3 852/11/3
f 854/11/3 922/11/3 921/11/3 853/11/3
f 855/11/3 923/11/3 922/11/3 854/11/3
f 856/11/3 924/11/3 923/11/3 855/11/3
f 857/11/3 925/11/3 924/11/3 856/11/3
f 858/11/3 926/11/3 925/11/3 857/11/3
f 859/11/3 927/11/3 926/11/3 858/11/3
f 848/11/3 916/11/3 927/11/3 859/11/3
f 860/5/6 928/5/6 917/5/6 849/5/6
f 918/4/5 929/4/5 861/4/5 850/4/5
f 862/5/6 930/5/6 928/5/6 860/5/6
f 929/4/5 931/4/5 863/4/5 861/4/5
f 864/4/6 932/4/6 930/4/6 862/4/6
f 931/4/5 933/4/5 865/4/5 863/4/5
f 866/4/6 934/4/6 932/4/6 864/4/6
f 933/4/5 935/4/5 867/4/5 865/4/5
f 868/4/6 936/4/6 934/4/6 866/4/6
f 935/4/5 937/4/5 869/4/5 867/4/5
f 870/4/6 938/4/6 936/4/6 868/4/6
f 937/4/5 939/4/5 871/4/5 869/4/5
f 872/5/6 940/5/6 938/5/6 870/5/6
f 939/4/5 941/4/5 873/4/5 871/4/5
f 942/11/4 943/11/4 875/11/4 874/11/4
f 943/11/4 944/11/4 876/11/4 875/11/4
f 944/11/4 945/11/4 877/11/4 876/11/4
f 945/11/4 946/11/4 878/11/4 877/11/4
f 946/11/4 947/11/4 879/11/4 878/11/4
f 947/11/4 948/11/4 880/11/4 879/11/4
f 948/11/4 949/11/4 881/11/4 880/11/4
f 949/11/4 950/11/4 882/11/4 881/11/4
f 950/11/4 951/11/4 883/11/4 882/11/4
f 951/11/4 952/11/4 884/11/4 883/11/4
f 885/5/6 953/5/6 940/5/6 872/5/6
f 941/4/5 954/4/5 886/4/5 873/4/5
f 887/4/6 955/4/6 942/4/6 874/4/6
f 952/5/5 956/5/5 888/5/5 884/5/5
f 889/5/6 957/5/6 953/5/6 885/5/6
f 958/4/4 959/4/4 891/4/4 890/4/4
f 954/4/5 958/4/5 890/4/5 886/4/5
f 959/4/4 960/4/4 892/4/4 891/4/4
f 960/4/4 961/4/4 893/4/4 892/4/4
f 893/4/6 961/4/6 955/4/6 887/4/6
f 956/5/5 962/5/5 894/5/5 888/5/5
f 895/11/6 963/11/6 957/11/6 889/11/6
f 964/5/4 965/5/4 897/5/4 896/5/4
f 962/5/5 964/5/5 896/5/5 894/5/5
f 965/5/4 966/5/4 898/5/4 897/5/4
f 966/5/4 967/5/4 899/5/4 898/5/4
f 899/5/6 967/5/6 963/5/6 895/5/6
f 900/5/3 968/5/3 969/5/3 901/5/3
f 969/5/5 970/5/5 902/5/5 901/5/5
f 903/5/3 971/5/3 968/5/3 900/5/3
f 904/5/3 972/5/3 971/5/3 903/5/3
f 905/5/6 973/5/6 972/5/6 904/5/6
f 906/4/3 974/4/3 975/4/3 907/4/3
f 975/4/5 976/4/5 908/4/5 907/4/5
f 909/4/3 977/4/3 974/4/3 906/4/3
f 910/4/3 978/4/3 977/4/3 909/4/3
f 911/4/6 979/4/6 978/4/6 910/4/6
f 970/5/5 980/5/5 912/5/5 902/5/5
f 913/5/6 981/5/6 973/5/6 905/5/6
f 976/4/5 982/4/5 914/4/5 908/4/5
f 915/4/6 983/4/6 979/4/6 911/4/6
f 980/5/5 984/5/5 916/5/5 912/5/5
f 917/5/6 985/5/6 981/5/6 913/5/6
f 982/4/5 986/4/5 918/4/5 914/4/5
f 919/11/3 987/11/3 983/11/3 915/11/3
f 920/11/3 988/11/3 987/11/3 919/11/3
f 921/11/3 989/11/3 988/11/3 920/11/3
f 922/11/3 990/11/3 989/11/3 921/11/3
f 923/11/3 991/11/3 990/11/3 922/11/3
f 924/11/3 992/11/3 991/11/3 923/11/3
f 925/11/3 993/11/3 992/11/3 924/11/3
f 926/11/3 994/11/3 993/11/3 925/11/3
f 927/11/3 995/11/3 994/11/3 926/11/3
f 916/11/3 984/11/3 995/11/3 927/11/3
f 928/5/6 996/5/6 985/5/6 917/5/6
f 986/4/5 997/4/5 929/4/5 918/4/5
f 930/5/6 998/5/6 996/5/6 928/5/6
f 997/4/5 999/4/5 931/4/5 929/4/5
f 932/4/6 1000/4/6 998/4/6 930/4/6
f 999/4/5 1001/4/5 933/4/5 931/4/5
f 934/4/6 1002/4/6 1000/4/6 932/4/6
f 1001/4/5 1003/4/5 935/4/5 933/4/5
f 936/4/6 1004/4/6 1002/4/6 934/4/6
f 1003/4/5 1005/4/5 937/4/5 935/4/5
f 938/4/6 1006/4/6 1004/4/6 936/4/6
f 1005/4/5 1007/4/5 939/4/5 937/4/5
f 940/5/6 1008/5/6 1006/5/6 938/5/6
f 1007/4/5 1009/4/5 941/4/5 939/4/5
f 1010/11/4 1011/11/4 943/11/4 942/11/4
f 1011/11/4 1012/11/4 944/11/4 943/11/4
f 1012/11/4 1013/11/4 945/11/4 944/11/4
f 1013/11/4 1014/11/4 946/11/4 945/11/4
f 1014/11/4 1015/11/4 947/11/4 946/11/4
f 1015/11/4 1016/11/4 948/11/4 947/11/4
f 1016/11/4 1017/11/4 949/11/4 948/11/4
f 1017/11/4 1018/11/4 950/11/4 949/11/4
f 1018/11/4 1019/11/4 951/11/4 950/11/4
f 1019/11/4 1020/11/4 952/11/4 951/11/4
f 953/5/6 1021/5/6 1008/5/6 940/5/6
f 1009/4/5 1022/4/5 954/4/5 941/4/5
f 955/4/6 1023/4/6 1010/4/6 942/4/6
f 1020/5/5 1024/5/5 956/5/5 952/5/5
f 957/5/6 1025/5/6 1021/5/6 953/5/6
f 1026/4/4 1027/4/4 959/4/4 958/4/4
f 1022/4/5 1026/4/5 958/4/5 954/4/5
f 1027/4/4 1028/4/4 960/4/4 959/4/4
f 1028/4/4 1029/4/4 961/4/4 960/4/4
f 961/4/6 1029/4/6 1023/4/6 955/4/6
f 1024/5/5 1030/5/5 962/5/5 956/5/5
f 963/5/6 1031/5/6 1025/5/6 957/5/6
f 1032/5/4 1033/5/4 965/5/4 964/5/4
f 1030/5/5 1032/5/5 964/5/5 962/5/5
f 1033/5/4 1034/5/4 966/5/4 965/5/4
f 1034/5/4 1035/5/4 967/5/4 966/5/4
f 967/5/6 1035/5/6 1031/5/6 963/5/6
f 968/5/3 1036/5/3 1037/5/3 969/5/3
f 1037/5/5 1038/5/5 970/5/5 969/5/5
f 971/5/3 1039/5/3 1036/5/3 968/5/3
f 972/5/3 1040/5/3 1039/5/3 971/5/3
f 973/5/6 1041/5/6 1040/5/6 972/5/6
f 974/4/3 1042/4/3 1043/4/3 975/4/3
f 1043/4/5 1044/4/5 976/4/5 975/4/5
f 977/4/3 1045/4/3 1042/4/3 974/4/3
f 978/4/3 1046/4/3 1045/4/3 977/4/3
f 979/4/6 1047/4/6 1046/4/6 978/4/6
f 1038/5/5 1048/5/5 980/5/5 970/5/5
f 981/5/6 1049/5/6 1041/5/6 973/5/6
f 1044/4/5 1050/4/5 982/4/5 976/4/5
f 983/4/6 1051/4/6 1047/4/6 979/4/6
f 1048/5/5 1052/5/5 984/5/5 980/5/5
f 985/5/6 1053/5/6 1049/5/6 981/5/6
f 1050/4/5 1054/4/5 986/4/5 982/4/5
f 987/11/3 1055/11/3 1051/11/3 983/11/3
f 988/11/3 1056/11/3 1055/11/3 987/11/3
f 989/11/3 1057/11/3 1056/11/3 988/11/3
f 990/11/3 1058/11/3 1057/11/3 989/11/3
f 991/11/3 1059/11/3 1058/11/3 990/11/3
f 992/11/3 1060/11/3 1059/11/3 991/11/3
f 993/11/3 1061/11/3 1060/11/3 992/11/3
f 994/11/3 1062/11/3 1061/11/3 993/11/3
f 995/11/3 1063/11/3 1062/11/3 994/11/3
f 984/11/3 1052/11/3 1063/11/3 995/11/3
f 996/5/6 1064/5/6 1053/5/6 985/5/6
f 1054/4/5 1065/4/5 997/4/5 986/4/5
f 998/5/6 1066/5/6 1064/5/6 996/5/6
f 1065/4/5 1067/4/5 999/4/5 997/4/5
f 1000/4/6 1068/4/6 1066/4/6 998/4/6
f 1067/4/5 1069/4/5 1001/4/5 999/4/5
f 1002/4/6 1070/4/6 1068/4/6 1000/4/6
f 1069/4/5 1071/4/5 1003/4/5 1001/4/5
f 1004/4/6 1072/4/6 1070/4/6 1002/4/6
f 1071/4/5 1073/4/5 1005/4/5 1003/4/5
f 1006/4/6 1074/4/6 1072/4/6 1004/4/6
f 1073/4/5 1075/4/5 1007/4/5 1005/4/5
f 1008/5/6 1076/5/6 1074/5/6 1006/5/6
f 1075/4/5 1077/4/5 1009/4/5 1007/4/5
f 1078/11/4 1079/11/4 1011/11/4 1010/11/4
f 1079/11/4 1080/11/4 1012/11/4 1011/11/4
f 1080/11/4 1081/11/4 1013/11/4 1012/11/4
f 1081/11/4 1082/11/4 1014/11/4 1013/11/4
f 1082/11/4 1083/11/4 1015/11/4 1014/11/4
f 1083/11/4 1084/11/4 1016/11/4 1015/11/4
f 1084/11/4 1085/11/4 1017/11/4 1016/11/4
f 1085/11/4 1086/11/4 1018/11/4 1017/11/4
f 1086/11/4 1087/11/4 1019/11/4 1018/11/4
f 1087/11/4 1088/11/4 1020/11/4 1019/11/4
f 1021/5/6 1089/5/6 1076/5/6 1008/5/6
f 1077/4/5 1090/4/5 1022/4/5 1009/4/5
f 1023/4/6 1091/4/6 1078/4/6 1010/4/6
f 1088/5/5 1092/5/5 1024/5/5 1020/5/5
f 1025/5/6 1093/5/6 1089/5/6 1021/5/6
f 1094/4/4 1095/4/4 1027/4/4 1026/4/4
f 1090/4/5 1094/4/5 1026/4/5 1022/4/5
f 1095/4/4 1096/4/4 1028/4/4 1027/4/4
f 1096/4/4 1097/4/4 1029/4/4 1028/4/4
f 1029/4/6 1097/4/6 1091/4/6 1023/4/6
f 1092/5/5 1098/5/5 1030/5/5 1024/5/5
f 1031/5/6 1099/5/6 1093/5/6 1025/5/6
f 1100/5/4 1101/5/4 1033/5/4 1032/5/4
f 1098/5/5 1100/5/5 1032/5/5 1030/5/5
f 1101/5/4 1102/5/4 1034/5/4 1033/5/4
f 1102/5/4 1103/5/4 1035/5/4 1034/5/4
f 1035/5/6 1103/5/6 1099/5/6 1031/5/6
f 1036/5/3 1104/5/3 1105/5/3 1037/5/3
f 1105/5/5 1106/5/5 1038/5/5 1037/5/5
f 1039/5/3 1107/5/3 1104/5/3 1036/5/3
f 1040/5/3 1108/5/3 1107/5/3 1039/5/3
f 1041/5/6 1109/5/6 1108/5/6 1040/5/6
f 1042/4/3 1110/4/3 1111/4/3 1043/4/3
f 1111/4/5 1112/4/5 1044/4/5 1043/4/5
f 1045/4/3 1113/4/3 1110/4/3 1042/4/3
f 1046/4/3 1114/4/3 1113/4/3 1045/4/3
f 1047/4/6 1115/4/6 1114/4/6 1046/4/6
f 1106/5/5 1116/5/5 1048/5/5 1038/5/5
f 1049/5/6 1117/5/6 1109/5/6 1041/5/6
f 1112/4/5 1118/4/5 1050/4/5 1044/4/5
f 1051/4/6 1119/4/6 1115/4/6 1047/4/6
f 1116/5/5 1120/5/5 1052/5/5 1048/5/5
f 1053/5/6 1121/5/6 1117/5/6 1049/5/6
f 1118/4/5 1122/4/5 1054/4/5 1050/4/5
f 1055/11/3 1123/11/3 1119/11/3 1051/11/3
f 1056/11/3 1124/11/3 1123/11/3 1055/11/3
f 1057/11/3 1125/11/3 1124/11/3 1056/11/3
f 1058/11/3 1126/11/3 1125/11/3 1057/11/3
f 1059/11/3 1127/11/3 1126/11/3 1058/11/3
f 1060/11/3 1128/11/3 1127/11/3 1059/11/3
f 1061/11/3 1129/11/3 1128/11/3 1060/11/3
f 1062/11/3 1130/11/3 1129/11/3 1061/11/3
f 1063/11/3 1131/11/3 1130/11/3 1062/11/3
f 1052/11/3 1120/11/3 1131/11/3 1063/11/3
f 1064/5/6 1132/5/6 1121/5/6 1053/5/6
f 1122/4/5 1133/4/5 1065/4/5 1054/4/5
f 1066/5/6 1134/5/6 1132/5/6 1064/5/6
f 1133/4/5 1135/4/5 1067/4/5 1065/4/5
f 1068/4/6 1136/4/6 1134/4/6 1066/4/6
f 1135/4/5 1137/4/5 1069/4/5 1067/4/5
f 1070/4/6 1138/4/6 1136/4/6 1068/4/6
f 1137/4/5 1139/4/5 1071/4/5 1069/4/5
f 1072/4/6 1140/4/6 1138/4/6 1070/4/6
f 1139/4/5 1141/4/5 1073/4/5 1071/4/5
f 1074/4/6 1142/4/6 1140/4/6 1072/4/6
f 1141/4/5 1143/4/5 1075/4/5 1073/4/5
f 1076/5/6 1144/5/6 1142/5/6 1074/5/6
f 1143/4/5 1145/4/5 1077/4/5 1075/4/5
f 1146/11/4 1147/11/4 1079/11/4 1078/11/4
f 1147/11/4 1148/11/4 1080/11/4 1079/11/4
f 1148/11/4 1149/11/4 1081/11/4 1080/11/4
f 1149/11/4 1150/11/4 1082/11/4 1081/11/4
f 1150/11/4 1151/11/4 1083/11/4 1082/11/4
f 1151/11/4 1152/11/4 1084/11/4 1083/11/4
f 1152/11/4 1153/11/4 1085/11/4 1084/11/4
f 1153/11/4 1154/11/4 1086/11/4 1085/11/4
f 1154/11/4 1155/11/4 1087/11/4 1086/11/4
f 1155/11/4 1156/11/4 1088/11/4 1087/11/4
f 1089/5/6 1157/5/6 1144/5/6 1076/5/6
f 1145/4/5 1158/4/5 1090/4/5 1077/4/5
f 1091/4/6 1159/4/6 1146/4/6 1078/4/6
f 1156/5/5 1160/5/5 1092/5/5 1088/5/5
f 1093/5/6 1161/5/6 1157/5/6 1089/5/6
f 1162/4/4 1163/4/4 1095/4/4 1094/4/4
f 1158/4/5 1162/4/5 1094/4/5 1090/4/5
f 1163/4/4 1164/4/4 1096/4/4 1095/4/4
f 1164/4/4 1165/4/4 1097/4/4 1096/4/4
f 1097/4/6 1165/4/6 1159/4/6 1091/4/6
f 1160/5/5 1166/5/5 1098/5/5 1092/5/5
f 1099/5/6 1167/5/6 1161/5/6 1093/5/6
f 1168/5/4 1169/5/4 1101/5/4 1100/5/4
f 1166/5/5 1168/5/5 1100/5/5 1098/5/5
f 1169/5/4 1170/5/4 1102/5/4 1101/5/4
f 1170/5/4 1171/5/4 1103/5/4 1102/5/4
f 1103/5/6 1171/5/6 1167/5/6 1099/5/6
f 1104/11/3 1172/11/3 1173/11/3 1105/11/3
f 1173/11/5 1174/11/5 1106/11/5 1105/11/5
f 1107/5/3 1175/5/3 1172/5/3 1104/5/3
f 1108/5/3 1176/5/3 1175/5/3 1107/5/3
f 1109/5/6 1177/5/6 1176/5/6 1108/5/6
f 1110/4/3 1178/4/3 1179/4/3 1111/4/3
f 1179/4/5 1180/4/5 1112/4/5 1111/4/5
f 1113/4/3 1181/4/3 1178/4/3 1110/4/3
f 1114/4/3 1182/4/3 1181/4/3 1113/4/3
f 1115/4/6 1183/4/6 1182/4/6 1114/4/6
f 1174/5/5 1184/5/5 1116/5/5 1106/5/5
f 1117/5/6 1185/5/6 1177/5/6 1109/5/6
f 1180/4/5 1186/4/5 1118/4/5 1112/4/5
f 1119/4/6 1187/4/6 1183/4/6 1115/4/6
f 1184/5/5 1188/5/5 1120/5/5 1116/5/5
f 1121/5/6 1189/5/6 1185/5/6 1117/5/6
f 1186/4/5 1190/4/5 1122/4/5 1118/4/5
f 1123/11/3 1191/11/3 1187/11/3 1119/11/3
f 1124/11/3 1192/11/3 1191/11/3 1123/11/3
f 1125/11/3 1193/11/3 1192/11/3 1124/11/3
f 1126/11/3 1194/11/3 1193/11/3 1125/11/3
f 1127/11/3 1195/11/3 1194/11/3 1126/11/3
f 1128/11/3 1196/11/3 1195/11/3 1127/11/3
f 1129/11/3 1197/11/3 1196/11/3 1128/11/3
f 1130/11/3 1198/11/3 1197/11/3 1129/11/3
f 1131/11/3 1199/11/3 1198/11/3 1130/11/3
f 1120/11/3 1188/11/3 1199/11/3 1131/11/3
f 1132/5/6 1200/5/6 1189/5/6 1121/5/6
f 1190/4/5 1201/4/5 1133/4/5 1122/4/5
f 1134/5/6 1202/5/6 1200/5/6 1132/5/6
f 1201/4/5 1203/4/5 1135/4/5 1133/4/5
f 1136/4/6 1204/4/6 1202/4/6 1134/4/6
f 1203/4/5 1205/4/5 1137/4/5 1135/4/5
f 1138/4/6 1206/4/6 1204/4/6 1136/4/6
f 1205/4/5 1207/4/5 1139/4/5 1137/4/5
f 1140/4/6 1208/4/6 1206/4/6 1138/4/6
f 1207/4/5 1209/4/5 1141/4/5 1139/4/5
f 1142/4/6 1210/4/6 1208/4/6 1140/4/6
f 1209/4/5 1211/4/5 1143/4/5 1141/4/5
f 1144/5/6 1212/5/6 1210/5/6 1142/5/6
f 1211/4/5 1213/4/5 1145/4/5 1143/4/5
f 1214/11/4 1215/11/4 1147/11/4 1146/11/4
f 1215/11/4 1216/11/4 1148/11/4 1147/11/4
f 1216/11/4 1217/11/4 1149/11/4 1148/11/4
f 1217/11/4 1218/11/4 1150/11/4 1149/11/4
f 1218/11/4 1219/11/4 1151/11/4 1150/11/4
f 1219/11/4 1220/11/4 1152/11/4 1151/11/4
f 1220/11/4 1221/11/4 1153/11/4 1152/11/4
f 1221/11/4 1222/11/4 1154/11/4 1153/11/4
f 1222/11/4 1223/11/4 1155/11/4 1154/11/4
f 1223/11/4 1224/11/4 1156/11/4 1155/11/4
f 1157/5/6 1225/5/6 1212/5/6 1144/5/6
f 1213/4/5 1226/4/5 1158/4/5 1145/4/5
f 1159/4/6 1227/4/6 1214/4/6 1146/4/6
f 1224/5/5 1228/5/5 1160/5/5 1156/5/5
f 1161/5/6 1229/5/6 1225/5/6 1157/5/6
f 1230/4/4 1231/4/4 1163/4/4 1162/4/4
f 1226/4/5 1230/4/5 1162/4/5 1158/4/5
f 1231/4/4 1232/4/4 1164/4/4 1163/4/4
f 1232/4/4 1233/4/4 1165/4/4 1164/4/4
f 1165/4/6 1233/4/6 1227/4/6 1159/4/6
f 1228/5/5 1234/5/5 1166/5/5 1160/5/5
f 1167/5/6 1235/5/6 1229/5/6 1161/5/6
f 1236/5/4 1237/5/4 1169/5/4 1168/5/4
f 1234/5/5 1236/5/5 1168/5/5 1166/5/5
f 1237/5/4 1238/5/4 1170/5/4 1169/5/4
f 1238/5/4 1239/5/4 1171/5/4 1170/5/4
f 1171/5/6 1239/5/6 1235/5/6 1167/5/6
f 1172/5/3 1240/5/3 1241/5/3 1173/5/3
f 1241/5/5 1242/5/5 1174/5/5 1173/5/5
f 1175/5/3 1243/5/3 1240/5/3 1172/5/3
f 1176/5/3 1244/5/3 1243/5/3 1175/5/3
f 1177/5/6 1245/5/6 1244/5/6 1176/5/6
f 1178/4/3 1246/4/3 1247/4/3 1179/4/3
f 1247/4/5 1248/4/5 1180/4/5 1179/4/5
f 1181/4/3 1249/4/3 1246/4/3 1178/4/3
f 1182/4/3 1250/4/3 1249/4/3 1181/4/3
f 1183/4/6 1251/4/6 1250/4/6 1182/4/6
f 1242/5/5 1252/5/5 1184/5/5 1174/5/5
f 1185/5/6 1253/5/6 1245/5/6 1177/5/6
f 1248/4/5 1254/4/5 1186/4/5 1180/4/5
f 1187/4/6 1255/4/6 1251/4/6 1183/4/6
f 1252/5/5 1256/5/5 1188/5/5 1184/5/5
f 1189/5/6 1257/5/6 1253/5/6 1185/5/6
f 1254/4/5 1258/4/5 1190/4/5 1186/4/5
f 1191/11/3 1259/11/3 1255/11/3 1187/11/3
f 1192/11/3 1260/11/3 1259/11/3 1191/11/3
f 1193/11/3 1261/11/3 1260/11/3 1192/11/3
f 1194/11/3 1262/11/3 1261/11/3 1193/11/3
f 1195/11/3 1263/11/3 1262/11/3 1194/11/3
f 1196/11/3 1264/11/3 1263/11/3 1195/11/3
f 1197/11/3 1265/11/3 1264/11/3 1196/11/3
f 1198/11/3 1266/11/3 1265/11/3 1197/11/3
f 1199/11/3 1267/11/3 1266/11/3 1198/11/3
f 1188/11/3 1256/11/3 1267/11/3 1199/11/3
f 1200/5/6 1268/5/6 1257/5/6 1189/5/6
f 1258/4/5 1269/4/5 1201/4/5 1190/4/5
f 1202/5/6 1270/5/6 1268/5/6 1200/5/6
f 1269/4/5 1271/4/5 1203/4/5 1201/4/5
f 1204/4/6 1272/4/6 1270/4/6 1202/4/6
f 1271/4/5 1273/4/5 1205/4/5 1203/4/5
f 1206/4/6 1274/4/6 1272/4/6 1204/4/6
f 1273/4/5 1275/4/5 1207/4/5 1205/4/5
f 1208/4/6 1276/4/6 1274/4/6 1206/4/6
f 1275/4/5 1277/4/5 1209/4/5 1207/4/5
f 1210/4/6 1278/4/6 1276/4/6 1208/4/6
f 1277/4/5 1279/4/5 1211/4/5 1209/4/5
f 1212/5/6 1280/5/6 1278/5/6 1210/5/6
f 1279/4/5 1281/4/5 1213/4/5 1211/4/5
f 1282/11/4 1283/11/4 1215/11/4 1214/11/4
f 1283/11/4 1284/11/4 1216/11/4 1215/11/4
f 1284/11/4 1285/11/4 1217/11/4 1216/11/4
f 1285/11/4 1286/11/4 1218/11/4 1217/11/4
f 1286/11/4 1287/11/4 1219/11/4 1218/11/4
f 1287/11/4 1288/11/4 1220/11/4 1219/11/4
f 1288/11/4 1289/11/4 1221/11/4 1220/11/4
f 1289/11/4 1290/11/4 1222/11/4 1221/11/4
f 1290/11/4 1291/11/4 1223/11/4 1222/11/4
f 1291/11/4 1292/11/4 1224/11/4 1223/11/4
f 1225/5/6 1293/5/6 1280/5/6 1212/5/6
f 1281/4/5 1294/4/5 1226/4/5 1213/4/5
f 1227/4/6 1295/4/6 1282/4/6 1214/4/6
f 1292/5/5 1296/5/5 1228/5/5 1224/5/5
f 1229/5/6 1297/5/6 1293/5/6 1225/5/6
f 1298/4/4 1299/4/4 1231/4/4 1230/4/4
f 1294/4/5 1298/4/5 1230/4/5 1226/4/5
f 1299/4/4 1300/4/4 1232/4/4 1231/4/4
f 1300/4/4 1301/4/4 1233/4/4 1232/4/4
f 1233/4/6 1301/4/6 1295/4/6 1227/4/6
f 1296/5/5 1302/5/5 1234/5/5 1228/5/5
f 1235/5/6 1303/5/6 1297/5/6 1229/5/6
f 1304/5/4 1305/5/4 1237/5/4 1236/5/4
f 1302/5/5 1304/5/5 1236/5/5 1234/5/5
f 1305/5/4 1306/5/4 1238/5/4 1237/5/4
f 1306/5/4 1307/5/4 1239/5/4 1238/5/4
f 1239/5/6 1307/5/6 1303/5/6 1235/5/6
f 1240/5/3 1308/5/3 1309/5/3 1241/5/3
f 1309/5/5 1310/5/5 1242/5/5 1241/5/5
f 1243/5/3 1311/5/3 1308/5/3 1240/5/3
f 1244/5/3 1312/5/3 1311/5/3 1243/5/3
f 1245/5/6 1313/5/6 1312/5/6 1244/5/6
f 1246/4/3 1314/4/3 1315/4/3 1247/4/3
f 1315/4/5 1316/4/5 1248/4/5 1247/4/5
f 1249/4/3 1317/4/3 1314/4/3 1246/4/3
f 1250/4/3 1318/4/3 1317/4/3 1249/4/3
f 1251/4/6 1319/4/6 1318/4/6 1250/4/6
f 1310/5/5 1320/5/5 1252/5/5 1242/5/5
f 1253/5/6 1321/5/6 1313/5/6 1245/5/6
f 1316/4/5 1322/4/5 1254/4/5 1248/4/5
f 1255/4/6 1323/4/6 1319/4/6 1251/4/6
f 1320/5/5 1324/5/5 1256/5/5 1252/5/5
f 1257/5/6 1325/5/6 1321/5/6 1253/5/6
f 1322/4/5 1326/4/5 1258/4/5 1254/4/5
f 1259/11/3 1327/11/3 1323/11/3 1255/11/3
f 1260/11/3 1328/11/3 1327/11/3 1259/11/3
f 1261/11/3 1329/11/3 1328/11/3 1260/11/3
f 1262/11/3 1330/11/3 1329/11/3 1261/11/3
f 1263/11/3 1331/11/3 1330/11/3 1262/11/3
f 1264/11/3 1332/11/3 1331/11/3 1263/11/3
f 1265/11/3 1333/11/3 1332/11/3 1264/11/3
f 1266/11/3 1334/11/3 1333/11/3 1265/11/3
f 1267/11/3 1335/11/3 1334/11/3 1266/11/3
f 1256/11/3 1324/11/3 1335/11/3 1267/11/3
f 1268/5/6 1336/5/6 1325/5/6 1257/5/6
f 1326/4/5 1337/4/5 1269/4/5 1258/4/5
f 1270/5/6 1338/5/6 1336/5/6 1268/5/6
f 1337/4/5 1339/4/5 1271/4/5 1269/4/5
f 1272/4/6 1340/4/6 1338/4/6 1270/4/6
f 1339/4/5 1341/4/5 1273/4/5 1271/4/5
f 1274/4/6 1342/4/6 1340/4/6 1272/4/6
f 1341/4/5 1343/4/5 1275/4/5 1273/4/5
f 1276/4/6 1344/4/6 1342/4/6 1274/4/6
f 1343/4/5 1345/4/5 1277/4/5 1275/4/5
f 1278/4/6 1346/4/6 1344/4/6 1276/4/6
f 1345/4/5 1347/4/5 1279/4/5 1277/4/5
f 1280/5/6 1348/5/6 1346/5/6 1278/5/6
f 1347/4/5 1349/4/5 1281/4/5 1279/4/5
f 1350/11/4 1351/11/4 1283/11/4 1282/11/4
f 1351/11/4 1352/11/4 1284/11/4 1283/11/4
f 1352/11/4 1353/11/4 1285/11/4 1284/11/4
f 1353/11/4 1354/11/4 1286/11/4 1285/11/4
f 1354/11/4 1355/11/4 1287/11/4 1286/11/4
f 1355/11/4 1356/11/4 1288/11/4 1287/11/4
f 1356/11/4 1357/11/4 1289/11/4 1288/11/4
f 1357/11/4 1358/11/4 1290/11/4 1289/11/4
f 1358/11/4 1359/11/4 1291/11/4 1290/11/4
f 1359/11/4 1360/11/4 1292/11/4 1291/11/4
f 1293/5/6 1361/5/6 1348/5/6 1280/5/6
f 1349/4/5 1362/4/5 1294/4/5 1281/4/5
f 1295/4/6 1363/4/6 1350/4/6 1282/4/6
f 1360/5/5 1364/5/5 1296/5/5 1292/5/5
f 1297/5/6 1365/5/6 1361/5/6 1293/5/6
f 1366/4/4 1367/4/4 1299/4/4 1298/4/4
f 1362/4/5 1366/4/5 1298/4/5 1294/4/5
f 1367/4/4 1368/4/4 1300/4/4 1299/4/4
f 1368/4/4 1369/4/4 1301/4/4 1300/4/4
f 1301/4/6 1369/4/6 1363/4/6 1295/4/6
f 1364/5/5 1370/5/5 1302/5/5 1296/5/5
f 1303/5/6 1371/5/6 1365/5/6 1297/5/6
f 1372/5/4 1373/5/4 1305/5/4 1304/5/4
f 1370/5/5 1372/5/5 1304/5/5 1302/5/5
f 1373/5/4 1374/5/4 1306/5/4 1305/5/4
f 1374/5/4 1375/5/4 1307/5/4 1306/5/4
f 1307/5/6 1375/5/6 1371/5/6 1303/5/6
f 1308/5/3 1376/5/3 1377/5/3 1309/5/3
f 1377/5/5 1378/5/5 1310/5/5 1309/5/5
f 1311/5/3 1379/5/3 1376/5/3 1308/5/3
f 1312/5/3 1380/5/3 1379/5/3 1311/5/3
f 1313/5/6 1381/5/6 1380/5/6 1312/5/6
f 1314/4/3 1382/4/3 1383/4/3 1315/4/3
f 1383/4/5 1384/4/5 1316/4/5 1315/4/5
f 1317/4/3 1385/4/3 1382/4/3 1314/4/3
f 1318/4/3 1386/4/3 1385/4/3 1317/4/3
f 1319/4/6 1387/4/6 1386/4/6 1318/4/6
f 1378/5/5 1388/5/5 1320/5/5 1310/5/5
f 1321/5/6 1389/5/6 1381/5/6 1313/5/6
f 1384/4/5 1390/4/5 1322/4/5 1316/4/5
f 1323/4/6 1391/4/6 1387/4/6 1319/4/6
f 1388/5/5 1392/5/5 1324/5/5 1320/5/5
f 1325/5/6 1393/5/6 1389/5/6 1321/5/6
f 1390/4/5 1394/4/5 1326/4/5 1322/4/5
f 1327/11/3 1395/11/3 1391/11/3 1323/11/3
f 1328/11/3 1396/11/3 1395/11/3 1327/11/3
f 1329/11/3 1397/11/3 1396/11/3 1328/11/3
f 1330/11/3 1398/11/3 1397/11/3 1329/11/3
f 1331/11/3 1399/11/3 1398/11/3 1330/11/3
f 1332/11/3 1400/11/3 1399/11/3 1331/11/3
f 1333/11/3 1401/11/3 1400/11/3 1332/11/3
f 1334/11/3 1402/11/3 1401/11/3 1333/11/3
f 1335/11/3 1403/11/3 1402/11/3 1334/11/3
f 1324/11/3 1392/11/3 1403/11/3 1335/11/3
f 1336/5/6 1404/5/6 1393/5/6 1325/5/6
f 1394/4/5 1405/4/5 1337/4/5 1326/4/5
f 1338/5/6 1406/5/6 1404/5/6 1336/5/6
f 1405/4/5 1407/4/5 1339/4/5 1337/4/5
f 1340/4/6 1408/4/6 1406/4/6 1338/4/6
f 1407/4/5 1409/4/5 1341/4/5 1339/4/5
f 1342/4/6 1410/4/6 1408/4/6 1340/4/6
f 1409/4/5 1411/4/5 1343/4/5 1341/4/5
f 1344/4/6 1412/4/6 1410/4/6 1342/4/6
f 1411/4/5 1413/4/5 1345/4/5 1343/4/5
f 1346/4/6 1414/4/6 1412/4/6 1344/4/6
f 1413/4/5 1415/4/5 1347/4/5 1345/4/5
f 1348/5/6 1416/5/6 1414/5/6 1346/5/6
f 1415/4/5 1417/4/5 1349/4/5 1347/4/5
f 1418/11/4 1419/11/4 1351/11/4 1350/11/4
f 1419/11/4 1420/11/4 1352/11/4 1351/11/4
f 1420/11/4 1421/11/4 1353/11/4 1352/11/4
f 1421/11/4 1422/11/4 1354/11/4 1353/11/4
f 1422/11/4 1423/11/4 1355/11/4 1354/11/4
f 1423/11/4 1424/11/4 1356/11/4 1355/11/4
f 1424/11/4 1425/11/4 1357/11/4 1356/11/4
f 1425/11/4 1426/11/4 1358/11/4 1357/11/4
f 1426/11/4 1427/11/4 1359/11/4 1358/11/4
f 1427/11/4 1428/11/4 1360/11/4 1359/11/4
f 1361/5/6 1429/5/6 1416/5/6 1348/5/6
f 1417/4/5 1430/4/5 1362/4/5 1349/4/5
f 1363/4/6 1431/4/6 1418/4/6 1350/4/6
f 1428/5/5 1432/5/5 1364/5/5 1360/5/5
f 1365/5/6 1433/5/6 1429/5/6 1361/5/6
f 1434/4/4 1435/4/4 1367/4/4 1366/4/4
f 1430/4/5 1434/4/5 1366/4/5 1362/4/5
f 1435/4/4 1436/4/4 1368/4/4 1367/4/4
f 1436/4/4 1437/4/4 1369/4/4 1368/4/4
f 1369/4/6 1437/4/6 1431/4/6 1363/4/6
f 1432/5/5 1438/5/5 1370/5/5 1364/5/5
f 1371/5/6 1439/5/6 1433/5/6 1365/5/6
f 1440/5/4 1441/5/4 1373/5/4 1372/5/4
f 1438/5/5 1440/5/5 1372/5/5 1370/5/5
f 1441/5/4 1442/5/4 1374/5/4 1373/5/4
f 1442/5/4 1443/5/4 1375/5/4 1374/5/4
f 1375/5/6 1443/5/6 1439/5/6 1371/5/6
f 1376/5/3 1444/5/3 1445/5/3 1377/5/3
f 1445/5/5 1446/5/5 1378/5/5 1377/5/5
f 1379/5/3 1447/5/3 1444/5/3 1376/5/3
f 1380/5/3 1448/5/3 1447/5/3 1379/5/3
f 1381/5/6 1449/5/6 1448/5/6 1380/5/6
f 1382/4/3 1450/4/3 1451/4/3 1383/4/3
f 1451/4/5 1452/4/5 1384/4/5 1383/4/5
f 1385/4/3 1453/4/3 1450/4/3 1382/4/3
f 1386/4/3 1454/4/3 1453/4/3 1385/4/3
f 1387/4/6 1455/4/6 1454/4/6 1386/4/6
f 1446/5/5 1456/5/5 1388/5/5 1378/5/5
f 1389/5/6 1457/5/6 1449/5/6 1381/5/6
f 1452/4/5 1458/4/5 1390/4/5 1384/4/5
f 1391/4/6 1459/4/6 1455/4/6 1387/4/6
f 1456/5/5 1460/5/5 1392/5/5 1388/5/5
f 1393/5/6 1461/5/6 1457/5/6 1389/5/6
f 1458/4/5 1462/4/5 1394/4/5 1390/4/5
f 1395/11/3 1463/11/3 1459/11/3 1391/11/3
f 1396/11/3 1464/11/3 1463/11/3 1395/11/3
f 1397/11/3 1465/11/3 1464/11/3 1396/11/3
f 1398/11/3 1466/11/3 1465/11/3 1397/11/3
f 1399/11/3 1467/11/3 1466/11/3 1398/11/3
f 1400/11/3 1468/11/3 1467/11/3 1399/11/3
f 1401/11/3 1469/11/3 1468/11/3 1400/11/3
f 1402/11/3 1470/11/3 1469/11/3 1401/11/3
f 1403/11/3 1471/11/3 1470/11/3 1402/11/3
f 1392/11/3 1460/11/3 1471/11/3 1403/11/3
f 1404/5/6 1472/5/6 1461/5/6 1393/5/6
f 1462/4/5 1473/4/5 1405/4/5 1394/4/5
f 1406/5/6 1474/5/6 1472/5/6 1404/5/6
f 1473/4/5 1475/4/5 1407/4/5 1405/4/5
f 1408/4/6 1476/4/6 1474/4/6 1406/4/6
f 1475/4/5 1477/4/5 1409/4/5 1407/4/5
f 1410/4/6 1478/4/6 1476/4/6 1408/4/6
f 1477/4/5 1479/4/5 1411/4/5 1409/4/5
f 1412/4/6 1480/4/6 1478/4/6 1410/4/6
f 1479/4/5 1481/4/5 1413/4/5 1411/4/5
f 1414/4/6 1482/4/6 1480/4/6 1412/4/6
f 1481/4/5 1483/4/5 1415/4/5 1413/4/5
f 1416/5/6 1484/5/6 1482/5/6 1414/5/6
f 1483/4/5 1485/4/5 1417/4/5 1415/4/5
f 1486/11/4 1487/11/4 1419/11/4 1418/11/4
f 1487/11/4 1488/11/4 1420/11/4 1419/11/4
f 1488/11/4 1489/11/4 1421/11/4 1420/11/4
f 1489/11/4 1490/11/4 1422/11/4 1421/11/4
f 1490/11/4 1491/11/4 1423/11/4 1422/11/4
f 1491/11/4 1492/11/4 1424/11/4 1423/11/4
f 1492/5/4 1493/5/4 1425/5/4 1424/5/4
f 1493/11/4 1494/11/4 1426/11/4 1425/11/4
f 1494/11/4 1495/11/4 1427/11/4 1426/11/4
f 1495/11/4 1496/11/4 1428/11/4 1427/11/4
f 1429/5/6 1497/5/6 1484/5/6 1416/5/6
f 1485/4/5 1498/4/5 1430/4/5 1417/4/5
f 1431/4/6 1499/4/6 1486/4/6 1418/4/6
f 1496/5/5 1500/5/5 1432/5/5 1428/5/5
f 1433/5/6 1501/5/6 1497/5/6 1429/5/6
f 1502/4/4 1503/4/4 1435/4/4 1434/4/4
f 1498/4/5 1502/4/5 1434/4/5 1430/4/5
f 1503/4/4 1504/4/4 1436/4/4 1435/4/4
f 1504/4/4 1505/4/4 1437/4/4 1436/4/4
f 1437/4/6 1505/4/6 1499/4/6 1431/4/6
f 1500/5/5 1506/5/5 1438/5/5 1432/5/5
f 1439/5/6 1507/5/6 1501/5/6 1433/5/6
f 1508/5/4 1509/5/4 1441/5/4 1440/5/4
f 1506/5/5 1508/5/5 1440/5/5 1438/5/5
f 1509/5/4 1510/5/4 1442/5/4 1441/5/4
f 1510/5/4 1511/5/4 1443/5/4 1442/5/4
f 1443/5/6 1511/5/6 1507/5/6 1439/5/6
f 1444/5/3 1512/5/3 1513/5/3 1445/5/3
f 1513/5/5 1514/5/5 1446/5/5 1445/5/5
f 1447/5/3 1515/5/3 1512/5/3 1444/5/3
f 1448/5/3 1516/5/3 1515/5/3 1447/5/3
f 1449/5/6 1517/5/6 1516/5/6 1448/5/6
f 1450/4/3 1518/4/3 1519/4/3 1451/4/3
f 1519/4/5 1520/4/5 1452/4/5 1451/4/5
f 1453/4/3 1521/4/3 1518/4/3 1450/4/3
f 1454/4/3 1522/4/3 1521/4/3 1453/4/3
f 1455/4/6 1523/4/6 1522/4/6 1454/4/6
f 1514/5/5 1524/5/5 1456/5/5 1446/5/5
f 1457/5/6 1525/5/6 1517/5/6 1449/5/6
f 1520/4/5 1526/4/5 1458/4/5 1452/4/5
f 1459/4/6 1527/4/6 1523/4/6 1455/4/6
f 1524/5/5 1528/5/5 1460/5/5 1456/5/5
f 1461/5/6 1529/5/6 1525/5/6 1457/5/6
f 1526/4/5 1530/4/5 1462/4/5 1458/4/5
f 1463/11/3 1531/11/3 1527/11/3 1459/11/3
f 1464/11/3 1532/11/3 1531/11/3 1463/11/3
f 1465/11/3 1533/11/3 1532/11/3 1464/11/3
f 1466/11/3 1534/11/3 1533/11/3 1465/11/3
f 1467/11/3 1535/11/3 1534/11/3 1466/11/3
f 1468/11/3 1536/11/3 1535/11/3 1467/11/3
f 1469/11/3 1537/11/3 1536/11/3 1468/11/3
f 1470/11/3 1538/11/3 1537/11/3 1469/11/3
f 1471/11/3 1539/11/3 1538/11/3 1470/11/3
f 1460/11/3 1528/11/3 1539/11/3 1471/11/3
f 1472/5/6 1540/5/6 1529/5/6 1461/5/6
f 1530/4/5 1541/4/5 1473/4/5 1462/4/5
f 1474/5/6 1542/5/6 1540/5/6 1472/5/6
f 1541/4/5 1543/4/5 1475/4/5 1473/4/5
f 1476/4/6 1544/4/6 1542/4/6 1474/4/6
f 1543/4/5 1545/4/5 1477/4/5 1475/4/5
f 1478/4/6 1546/4/6 1544/4/6 1476/4/6
f 1545/4/5 1547/4/5 1479/4/5 1477/4/5
f 1480/4/6 1548/4/6 1546/4/6 1478/4/6
f 1547/4/5 1549/4/5 1481/4/5 1479/4/5
f 1482/4/6 1550/4/6 1548/4/6 1480/4/6
f 1549/4/5 1551/4/5 1483/4/5 1481/4/5
f 1484/5/6 1552/5/6 1550/5/6 1482/5/6
f 1551/4/5 1553/4/5 1485/4/5 1483/4/5
f 1554/11/4 1555/11/4 1487/11/4 1486/11/4
f 1555/11/4 1556/11/4 1488/11/4 1487/11/4
f 1556/11/4 1557/11/4 1489/11/4 1488/11/4
f 1557/11/4 1558/11/4 1490/11/4 1489/11/4
f 1558/11/4 1559/11/4 1491/11/4 1490/11/4
f 1559/11/4 1560/11/4 1492/11/4 1491/11/4
f 1560/11/4 1561/11/4 1493/11/4 1492/11/4
f 1561/11/4 1562/11/4 1494/11/4 1493/11/4
f 1562/11/4 1563/11/4 1495/11/4 1494/11/4
f 1563/11/4 1564/11/4 1496/11/4 1495/11/4
f 1497/5/6 1565/5/6 1552/5/6 1484/5/6
f 1553/4/5 1566/4/5 1498/4/5 1485/4/5
f 1499/4/6 1567/4/6 1554/4/6 1486/4/6
f 1564/5/5 1568/5/5 1500/5/5 1496/5/5
f 1501/5/6 1569/5/6 1565/5/6 1497/5/6
f 1570/4/4 1571/4/4 1503/4/4 1502/4/4
f 1566/4/5 1570/4/5 1502/4/5 1498/4/5
f 1571/4/4 1572/4/4 1504/4/4 1503/4/4
f 1572/4/4 1573/4/4 1505/4/4 1504/4/4
f 1505/4/6 1573/4/6 1567/4/6 1499/4/6
f 1568/5/5 1574/5/5 1506/5/5 1500/5/5
f 1507/5/6 1575/5/6 1569/5/6 1501/5/6
f 1576/5/4 1577/5/4 1509/5/4 1508/5/4
f 1574/5/5 1576/5/5 1508/5/5 1506/5/5
f 1577/5/4 1578/5/4 1510/5/4 1509/5/4
f 1578/5/4 1579/5/4 1511/5/4 1510/5/4
f 1511/5/6 1579/5/6 1575/5/6 1507/5/6
f 1512/5/3 1580/5/3 1581/5/3 1513/5/3
f 1581/5/5 1582/5/5 1514/5/5 1513/5/5
f 1515/5/3 1583/5/3 1580/5/3 1512/5/3
f 1516/5/3 1584/5/3 1583/5/3 1515/5/3
f 1517/5/6 1585/5/6 1584/5/6 1516/5/6
f 1518/4/3 1586/4/3 1587/4/3 1519/4/3
f 1587/4/5 1588/4/5 1520/4/5 1519/4/5
f 1521/4/3 1589/4/3 1586/4/3 1518/4/3
f 1522/4/3 1590/4/3 1589/4/3 1521/4/3
f 1523/4/6 1591/4/6 1590/4/6 1522/4/6
f 1582/5/5 1592/5/5 1524/5/5 1514/5/5
f 1525/5/6 1593/5/6 1585/5/6 1517/5/6
f 1588/4/5 1594/4/5 1526/4/5 1520/4/5
f 1527/4/6 1595/4/6 1591/4/6 1523/4/6
f 1592/5/5 1596/5/5 1528/5/5 1524/5/5
f 1529/5/6 1597/5/6 1593/5/6 1525/5/6
f 1594/4/5 1598/4/5 1530/4/5 1526/4/5
f 1531/11/3 1599/11/3 1595/11/3 1527/11/3
f 1532/11/3 1600/11/3 1599/11/3 1531/11/3
f 1533/11/3 1601/11/3 1600/11/3 1532/11/3
f 1534/11/3 1602/11/3 1601/11/3 1533/11/3
f 1535/11/3 1603/11/3 1602/11/3 1534/11/3
f 1536/11/3 1604/11/3 1603/11/3 1535/11/3
f 1537/11/3 1605/11/3 1604/11/3 1536/11/3
f 1538/11/3 1606/11/3 1605/11/3 1537/11/3
f 1539/11/3 1607/11/3 1606/11/3 1538/11/3
f 1528/11/3 1596/11/3 1607/11/3 1539/11/3
f 1540/5/6 1608/5/6 1597/5/6 1529/5/6
f 1598/4/5 1609/4/5 1541/4/5 1530/4/5
f 1542/5/6 1610/5/6 1608/5/6 1540/5/6
f 1609/4/5 1611/4/5 1543/4/5 1541/4/5
f 1544/4/6 1612/4/6 1610/4/6 1542/4/6
f 1611/4/5 1613/4/5 1545/4/5 1543/4/5
f 1546/4/6 1614/4/6 1612/4/6 1544/4/6
f 1613/4/5 1615/4/5 1547/4/5 1545/4/5
f 1548/4/6 1616/4/6 1614/4/6 1546/4/6
f 1615/4/5 1617/4/5 1549/4/5 1547/4/5
f 1550/4/6 1618/4/6 1616/4/6 1548/4/6
f 1617/4/5 1619/4/5 1551/4/5 1549/4/5
f 1552/5/6 1620/5/6 1618/5/6 1550/5/6
f 1619/4/5 1621/4/5 1553/4/5 1551/4/5
f 1622/11/4 1623/11/4 1555/11/4 1554/11/4
f 1623/11/4 1624/11/4 1556/11/4 1555/11/4
f 1624/11/4 1625/11/4 1557/11/4 1556/11/4
f 1625/11/4 1626/11/4 1558/11/4 1557/11/4
f 1626/11/4 1627/11/4 1559/11/4 1558/11/4
f 1627/11/4 1628/11/4 1560/11/4 1559/11/4
f 1628/11/4 1629/11/4 1561/11/4 1560/11/4
f 1629/11/4 1630/11/4 1562/11/4 1561/11/4
f 1630/11/4 1631/11/4 1563/11/4 1562/11/4
f 1631/11/4 1632/11/4 1564/11/4 1563/11/4
f 1565/5/6 1633/5/6 1620/5/6 1552/5/6
f 1621/4/5 1634/4/5 1566/4/5 1553/4/5
f 1567/4/6 1635/4/6 1622/4/6 1554/4/6
f 1632/5/5 1636/5/5 1568/5/5 1564/5/5
f 1569/5/6 1637/5/6 1633/5/6 1565/5/6
f 1638/4/4 1639/4/4 1571/4/4 1570/4/4
f 1634/4/5 1638/4/5 1570/4/5 1566/4/5
f 1639/4/4 1640/4/4 1572/4/4 1571/4/4
f 1640/4/4 1641/4/4 1573/4/4 1572/4/4
f 1573/4/6 1641/4/6 1635/4/6 1567/4/6
f 1636/5/5 1642/5/5 1574/5/5 1568/5/5
f 1575/5/6 1643/5/6 1637/5/6 1569/5/6
f 1644/5/4 1645/5/4 1577/5/4 1576/5/4
f 1642/5/5 1644/5/5 1576/5/5 1574/5/5
f 1645/5/4 1646/5/4 1578/5/4 1577/5/4
f 1646/5/4 1647/5/4 1579/5/4 1578/5/4
f 1579/5/6 1647/5/6 1643/5/6 1575/5/6
f 1580/5/3 1648/5/3 1649/5/3 1581/5/3
f 1649/5/5 1650/5/5 1582/5/5 1581/5/5
f 1583/5/3 1651/5/3 1648/5/3 1580/5/3
f 1584/5/3 1652/5/3 1651/5/3 1583/5/3
f 1585/5/6 1653/5/6 1652/5/6 1584/5/6
f 1586/4/3 1654/4/3 1655/4/3 1587/4/3
f 1655/4/5 1656/4/5 1588/4/5 1587/4/5
f 1589/4/3 1657/4/3 1654/4/3 1586/4/3
f 1590/4/3 1658/4/3 1657/4/3 1589/4/3
f 1591/4/6 1659/4/6 1658/4/6 1590/4/6
f 1650/5/5 1660/5/5 1592/5/5 1582/5/5
f 1593/5/6 1661/5/6 1653/5/6 1585/5/6
f 1656/4/5 1662/4/5 1594/4/5 1588/4/5
f 1595/4/6 1663/4/6 1659/4/6 1591/4/6
f 1660/5/5 1664/5/5 1596/5/5 1592/5/5
f 1597/5/6 1665/5/6 1661/5/6 1593/5/6
f 1662/4/5 1666/4/5 1598/4/5 1594/4/5
f 1599/11/3 1667/11/3 1663/11/3 1595/11/3
f 1600/11/3 1668/11/3 1667/11/3 1599/11/3
f 1601/11/3 1669/11/3 1668/11/3 1600/11/3
f 1602/11/3 1670/11/3 1669/11/3 1601/11/3
f 1603/11/3 1671/11/3 1670/11/3 1602/11/3
f 1604/11/3 1672/11/3 1671/11/3 1603/11/3
f 1605/11/3 1673/11/3 1672/11/3 1604/11/3
f 1606/11/3 1674/11/3 1673/11/3 1605/11/3
f 1607/11/3 1675/11/3 1674/11/3 1606/11/3
f 1596/11/3 1664/11/3 1675/11/3 1607/11/3
f 1608/5/6 1676/5/6 1665/5/6 1597/5/6
f 1666/4/5 1677/4/5 1609/4/5 1598/4/5
f 1610/4/6 1678/4/6 1676/4/6 1608/4/6
f 1677/4/5 1679/4/5 1611/4/5 1609/4/5
f 1612/4/6 1680/4/6 1678/4/6 1610/4/6
f 1679/4/5 1681/4/5 1613/4/5 1611/4/5
f 1614/4/6 1682/4/6 1680/4/6 1612/4/6
f 1681/4/5 1683/4/5 1615/4/5 1613/4/5
f 1616/4/6 1684/4/6 1682/4/6 1614/4/6
f 1683/4/5 1685/4/5 1617/4/5 1615/4/5
f 1618/4/6 1686/4/6 1684/4/6 1616/4/6
f 1685/4/5 1687/4/5 1619/4/5 1617/4/5
f 1620/4/6 1688/4/6 1686/4/6 1618/4/6
f 1687/4/5 1689/4/5 1621/4/5 1619/4/5
f 1690/11/4 1691/11/4 1623/11/4 1622/11/4
f 1691/11/4 1692/11/4 1624/11/4 1623/11/4
f 1692/11/4 1693/11/4 1625/11/4 1624/11/4
f 1693/11/4 1694/11/4 1626/11/4 1625/11/4
f 1694/11/4 1695/11/4 1627/11/4 1626/11/4
f 1695/11/4 1696/11/4 1628/11/4 1627/11/4
f 1696/11/4 1697/11/4 1629/11/4 1628/11/4
f 1697/11/4 1698/11/4 1630/11/4 1629/11/4
f 1698/11/4 1699/11/4 1631/11/4 1630/11/4
f 1699/11/4 1700/11/4 1632/11/4 1631/11/4
f 1633/5/6 1701/5/6 1688/5/6 1620/5/6
f 1689/4/5 1702/4/5 1634/4/5 1621/4/5
f 1635/4/6 1703/4/6 1690/4/6 1622/4/6
f 1700/5/5 1704/5/5 1636/5/5 1632/5/5
f 1637/5/6 1705/5/6 1701/5/6 1633/5/6
f 1706/4/4 1707/4/4 1639/4/4 1638/4/4
f 1702/4/5 1706/4/5 1638/4/5 1634/4/5
f 1707/4/4 1708/4/4 1640/4/4 1639/4/4
f 1708/4/4 1709/4/4 1641/4/4 1640/4/4
f 1641/4/6 1709/4/6 1703/4/6 1635/4/6
f 1704/5/5 1710/5/5 1642/5/5 1636/5/5
f 1643/5/6 1711/5/6 1705/5/6 1637/5/6
f 1712/5/4 1713/5/4 1645/5/4 1644/5/4
f 1710/5/5 1712/5/5 1644/5/5 1642/5/5
f 1713/5/4 1714/5/4 1646/5/4 1645/5/4
f 1714/5/4 1715/5/4 1647/5/4 1646/5/4
f 1647/5/6 1715/5/6 1711/5/6 1643/5/6
f 1648/5/3 1716/5/3 1717/5/3 1649/5/3
f 1717/5/5 1718/5/5 1650/5/5 1649/5/5
f 1651/5/3 1719/5/3 1716/5/3 1648/5/3
f 1652/5/3 1720/5/3 1719/5/3 1651/5/3
f 1653/5/6 1721/5/6 1720/5/6 1652/5/6
f 1654/4/3 1722/4/3 1723/4/3 1655/4/3
f 1723/4/5 1724/4/5 1656/4/5 1655/4/5
f 1657/4/3 1725/4/3 1722/4/3 1654/4/3
f 1658/4/3 1726/4/3 1725/4/3 1657/4/3
f 1659/4/6 1727/4/6 1726/4/6 1658/4/6
f 1718/5/5 1728/5/5 1660/5/5 1650/5/5
f 1661/5/6 1729/5/6 1721/5/6 1653/5/6
f 1724/4/5 1730/4/5 1662/4/5 1656/4/5
f 1663/4/6 1731/4/6 1727/4/6 1659/4/6
f 1728/5/5 1732/5/5 1664/5/5 1660/5/5
f 1665/5/6 1733/5/6 1729/5/6 1661/5/6
f 1730/4/5 1734/4/5 1666/4/5 1662/4/5
f 1667/11/3 1735/11/3 1731/11/3 1663/11/3
f 1668/11/3 1736/11/3 1735/11/3 1667/11/3
f 1669/11/3 1737/11/3 1736/11/3 1668/11/3
f 1670/11/3 1738/11/3 1737/11/3 1669/11/3
f 1671/11/3 1739/11/3 1738/11/3 1670/11/3
f 1672/11/3 1740/11/3 1739/11/3 1671/11/3
f 1673/11/3 1741/11/3 1740/11/3 1672/11/3
f 1674/11/3 1742/11/3 1741/11/3 1673/11/3
f 1675/11/3 1743/11/3 1742/11/3 1674/11/3
f 1664/11/3 1732/11/3 1743/11/3 1675/11/3
f 1676/5/6 1744/5/6 1733/5/6 1665/5/6
f 1734/4/5 1745/4/5 1677/4/5 1666/4/5
f 1678/4/6 1746/4/6 1744/4/6 1676/4/6
f 1745/4/5 1747/4/5 1679/4/5 1677/4/5
f 1680/4/6 1748/4/6 1746/4/6 1678/4/6
f 1747/4/5 1749/4/5 1681/4/5 1679/4/5
f 1682/4/6 1750/4/6 1748/4/6 1680/4/6
f 1749/4/5 1751/4/5 1683/4/5 1681/4/5
f 1684/4/6 1752/4/6 1750/4/6 1682/4/6
f 1751/4/5 1753/4/5 1685/4/5 1683/4/5
f 1686/4/6 1754/4/6 1752/4/6 1684/4/6
f 1753/4/5 1755/4/5 1687/4/5 1685/4/5
f 1688/4/6 1756/4/6 1754/4/6 1686/4/6
f 1755/4/5 1757/4/5 1689/4/5 1687/4/5
f 1758/11/4 1759/11/4 1691/11/4 1690/11/4
f 1759/11/4 1760/11/4 1692/11/4 1691/11/4
f 1760/11/4 1761/11/4 1693/11/4 1692/11/4
f 1761/11/4 1762/11/4 1694/11/4 1693/11/4
f 1762/11/4 1763/11/4 1695/11/4 1694/11/4
f 1763/11/4 1764/11/4 1696/11/4 1695/11/4
f 1764/11/4 1765/11/4 1697/11/4 1696/11/4
f 1765/11/4 1766/11/4 1698/11/4 1697/11/4
f 1766/11/4 1767/11/4 1699/11/4 1698/11/4
f 1767/11/4 1768/11/4 1700/11/4 1699/11/4
f 1701/5/6 1769/5/6 1756/5/6 1688/5/6
f 1757/4/5 1770/4/5 1702/4/5 1689/4/5
f 1703/4/6 1771/4/6 1758/4/6 1690/4/6
f 1768/5/5 1772/5/5 1704/5/5 1700/5/5
f 1705/5/6 1773/5/6 1769/5/6 1701/5/6
f 1774/4/4 1775/4/4 1707/4/4 1706/4/4
f 1770/4/5 1774/4/5 1706/4/5 1702/4/5
f 1775/4/4 1776/4/4 1708/4/4 1707/4/4
f 1776/4/4 1777/4/4 1709/4/4 1708/4/4
f 1709/4/6 1777/4/6 1771/4/6 1703/4/6
f 1772/5/5 1778/5/5 1710/5/5 1704/5/5
f 1711/5/6 1779/5/6 1773/5/6 1705/5/6
f 1780/5/4 1781/5/4 1713/5/4 1712/5/4
f 1778/5/5 1780/5/5 1712/5/5 1710/5/5
f 1781/5/4 1782/5/4 1714/5/4 1713/5/4
f 1782/5/4 1783/5/4 1715/5/4 1714/5/4
f 1715/5/6 1783/5/6 1779/5/6 1711/5/6
f 1716/5/3 1784/5/3 1785/5/3 1717/5/3
f 1785/5/5 1786/5/5 1718/5/5 1717/5/5
f 1719/5/3 1787/5/3 1784/5/3 1716/5/3
f 1720/5/3 1788/5/3 1787/5/3 1719/5/3
f 1721/5/6 1789/5/6 1788/5/6 1720/5/6
f 1722/4/3 1790/4/3 1791/4/3 1723/4/3
f 1791/4/5 1792/4/5 1724/4/5 1723/4/5
f 1725/4/3 1793/4/3 1790/4/3 1722/4/3
f 1726/4/3 1794/4/3 1793/4/3 1725/4/3
f 1727/4/6 1795/4/6 1794/4/6 1726/4/6
f 1786/5/5 1796/5/5 1728/5/5 1718/5/5
f 1729/5/6 1797/5/6 1789/5/6 1721/5/6
f 1792/4/5 1798/4/5 1730/4/5 1724/4/5
f 1731/4/6 1799/4/6 1795/4/6 1727/4/6
f 1796/5/5 1800/5/5 1732/5/5 1728/5/5
f 1733/5/6 1801/5/6 1797/5/6 1729/5/6
f 1798/4/5 1802/4/5 1734/4/5 1730/4/5
f 1735/11/3 1803/11/3 1799/11/3 1731/11/3
f 1736/11/3 1804/11/3 1803/11/3 1735/11/3
f 1737/11/3 1805/11/3 1804/11/3 1736/11/3
f 1738/11/3 1806/11/3 1805/11/3 1737/11/3
f 1739/11/3 1807/11/3 1806/11/3 1738/11/3
f 1740/11/3 1808/11/3 1807/11/3 1739/11/3
f 1741/11/3 1809/11/3 1808/11/3 1740/11/3
f 1742/11/3 1810/11/3 1809/11/3 1741/11/3
f 1743/11/3 1811/11/3 1810/11/3 1742/11/3
f 1732/11/3 1800/11/3 1811/11/3 1743/11/3
f 1744/5/6 1812/5/6 1801/5/6 1733/5/6
f 1802/4/5 1813/4/5 1745/4/5 1734/4/5
f 1746/4/6 1814/4/6 1812/4/6 1744/4/6
f 1813/4/5 1815/4/5 1747/4/5 1745/4/5
f 1748/4/6 1816/4/6 1814/4/6 1746/4/6
f 1815/4/5 1817/4/5 1749/4/5 1747/4/5
f 1750/4/6 1818/4/6 1816/4/6 1748/4/6
f 1817/4/5 1819/4/5 1751/4/5 1749/4/5
f 1752/4/6 1820/4/6 1818/4/6 1750/4/6
f 1819/4/5 1821/4/5 1753/4/5 1751/4/5
f 1754/4/6 1822/4/6 1820/4/6 1752/4/6
f 1821/4/5 1823/4/5 1755/4/5 1753/4/5
f 1756/4/6 1824/4/6 1822/4/6 1754/4/6
f 1823/4/5 1825/4/5 1757/4/5 1755/4/5
f 1826/11/4 1827/11/4 1759/11/4 1758/11/4
f 1827/11/4 1828/11/4 1760/11/4 1759/11/4
f 1828/11/4 1829/11/4 1761/11/4 1760/11/4
f 1829/11/4 1830/11/4 1762/11/4 1761/11/4
f 1830/11/4 1831/11/4 1763/11/4 1762/11/4
f 1831/11/4 1832/11/4 1764/11/4 1763/11/4
f 1832/11/4 1833/11/4 1765/11/4 1764/11/4
f 1833/11/4 1834/11/4 1766/11/4 1765/11/4
f 1834/11/4 1835/11/4 1767/11/4 1766/11/4
f 1835/11/4 1836/11/4 1768/11/4 1767/11/4
f 1769/5/6 1837/5/6 1824/5/6 1756/5/6
f 1825/4/5 1838/4/5 1770/4/5 1757/4/5
f 1771/4/6 1839/4/6 1826/4/6 1758/4/6
f 1836/5/5 1840/5/5 1772/5/5 1768/5/5
f 1773/5/6 1841/5/6 1837/5/6 1769/5/6
f 1842/4/4 1843/4/4 1775/4/4 1774/4/4
f 1838/4/5 1842/4/5 1774/4/5 1770/4/5
f 1843/4/4 1844/4/4 1776/4/4 1775/4/4
f 1844/4/4 1845/4/4 1777/4/4 1776/4/4
f 1777/4/6 1845/4/6 1839/4/6 1771/4/6
f 1840/5/5 1846/5/5 1778/5/5 1772/5/5
f 1779/5/6 1847/5/6 1841/5/6 1773/5/6
f 1848/5/4 1849/5/4 1781/5/4 1780/5/4
f 1846/5/5 1848/5/5 1780/5/5 1778/5/5
f 1849/5/4 1850/5/4 1782/5/4 1781/5/4
f 1850/5/4 1851/5/4 1783/5/4 1782/5/4
f 1783/5/6 1851/5/6 1847/5/6 1779/5/6
f 1784/5/3 1852/5/3 1853/5/3 1785/5/3
f 1853/5/5 1854/5/5 1786/5/5 1785/5/5
f 1787/5/3 1855/5/3 1852/5/3 1784/5/3
f 1788/5/3 1856/5/3 1855/5/3 1787/5/3
f 1789/5/6 1857/5/6 1856/5/6 1788/5/6
f 1790/4/3 1858/4/3 1859/4/3 1791/4/3
f 1859/4/5 1860/4/5 1792/4/5 1791/4/5
f 1793/5/3 1861/5/3 1858/5/3 1790/5/3
f 1794/4/3 1862/4/3 1861/4/3 1793/4/3
f 1795/4/6 1863/4/6 1862/4/6 1794/4/6
f 1854/5/5 1864/5/5 1796/5/5 1786/5/5
f 1797/5/6 1865/5/6 1857/5/6 1789/5/6
f 1860/4/5 1866/4/5 1798/4/5 1792/4/5
f 1799/4/6 1867/4/6 1863/4/6 1795/4/6
f 1864/5/5 1868/5/5 1800/5/5 1796/5/5
f 1801/5/6 1869/5/6 1865/5/6 1797/5/6
f 1866/4/5 1870/4/5 1802/4/5 1798/4/5
f 1803/11/3 1871/11/3 1867/11/3 1799/11/3
f 1804/11/3 1872/11/3 1871/11/3 1803/11/3
f 1805/11/3 1873/11/3 1872/11/3 1804/11/3
f 1806/11/3 1874/11/3 1873/11/3 1805/11/3
f 1807/11/3 1875/11/3 1874/11/3 1806/11/3
f 1808/11/3 1876/11/3 1875/11/3 1807/11/3
f 1809/11/3 1877/11/3 1876/11/3 1808/11/3
f 1810/11/3 1878/11/3 1877/11/3 1809/11/3
f 1811/11/3 1879/11/3 1878/11/3 1810/11/3
f 1800/11/3 1868/11/3 1879/11/3 1811/11/3
f 1812/5/6 1880/5/6 1869/5/6 1801/5/6
f 1870/4/5 1881/4/5 1813/4/5 1802/4/5
f 1814/4/6 1882/4/6 1880/4/6 1812/4/6
f 1881/4/5 1883/4/5 1815/4/5 1813/4/5
f 1816/4/6 1884/4/6 1882/4/6 1814/4/6
f 1883/4/5 1885/4/5 1817/4/5 1815/4/5
f 1818/4/6 1886/4/6 1884/4/6 1816/4/6
f 1885/4/5 1887/4/5 1819/4/5 1817/4/5
f 1820/4/6 1888/4/6 1886/4/6 1818/4/6
f 1887/4/5 1889/4/5 1821/4/5 1819/4/5
f 1822/4/6 1890/4/6 1888/4/6 1820/4/6
f 1889/4/5 1891/4/5 1823/4/5 1821/4/5
f 1824/4/6 1892/4/6 1890/4/6 1822/4/6
f 1891/4/5 1893/4/5 1825/4/5 1823/4/5
f 1894/11/4 1895/11/4 1827/11/4 1826/11/4
f 1895/11/4 1896/11/4 1828/11/4 1827/11/4
f 1896/11/4 1897/11/4 1829/11/4 1828/11/4
f 1897/11/4 1898/11/4 1830/11/4 1829/11/4
f 1898/11/4 1899/11/4 1831/11/4 1830/11/4
f 1899/11/4 1900/11/4 1832/11/4 1831/11/4
f 1900/11/4 1901/11/4 1833/11/4 1832/11/4
f 1901/11/4 1902/11/4 1834/11/4 1833/11/4
f 1902/11/4 1903/11/4 1835/11/4 1834/11/4
f 1903/11/4 1904/11/4 1836/11/4 1835/11/4
f 1837/5/6 1905/5/6 1892/5/6 1824/5/6
f 1893/4/5 1906/4/5 1838/4/5 1825/4/5
f 1839/4/6 1907/4/6 1894/4/6 1826/4/6
f 1904/5/5 1908/5/5 1840/5/5 1836/5/5
f 1841/5/6 1909/5/6 1905/5/6 1837/5/6
f 1910/4/4 1911/4/4 1843/4/4 1842/4/4
f 1906/4/5 1910/4/5 1842/4/5 1838/4/5
f 1911/4/4 1912/4/4 1844/4/4 1843/4/4
f 1912/4/4 1913/4/4 1845/4/4 1844/4/4
f 1845/4/6 1913/4/6 1907/4/6 1839/4/6
f 1908/5/5 1914/5/5 1846/5/5 1840/5/5
f 1847/5/6 1915/5/6 1909/5/6 1841/5/6
f 1916/5/4 1917/5/4 1849/5/4 1848/5/4
f 1914/5/5 1916/5/5 1848/5/5 1846/5/5
f 1917/5/4 1918/5/4 1850/5/4 1849/5/4
f 1918/5/4 1919/5/4 1851/5/4 1850/5/4
f 1851/5/6 1919/5/6 1915/5/6 1847/5/6
f 1852/5/3 1920/5/3 1921/5/3 1853/5/3
f 1921/5/5 1922/5/5 1854/5/5 1853/5/5
f 1855/5/3 1923/5/3 1920/5/3 1852/5/3
f 1856/5/3 1924/5/3 1923/5/3 1855/5/3
f 1857/5/6 1925/5/6 1924/5/6 1856/5/6
f 1858/4/3 1926/4/3 1927/4/3 1859/4/3
f 1927/4/5 1928/4/5 1860/4/5 1859/4/5
f 1861/4/3 1929/4/3 1926/4/3 1858/4/3
f 1862/4/3 1930/4/3 1929/4/3 1861/4/3
f 1863/4/6 1931/4/6 1930/4/6 1862/4/6
f 1922/5/5 1932/5/5 1864/5/5 1854/5/5
f 1865/5/6 1933/5/6 1925/5/6 1857/5/6
f 1928/4/5 1934/4/5 1866/4/5 1860/4/5
f 1867/4/6 1935/4/6 1931/4/6 1863/4/6
f 1932/5/5 1936/5/5 1868/5/5 1864/5/5
f 1869/5/6 1937/5/6 1933/5/6 1865/5/6
f 1934/4/5 1938/4/5 1870/4/5 1866/4/5
f 1939/11/2 1940/11/2 1941/11/2 1935/11/2
f 1871/11/3 1939/11/3 1935/11/3 1867/11/3
f 1942/11/2 1943/11/2 1940/11/2 1939/11/2
f 1872/11/3 1942/11/3 1939/11/3 1871/11/3
f 1944/11/2 1945/11/2 1943/11/2 1942/11/2
f 1873/11/3 1944/11/3 1942/11/3 1872/11/3
f 1946/11/2 1947/11/2 1945/11/2 1944/11/2
f 1874/11/3 1946/11/3 1944/11/3 1873/11/3
f 1948/11/2 1949/11/2 1947/11/2 1946/11/2
f 1875/11/3 1948/11/3 1946/11/3 1874/11/3
f 1950/11/2 1951/11/2 1949/11/2 1948/11/2
f 1876/11/3 1950/11/3 1948/11/3 1875/11/3
f 1952/11/2 1953/11/2 1951/11/2 1950/11/2
f 1877/11/3 1952/11/3 1950/11/3 1876/11/3
f 1954/11/2 1955/11/2 1953/11/2 1952/11/2
f 1878/11/3 1954/11/3 1952/11/3 1877/11/3
f 1956/11/2 1957/11/2 1955/11/2 1954/11/2
f 1879/11/3 1956/11/3 1954/11/3 1878/11/3
f 1936/11/2 1958/11/2 1957/11/2 1956/11/2
f 1868/11/3 1936/11/3 1956/11/3 1879/11/3
f 1880/11/6 1959/11/6 1937/11/6 1869/11/6
f 1938/4/5 1960/4/5 1881/4/5 1870/4/5
f 1940/11/2 1961/11/2 1962/11/2 1941/11/2
f 1943/11/2 1963/11/2 1961/11/2 1940/11/2
f 1945/11/2 1964/11/2 1963/11/2 1943/11/2
f 1947/11/2 1965/11/2 1964/11/2 1945/11/2
f 1949/11/2 1966/11/2 1965/11/2 1947/11/2
f 1951/11/2 1967/11/2 1966/11/2 1949/11/2
f 1953/11/2 1968/11/2 1967/11/2 1951/11/2
f 1955/11/2 1969/11/2 1968/11/2 1953/11/2
f 1957/11/2 1970/11/2 1969/11/2 1955/11/2
f 1958/11/2 1971/11/2 1970/11/2 1957/11/2
f 1882/5/6 1972/5/6 1959/5/6 1880/5/6
f 1960/4/5 1973/4/5 1883/4/5 1881/4/5
f 1961/11/2 1974/11/2 1975/11/2 1962/11/2
f 1963/11/2 1976/11/2 1974/11/2 1961/11/2
f 1964/11/2 1977/11/2 1976/11/2 1963/11/2
f 1965/11/2 1978/11/2 1977/11/2 1964/11/2
f 1966/11/2 1979/11/2 1978/11/2 1965/11/2
f 1967/11/2 1980/11/2 1979/11/2 1966/11/2
f 1968/11/2 1981/11/2 1980/11/2 1967/11/2
f 1969/11/2 1982/11/2 1981/11/2 1968/11/2
f 1970/11/2 1983/11/2 1982/11/2 1969/11/2
f 1971/11/2 1984/11/2 1983/11/2 1970/11/2
f 1884/5/6 1985/5/6 1972/5/6 1882/5/6
f 1973/4/5 1986/4/5 1885/4/5 1883/4/5
f 1974/11/2 1987/11/2 1988/11/2 1975/11/2
f 1976/11/2 1989/11/2 1987/11/2 1974/11/2
f 1977/11/2 1990/11/2 1989/11/2 1976/11/2
f 1978/11/2 1991/11/2 1990/11/2 1977/11/2
f 1979/11/2 1992/11/2 1991/11/2 1978/11/2
f 1980/11/2 1993/11/2 1992/11/2 1979/11/2
f 1981/11/2 1994/11/2 1993/11/2 1980/11/2
f 1982/11/2 1995/11/2 1994/11/2 1981/11/2
f 1983/11/2 1996/11/2 1995/11/2 1982/11/2
f 1984/11/2 1997/11/2 1996/11/2 1983/11/2
f 1886/5/6 1998/5/6 1985/5/6 1884/5/6
f 1986/4/5 1999/4/5 1887/4/5 1885/4/5
f 1987/11/2 2000/11/2 2001/11/2 1988/11/2
f 1989/11/2 2002/11/2 2000/11/2 1987/11/2
f 1990/11/2 2003/11/2 2002/11/2 1989/11/2
f 1991/11/2 2004/11/2 2003/11/2 1990/11/2
f 1992/11/2 2005/11/2 2004/11/2 1991/11/2
f 1993/11/2 2006/11/2 2005/11/2 1992/11/2
f 1994/11/2 2007/11/2 2006/11/2 1993/11/2
f 1995/11/2 2008/11/2 2007/11/2 1994/11/2
f 1996/11/2 2009/11/2 2008/11/2 1995/11/2
f 1997/11/2 2010/11/2 2009/11/2 1996/11/2
f 1888/5/6 2011/5/6 1998/5/6 1886/5/6
f 1999/4/5 2012/4/5 1889/4/5 1887/4/5
f 2000/11/2 2013/11/2 2014/11/2 2001/11/2
f 2002/11/2 2015/11/2 2013/11/2 2000/11/2
f 2003/11/2 2016/11/2 2015/11/2 2002/11/2
f 2004/11/2 2017/11/2 2016/11/2 2003/11/2
f 2005/11/2 2018/11/2 2017/11/2 2004/11/2
f 2006/11/2 2019/11/2 2018/11/2 2005/11/2
f 2007/11/2 2020/11/2 2019/11/2 2006/11/2
f 2008/11/2 2021/11/2 2020/11/2 2007/11/2
f 2009/11/2 2022/11/2 2021/11/2 2008/11/2
f 2010/11/2 2023/11/2 2022/11/2 2009/11/2
f 1890/5/6 2024/5/6 2011/5/6 1888/5/6
f 2012/4/5 2025/4/5 1891/4/5 1889/4/5
f 2013/11/2 2026/11/2 2027/11/2 2014/11/2
f 2015/11/2 2028/11/2 2026/11/2 2013/11/2
f 2016/11/2 2029/11/2 2028/11/2 2015/11/2
f 2017/11/2 2030/11/2 2029/11/2 2016/11/2
f 2018/11/2 2031/11/2 2030/11/2 2017/11/2
f 2019/11/2 2032/11/2 2031/11/2 2018/11/2
f 2020/11/2 2033/11/2 2032/11/2 2019/11/2
f 2021/11/2 2034/11/2 2033/11/2 2020/11/2
f 2022/11/2 2035/11/2 2034/11/2 2021/11/2
f 2023/11/2 2036/11/2 2035/11/2 2022/11/2
f 1892/5/6 2037/5/6 2024/5/6 1890/5/6
f 2025/4/5 2038/4/5 1893/4/5 1891/4/5
f 2026/11/2 2039/11/2 2040/11/2 2027/11/2
f 2040/11/4 2039/11/4 1895/11/4 1894/11/4
f 2028/11/2 2041/11/2 2039/11/2 2026/11/2
f 2039/11/4 2041/11/4 1896/11/4 1895/11/4
f 2029/11/2 2042/11/2 2041/11/2 2028/11/2
f 2041/11/4 2042/11/4 1897/11/4 1896/11/4
f 2030/11/2 2043/11/2 2042/11/2 2029/11/2
f 2042/11/4 2043/11/4 1898/11/4 1897/11/4
f 2031/11/2 2044/11/2 2043/11/2 2030/11/2
f 2043/11/4 2044/11/4 1899/11/4 1898/11/4
f 2032/11/2 2045/11/2 2044/11/2 2031/11/2
f 2044/11/4 2045/11/4 1900/11/4 1899/11/4
f 2033/11/2 2046/11/2 2045/11/2 2032/11/2
f 2045/11/4 2046/11/4 1901/11/4 1900/11/4
f 2034/11/2 2047/11/2 2046/11/2 2033/11/2
f 2046/11/4 2047/11/4 1902/11/4 1901/11/4
f 2035/11/2 2048/11/2 2047/11/2 2034/11/2
f 2047/11/4 2048/11/4 1903/11/4 1902/11/4
f 2036/11/2 2049/11/2 2048/11/2 2035/11/2
f 2048/11/4 2049/11/4 1904/11/4 1903/11/4
f 1905/5/6 2050/5/6 2037/5/6 1892/5/6
f 2038/4/5 2051/4/5 1906/4/5 1893/4/5
f 1907/4/6 2052/4/6 2040/4/6 1894/4/6
f 2049/5/5 2053/5/5 1908/5/5 1904/5/5
f 1909/5/6 2054/5/6 2050/5/6 1905/5/6
f 2055/4/4 2056/4/4 1911/4/4 1910/4/4
f 2051/4/5 2055/4/5 1910/4/5 1906/4/5
f 2056/4/4 2057/4/4 1912/4/4 1911/4/4
f 2057/4/4 2058/4/4 1913/4/4 1912/4/4
f 1913/4/6 2058/4/6 2052/4/6 1907/4/6
f 2053/5/5 2059/5/5 1914/5/5 1908/5/5
f 1915/5/6 2060/5/6 2054/5/6 1909/5/6
f 2061/5/4 2062/5/4 1917/5/4 1916/5/4
f 2059/5/5 2061/5/5 1916/5/5 1914/5/5
f 2062/5/4 2063/5/4 1918/5/4 1917/5/4
f 2063/5/4 2064/5/4 1919/5/4 1918/5/4
f 1919/5/6 2064/5/6 2060/5/6 1915/5/6
f 1920/5/3 2065/5/3 2066/5/3 1921/5/3
f 2066/5/5 2067/5/5 1922/5/5 1921/5/5
f 1923/5/3 2068/5/3 2065/5/3 1920/5/3
f 1924/5/3 2069/5/3 2068/5/3 1923/5/3
f 1925/5/6 2070/5/6 2069/5/6 1924/5/6
f 1926/5/3 2071/5/3 2072/5/3 1927/5/3
f 2072/5/5 2073/5/5 1928/5/5 1927/5/5
f 1929/4/3 2074/4/3 2071/4/3 1926/4/3
f 1930/4/3 2075/4/3 2074/4/3 1929/4/3
f 1931/4/6 2076/4/6 2075/4/6 1930/4/6
f 2067/5/5 2077/5/5 1932/5/5 1922/5/5
f 1933/5/6 2078/5/6 2070/5/6 1925/5/6
f 2073/4/5 2079/4/5 1934/4/5 1928/4/5
f 1935/4/6 2080/4/6 2076/4/6 1931/4/6
f 2077/5/5 2081/5/5 1936/5/5 1932/5/5
f 1937/5/6 2082/5/6 2078/5/6 1933/5/6
f 2079/4/5 2083/4/5 1938/4/5 1934/4/5
f 1941/4/6 2084/4/6 2080/4/6 1935/4/6
f 2081/5/5 2085/5/5 1958/5/5 1936/5/5
f 1959/5/6 2086/5/6 2082/5/6 1937/5/6
f 2083/4/5 2087/4/5 1960/4/5 1938/4/5
f 1962/4/6 2088/4/6 2084/4/6 1941/4/6
f 2085/5/5 2089/5/5 1971/5/5 1958/5/5
f 1972/5/6 2090/5/6 2086/5/6 1959/5/6
f 2087/4/5 2091/4/5 1973/4/5 1960/4/5
f 1975/4/6 2092/4/6 2088/4/6 1962/4/6
f 2089/5/5 2093/5/5 1984/5/5 1971/5/5
f 1985/5/6 2094/5/6 2090/5/6 1972/5/6
f 2091/4/5 2095/4/5 1986/4/5 1973/4/5
f 1988/4/6 2096/4/6 2092/4/6 1975/4/6
f 2093/5/5 2097/5/5 1997/5/5 1984/5/5
f 1998/5/6 2098/5/6 2094/5/6 1985/5/6
f 2095/4/5 2099/4/5 1999/4/5 1986/4/5
f 2001/4/6 2100/4/6 2096/4/6 1988/4/6
f 2097/5/5 2101/5/5 2010/5/5 1997/5/5
f 2011/5/6 2102/5/6 2098/5/6 1998/5/6
f 2099/4/5 2103/4/5 2012/4/5 1999/4/5
f 2014/4/6 2104/4/6 2100/4/6 2001/4/6
f 2101/5/5 2105/5/5 2023/5/5 2010/5/5
f 2024/5/6 2106/5/6 2102/5/6 2011/5/6
f 2103/4/5 2107/4/5 2025/4/5 2012/4/5
f 2027/4/6 2108/4/6 2104/4/6 2014/4/6
f 2105/5/5 2109/5/5 2036/5/5 2023/5/5
f 2037/5/6 2110/5/6 2106/5/6 2024/5/6
f 2107/4/5 2111/4/5 2038/4/5 2025/4/5
f 2040/4/6 2112/4/6 2108/4/6 2027/4/6
f 2109/5/5 2113/5/5 2049/5/5 2036/5/5
f 2050/5/6 2114/5/6 2110/5/6 2037/5/6
f 2111/4/5 2115/4/5 2051/4/5 2038/4/5
f 2052/4/6 2116/4/6 2112/4/6 2040/4/6
f 2113/5/5 2117/5/5 2053/5/5 2049/5/5
f 2054/5/6 2118/5/6 2114/5/6 2050/5/6
f 2119/4/4 2120/4/4 2056/4/4 2055/4/4
f 2115/4/5 2119/4/5 2055/4/5 2051/4/5
f 2120/4/4 2121/4/4 2057/4/4 2056/4/4
f 2121/4/4 2122/4/4 2058/4/4 2057/4/4
f 2058/4/6 2122/4/6 2116/4/6 2052/4/6
f 2117/5/5 2123/5/5 2059/5/5 2053/5/5
f 2060/5/6 2124/5/6 2118/5/6 2054/5/6
f 2125/5/4 2126/5/4 2062/5/4 2061/5/4
f 2123/5/5 2125/5/5 2061/5/5 2059/5/5
f 2126/5/4 2127/5/4 2063/5/4 2062/5/4
f 2127/5/4 2128/5/4 2064/5/4 2063/5/4
f 2064/5/6 2128/5/6 2124/5/6 2060/5/6
f 2065/5/3 2129/5/3 2130/5/3 2066/5/3
f 2130/5/5 2131/5/5 2067/5/5 2066/5/5
f 2068/5/3 2132/5/3 2129/5/3 2065/5/3
f 2069/5/3 2133/5/3 2132/5/3 2068/5/3
f 2070/5/6 2134/5/6 2133/5/6 2069/5/6
f 2135/4/2 2136/4/2 2137/4/2 2138/4/2
f 2071/4/3 2135/4/3 2138/4/3 2072/4/3
f 2138/4/5 2137/4/5 2073/4/5 2072/4/5
f 2139/4/2 2140/4/2 2136/4/2 2135/4/2
f 2074/4/3 2139/4/3 2135/4/3 2071/4/3
f 2141/4/2 2142/4/2 2140/4/2 2139/4/2
f 2075/4/3 2141/4/3 2139/4/3 2074/4/3
f 2076/4/6 2142/4/6 2141/4/6 2075/4/6
f 2131/5/5 2143/5/5 2077/5/5 2067/5/5
f 2078/5/6 2144/5/6 2134/5/6 2070/5/6
f 2136/4/2 2145/4/2 2146/4/2 2137/4/2
f 2137/4/5 2146/4/5 2079/4/5 2073/4/5
f 2140/4/2 2147/4/2 2145/4/2 2136/4/2
f 2142/4/2 2148/4/2 2147/4/2 2140/4/2
f 2080/4/6 2148/4/6 2142/4/6 2076/4/6
f 2143/5/5 2149/5/5 2081/5/5 2077/5/5
f 2082/5/6 2150/5/6 2144/5/6 2078/5/6
f 2145/4/2 2151/4/2 2152/4/2 2146/4/2
f 2146/4/5 2152/4/5 2083/4/5 2079/4/5
f 2147/4/2 2153/4/2 2151/4/2 2145/4/2
f 2148/4/2 2154/4/2 2153/4/2 2147/4/2
f 2084/4/6 2154/4/6 2148/4/6 2080/4/6
f 2149/5/5 2155/5/5 2085/5/5 2081/5/5
f 2086/5/6 2156/5/6 2150/5/6 2082/5/6
f 2151/4/2 2157/4/2 2158/4/2 2152/4/2
f 2152/4/5 2158/4/5 2087/4/5 2083/4/5
f 2153/4/2 2159/4/2 2157/4/2 2151/4/2
f 2154/4/2 2160/4/2 2159/4/2 2153/4/2
f 2088/4/6 2160/4/6 2154/4/6 2084/4/6
f 2155/5/5 2161/5/5 2089/5/5 2085/5/5
f 2090/5/6 2162/5/6 2156/5/6 2086/5/6
f 2157/4/2 2163/4/2 2164/4/2 2158/4/2
f 2158/4/5 2164/4/5 2091/4/5 2087/4/5
f 2159/4/2 2165/4/2 2163/4/2 2157/4/2
f 2160/4/2 2166/4/2 2165/4/2 2159/4/2
f 2092/4/6 2166/4/6 2160/4/6 2088/4/6
f 2161/5/5 2167/5/5 2093/5/5 2089/5/5
f 2094/5/6 2168/5/6 2162/5/6 2090/5/6
f 2163/4/2 2169/4/2 2170/4/2 2164/4/2
f 2164/4/5 2170/4/5 2095/4/5 2091/4/5
f 2165/4/2 2171/4/2 2169/4/2 2163/4/2
f 2166/4/2 2172/4/2 2171/4/2 2165/4/2
f 2096/4/6 2172/4/6 2166/4/6 2092/4/6
f 2167/5/5 2173/5/5 2097/5/5 2093/5/5
f 2098/5/6 2174/5/6 2168/5/6 2094/5/6
f 2169/4/2 2175/4/2 2176/4/2 2170/4/2
f 2170/4/5 2176/4/5 2099/4/5 2095/4/5
f 2171/4/2 2177/4/2 2175/4/2 2169/4/2
f 2172/4/2 2178/4/2 2177/4/2 2171/4/2
f 2100/4/6 2178/4/6 2172/4/6 2096/4/6
f 2173/5/5 2179/5/5 2101/5/5 2097/5/5
f 2102/5/6 2180/5/6 2174/5/6 2098/5/6
f 2175/4/2 2181/4/2 2182/4/2 2176/4/2
f 2176/4/5 2182/4/5 2103/4/5 2099/4/5
f 2177/4/2 2183/4/2 2181/4/2 2175/4/2
f 2178/4/2 2184/4/2 2183/4/2 2177/4/2
f 2104/4/6 2184/4/6 2178/4/6 2100/4/6
f 2179/5/5 2185/5/5 2105/5/5 2101/5/5
f 2106/5/6 2186/5/6 2180/5/6 2102/5/6
f 2181/4/2 2187/4/2 2188/4/2 2182/4/2
f 2182/4/5 2188/4/5 2107/4/5 2103/4/5
f 2183/4/2 2189/4/2 2187/4/2 2181/4/2
f 2184/4/2 2190/4/2 2189/4/2 2183/4/2
f 2108/4/6 2190/4/6 2184/4/6 2104/4/6
f 2185/5/5 2191/5/5 2109/5/5 2105/5/5
f 2110/5/6 2192/5/6 2186/5/6 2106/5/6
f 2187/4/2 2193/4/2 2194/4/2 2188/4/2
f 2188/4/5 2194/4/5 2111/4/5 2107/4/5
f 2189/4/2 2195/4/2 2193/4/2 2187/4/2
f 2190/4/2 2196/4/2 2195/4/2 2189/4/2
f 2112/4/6 2196/4/6 2190/4/6 2108/4/6
f 2191/5/5 2197/5/5 2113/5/5 2109/5/5
f 2114/5/6 2198/5/6 2192/5/6 2110/5/6
f 2193/4/2 2199/4/2 2200/4/2 2194/4/2
f 2194/4/5 2200/4/5 2115/4/5 2111/4/5
f 2195/4/2 2201/4/2 2199/4/2 2193/4/2
f 2196/4/2 2202/4/2 2201/4/2 2195/4/2
f 2116/4/6 2202/4/6 2196/4/6 2112/4/6
f 2197/5/5 2203/5/5 2117/5/5 2113/5/5
f 2118/5/6 2204/5/6 2198/5/6 2114/5/6
f 2199/4/2 2205/4/2 2206/4/2 2200/4/2
f 2206/4/4 2205/4/4 2120/4/4 2119/4/4
f 2200/4/5 2206/4/5 2119/4/5 2115/4/5
f 2201/4/2 2207/4/2 2205/4/2 2199/4/2
f 2205/4/4 2207/4/4 2121/4/4 2120/4/4
f 2202/4/2 2208/4/2 2207/4/2 2201/4/2
f 2207/4/4 2208/4/4 2122/4/4 2121/4/4
f 2122/4/6 2208/4/6 2202/4/6 2116/4/6
f 2203/5/5 2209/5/5 2123/5/5 2117/5/5
f 2124/5/6 2210/5/6 2204/5/6 2118/5/6
f 2211/5/4 2212/5/4 2126/5/4 2125/5/4
f 2209/5/5 2211/5/5 2125/5/5 2123/5/5
f 2212/5/4 2213/5/4 2127/5/4 2126/5/4
f 2213/5/4 2214/5/4 2128/5/4 2127/5/4
f 2128/5/6 2214/5/6 2210/5/6 2124/5/6
f 2215/5/2 2216/5/2 2217/5/2 2218/5/2
f 2129/5/3 2215/5/3 2218/5/3 2130/5/3
f 2218/5/5 2217/5/5 2131/5/5 2130/5/5
f 2219/5/2 2220/5/2 2216/5/2 2215/5/2
f 2132/5/3 2219/5/3 2215/5/3 2129/5/3
f 2221/5/2 2222/5/2 2220/5/2 2219/5/2
f 2133/5/3 2221/5/3 2219/5/3 2132/5/3
f 2134/5/6 2222/5/6 2221/5/6 2133/5/6
f 2216/5/2 2223/5/2 2224/5/2 2217/5/2
f 2217/5/5 2224/5/5 2143/5/5 2131/5/5
f 2220/5/2 2225/5/2 2223/5/2 2216/5/2
f 2222/5/2 2226/5/2 2225/5/2 2220/5/2
f 2144/5/6 2226/5/6 2222/5/6 2134/5/6
f 2223/11/2 2227/11/2 2228/11/2 2224/11/2
f 2224/11/5 2228/11/5 2149/11/5 2143/11/5
f 2225/5/2 2229/5/2 2227/5/2 2223/5/2
f 2226/5/2 2230/5/2 2229/5/2 2225/5/2
f 2150/5/6 2230/5/6 2226/5/6 2144/5/6
f 2227/5/2 2231/5/2 2232/5/2 2228/5/2
f 2228/5/5 2232/5/5 2155/5/5 2149/5/5
f 2229/5/2 2233/5/2 2231/5/2 2227/5/2
f 2230/5/2 2234/5/2 2233/5/2 2229/5/2
f 2156/5/6 2234/5/6 2230/5/6 2150/5/6
f 2231/5/2 2235/5/2 2236/5/2 2232/5/2
f 2232/5/5 2236/5/5 2161/5/5 2155/5/5
f 2233/5/2 2237/5/2 2235/5/2 2231/5/2
f 2234/5/2 2238/5/2 2237/5/2 2233/5/2
f 2162/5/6 2238/5/6 2234/5/6 2156/5/6
f 2235/5/2 2239/5/2 2240/5/2 2236/5/2
f 2236/5/5 2240/5/5 2167/5/5 2161/5/5
f 2237/5/2 2241/5/2 2239/5/2 2235/5/2
f 2238/5/2 2242/5/2 2241/5/2 2237/5/2
f 2168/5/6 2242/5/6 2238/5/6 2162/5/6
f 2239/5/2 2243/5/2 2244/5/2 2240/5/2
f 2240/5/5 2244/5/5 2173/5/5 2167/5/5
f 2241/5/2 2245/5/2 2243/5/2 2239/5/2
f 2242/5/2 2246/5/2 2245/5/2 2241/5/2
f 2174/5/6 2246/5/6 2242/5/6 2168/5/6
f 2243/5/2 2247/5/2 2248/5/2 2244/5/2
f 2244/5/5 2248/5/5 2179/5/5 2173/5/5
f 2245/5/2 2249/5/2 2247/5/2 2243/5/2
f 2246/5/2 2250/5/2 2249/5/2 2245/5/2
f 2180/5/6 2250/5/6 2246/5/6 2174/5/6
f 2247/5/2 2251/5/2 2252/5/2 2248/5/2
f 2248/5/5 2252/5/5 2185/5/5 2179/5/5
f 2249/5/2 2253/5/2 2251/5/2 2247/5/2
f 2250/5/2 2254/5/2 2253/5/2 2249/5/2
f 2186/5/6 2254/5/6 2250/5/6 2180/5/6
f 2251/5/2 2255/5/2 2256/5/2 2252/5/2
f 2252/5/5 2256/5/5 2191/5/5 2185/5/5
f 2253/5/2 2257/5/2 2255/5/2 2251/5/2
f 2254/5/2 2258/5/2 2257/5/2 2253/5/2
f 2192/5/6 2258/5/6 2254/5/6 2186/5/6
f 2255/5/2 2259/5/2 2260/5/2 2256/5/2
f 2256/5/5 2260/5/5 2197/5/5 2191/5/5
f 2257/5/2 2261/5/2 2259/5/2 2255/5/2
f 2258/5/2 2262/5/2 2261/5/2 2257/5/2
f 2198/5/6 2262/5/6 2258/5/6 2192/5/6
f 2259/5/2 2263/5/2 2264/5/2 2260/5/2
f 2260/5/5 2264/5/5 2203/5/5 2197/5/5
f 2261/5/2 2265/5/2 2263/5/2 2259/5/2
f 2262/5/2 2266/5/2 2265/5/2 2261/5/2
f 2204/5/6 2266/5/6 2262/5/6 2198/5/6
f 2263/5/2 2267/5/2 2268/5/2 2264/5/2
f 2264/5/5 2268/5/5 2209/5/5 2203/5/5
f 2265/5/2 2269/5/2 2267/5/2 2263/5/2
f 2266/5/2 2270/5/2 2269/5/2 2265/5/2
f 2210/5/6 2270/5/6 2266/5/6 2204/5/6
f 2267/5/2 2271/5/2 2272/5/2 2268/5/2
f 2272/5/4 2271/5/4 2212/5/4 2211/5/4
f 2268/5/5 2272/5/5 2211/5/5 2209/5/5
f 2269/5/2 2273/5/2 2271/5/2 2267/5/2
f 2271/5/4 2273/5/4 2213/5/4 2212/5/4
f 2270/5/2 2274/5/2 2273/5/2 2269/5/2
f 2273/5/4 2274/5/4 2214/5/4 2213/5/4
f 2214/5/6 2274/5/6 2270/5/6 2210/5/6
