# Dungine statue_knight; 1 voxel = 1/16 unit; Y-up floor-center origin
mtllib statue_knight.mtl
o statue_knight
s off
v -0.437500 0.000000 -0.375000
v -0.437500 0.062500 -0.375000
v -0.437500 0.062500 -0.437500
v -0.437500 0.000000 -0.437500
v -0.375000 0.062500 -0.437500
v -0.375000 0.000000 -0.437500
v -0.375000 0.000000 -0.375000
v -0.437500 0.125000 -0.375000
v -0.437500 0.125000 -0.437500
v -0.375000 0.125000 -0.437500
v -0.437500 0.187500 -0.375000
v -0.437500 0.187500 -0.437500
v -0.375000 0.187500 -0.437500
v -0.437500 0.250000 -0.375000
v -0.437500 0.250000 -0.437500
v -0.375000 0.250000 -0.437500
v -0.375000 0.250000 -0.375000
v -0.437500 0.000000 -0.312500
v -0.437500 0.062500 -0.312500
v -0.375000 0.000000 -0.312500
v -0.437500 0.125000 -0.312500
v -0.437500 0.187500 -0.312500
v -0.437500 0.250000 -0.312500
v -0.375000 0.250000 -0.312500
v -0.437500 0.000000 -0.250000
v -0.437500 0.062500 -0.250000
v -0.375000 0.000000 -0.250000
v -0.437500 0.125000 -0.250000
v -0.437500 0.187500 -0.250000
v -0.437500 0.250000 -0.250000
v -0.375000 0.250000 -0.250000
v -0.437500 0.000000 -0.187500
v -0.437500 0.062500 -0.187500
v -0.375000 0.000000 -0.187500
v -0.437500 0.125000 -0.187500
v -0.437500 0.187500 -0.187500
v -0.437500 0.250000 -0.187500
v -0.375000 0.250000 -0.187500
v -0.437500 1.000000 -0.187500
v -0.437500 1.062500 -0.187500
v -0.437500 1.062500 -0.250000
v -0.437500 1.000000 -0.250000
v -0.375000 1.062500 -0.250000
v -0.375000 1.000000 -0.250000
v -0.375000 1.000000 -0.187500
v -0.437500 1.125000 -0.187500
v -0.437500 1.125000 -0.250000
v -0.375000 1.125000 -0.250000
v -0.437500 1.187500 -0.187500
v -0.437500 1.187500 -0.250000
v -0.375000 1.187500 -0.250000
v -0.437500 1.250000 -0.187500
v -0.437500 1.250000 -0.250000
v -0.375000 1.250000 -0.250000
v -0.437500 1.312500 -0.187500
v -0.437500 1.312500 -0.250000
v -0.375000 1.312500 -0.250000
v -0.437500 1.375000 -0.187500
v -0.437500 1.375000 -0.250000
v -0.375000 1.375000 -0.250000
v -0.437500 1.437500 -0.187500
v -0.437500 1.437500 -0.250000
v -0.375000 1.437500 -0.250000
v -0.437500 1.500000 -0.187500
v -0.437500 1.500000 -0.250000
v -0.375000 1.500000 -0.250000
v -0.437500 1.562500 -0.187500
v -0.437500 1.562500 -0.250000
v -0.375000 1.562500 -0.250000
v -0.375000 1.562500 -0.187500
v -0.437500 0.000000 -0.125000
v -0.437500 0.062500 -0.125000
v -0.375000 0.000000 -0.125000
v -0.437500 0.125000 -0.125000
v -0.437500 0.187500 -0.125000
v -0.437500 0.250000 -0.125000
v -0.375000 0.250000 -0.125000
v -0.437500 1.000000 -0.125000
v -0.437500 1.062500 -0.125000
v -0.375000 1.000000 -0.125000
v -0.437500 1.125000 -0.125000
v -0.437500 1.187500 -0.125000
v -0.437500 1.250000 -0.125000
v -0.437500 1.312500 -0.125000
v -0.437500 1.375000 -0.125000
v -0.437500 1.437500 -0.125000
v -0.437500 1.500000 -0.125000
v -0.437500 1.562500 -0.125000
v -0.375000 1.562500 -0.125000
v -0.437500 0.000000 -0.062500
v -0.437500 0.062500 -0.062500
v -0.375000 0.000000 -0.062500
v -0.437500 0.125000 -0.062500
v -0.437500 0.187500 -0.062500
v -0.437500 0.250000 -0.062500
v -0.375000 0.250000 -0.062500
v -0.437500 1.000000 -0.062500
v -0.437500 1.062500 -0.062500
v -0.375000 1.000000 -0.062500
v -0.437500 1.125000 -0.062500
v -0.437500 1.187500 -0.062500
v -0.437500 1.250000 -0.062500
v -0.437500 1.312500 -0.062500
v -0.437500 1.375000 -0.062500
v -0.437500 1.437500 -0.062500
v -0.437500 1.500000 -0.062500
v -0.437500 1.562500 -0.062500
v -0.375000 1.562500 -0.062500
v -0.437500 0.000000 0.000000
v -0.437500 0.062500 0.000000
v -0.375000 0.000000 0.000000
v -0.437500 0.125000 0.000000
v -0.437500 0.187500 0.000000
v -0.437500 0.250000 0.000000
v -0.375000 0.250000 0.000000
v -0.437500 1.000000 0.000000
v -0.437500 1.062500 0.000000
v -0.375000 1.000000 0.000000
v -0.437500 1.125000 0.000000
v -0.437500 1.187500 0.000000
v -0.437500 1.250000 0.000000
v -0.437500 1.312500 0.000000
v -0.437500 1.375000 0.000000
v -0.437500 1.437500 0.000000
v -0.437500 1.500000 0.000000
v -0.437500 1.562500 0.000000
v -0.375000 1.562500 0.000000
v -0.437500 0.000000 0.062500
v -0.437500 0.062500 0.062500
v -0.375000 0.000000 0.062500
v -0.437500 0.125000 0.062500
v -0.437500 0.187500 0.062500
v -0.437500 0.250000 0.062500
v -0.375000 0.250000 0.062500
v -0.437500 1.000000 0.062500
v -0.437500 1.062500 0.062500
v -0.375000 1.000000 0.062500
v -0.437500 1.125000 0.062500
v -0.437500 1.187500 0.062500
v -0.437500 1.250000 0.062500
v -0.437500 1.312500 0.062500
v -0.437500 1.375000 0.062500
v -0.437500 1.437500 0.062500
v -0.437500 1.500000 0.062500
v -0.437500 1.562500 0.062500
v -0.375000 1.562500 0.062500
v -0.437500 0.000000 0.125000
v -0.437500 0.062500 0.125000
v -0.375000 0.000000 0.125000
v -0.437500 0.125000 0.125000
v -0.437500 0.187500 0.125000
v -0.437500 0.250000 0.125000
v -0.375000 0.250000 0.125000
v -0.437500 1.000000 0.125000
v -0.437500 1.062500 0.125000
v -0.375000 1.000000 0.125000
v -0.375000 1.062500 0.125000
v -0.437500 1.125000 0.125000
v -0.375000 1.125000 0.125000
v -0.437500 1.187500 0.125000
v -0.375000 1.187500 0.125000
v -0.437500 1.250000 0.125000
v -0.375000 1.250000 0.125000
v -0.437500 1.312500 0.125000
v -0.375000 1.312500 0.125000
v -0.437500 1.375000 0.125000
v -0.375000 1.375000 0.125000
v -0.437500 1.437500 0.125000
v -0.375000 1.437500 0.125000
v -0.437500 1.500000 0.125000
v -0.375000 1.500000 0.125000
v -0.437500 1.562500 0.125000
v -0.375000 1.562500 0.125000
v -0.437500 0.000000 0.187500
v -0.437500 0.062500 0.187500
v -0.375000 0.000000 0.187500
v -0.437500 0.125000 0.187500
v -0.437500 0.187500 0.187500
v -0.437500 0.250000 0.187500
v -0.375000 0.250000 0.187500
v -0.437500 0.000000 0.250000
v -0.437500 0.062500 0.250000
v -0.375000 0.000000 0.250000
v -0.437500 0.125000 0.250000
v -0.437500 0.187500 0.250000
v -0.437500 0.250000 0.250000
v -0.375000 0.250000 0.250000
v -0.437500 0.000000 0.312500
v -0.437500 0.062500 0.312500
v -0.375000 0.000000 0.312500
v -0.437500 0.125000 0.312500
v -0.437500 0.187500 0.312500
v -0.437500 0.250000 0.312500
v -0.375000 0.250000 0.312500
v -0.437500 0.000000 0.375000
v -0.437500 0.062500 0.375000
v -0.375000 0.000000 0.375000
v -0.437500 0.125000 0.375000
v -0.437500 0.187500 0.375000
v -0.437500 0.250000 0.375000
v -0.375000 0.250000 0.375000
v -0.437500 0.000000 0.437500
v -0.437500 0.062500 0.437500
v -0.375000 0.000000 0.437500
v -0.375000 0.062500 0.437500
v -0.437500 0.125000 0.437500
v -0.375000 0.125000 0.437500
v -0.437500 0.187500 0.437500
v -0.375000 0.187500 0.437500
v -0.437500 0.250000 0.437500
v -0.375000 0.250000 0.437500
v -0.312500 0.062500 -0.437500
v -0.312500 0.000000 -0.437500
v -0.312500 0.000000 -0.375000
v -0.312500 0.125000 -0.437500
v -0.312500 0.187500 -0.437500
v -0.312500 0.250000 -0.437500
v -0.312500 0.250000 -0.375000
v -0.312500 0.000000 -0.312500
v -0.312500 0.250000 -0.312500
v -0.312500 0.000000 -0.250000
v -0.312500 0.250000 -0.250000
v -0.312500 0.000000 -0.187500
v -0.312500 0.250000 -0.187500
v -0.312500 1.062500 -0.250000
v -0.312500 1.000000 -0.250000
v -0.312500 1.000000 -0.187500
v -0.312500 1.125000 -0.250000
v -0.312500 1.187500 -0.250000
v -0.312500 1.250000 -0.250000
v -0.312500 1.312500 -0.250000
v -0.312500 1.375000 -0.250000
v -0.312500 1.437500 -0.250000
v -0.312500 1.500000 -0.250000
v -0.312500 1.562500 -0.250000
v -0.312500 1.562500 -0.187500
v -0.312500 0.000000 -0.125000
v -0.312500 0.250000 -0.125000
v -0.312500 1.000000 -0.125000
v -0.312500 1.562500 -0.125000
v -0.312500 0.000000 -0.062500
v -0.312500 0.250000 -0.062500
v -0.312500 1.000000 -0.062500
v -0.312500 1.562500 -0.062500
v -0.312500 0.000000 0.000000
v -0.312500 0.250000 0.000000
v -0.312500 1.000000 0.000000
v -0.312500 1.562500 0.000000
v -0.312500 0.000000 0.062500
v -0.312500 0.250000 0.062500
v -0.312500 1.000000 0.062500
v -0.312500 1.562500 0.062500
v -0.312500 0.000000 0.125000
v -0.312500 0.250000 0.125000
v -0.312500 1.000000 0.125000
v -0.312500 1.062500 0.125000
v -0.312500 1.125000 0.125000
v -0.312500 1.187500 0.125000
v -0.312500 1.250000 0.125000
v -0.312500 1.312500 0.125000
v -0.312500 1.375000 0.125000
v -0.312500 1.437500 0.125000
v -0.312500 1.500000 0.125000
v -0.312500 1.562500 0.125000
v -0.312500 0.000000 0.187500
v -0.312500 0.250000 0.187500
v -0.312500 0.000000 0.250000
v -0.312500 0.250000 0.250000
v -0.312500 0.000000 0.312500
v -0.312500 0.250000 0.312500
v -0.312500 0.000000 0.375000
v -0.312500 0.250000 0.375000
v -0.312500 0.000000 0.437500
v -0.312500 0.062500 0.437500
v -0.312500 0.125000 0.437500
v -0.312500 0.187500 0.437500
v -0.312500 0.250000 0.437500
v -0.250000 0.062500 -0.437500
v -0.250000 0.000000 -0.437500
v -0.250000 0.000000 -0.375000
v -0.250000 0.125000 -0.437500
v -0.250000 0.187500 -0.437500
v -0.250000 0.250000 -0.437500
v -0.250000 0.250000 -0.375000
v -0.250000 0.000000 -0.312500
v -0.250000 0.250000 -0.312500
v -0.250000 0.000000 -0.250000
v -0.250000 0.250000 -0.250000
v -0.250000 0.000000 -0.187500
v -0.250000 0.250000 -0.187500
v -0.250000 1.062500 -0.250000
v -0.250000 1.062500 -0.187500
v -0.250000 1.000000 -0.187500
v -0.250000 1.000000 -0.250000
v -0.250000 1.125000 -0.250000
v -0.250000 1.125000 -0.187500
v -0.250000 1.187500 -0.250000
v -0.250000 1.187500 -0.187500
v -0.250000 1.250000 -0.250000
v -0.250000 1.250000 -0.187500
v -0.250000 1.312500 -0.250000
v -0.250000 1.312500 -0.187500
v -0.250000 1.375000 -0.250000
v -0.250000 1.375000 -0.187500
v -0.250000 1.437500 -0.250000
v -0.250000 1.437500 -0.187500
v -0.250000 1.500000 -0.250000
v -0.250000 1.500000 -0.187500
v -0.250000 1.562500 -0.250000
v -0.250000 1.562500 -0.187500
v -0.250000 0.000000 -0.125000
v -0.250000 0.250000 -0.125000
v -0.250000 1.000000 -0.125000
v -0.250000 1.562500 -0.125000
v -0.250000 0.000000 -0.062500
v -0.250000 0.250000 -0.062500
v -0.250000 1.000000 -0.062500
v -0.250000 1.562500 -0.062500
v -0.250000 0.000000 0.000000
v -0.250000 0.250000 0.000000
v -0.250000 1.000000 0.000000
v -0.250000 1.562500 0.000000
v -0.250000 0.000000 0.062500
v -0.250000 0.250000 0.062500
v -0.250000 1.000000 0.062500
v -0.250000 1.562500 0.062500
v -0.250000 0.000000 0.125000
v -0.250000 0.250000 0.125000
v -0.250000 1.000000 0.125000
v -0.250000 1.062500 0.125000
v -0.250000 1.125000 0.125000
v -0.250000 1.187500 0.125000
v -0.250000 1.250000 0.125000
v -0.250000 1.312500 0.125000
v -0.250000 1.375000 0.125000
v -0.250000 1.437500 0.125000
v -0.250000 1.500000 0.125000
v -0.250000 1.562500 0.125000
v -0.250000 0.000000 0.187500
v -0.250000 0.250000 0.187500
v -0.250000 0.000000 0.250000
v -0.250000 0.250000 0.250000
v -0.250000 0.000000 0.312500
v -0.250000 0.250000 0.312500
v -0.250000 0.000000 0.375000
v -0.250000 0.250000 0.375000
v -0.250000 0.000000 0.437500
v -0.250000 0.062500 0.437500
v -0.250000 0.125000 0.437500
v -0.250000 0.187500 0.437500
v -0.250000 0.250000 0.437500
v -0.187500 0.062500 -0.437500
v -0.187500 0.000000 -0.437500
v -0.187500 0.000000 -0.375000
v -0.187500 0.125000 -0.437500
v -0.187500 0.187500 -0.437500
v -0.187500 0.250000 -0.437500
v -0.187500 0.250000 -0.375000
v -0.187500 0.000000 -0.312500
v -0.187500 0.250000 -0.312500
v -0.187500 0.000000 -0.250000
v -0.187500 0.250000 -0.250000
v -0.187500 0.000000 -0.187500
v -0.187500 0.250000 -0.187500
v -0.187500 0.000000 -0.125000
v -0.187500 0.250000 -0.125000
v -0.187500 1.062500 -0.187500
v -0.187500 1.000000 -0.187500
v -0.187500 1.000000 -0.125000
v -0.187500 1.125000 -0.187500
v -0.187500 1.187500 -0.187500
v -0.187500 1.250000 -0.187500
v -0.187500 1.312500 -0.187500
v -0.187500 1.375000 -0.187500
v -0.187500 1.437500 -0.187500
v -0.187500 1.500000 -0.187500
v -0.187500 1.562500 -0.187500
v -0.250000 1.625000 -0.125000
v -0.250000 1.625000 -0.187500
v -0.187500 1.625000 -0.187500
v -0.250000 1.687500 -0.125000
v -0.250000 1.687500 -0.187500
v -0.187500 1.687500 -0.187500
v -0.187500 1.687500 -0.125000
v -0.187500 0.000000 -0.062500
v -0.250000 0.312500 -0.062500
v -0.250000 0.312500 -0.125000
v -0.187500 0.312500 -0.125000
v -0.250000 0.375000 -0.062500
v -0.250000 0.375000 -0.125000
v -0.187500 0.375000 -0.125000
v -0.250000 0.437500 -0.062500
v -0.250000 0.437500 -0.125000
v -0.187500 0.437500 -0.125000
v -0.250000 0.500000 -0.062500
v -0.250000 0.500000 -0.125000
v -0.187500 0.500000 -0.125000
v -0.250000 0.562500 -0.062500
v -0.250000 0.562500 -0.125000
v -0.187500 0.562500 -0.125000
v -0.250000 0.625000 -0.062500
v -0.250000 0.625000 -0.125000
v -0.187500 0.625000 -0.125000
v -0.250000 0.687500 -0.062500
v -0.250000 0.687500 -0.125000
v -0.187500 0.687500 -0.125000
v -0.250000 0.750000 -0.062500
v -0.250000 0.750000 -0.125000
v -0.187500 0.750000 -0.125000
v -0.250000 0.812500 -0.062500
v -0.250000 0.812500 -0.125000
v -0.187500 0.812500 -0.125000
v -0.250000 0.875000 -0.062500
v -0.250000 0.875000 -0.125000
v -0.187500 0.875000 -0.125000
v -0.250000 0.937500 -0.062500
v -0.250000 0.937500 -0.125000
v -0.187500 0.937500 -0.125000
v -0.250000 1.625000 -0.062500
v -0.250000 1.687500 -0.062500
v -0.187500 1.687500 -0.062500
v -0.187500 0.000000 0.000000
v -0.250000 0.312500 0.000000
v -0.250000 0.375000 0.000000
v -0.250000 0.437500 0.000000
v -0.250000 0.500000 0.000000
v -0.250000 0.562500 0.000000
v -0.250000 0.625000 0.000000
v -0.250000 0.687500 0.000000
v -0.250000 0.750000 0.000000
v -0.250000 0.812500 0.000000
v -0.250000 0.875000 0.000000
v -0.250000 0.937500 0.000000
v -0.250000 1.625000 0.000000
v -0.250000 1.687500 0.000000
v -0.187500 1.687500 0.000000
v -0.187500 0.000000 0.062500
v -0.250000 0.312500 0.062500
v -0.250000 0.375000 0.062500
v -0.250000 0.437500 0.062500
v -0.250000 0.500000 0.062500
v -0.250000 0.562500 0.062500
v -0.250000 0.625000 0.062500
v -0.250000 0.687500 0.062500
v -0.250000 0.750000 0.062500
v -0.250000 0.812500 0.062500
v -0.250000 0.875000 0.062500
v -0.250000 0.937500 0.062500
v -0.250000 1.625000 0.062500
v -0.250000 1.687500 0.062500
v -0.187500 1.687500 0.062500
v -0.187500 0.000000 0.125000
v -0.250000 0.312500 0.125000
v -0.187500 0.250000 0.125000
v -0.187500 0.312500 0.125000
v -0.250000 0.375000 0.125000
v -0.187500 0.375000 0.125000
v -0.250000 0.437500 0.125000
v -0.187500 0.437500 0.125000
v -0.250000 0.500000 0.125000
v -0.187500 0.500000 0.125000
v -0.250000 0.562500 0.125000
v -0.187500 0.562500 0.125000
v -0.250000 0.625000 0.125000
v -0.187500 0.625000 0.125000
v -0.250000 0.687500 0.125000
v -0.187500 0.687500 0.125000
v -0.250000 0.750000 0.125000
v -0.187500 0.750000 0.125000
v -0.250000 0.812500 0.125000
v -0.187500 0.812500 0.125000
v -0.250000 0.875000 0.125000
v -0.187500 0.875000 0.125000
v -0.250000 0.937500 0.125000
v -0.187500 0.937500 0.125000
v -0.187500 1.000000 0.125000
v -0.250000 1.625000 0.125000
v -0.250000 1.687500 0.125000
v -0.187500 1.687500 0.125000
v -0.187500 0.000000 0.187500
v -0.187500 0.250000 0.187500
v -0.250000 1.000000 0.187500
v -0.250000 1.062500 0.187500
v -0.187500 1.000000 0.187500
v -0.187500 1.062500 0.187500
v -0.250000 1.125000 0.187500
v -0.187500 1.125000 0.187500
v -0.250000 1.187500 0.187500
v -0.187500 1.187500 0.187500
v -0.250000 1.250000 0.187500
v -0.187500 1.250000 0.187500
v -0.250000 1.312500 0.187500
v -0.187500 1.312500 0.187500
v -0.250000 1.375000 0.187500
v -0.187500 1.375000 0.187500
v -0.250000 1.437500 0.187500
v -0.187500 1.437500 0.187500
v -0.250000 1.500000 0.187500
v -0.187500 1.500000 0.187500
v -0.250000 1.562500 0.187500
v -0.187500 1.562500 0.187500
v -0.250000 1.625000 0.187500
v -0.187500 1.625000 0.187500
v -0.250000 1.687500 0.187500
v -0.187500 1.687500 0.187500
v -0.187500 0.000000 0.250000
v -0.187500 0.250000 0.250000
v -0.187500 0.000000 0.312500
v -0.187500 0.250000 0.312500
v -0.187500 0.000000 0.375000
v -0.187500 0.250000 0.375000
v -0.187500 0.000000 0.437500
v -0.187500 0.062500 0.437500
v -0.187500 0.125000 0.437500
v -0.187500 0.187500 0.437500
v -0.187500 0.250000 0.437500
v -0.125000 0.062500 -0.437500
v -0.125000 0.000000 -0.437500
v -0.125000 0.000000 -0.375000
v -0.125000 0.125000 -0.437500
v -0.125000 0.187500 -0.437500
v -0.125000 0.250000 -0.437500
v -0.125000 0.250000 -0.375000
v -0.125000 0.000000 -0.312500
v -0.125000 0.250000 -0.312500
v -0.125000 0.000000 -0.250000
v -0.125000 0.250000 -0.250000
v -0.125000 0.000000 -0.187500
v -0.125000 0.250000 -0.187500
v -0.125000 0.000000 -0.125000
v -0.125000 0.250000 -0.125000
v -0.125000 1.062500 -0.187500
v -0.125000 1.000000 -0.187500
v -0.125000 1.000000 -0.125000
v -0.125000 1.125000 -0.187500
v -0.125000 1.187500 -0.187500
v -0.125000 1.250000 -0.187500
v -0.125000 1.312500 -0.187500
v -0.125000 1.375000 -0.187500
v -0.125000 1.437500 -0.187500
v -0.125000 1.500000 -0.187500
v -0.125000 1.562500 -0.187500
v -0.125000 1.625000 -0.187500
v -0.125000 1.687500 -0.187500
v -0.125000 1.687500 -0.125000
v -0.187500 1.875000 -0.125000
v -0.187500 1.937500 -0.125000
v -0.187500 1.937500 -0.187500
v -0.187500 1.875000 -0.187500
v -0.125000 1.937500 -0.187500
v -0.125000 1.875000 -0.187500
v -0.125000 1.875000 -0.125000
v -0.125000 1.937500 -0.125000
v -0.125000 0.000000 -0.062500
v -0.125000 0.312500 -0.125000
v -0.125000 0.375000 -0.125000
v -0.125000 0.437500 -0.125000
v -0.125000 0.500000 -0.125000
v -0.125000 0.562500 -0.125000
v -0.125000 0.625000 -0.125000
v -0.125000 0.687500 -0.125000
v -0.125000 0.750000 -0.125000
v -0.125000 0.812500 -0.125000
v -0.125000 0.875000 -0.125000
v -0.125000 0.937500 -0.125000
v -0.187500 1.750000 -0.062500
v -0.187500 1.750000 -0.125000
v -0.125000 1.750000 -0.125000
v -0.187500 1.812500 -0.062500
v -0.187500 1.812500 -0.125000
v -0.125000 1.812500 -0.125000
v -0.187500 1.875000 -0.062500
v -0.187500 1.937500 -0.062500
v -0.187500 2.000000 -0.062500
v -0.187500 2.000000 -0.125000
v -0.125000 2.000000 -0.125000
v -0.187500 2.062500 -0.062500
v -0.187500 2.062500 -0.125000
v -0.125000 2.062500 -0.125000
v -0.187500 2.125000 -0.062500
v -0.187500 2.125000 -0.125000
v -0.125000 2.125000 -0.125000
v -0.125000 2.125000 -0.062500
v -0.125000 0.000000 0.000000
v -0.187500 1.750000 0.000000
v -0.187500 1.812500 0.000000
v -0.187500 1.875000 0.000000
v -0.187500 1.937500 0.000000
v -0.187500 2.000000 0.000000
v -0.187500 2.062500 0.000000
v -0.187500 2.125000 0.000000
v -0.125000 2.125000 0.000000
v -0.125000 0.000000 0.062500
v -0.187500 1.750000 0.062500
v -0.187500 1.812500 0.062500
v -0.187500 1.875000 0.062500
v -0.187500 1.937500 0.062500
v -0.187500 2.000000 0.062500
v -0.187500 2.062500 0.062500
v -0.187500 2.125000 0.062500
v -0.125000 2.125000 0.062500
v -0.125000 0.000000 0.125000
v -0.125000 0.250000 0.125000
v -0.125000 0.312500 0.125000
v -0.125000 0.375000 0.125000
v -0.125000 0.437500 0.125000
v -0.125000 0.500000 0.125000
v -0.125000 0.562500 0.125000
v -0.125000 0.625000 0.125000
v -0.125000 0.687500 0.125000
v -0.125000 0.750000 0.125000
v -0.125000 0.812500 0.125000
v -0.125000 0.875000 0.125000
v -0.125000 0.937500 0.125000
v -0.125000 1.000000 0.125000
v -0.187500 1.750000 0.125000
v -0.187500 1.812500 0.125000
v -0.187500 1.875000 0.125000
v -0.187500 1.937500 0.125000
v -0.187500 2.000000 0.125000
v -0.187500 2.062500 0.125000
v -0.187500 2.125000 0.125000
v -0.125000 2.125000 0.125000
v -0.125000 0.000000 0.187500
v -0.125000 0.250000 0.187500
v -0.125000 1.000000 0.187500
v -0.125000 1.062500 0.187500
v -0.125000 1.125000 0.187500
v -0.125000 1.187500 0.187500
v -0.125000 1.250000 0.187500
v -0.125000 1.312500 0.187500
v -0.125000 1.375000 0.187500
v -0.125000 1.437500 0.187500
v -0.125000 1.500000 0.187500
v -0.125000 1.562500 0.187500
v -0.125000 1.625000 0.187500
v -0.125000 1.687500 0.187500
v -0.187500 1.750000 0.187500
v -0.125000 1.750000 0.187500
v -0.187500 1.812500 0.187500
v -0.125000 1.812500 0.187500
v -0.187500 1.875000 0.187500
v -0.125000 1.875000 0.187500
v -0.187500 1.937500 0.187500
v -0.125000 1.937500 0.187500
v -0.187500 2.000000 0.187500
v -0.125000 2.000000 0.187500
v -0.187500 2.062500 0.187500
v -0.125000 2.062500 0.187500
v -0.187500 2.125000 0.187500
v -0.125000 2.125000 0.187500
v -0.125000 0.000000 0.250000
v -0.125000 0.250000 0.250000
v -0.125000 0.000000 0.312500
v -0.125000 0.250000 0.312500
v -0.125000 0.000000 0.375000
v -0.125000 0.250000 0.375000
v -0.125000 0.000000 0.437500
v -0.125000 0.062500 0.437500
v -0.125000 0.125000 0.437500
v -0.125000 0.187500 0.437500
v -0.125000 0.250000 0.437500
v -0.062500 0.062500 -0.437500
v -0.062500 0.000000 -0.437500
v -0.062500 0.000000 -0.375000
v -0.062500 0.125000 -0.437500
v -0.062500 0.187500 -0.437500
v -0.062500 0.250000 -0.437500
v -0.062500 0.250000 -0.375000
v -0.062500 0.000000 -0.312500
v -0.062500 0.250000 -0.312500
v -0.062500 0.000000 -0.250000
v -0.062500 0.250000 -0.250000
v -0.062500 0.000000 -0.187500
v -0.062500 0.250000 -0.187500
v -0.062500 0.000000 -0.125000
v -0.062500 0.250000 -0.125000
v -0.062500 1.062500 -0.187500
v -0.062500 1.000000 -0.187500
v -0.062500 1.000000 -0.125000
v -0.062500 1.125000 -0.187500
v -0.062500 1.187500 -0.187500
v -0.062500 1.250000 -0.187500
v -0.062500 1.312500 -0.187500
v -0.062500 1.375000 -0.187500
v -0.062500 1.437500 -0.187500
v -0.062500 1.500000 -0.187500
v -0.062500 1.562500 -0.187500
v -0.062500 1.625000 -0.187500
v -0.062500 1.687500 -0.187500
v -0.062500 1.687500 -0.125000
v -0.062500 1.937500 -0.187500
v -0.062500 1.875000 -0.187500
v -0.062500 1.875000 -0.125000
v -0.062500 1.937500 -0.125000
v -0.062500 0.000000 -0.062500
v -0.062500 0.312500 -0.125000
v -0.062500 0.312500 -0.062500
v -0.062500 0.250000 -0.062500
v -0.062500 0.375000 -0.125000
v -0.062500 0.375000 -0.062500
v -0.062500 0.437500 -0.125000
v -0.062500 0.437500 -0.062500
v -0.062500 0.500000 -0.125000
v -0.062500 0.500000 -0.062500
v -0.062500 0.562500 -0.125000
v -0.062500 0.562500 -0.062500
v -0.062500 0.625000 -0.125000
v -0.062500 0.625000 -0.062500
v -0.062500 0.687500 -0.125000
v -0.062500 0.687500 -0.062500
v -0.062500 0.750000 -0.125000
v -0.062500 0.750000 -0.062500
v -0.062500 0.812500 -0.125000
v -0.062500 0.812500 -0.062500
v -0.062500 0.875000 -0.125000
v -0.062500 0.875000 -0.062500
v -0.062500 0.937500 -0.125000
v -0.062500 0.937500 -0.062500
v -0.062500 1.000000 -0.062500
v -0.062500 1.750000 -0.125000
v -0.062500 1.812500 -0.125000
v -0.062500 2.000000 -0.125000
v -0.062500 2.062500 -0.125000
v -0.062500 2.125000 -0.125000
v -0.062500 2.125000 -0.062500
v -0.062500 0.000000 0.000000
v -0.062500 0.312500 0.000000
v -0.062500 0.250000 0.000000
v -0.062500 0.375000 0.000000
v -0.062500 0.437500 0.000000
v -0.062500 0.500000 0.000000
v -0.062500 0.562500 0.000000
v -0.062500 0.625000 0.000000
v -0.062500 0.687500 0.000000
v -0.062500 0.750000 0.000000
v -0.062500 0.812500 0.000000
v -0.062500 0.875000 0.000000
v -0.062500 0.937500 0.000000
v -0.062500 1.000000 0.000000
v -0.062500 2.125000 0.000000
v -0.062500 0.000000 0.062500
v -0.062500 0.312500 0.062500
v -0.062500 0.250000 0.062500
v -0.062500 0.375000 0.062500
v -0.062500 0.437500 0.062500
v -0.062500 0.500000 0.062500
v -0.062500 0.562500 0.062500
v -0.062500 0.625000 0.062500
v -0.062500 0.687500 0.062500
v -0.062500 0.750000 0.062500
v -0.062500 0.812500 0.062500
v -0.062500 0.875000 0.062500
v -0.062500 0.937500 0.062500
v -0.062500 1.000000 0.062500
v -0.062500 2.125000 0.062500
v -0.062500 0.000000 0.125000
v -0.062500 0.312500 0.125000
v -0.062500 0.250000 0.125000
v -0.062500 0.375000 0.125000
v -0.062500 0.437500 0.125000
v -0.062500 0.500000 0.125000
v -0.062500 0.562500 0.125000
v -0.062500 0.625000 0.125000
v -0.062500 0.687500 0.125000
v -0.062500 0.750000 0.125000
v -0.062500 0.812500 0.125000
v -0.062500 0.875000 0.125000
v -0.062500 0.937500 0.125000
v -0.062500 1.000000 0.125000
v -0.062500 2.125000 0.125000
v -0.062500 0.000000 0.187500
v -0.062500 0.250000 0.187500
v -0.062500 1.000000 0.187500
v -0.062500 1.062500 0.187500
v -0.062500 1.125000 0.187500
v -0.062500 1.187500 0.187500
v -0.062500 1.250000 0.187500
v -0.062500 1.312500 0.187500
v -0.062500 1.375000 0.187500
v -0.062500 1.437500 0.187500
v -0.062500 1.500000 0.187500
v -0.062500 1.562500 0.187500
v -0.062500 1.625000 0.187500
v -0.062500 1.687500 0.187500
v -0.062500 1.750000 0.187500
v -0.062500 1.812500 0.187500
v -0.062500 1.875000 0.187500
v -0.062500 1.937500 0.187500
v -0.062500 2.000000 0.187500
v -0.062500 2.062500 0.187500
v -0.062500 2.125000 0.187500
v -0.062500 0.000000 0.250000
v -0.062500 0.250000 0.250000
v -0.062500 0.000000 0.312500
v -0.062500 0.250000 0.312500
v -0.062500 0.000000 0.375000
v -0.062500 0.250000 0.375000
v -0.062500 0.000000 0.437500
v -0.062500 0.062500 0.437500
v -0.062500 0.125000 0.437500
v -0.062500 0.187500 0.437500
v -0.062500 0.250000 0.437500
v 0.000000 0.062500 -0.437500
v 0.000000 0.000000 -0.437500
v 0.000000 0.000000 -0.375000
v 0.000000 0.125000 -0.437500
v 0.000000 0.187500 -0.437500
v 0.000000 0.250000 -0.437500
v 0.000000 0.250000 -0.375000
v 0.000000 0.000000 -0.312500
v 0.000000 0.250000 -0.312500
v 0.000000 0.000000 -0.250000
v 0.000000 0.250000 -0.250000
v 0.000000 0.000000 -0.187500
v 0.000000 0.250000 -0.187500
v 0.000000 0.000000 -0.125000
v 0.000000 0.250000 -0.125000
v 0.000000 1.062500 -0.187500
v 0.000000 1.000000 -0.187500
v 0.000000 1.000000 -0.125000
v 0.000000 1.125000 -0.187500
v 0.000000 1.187500 -0.187500
v 0.000000 1.250000 -0.187500
v 0.000000 1.312500 -0.187500
v 0.000000 1.375000 -0.187500
v 0.000000 1.437500 -0.187500
v 0.000000 1.500000 -0.187500
v 0.000000 1.562500 -0.187500
v 0.000000 1.625000 -0.187500
v 0.000000 1.687500 -0.187500
v 0.000000 1.687500 -0.125000
v 0.000000 1.937500 -0.187500
v 0.000000 1.875000 -0.187500
v 0.000000 1.875000 -0.125000
v 0.000000 1.937500 -0.125000
v 0.000000 0.000000 -0.062500
v 0.000000 0.250000 -0.062500
v 0.000000 1.000000 -0.062500
v 0.000000 1.750000 -0.125000
v 0.000000 1.812500 -0.125000
v 0.000000 2.000000 -0.125000
v 0.000000 2.062500 -0.125000
v 0.000000 2.125000 -0.125000
v 0.000000 2.125000 -0.062500
v 0.000000 0.000000 0.000000
v 0.000000 0.250000 0.000000
v 0.000000 1.000000 0.000000
v 0.000000 2.125000 0.000000
v 0.000000 0.000000 0.062500
v 0.000000 0.250000 0.062500
v 0.000000 1.000000 0.062500
v 0.000000 2.125000 0.062500
v 0.000000 0.000000 0.125000
v 0.000000 0.250000 0.125000
v 0.000000 1.000000 0.125000
v 0.000000 2.125000 0.125000
v 0.000000 0.000000 0.187500
v 0.000000 0.250000 0.187500
v 0.000000 1.000000 0.187500
v 0.000000 1.062500 0.187500
v 0.000000 1.125000 0.187500
v 0.000000 1.187500 0.187500
v 0.000000 1.250000 0.187500
v 0.000000 1.312500 0.187500
v 0.000000 1.375000 0.187500
v 0.000000 1.437500 0.187500
v 0.000000 1.500000 0.187500
v 0.000000 1.562500 0.187500
v 0.000000 1.625000 0.187500
v 0.000000 1.687500 0.187500
v 0.000000 1.750000 0.187500
v 0.000000 1.812500 0.187500
v 0.000000 1.875000 0.187500
v 0.000000 1.937500 0.187500
v 0.000000 2.000000 0.187500
v 0.000000 2.062500 0.187500
v 0.000000 2.125000 0.187500
v 0.000000 0.000000 0.250000
v 0.000000 0.250000 0.250000
v 0.000000 0.000000 0.312500
v 0.000000 0.250000 0.312500
v 0.000000 0.000000 0.375000
v 0.000000 0.250000 0.375000
v 0.000000 0.000000 0.437500
v 0.000000 0.062500 0.437500
v 0.000000 0.125000 0.437500
v 0.000000 0.187500 0.437500
v 0.000000 0.250000 0.437500
v 0.062500 0.062500 -0.437500
v 0.062500 0.000000 -0.437500
v 0.062500 0.000000 -0.375000
v 0.062500 0.125000 -0.437500
v 0.062500 0.187500 -0.437500
v 0.062500 0.250000 -0.437500
v 0.062500 0.250000 -0.375000
v 0.062500 0.000000 -0.312500
v 0.062500 0.250000 -0.312500
v 0.062500 0.000000 -0.250000
v 0.062500 0.250000 -0.250000
v 0.062500 0.000000 -0.187500
v 0.062500 0.250000 -0.187500
v 0.062500 0.000000 -0.125000
v 0.062500 0.250000 -0.125000
v 0.062500 1.062500 -0.187500
v 0.062500 1.000000 -0.187500
v 0.062500 1.000000 -0.125000
v 0.062500 1.125000 -0.187500
v 0.062500 1.187500 -0.187500
v 0.062500 1.250000 -0.187500
v 0.062500 1.312500 -0.187500
v 0.062500 1.375000 -0.187500
v 0.062500 1.437500 -0.187500
v 0.062500 1.500000 -0.187500
v 0.062500 1.562500 -0.187500
v 0.062500 1.625000 -0.187500
v 0.062500 1.687500 -0.187500
v 0.062500 1.687500 -0.125000
v 0.062500 1.937500 -0.187500
v 0.062500 1.875000 -0.187500
v 0.062500 1.875000 -0.125000
v 0.062500 1.937500 -0.125000
v 0.062500 0.000000 -0.062500
v 0.062500 0.250000 -0.062500
v 0.062500 1.000000 -0.062500
v 0.062500 1.750000 -0.125000
v 0.062500 1.812500 -0.125000
v 0.062500 2.000000 -0.125000
v 0.062500 2.062500 -0.125000
v 0.062500 2.125000 -0.125000
v 0.062500 2.125000 -0.062500
v 0.062500 0.000000 0.000000
v 0.062500 0.250000 0.000000
v 0.062500 1.000000 0.000000
v 0.062500 2.125000 0.000000
v 0.062500 0.000000 0.062500
v 0.062500 0.250000 0.062500
v 0.062500 1.000000 0.062500
v 0.062500 2.125000 0.062500
v 0.062500 0.000000 0.125000
v 0.062500 0.250000 0.125000
v 0.062500 1.000000 0.125000
v 0.062500 2.125000 0.125000
v 0.062500 0.000000 0.187500
v 0.062500 0.250000 0.187500
v 0.062500 1.000000 0.187500
v 0.062500 1.062500 0.187500
v 0.062500 1.125000 0.187500
v 0.062500 1.187500 0.187500
v 0.062500 1.250000 0.187500
v 0.062500 1.312500 0.187500
v 0.062500 1.375000 0.187500
v 0.062500 1.437500 0.187500
v 0.062500 1.500000 0.187500
v 0.062500 1.562500 0.187500
v 0.062500 1.625000 0.187500
v 0.062500 1.687500 0.187500
v 0.062500 1.750000 0.187500
v 0.062500 1.812500 0.187500
v 0.062500 1.875000 0.187500
v 0.062500 1.937500 0.187500
v 0.062500 2.000000 0.187500
v 0.062500 2.062500 0.187500
v 0.062500 2.125000 0.187500
v 0.062500 0.000000 0.250000
v 0.062500 0.250000 0.250000
v 0.062500 0.000000 0.312500
v 0.062500 0.250000 0.312500
v 0.062500 0.000000 0.375000
v 0.062500 0.250000 0.375000
v 0.062500 0.000000 0.437500
v 0.062500 0.062500 0.437500
v 0.062500 0.125000 0.437500
v 0.062500 0.187500 0.437500
v 0.062500 0.250000 0.437500
v 0.125000 0.062500 -0.437500
v 0.125000 0.000000 -0.437500
v 0.125000 0.000000 -0.375000
v 0.125000 0.125000 -0.437500
v 0.125000 0.187500 -0.437500
v 0.125000 0.250000 -0.437500
v 0.125000 0.250000 -0.375000
v 0.125000 0.000000 -0.312500
v 0.125000 0.250000 -0.312500
v 0.125000 0.000000 -0.250000
v 0.125000 0.250000 -0.250000
v 0.125000 0.000000 -0.187500
v 0.125000 0.250000 -0.187500
v 0.125000 0.000000 -0.125000
v 0.125000 0.250000 -0.125000
v 0.125000 1.062500 -0.187500
v 0.125000 1.000000 -0.187500
v 0.125000 1.000000 -0.125000
v 0.125000 1.125000 -0.187500
v 0.125000 1.187500 -0.187500
v 0.125000 1.250000 -0.187500
v 0.125000 1.312500 -0.187500
v 0.125000 1.375000 -0.187500
v 0.125000 1.437500 -0.187500
v 0.125000 1.500000 -0.187500
v 0.125000 1.562500 -0.187500
v 0.125000 1.625000 -0.187500
v 0.125000 1.687500 -0.187500
v 0.125000 1.687500 -0.125000
v 0.125000 1.937500 -0.187500
v 0.125000 1.875000 -0.187500
v 0.125000 1.875000 -0.125000
v 0.125000 1.937500 -0.125000
v 0.125000 0.000000 -0.062500
v 0.062500 0.312500 -0.062500
v 0.062500 0.312500 -0.125000
v 0.125000 0.312500 -0.125000
v 0.062500 0.375000 -0.062500
v 0.062500 0.375000 -0.125000
v 0.125000 0.375000 -0.125000
v 0.062500 0.437500 -0.062500
v 0.062500 0.437500 -0.125000
v 0.125000 0.437500 -0.125000
v 0.062500 0.500000 -0.062500
v 0.062500 0.500000 -0.125000
v 0.125000 0.500000 -0.125000
v 0.062500 0.562500 -0.062500
v 0.062500 0.562500 -0.125000
v 0.125000 0.562500 -0.125000
v 0.062500 0.625000 -0.062500
v 0.062500 0.625000 -0.125000
v 0.125000 0.625000 -0.125000
v 0.062500 0.687500 -0.062500
v 0.062500 0.687500 -0.125000
v 0.125000 0.687500 -0.125000
v 0.062500 0.750000 -0.062500
v 0.062500 0.750000 -0.125000
v 0.125000 0.750000 -0.125000
v 0.062500 0.812500 -0.062500
v 0.062500 0.812500 -0.125000
v 0.125000 0.812500 -0.125000
v 0.062500 0.875000 -0.062500
v 0.062500 0.875000 -0.125000
v 0.125000 0.875000 -0.125000
v 0.062500 0.937500 -0.062500
v 0.062500 0.937500 -0.125000
v 0.125000 0.937500 -0.125000
v 0.125000 1.750000 -0.125000
v 0.125000 1.812500 -0.125000
v 0.125000 2.000000 -0.125000
v 0.125000 2.062500 -0.125000
v 0.125000 2.125000 -0.125000
v 0.125000 2.125000 -0.062500
v 0.125000 0.000000 0.000000
v 0.062500 0.312500 0.000000
v 0.062500 0.375000 0.000000
v 0.062500 0.437500 0.000000
v 0.062500 0.500000 0.000000
v 0.062500 0.562500 0.000000
v 0.062500 0.625000 0.000000
v 0.062500 0.687500 0.000000
v 0.062500 0.750000 0.000000
v 0.062500 0.812500 0.000000
v 0.062500 0.875000 0.000000
v 0.062500 0.937500 0.000000
v 0.125000 2.125000 0.000000
v 0.125000 0.000000 0.062500
v 0.062500 0.312500 0.062500
v 0.062500 0.375000 0.062500
v 0.062500 0.437500 0.062500
v 0.062500 0.500000 0.062500
v 0.062500 0.562500 0.062500
v 0.062500 0.625000 0.062500
v 0.062500 0.687500 0.062500
v 0.062500 0.750000 0.062500
v 0.062500 0.812500 0.062500
v 0.062500 0.875000 0.062500
v 0.062500 0.937500 0.062500
v 0.125000 2.125000 0.062500
v 0.125000 0.000000 0.125000
v 0.062500 0.312500 0.125000
v 0.125000 0.250000 0.125000
v 0.125000 0.312500 0.125000
v 0.062500 0.375000 0.125000
v 0.125000 0.375000 0.125000
v 0.062500 0.437500 0.125000
v 0.125000 0.437500 0.125000
v 0.062500 0.500000 0.125000
v 0.125000 0.500000 0.125000
v 0.062500 0.562500 0.125000
v 0.125000 0.562500 0.125000
v 0.062500 0.625000 0.125000
v 0.125000 0.625000 0.125000
v 0.062500 0.687500 0.125000
v 0.125000 0.687500 0.125000
v 0.062500 0.750000 0.125000
v 0.125000 0.750000 0.125000
v 0.062500 0.812500 0.125000
v 0.125000 0.812500 0.125000
v 0.062500 0.875000 0.125000
v 0.125000 0.875000 0.125000
v 0.062500 0.937500 0.125000
v 0.125000 0.937500 0.125000
v 0.125000 1.000000 0.125000
v 0.125000 2.125000 0.125000
v 0.125000 0.000000 0.187500
v 0.125000 0.250000 0.187500
v 0.125000 1.000000 0.187500
v 0.125000 1.062500 0.187500
v 0.125000 1.125000 0.187500
v 0.125000 1.187500 0.187500
v 0.125000 1.250000 0.187500
v 0.125000 1.312500 0.187500
v 0.125000 1.375000 0.187500
v 0.125000 1.437500 0.187500
v 0.125000 1.500000 0.187500
v 0.125000 1.562500 0.187500
v 0.125000 1.625000 0.187500
v 0.125000 1.687500 0.187500
v 0.125000 1.750000 0.187500
v 0.125000 1.812500 0.187500
v 0.125000 1.875000 0.187500
v 0.125000 1.937500 0.187500
v 0.125000 2.000000 0.187500
v 0.125000 2.062500 0.187500
v 0.125000 2.125000 0.187500
v 0.125000 0.000000 0.250000
v 0.125000 0.250000 0.250000
v 0.125000 0.000000 0.312500
v 0.125000 0.250000 0.312500
v 0.125000 0.000000 0.375000
v 0.125000 0.250000 0.375000
v 0.125000 0.000000 0.437500
v 0.125000 0.062500 0.437500
v 0.125000 0.125000 0.437500
v 0.125000 0.187500 0.437500
v 0.125000 0.250000 0.437500
v 0.187500 0.062500 -0.437500
v 0.187500 0.000000 -0.437500
v 0.187500 0.000000 -0.375000
v 0.187500 0.125000 -0.437500
v 0.187500 0.187500 -0.437500
v 0.187500 0.250000 -0.437500
v 0.187500 0.250000 -0.375000
v 0.187500 0.000000 -0.312500
v 0.187500 0.250000 -0.312500
v 0.187500 0.000000 -0.250000
v 0.187500 0.250000 -0.250000
v 0.187500 0.000000 -0.187500
v 0.187500 0.250000 -0.187500
v 0.187500 0.000000 -0.125000
v 0.187500 0.250000 -0.125000
v 0.187500 1.062500 -0.187500
v 0.187500 1.000000 -0.187500
v 0.187500 1.000000 -0.125000
v 0.187500 1.125000 -0.187500
v 0.187500 1.187500 -0.187500
v 0.187500 1.250000 -0.187500
v 0.187500 1.312500 -0.187500
v 0.187500 1.375000 -0.187500
v 0.187500 1.437500 -0.187500
v 0.187500 1.500000 -0.187500
v 0.187500 1.562500 -0.187500
v 0.187500 1.625000 -0.187500
v 0.187500 1.687500 -0.187500
v 0.187500 1.687500 -0.125000
v 0.187500 1.937500 -0.187500
v 0.187500 1.937500 -0.125000
v 0.187500 1.875000 -0.125000
v 0.187500 1.875000 -0.187500
v 0.187500 0.000000 -0.062500
v 0.187500 0.312500 -0.125000
v 0.187500 0.375000 -0.125000
v 0.187500 0.437500 -0.125000
v 0.187500 0.500000 -0.125000
v 0.187500 0.562500 -0.125000
v 0.187500 0.625000 -0.125000
v 0.187500 0.687500 -0.125000
v 0.187500 0.750000 -0.125000
v 0.187500 0.812500 -0.125000
v 0.187500 0.875000 -0.125000
v 0.187500 0.937500 -0.125000
v 0.187500 1.750000 -0.125000
v 0.187500 1.750000 -0.062500
v 0.187500 1.687500 -0.062500
v 0.187500 1.812500 -0.125000
v 0.187500 1.812500 -0.062500
v 0.187500 1.875000 -0.062500
v 0.187500 1.937500 -0.062500
v 0.187500 2.000000 -0.125000
v 0.187500 2.000000 -0.062500
v 0.187500 2.062500 -0.125000
v 0.187500 2.062500 -0.062500
v 0.187500 2.125000 -0.125000
v 0.187500 2.125000 -0.062500
v 0.187500 0.000000 0.000000
v 0.187500 1.750000 0.000000
v 0.187500 1.687500 0.000000
v 0.187500 1.812500 0.000000
v 0.187500 1.875000 0.000000
v 0.187500 1.937500 0.000000
v 0.187500 2.000000 0.000000
v 0.187500 2.062500 0.000000
v 0.187500 2.125000 0.000000
v 0.187500 0.000000 0.062500
v 0.187500 1.750000 0.062500
v 0.187500 1.687500 0.062500
v 0.187500 1.812500 0.062500
v 0.187500 1.875000 0.062500
v 0.187500 1.937500 0.062500
v 0.187500 2.000000 0.062500
v 0.187500 2.062500 0.062500
v 0.187500 2.125000 0.062500
v 0.187500 0.000000 0.125000
v 0.187500 0.250000 0.125000
v 0.187500 0.312500 0.125000
v 0.187500 0.375000 0.125000
v 0.187500 0.437500 0.125000
v 0.187500 0.500000 0.125000
v 0.187500 0.562500 0.125000
v 0.187500 0.625000 0.125000
v 0.187500 0.687500 0.125000
v 0.187500 0.750000 0.125000
v 0.187500 0.812500 0.125000
v 0.187500 0.875000 0.125000
v 0.187500 0.937500 0.125000
v 0.187500 1.000000 0.125000
v 0.187500 1.750000 0.125000
v 0.187500 1.687500 0.125000
v 0.187500 1.812500 0.125000
v 0.187500 1.875000 0.125000
v 0.187500 1.937500 0.125000
v 0.187500 2.000000 0.125000
v 0.187500 2.062500 0.125000
v 0.187500 2.125000 0.125000
v 0.187500 0.000000 0.187500
v 0.187500 0.250000 0.187500
v 0.187500 1.000000 0.187500
v 0.187500 1.062500 0.187500
v 0.187500 1.125000 0.187500
v 0.187500 1.187500 0.187500
v 0.187500 1.250000 0.187500
v 0.187500 1.312500 0.187500
v 0.187500 1.375000 0.187500
v 0.187500 1.437500 0.187500
v 0.187500 1.500000 0.187500
v 0.187500 1.562500 0.187500
v 0.187500 1.625000 0.187500
v 0.187500 1.687500 0.187500
v 0.187500 1.750000 0.187500
v 0.187500 1.812500 0.187500
v 0.187500 1.875000 0.187500
v 0.187500 1.937500 0.187500
v 0.187500 2.000000 0.187500
v 0.187500 2.062500 0.187500
v 0.187500 2.125000 0.187500
v 0.187500 0.000000 0.250000
v 0.187500 0.250000 0.250000
v 0.187500 0.000000 0.312500
v 0.187500 0.250000 0.312500
v 0.187500 0.000000 0.375000
v 0.187500 0.250000 0.375000
v 0.187500 0.000000 0.437500
v 0.187500 0.062500 0.437500
v 0.187500 0.125000 0.437500
v 0.187500 0.187500 0.437500
v 0.187500 0.250000 0.437500
v 0.250000 0.062500 -0.437500
v 0.250000 0.000000 -0.437500
v 0.250000 0.000000 -0.375000
v 0.250000 0.125000 -0.437500
v 0.250000 0.187500 -0.437500
v 0.250000 0.250000 -0.437500
v 0.250000 0.250000 -0.375000
v 0.250000 0.000000 -0.312500
v 0.250000 0.250000 -0.312500
v 0.250000 0.000000 -0.250000
v 0.250000 0.250000 -0.250000
v 0.250000 0.000000 -0.187500
v 0.250000 0.250000 -0.187500
v 0.250000 0.000000 -0.125000
v 0.250000 0.250000 -0.125000
v 0.250000 1.062500 -0.187500
v 0.250000 1.062500 -0.125000
v 0.250000 1.000000 -0.125000
v 0.250000 1.000000 -0.187500
v 0.250000 1.125000 -0.187500
v 0.250000 1.125000 -0.125000
v 0.250000 1.187500 -0.187500
v 0.250000 1.187500 -0.125000
v 0.250000 1.250000 -0.187500
v 0.250000 1.250000 -0.125000
v 0.250000 1.312500 -0.187500
v 0.250000 1.312500 -0.125000
v 0.250000 1.375000 -0.187500
v 0.250000 1.375000 -0.125000
v 0.250000 1.437500 -0.187500
v 0.250000 1.437500 -0.125000
v 0.250000 1.500000 -0.187500
v 0.250000 1.500000 -0.125000
v 0.250000 1.562500 -0.187500
v 0.250000 1.562500 -0.125000
v 0.250000 1.625000 -0.187500
v 0.250000 1.625000 -0.125000
v 0.250000 1.687500 -0.187500
v 0.250000 1.687500 -0.125000
v 0.250000 0.000000 -0.062500
v 0.250000 0.312500 -0.125000
v 0.250000 0.312500 -0.062500
v 0.250000 0.250000 -0.062500
v 0.250000 0.375000 -0.125000
v 0.250000 0.375000 -0.062500
v 0.250000 0.437500 -0.125000
v 0.250000 0.437500 -0.062500
v 0.250000 0.500000 -0.125000
v 0.250000 0.500000 -0.062500
v 0.250000 0.562500 -0.125000
v 0.250000 0.562500 -0.062500
v 0.250000 0.625000 -0.125000
v 0.250000 0.625000 -0.062500
v 0.250000 0.687500 -0.125000
v 0.250000 0.687500 -0.062500
v 0.250000 0.750000 -0.125000
v 0.250000 0.750000 -0.062500
v 0.250000 0.812500 -0.125000
v 0.250000 0.812500 -0.062500
v 0.250000 0.875000 -0.125000
v 0.250000 0.875000 -0.062500
v 0.250000 0.937500 -0.125000
v 0.250000 0.937500 -0.062500
v 0.250000 1.000000 -0.062500
v 0.250000 1.062500 -0.062500
v 0.250000 1.125000 -0.062500
v 0.250000 1.187500 -0.062500
v 0.250000 1.375000 -0.062500
v 0.250000 1.312500 -0.062500
v 0.250000 1.437500 -0.062500
v 0.250000 1.500000 -0.062500
v 0.250000 1.562500 -0.062500
v 0.250000 1.625000 -0.062500
v 0.250000 1.687500 -0.062500
v 0.250000 0.000000 0.000000
v 0.250000 0.312500 0.000000
v 0.250000 0.250000 0.000000
v 0.250000 0.375000 0.000000
v 0.250000 1.562500 0.000000
v 0.250000 1.500000 0.000000
v 0.250000 1.625000 0.000000
v 0.250000 1.687500 0.000000
v 0.250000 0.000000 0.062500
v 0.250000 0.312500 0.062500
v 0.250000 0.250000 0.062500
v 0.250000 0.375000 0.062500
v 0.250000 1.562500 0.062500
v 0.250000 1.500000 0.062500
v 0.250000 1.625000 0.062500
v 0.250000 1.687500 0.062500
v 0.250000 0.000000 0.125000
v 0.250000 0.312500 0.125000
v 0.250000 0.250000 0.125000
v 0.250000 0.375000 0.125000
v 0.250000 0.437500 0.062500
v 0.250000 0.437500 0.125000
v 0.250000 0.500000 0.062500
v 0.250000 0.500000 0.125000
v 0.250000 0.562500 0.062500
v 0.250000 0.562500 0.125000
v 0.250000 0.625000 0.062500
v 0.250000 0.625000 0.125000
v 0.250000 0.687500 0.062500
v 0.250000 0.687500 0.125000
v 0.250000 0.750000 0.062500
v 0.250000 0.750000 0.125000
v 0.250000 0.812500 0.062500
v 0.250000 0.812500 0.125000
v 0.250000 0.875000 0.062500
v 0.250000 0.875000 0.125000
v 0.250000 0.937500 0.062500
v 0.250000 0.937500 0.125000
v 0.250000 1.000000 0.062500
v 0.250000 1.000000 0.125000
v 0.250000 1.062500 0.062500
v 0.250000 1.062500 0.125000
v 0.250000 1.125000 0.062500
v 0.250000 1.125000 0.125000
v 0.250000 1.187500 0.062500
v 0.250000 1.187500 0.125000
v 0.250000 1.375000 0.062500
v 0.250000 1.375000 0.125000
v 0.250000 1.312500 0.125000
v 0.250000 1.312500 0.062500
v 0.250000 1.437500 0.062500
v 0.250000 1.437500 0.125000
v 0.250000 1.500000 0.125000
v 0.250000 1.562500 0.125000
v 0.250000 1.625000 0.125000
v 0.250000 1.687500 0.125000
v 0.250000 0.000000 0.187500
v 0.250000 0.250000 0.187500
v 0.250000 1.062500 0.187500
v 0.250000 1.000000 0.187500
v 0.250000 1.125000 0.187500
v 0.250000 1.187500 0.187500
v 0.250000 1.250000 0.125000
v 0.250000 1.250000 0.187500
v 0.250000 1.312500 0.187500
v 0.250000 1.375000 0.187500
v 0.250000 1.437500 0.187500
v 0.250000 1.500000 0.187500
v 0.250000 1.562500 0.187500
v 0.250000 1.625000 0.187500
v 0.250000 1.687500 0.187500
v 0.250000 0.000000 0.250000
v 0.250000 0.250000 0.250000
v 0.250000 0.000000 0.312500
v 0.250000 0.250000 0.312500
v 0.250000 0.000000 0.375000
v 0.250000 0.250000 0.375000
v 0.250000 0.000000 0.437500
v 0.250000 0.062500 0.437500
v 0.250000 0.125000 0.437500
v 0.250000 0.187500 0.437500
v 0.250000 0.250000 0.437500
v 0.312500 0.062500 -0.437500
v 0.312500 0.000000 -0.437500
v 0.312500 0.000000 -0.375000
v 0.312500 0.125000 -0.437500
v 0.312500 0.187500 -0.437500
v 0.312500 0.250000 -0.437500
v 0.312500 0.250000 -0.375000
v 0.312500 0.000000 -0.312500
v 0.312500 0.250000 -0.312500
v 0.312500 0.000000 -0.250000
v 0.312500 0.250000 -0.250000
v 0.312500 0.000000 -0.187500
v 0.312500 0.250000 -0.187500
v 0.312500 0.000000 -0.125000
v 0.312500 0.250000 -0.125000
v 0.312500 0.000000 -0.062500
v 0.312500 0.250000 -0.062500
v 0.312500 1.250000 -0.125000
v 0.312500 1.187500 -0.125000
v 0.312500 1.187500 -0.062500
v 0.312500 1.312500 -0.125000
v 0.312500 1.312500 -0.062500
v 0.312500 0.000000 0.000000
v 0.312500 0.250000 0.000000
v 0.312500 0.437500 -0.062500
v 0.312500 0.375000 -0.062500
v 0.312500 0.375000 0.000000
v 0.312500 0.500000 -0.062500
v 0.312500 0.562500 -0.062500
v 0.312500 0.625000 -0.062500
v 0.312500 0.687500 -0.062500
v 0.312500 0.750000 -0.062500
v 0.312500 0.812500 -0.062500
v 0.312500 0.875000 -0.062500
v 0.312500 0.937500 -0.062500
v 0.312500 1.000000 -0.062500
v 0.312500 1.062500 -0.062500
v 0.312500 1.125000 -0.062500
v 0.312500 1.375000 -0.062500
v 0.312500 1.437500 -0.062500
v 0.312500 1.500000 -0.062500
v 0.312500 1.500000 0.000000
v 0.312500 0.000000 0.062500
v 0.312500 0.250000 0.062500
v 0.312500 0.375000 0.062500
v 0.312500 0.437500 0.062500
v 0.312500 0.500000 0.062500
v 0.312500 0.562500 0.062500
v 0.312500 0.625000 0.062500
v 0.312500 0.687500 0.062500
v 0.312500 0.750000 0.062500
v 0.312500 0.812500 0.062500
v 0.312500 0.875000 0.062500
v 0.312500 0.937500 0.062500
v 0.312500 1.000000 0.062500
v 0.312500 1.062500 0.062500
v 0.312500 1.125000 0.062500
v 0.312500 1.187500 0.062500
v 0.312500 1.312500 0.062500
v 0.312500 1.375000 0.062500
v 0.312500 1.437500 0.062500
v 0.312500 1.500000 0.062500
v 0.312500 0.000000 0.125000
v 0.312500 0.250000 0.125000
v 0.312500 1.187500 0.125000
v 0.312500 1.250000 0.125000
v 0.312500 1.312500 0.125000
v 0.312500 0.000000 0.187500
v 0.312500 0.250000 0.187500
v 0.312500 0.000000 0.250000
v 0.312500 0.250000 0.250000
v 0.312500 0.000000 0.312500
v 0.312500 0.250000 0.312500
v 0.312500 0.000000 0.375000
v 0.312500 0.250000 0.375000
v 0.312500 0.000000 0.437500
v 0.312500 0.062500 0.437500
v 0.312500 0.125000 0.437500
v 0.312500 0.187500 0.437500
v 0.312500 0.250000 0.437500
v 0.375000 0.062500 -0.437500
v 0.375000 0.000000 -0.437500
v 0.375000 0.000000 -0.375000
v 0.375000 0.125000 -0.437500
v 0.375000 0.187500 -0.437500
v 0.375000 0.250000 -0.437500
v 0.375000 0.250000 -0.375000
v 0.375000 0.000000 -0.312500
v 0.375000 0.250000 -0.312500
v 0.375000 0.000000 -0.250000
v 0.375000 0.250000 -0.250000
v 0.375000 0.000000 -0.187500
v 0.375000 0.250000 -0.187500
v 0.375000 0.000000 -0.125000
v 0.375000 0.250000 -0.125000
v 0.375000 0.000000 -0.062500
v 0.375000 0.250000 -0.062500
v 0.375000 1.250000 -0.125000
v 0.375000 1.187500 -0.125000
v 0.375000 1.187500 -0.062500
v 0.375000 1.312500 -0.125000
v 0.375000 1.312500 -0.062500
v 0.375000 0.000000 0.000000
v 0.375000 0.250000 0.000000
v 0.375000 0.437500 -0.062500
v 0.375000 0.437500 0.000000
v 0.375000 0.375000 0.000000
v 0.375000 0.375000 -0.062500
v 0.375000 0.500000 -0.062500
v 0.375000 0.500000 0.000000
v 0.375000 0.562500 -0.062500
v 0.375000 0.562500 0.000000
v 0.375000 0.625000 -0.062500
v 0.375000 0.625000 0.000000
v 0.375000 0.687500 -0.062500
v 0.375000 0.687500 0.000000
v 0.375000 0.750000 -0.062500
v 0.375000 0.750000 0.000000
v 0.375000 0.812500 -0.062500
v 0.375000 0.812500 0.000000
v 0.375000 0.875000 -0.062500
v 0.375000 0.875000 0.000000
v 0.375000 0.937500 -0.062500
v 0.375000 0.937500 0.000000
v 0.375000 1.000000 -0.062500
v 0.375000 1.000000 0.000000
v 0.375000 1.062500 -0.062500
v 0.375000 1.062500 0.000000
v 0.375000 1.125000 -0.062500
v 0.375000 1.125000 0.000000
v 0.375000 1.187500 0.000000
v 0.375000 1.375000 -0.062500
v 0.375000 1.375000 0.000000
v 0.375000 1.312500 0.000000
v 0.375000 1.437500 -0.062500
v 0.375000 1.437500 0.000000
v 0.375000 1.500000 -0.062500
v 0.375000 1.500000 0.000000
v 0.375000 0.000000 0.062500
v 0.375000 0.250000 0.062500
v 0.375000 0.437500 0.062500
v 0.375000 0.375000 0.062500
v 0.375000 0.500000 0.062500
v 0.375000 0.562500 0.062500
v 0.375000 0.625000 0.062500
v 0.375000 0.687500 0.062500
v 0.375000 0.750000 0.062500
v 0.375000 0.812500 0.062500
v 0.375000 0.875000 0.062500
v 0.375000 0.937500 0.062500
v 0.375000 1.000000 0.062500
v 0.375000 1.062500 0.062500
v 0.375000 1.125000 0.062500
v 0.375000 1.187500 0.062500
v 0.375000 1.375000 0.062500
v 0.375000 1.312500 0.062500
v 0.375000 1.437500 0.062500
v 0.375000 1.500000 0.062500
v 0.375000 0.000000 0.125000
v 0.375000 0.250000 0.125000
v 0.375000 1.187500 0.125000
v 0.375000 1.250000 0.125000
v 0.375000 1.312500 0.125000
v 0.375000 0.000000 0.187500
v 0.375000 0.250000 0.187500
v 0.375000 0.000000 0.250000
v 0.375000 0.250000 0.250000
v 0.375000 0.000000 0.312500
v 0.375000 0.250000 0.312500
v 0.375000 0.000000 0.375000
v 0.375000 0.250000 0.375000
v 0.375000 0.000000 0.437500
v 0.375000 0.062500 0.437500
v 0.375000 0.125000 0.437500
v 0.375000 0.187500 0.437500
v 0.375000 0.250000 0.437500
v 0.437500 0.062500 -0.437500
v 0.437500 0.062500 -0.375000
v 0.437500 0.000000 -0.375000
v 0.437500 0.000000 -0.437500
v 0.437500 0.125000 -0.437500
v 0.437500 0.125000 -0.375000
v 0.437500 0.187500 -0.437500
v 0.437500 0.187500 -0.375000
v 0.437500 0.250000 -0.437500
v 0.437500 0.250000 -0.375000
v 0.437500 0.062500 -0.312500
v 0.437500 0.000000 -0.312500
v 0.437500 0.125000 -0.312500
v 0.437500 0.187500 -0.312500
v 0.437500 0.250000 -0.312500
v 0.437500 0.062500 -0.250000
v 0.437500 0.000000 -0.250000
v 0.437500 0.125000 -0.250000
v 0.437500 0.187500 -0.250000
v 0.437500 0.250000 -0.250000
v 0.437500 0.062500 -0.187500
v 0.437500 0.000000 -0.187500
v 0.437500 0.125000 -0.187500
v 0.437500 0.187500 -0.187500
v 0.437500 0.250000 -0.187500
v 0.437500 0.062500 -0.125000
v 0.437500 0.000000 -0.125000
v 0.437500 0.125000 -0.125000
v 0.437500 0.187500 -0.125000
v 0.437500 0.250000 -0.125000
v 0.437500 0.062500 -0.062500
v 0.437500 0.000000 -0.062500
v 0.437500 0.125000 -0.062500
v 0.437500 0.187500 -0.062500
v 0.437500 0.250000 -0.062500
v 0.437500 1.250000 -0.125000
v 0.437500 1.250000 -0.062500
v 0.437500 1.187500 -0.062500
v 0.437500 1.187500 -0.125000
v 0.437500 1.312500 -0.125000
v 0.437500 1.312500 -0.062500
v 0.437500 0.062500 0.000000
v 0.437500 0.000000 0.000000
v 0.437500 0.125000 0.000000
v 0.437500 0.187500 0.000000
v 0.437500 0.250000 0.000000
v 0.437500 1.250000 0.000000
v 0.437500 1.187500 0.000000
v 0.437500 1.312500 0.000000
v 0.437500 0.062500 0.062500
v 0.437500 0.000000 0.062500
v 0.437500 0.125000 0.062500
v 0.437500 0.187500 0.062500
v 0.437500 0.250000 0.062500
v 0.437500 1.250000 0.062500
v 0.437500 1.187500 0.062500
v 0.437500 1.312500 0.062500
v 0.437500 0.062500 0.125000
v 0.437500 0.000000 0.125000
v 0.437500 0.125000 0.125000
v 0.437500 0.187500 0.125000
v 0.437500 0.250000 0.125000
v 0.437500 1.250000 0.125000
v 0.437500 1.187500 0.125000
v 0.437500 1.312500 0.125000
v 0.437500 0.062500 0.187500
v 0.437500 0.000000 0.187500
v 0.437500 0.125000 0.187500
v 0.437500 0.187500 0.187500
v 0.437500 0.250000 0.187500
v 0.437500 0.062500 0.250000
v 0.437500 0.000000 0.250000
v 0.437500 0.125000 0.250000
v 0.437500 0.187500 0.250000
v 0.437500 0.250000 0.250000
v 0.437500 0.062500 0.312500
v 0.437500 0.000000 0.312500
v 0.437500 0.125000 0.312500
v 0.437500 0.187500 0.312500
v 0.437500 0.250000 0.312500
v 0.437500 0.062500 0.375000
v 0.437500 0.000000 0.375000
v 0.437500 0.125000 0.375000
v 0.437500 0.187500 0.375000
v 0.437500 0.250000 0.375000
v 0.437500 0.062500 0.437500
v 0.437500 0.000000 0.437500
v 0.437500 0.125000 0.437500
v 0.437500 0.187500 0.437500
v 0.437500 0.250000 0.437500
vt 0.03125000 0.96875000
vt 0.09375000 0.96875000
vt 0.15625000 0.96875000
vt 0.21875000 0.96875000
vt 0.28125000 0.96875000
vt 0.34375000 0.96875000
vt 0.40625000 0.96875000
vt 0.46875000 0.96875000
vt 0.53125000 0.96875000
vt 0.59375000 0.96875000
vt 0.65625000 0.96875000
vt 0.71875000 0.96875000
vt 0.78125000 0.96875000
vt 0.84375000 0.96875000
vt 0.90625000 0.96875000
vt 0.96875000 0.96875000
vt 0.03125000 0.90625000
vt 0.09375000 0.90625000
vt 0.15625000 0.90625000
vt 0.21875000 0.90625000
vt 0.28125000 0.90625000
vt 0.34375000 0.90625000
vt 0.40625000 0.90625000
vt 0.46875000 0.90625000
vt 0.53125000 0.90625000
vt 0.59375000 0.90625000
vt 0.65625000 0.90625000
vt 0.71875000 0.90625000
vt 0.78125000 0.90625000
vt 0.84375000 0.90625000
vt 0.90625000 0.90625000
vt 0.96875000 0.90625000
vt 0.03125000 0.84375000
vt 0.09375000 0.84375000
vt 0.15625000 0.84375000
vt 0.21875000 0.84375000
vt 0.28125000 0.84375000
vt 0.34375000 0.84375000
vt 0.40625000 0.84375000
vt 0.46875000 0.84375000
vt 0.53125000 0.84375000
vt 0.59375000 0.84375000
vt 0.65625000 0.84375000
vt 0.71875000 0.84375000
vt 0.78125000 0.84375000
vt 0.84375000 0.84375000
vt 0.90625000 0.84375000
vt 0.96875000 0.84375000
vt 0.03125000 0.78125000
vt 0.09375000 0.78125000
vt 0.15625000 0.78125000
vt 0.21875000 0.78125000
vt 0.28125000 0.78125000
vt 0.34375000 0.78125000
vt 0.40625000 0.78125000
vt 0.46875000 0.78125000
vt 0.53125000 0.78125000
vt 0.59375000 0.78125000
vt 0.65625000 0.78125000
vt 0.71875000 0.78125000
vt 0.78125000 0.78125000
vt 0.84375000 0.78125000
vt 0.90625000 0.78125000
vt 0.96875000 0.78125000
vt 0.03125000 0.71875000
vt 0.09375000 0.71875000
vt 0.15625000 0.71875000
vt 0.21875000 0.71875000
vt 0.28125000 0.71875000
vt 0.34375000 0.71875000
vt 0.40625000 0.71875000
vt 0.46875000 0.71875000
vt 0.53125000 0.71875000
vt 0.59375000 0.71875000
vt 0.65625000 0.71875000
vt 0.71875000 0.71875000
vt 0.78125000 0.71875000
vt 0.84375000 0.71875000
vt 0.90625000 0.71875000
vt 0.96875000 0.71875000
vt 0.03125000 0.65625000
vt 0.09375000 0.65625000
vt 0.15625000 0.65625000
vt 0.21875000 0.65625000
vt 0.28125000 0.65625000
vt 0.34375000 0.65625000
vt 0.40625000 0.65625000
vt 0.46875000 0.65625000
vt 0.53125000 0.65625000
vt 0.59375000 0.65625000
vt 0.65625000 0.65625000
vt 0.71875000 0.65625000
vt 0.78125000 0.65625000
vt 0.84375000 0.65625000
vt 0.90625000 0.65625000
vt 0.96875000 0.65625000
vt 0.03125000 0.59375000
vt 0.09375000 0.59375000
vt 0.15625000 0.59375000
vt 0.21875000 0.59375000
vt 0.28125000 0.59375000
vt 0.34375000 0.59375000
vt 0.40625000 0.59375000
vt 0.46875000 0.59375000
vt 0.53125000 0.59375000
vt 0.59375000 0.59375000
vt 0.65625000 0.59375000
vt 0.71875000 0.59375000
vt 0.78125000 0.59375000
vt 0.84375000 0.59375000
vt 0.90625000 0.59375000
vt 0.96875000 0.59375000
vt 0.03125000 0.53125000
vt 0.09375000 0.53125000
vt 0.15625000 0.53125000
vt 0.21875000 0.53125000
vt 0.28125000 0.53125000
vt 0.34375000 0.53125000
vt 0.40625000 0.53125000
vt 0.46875000 0.53125000
vt 0.53125000 0.53125000
vt 0.59375000 0.53125000
vt 0.65625000 0.53125000
vt 0.71875000 0.53125000
vt 0.78125000 0.53125000
vt 0.84375000 0.53125000
vt 0.90625000 0.53125000
vt 0.96875000 0.53125000
vt 0.03125000 0.46875000
vt 0.09375000 0.46875000
vt 0.15625000 0.46875000
vt 0.21875000 0.46875000
vt 0.28125000 0.46875000
vt 0.34375000 0.46875000
vt 0.40625000 0.46875000
vt 0.46875000 0.46875000
vt 0.53125000 0.46875000
vt 0.59375000 0.46875000
vt 0.65625000 0.46875000
vt 0.71875000 0.46875000
vt 0.78125000 0.46875000
vt 0.84375000 0.46875000
vt 0.90625000 0.46875000
vt 0.96875000 0.46875000
vt 0.03125000 0.40625000
vt 0.09375000 0.40625000
vt 0.15625000 0.40625000
vt 0.21875000 0.40625000
vt 0.28125000 0.40625000
vt 0.34375000 0.40625000
vt 0.40625000 0.40625000
vt 0.46875000 0.40625000
vt 0.53125000 0.40625000
vt 0.59375000 0.40625000
vt 0.65625000 0.40625000
vt 0.71875000 0.40625000
vt 0.78125000 0.40625000
vt 0.84375000 0.40625000
vt 0.90625000 0.40625000
vt 0.96875000 0.40625000
vt 0.03125000 0.34375000
vt 0.09375000 0.34375000
vt 0.15625000 0.34375000
vt 0.21875000 0.34375000
vt 0.28125000 0.34375000
vt 0.34375000 0.34375000
vt 0.40625000 0.34375000
vt 0.46875000 0.34375000
vt 0.53125000 0.34375000
vt 0.59375000 0.34375000
vt 0.65625000 0.34375000
vt 0.71875000 0.34375000
vt 0.78125000 0.34375000
vt 0.84375000 0.34375000
vt 0.90625000 0.34375000
vt 0.96875000 0.34375000
vt 0.03125000 0.28125000
vt 0.09375000 0.28125000
vt 0.15625000 0.28125000
vt 0.21875000 0.28125000
vt 0.28125000 0.28125000
vt 0.34375000 0.28125000
vt 0.40625000 0.28125000
vt 0.46875000 0.28125000
vt 0.53125000 0.28125000
vt 0.59375000 0.28125000
vt 0.65625000 0.28125000
vt 0.71875000 0.28125000
vt 0.78125000 0.28125000
vt 0.84375000 0.28125000
vt 0.90625000 0.28125000
vt 0.96875000 0.28125000
vt 0.03125000 0.21875000
vt 0.09375000 0.21875000
vt 0.15625000 0.21875000
vt 0.21875000 0.21875000
vt 0.28125000 0.21875000
vt 0.34375000 0.21875000
vt 0.40625000 0.21875000
vt 0.46875000 0.21875000
vt 0.53125000 0.21875000
vt 0.59375000 0.21875000
vt 0.65625000 0.21875000
vt 0.71875000 0.21875000
vt 0.78125000 0.21875000
vt 0.84375000 0.21875000
vt 0.90625000 0.21875000
vt 0.96875000 0.21875000
vt 0.03125000 0.15625000
vt 0.09375000 0.15625000
vt 0.15625000 0.15625000
vt 0.21875000 0.15625000
vt 0.28125000 0.15625000
vt 0.34375000 0.15625000
vt 0.40625000 0.15625000
vt 0.46875000 0.15625000
vt 0.53125000 0.15625000
vt 0.59375000 0.15625000
vt 0.65625000 0.15625000
vt 0.71875000 0.15625000
vt 0.78125000 0.15625000
vt 0.84375000 0.15625000
vt 0.90625000 0.15625000
vt 0.96875000 0.15625000
vt 0.03125000 0.09375000
vt 0.09375000 0.09375000
vt 0.15625000 0.09375000
vt 0.21875000 0.09375000
vt 0.28125000 0.09375000
vt 0.34375000 0.09375000
vt 0.40625000 0.09375000
vt 0.46875000 0.09375000
vt 0.53125000 0.09375000
vt 0.59375000 0.09375000
vt 0.65625000 0.09375000
vt 0.71875000 0.09375000
vt 0.78125000 0.09375000
vt 0.84375000 0.09375000
vt 0.90625000 0.09375000
vt 0.96875000 0.09375000
vt 0.03125000 0.03125000
vt 0.09375000 0.03125000
vt 0.15625000 0.03125000
vt 0.21875000 0.03125000
vt 0.28125000 0.03125000
vt 0.34375000 0.03125000
vt 0.40625000 0.03125000
vt 0.46875000 0.03125000
vt 0.53125000 0.03125000
vt 0.59375000 0.03125000
vt 0.65625000 0.03125000
vt 0.71875000 0.03125000
vt 0.78125000 0.03125000
vt 0.84375000 0.03125000
vt 0.90625000 0.03125000
vt 0.96875000 0.03125000
vn -1 0 0
vn 1 0 0
vn 0 0 -1
vn 0 0 1
vn 0 -1 0
vn 0 1 0
g palette
usemtl palette
f 1/4/1 2/4/1 3/4/1 4/4/1
f 3/4/3 5/4/3 6/4/3 4/4/3
f 6/4/5 7/4/5 1/4/5 4/4/5
f 2/4/1 8/4/1 9/4/1 3/4/1
f 9/4/3 10/4/3 5/4/3 3/4/3
f 8/4/1 11/4/1 12/4/1 9/4/1
f 12/4/3 13/4/3 10/4/3 9/4/3
f 11/4/1 14/4/1 15/4/1 12/4/1
f 15/4/3 16/4/3 13/4/3 12/4/3
f 14/4/6 17/4/6 16/4/6 15/4/6
f 18/4/1 19/4/1 2/4/1 1/4/1
f 7/4/5 20/4/5 18/4/5 1/4/5
f 19/4/1 21/4/1 8/4/1 2/4/1
f 21/4/1 22/4/1 11/4/1 8/4/1
f 22/4/1 23/4/1 14/4/1 11/4/1
f 23/4/6 24/4/6 17/4/6 14/4/6
f 25/4/1 26/4/1 19/4/1 18/4/1
f 20/4/5 27/4/5 25/4/5 18/4/5
f 26/4/1 28/4/1 21/4/1 19/4/1
f 28/4/1 29/4/1 22/4/1 21/4/1
f 29/4/1 30/4/1 23/4/1 22/4/1
f 30/4/6 31/4/6 24/4/6 23/4/6
f 32/5/1 33/5/1 26/5/1 25/5/1
f 27/5/5 34/5/5 32/5/5 25/5/5
f 33/4/1 35/4/1 28/4/1 26/4/1
f 35/4/1 36/4/1 29/4/1 28/4/1
f 36/4/1 37/4/1 30/4/1 29/4/1
f 37/4/6 38/4/6 31/4/6 30/4/6
f 39/5/1 40/5/1 41/5/1 42/5/1
f 41/5/3 43/5/3 44/5/3 42/5/3
f 44/5/5 45/5/5 39/5/5 42/5/5
f 40/5/1 46/5/1 47/5/1 41/5/1
f 47/5/3 48/5/3 43/5/3 41/5/3
f 46/5/1 49/5/1 50/5/1 47/5/1
f 50/5/3 51/5/3 48/5/3 47/5/3
f 49/5/1 52/5/1 53/5/1 50/5/1
f 53/5/3 54/5/3 51/5/3 50/5/3
f 52/5/1 55/5/1 56/5/1 53/5/1
f 56/5/3 57/5/3 54/5/3 53/5/3
f 55/5/1 58/5/1 59/5/1 56/5/1
f 59/5/3 60/5/3 57/5/3 56/5/3
f 58/5/1 61/5/1 62/5/1 59/5/1
f 62/5/3 63/5/3 60/5/3 59/5/3
f 61/5/1 64/5/1 65/5/1 62/5/1
f 65/5/3 66/5/3 63/5/3 62/5/3
f 64/5/1 67/5/1 68/5/1 65/5/1
f 68/5/3 69/5/3 66/5/3 65/5/3
f 67/5/6 70/5/6 69/5/6 68/5/6
f 71/4/1 72/4/1 33/4/1 32/4/1
f 34/4/5 73/4/5 71/4/5 32/4/5
f 72/4/1 74/4/1 35/4/1 33/4/1
f 74/4/1 75/4/1 36/4/1 35/4/1
f 75/4/1 76/4/1 37/4/1 36/4/1
f 76/4/6 77/4/6 38/4/6 37/4/6
f 78/5/1 79/5/1 40/5/1 39/5/1
f 45/5/5 80/5/5 78/5/5 39/5/5
f 79/5/1 81/5/1 46/5/1 40/5/1
f 81/5/1 82/5/1 49/5/1 46/5/1
f 82/5/1 83/5/1 52/5/1 49/5/1
f 83/11/1 84/11/1 55/11/1 52/11/1
f 84/5/1 85/5/1 58/5/1 55/5/1
f 85/5/1 86/5/1 61/5/1 58/5/1
f 86/5/1 87/5/1 64/5/1 61/5/1
f 87/5/1 88/5/1 67/5/1 64/5/1
f 88/5/6 89/5/6 70/5/6 67/5/6
f 90/4/1 91/4/1 72/4/1 71/4/1
f 73/4/5 92/4/5 90/4/5 71/4/5
f 91/4/1 93/4/1 74/4/1 72/4/1
f 93/4/1 94/4/1 75/4/1 74/4/1
f 94/4/1 95/4/1 76/4/1 75/4/1
f 95/4/6 96/4/6 77/4/6 76/4/6
f 97/5/1 98/5/1 79/5/1 78/5/1
f 80/5/5 99/5/5 97/5/5 78/5/5
f 98/5/1 100/5/1 81/5/1 79/5/1
f 100/5/1 101/5/1 82/5/1 81/5/1
f 101/5/1 102/5/1 83/5/1 82/5/1
f 102/5/1 103/5/1 84/5/1 83/5/1
f 103/5/1 104/5/1 85/5/1 84/5/1
f 104/5/1 105/5/1 86/5/1 85/5/1
f 105/5/1 106/5/1 87/5/1 86/5/1
f 106/5/1 107/5/1 88/5/1 87/5/1
f 107/5/6 108/5/6 89/5/6 88/5/6
f 109/4/1 110/4/1 91/4/1 90/4/1
f 92/4/5 111/4/5 109/4/5 90/4/5
f 110/4/1 112/4/1 93/4/1 91/4/1
f 112/4/1 113/4/1 94/4/1 93/4/1
f 113/4/1 114/4/1 95/4/1 94/4/1
f 114/4/6 115/4/6 96/4/6 95/4/6
f 116/5/1 117/5/1 98/5/1 97/5/1
f 99/5/5 118/5/5 116/5/5 97/5/5
f 117/5/1 119/5/1 100/5/1 98/5/1
f 119/5/1 120/5/1 101/5/1 100/5/1
f 120/5/1 121/5/1 102/5/1 101/5/1
f 121/5/1 122/5/1 103/5/1 102/5/1
f 122/5/1 123/5/1 104/5/1 103/5/1
f 123/5/1 124/5/1 105/5/1 104/5/1
f 124/5/1 125/5/1 106/5/1 105/5/1
f 125/5/1 126/5/1 107/5/1 106/5/1
f 126/5/6 127/5/6 108/5/6 107/5/6
f 128/4/1 129/4/1 110/4/1 109/4/1
f 111/4/5 130/4/5 128/4/5 109/4/5
f 129/4/1 131/4/1 112/4/1 110/4/1
f 131/4/1 132/4/1 113/4/1 112/4/1
f 132/4/1 133/4/1 114/4/1 113/4/1
f 133/4/6 134/4/6 115/4/6 114/4/6
f 135/5/1 136/5/1 117/5/1 116/5/1
f 118/5/5 137/5/5 135/5/5 116/5/5
f 136/5/1 138/5/1 119/5/1 117/5/1
f 138/5/1 139/5/1 120/5/1 119/5/1
f 139/5/1 140/5/1 121/5/1 120/5/1
f 140/5/1 141/5/1 122/5/1 121/5/1
f 141/5/1 142/5/1 123/5/1 122/5/1
f 142/5/1 143/5/1 124/5/1 123/5/1
f 143/5/1 144/5/1 125/5/1 124/5/1
f 144/5/1 145/5/1 126/5/1 125/5/1
f 145/5/6 146/5/6 127/5/6 126/5/6
f 147/4/1 148/4/1 129/4/1 128/4/1
f 130/4/5 149/4/5 147/4/5 128/4/5
f 148/4/1 150/4/1 131/4/1 129/4/1
f 150/4/1 151/4/1 132/4/1 131/4/1
f 151/4/1 152/4/1 133/4/1 132/4/1
f 152/4/6 153/4/6 134/4/6 133/4/6
f 154/5/1 155/5/1 136/5/1 135/5/1
f 156/5/4 157/5/4 155/5/4 154/5/4
f 137/5/5 156/5/5 154/5/5 135/5/5
f 155/5/1 158/5/1 138/5/1 136/5/1
f 157/5/4 159/5/4 158/5/4 155/5/4
f 158/5/1 160/5/1 139/5/1 138/5/1
f 159/5/4 161/5/4 160/5/4 158/5/4
f 160/5/1 162/5/1 140/5/1 139/5/1
f 161/5/4 163/5/4 162/5/4 160/5/4
f 162/5/1 164/5/1 141/5/1 140/5/1
f 163/5/4 165/5/4 164/5/4 162/5/4
f 164/5/1 166/5/1 142/5/1 141/5/1
f 165/5/4 167/5/4 166/5/4 164/5/4
f 166/5/1 168/5/1 143/5/1 142/5/1
f 167/5/4 169/5/4 168/5/4 166/5/4
f 168/5/1 170/5/1 144/5/1 143/5/1
f 169/5/4 171/5/4 170/5/4 168/5/4
f 170/5/1 172/5/1 145/5/1 144/5/1
f 171/5/4 173/5/4 172/5/4 170/5/4
f 172/5/6 173/5/6 146/5/6 145/5/6
f 174/4/1 175/4/1 148/4/1 147/4/1
f 149/4/5 176/4/5 174/4/5 147/4/5
f 175/4/1 177/4/1 150/4/1 148/4/1
f 177/4/1 178/4/1 151/4/1 150/4/1
f 178/4/1 179/4/1 152/4/1 151/4/1
f 179/4/6 180/4/6 153/4/6 152/4/6
f 181/4/1 182/4/1 175/4/1 174/4/1
f 176/4/5 183/4/5 181/4/5 174/4/5
f 182/4/1 184/4/1 177/4/1 175/4/1
f 184/4/1 185/4/1 178/4/1 177/4/1
f 185/4/1 186/4/1 179/4/1 178/4/1
f 186/4/6 187/4/6 180/4/6 179/4/6
f 188/4/1 189/4/1 182/4/1 181/4/1
f 183/4/5 190/4/5 188/4/5 181/4/5
f 189/4/1 191/4/1 184/4/1 182/4/1
f 191/4/1 192/4/1 185/4/1 184/4/1
f 192/4/1 193/4/1 186/4/1 185/4/1
f 193/4/6 194/4/6 187/4/6 186/4/6
f 195/4/1 196/4/1 189/4/1 188/4/1
f 190/4/5 197/4/5 195/4/5 188/4/5
f 196/4/1 198/4/1 191/4/1 189/4/1
f 198/4/1 199/4/1 192/4/1 191/4/1
f 199/4/1 200/4/1 193/4/1 192/4/1
f 200/4/6 201/4/6 194/4/6 193/4/6
f 202/4/1 203/4/1 196/4/1 195/4/1
f 204/4/4 205/4/4 203/4/4 202/4/4
f 197/4/5 204/4/5 202/4/5 195/4/5
f 203/4/1 206/4/1 198/4/1 196/4/1
f 205/4/4 207/4/4 206/4/4 203/4/4
f 206/4/1 208/4/1 199/4/1 198/4/1
f 207/4/4 209/4/4 208/4/4 206/4/4
f 208/4/1 210/4/1 200/4/1 199/4/1
f 209/4/4 211/4/4 210/4/4 208/4/4
f 210/4/6 211/4/6 201/4/6 200/4/6
f 5/4/3 212/4/3 213/4/3 6/4/3
f 213/4/5 214/4/5 7/4/5 6/4/5
f 10/4/3 215/4/3 212/4/3 5/4/3
f 13/4/3 216/4/3 215/4/3 10/4/3
f 16/4/3 217/4/3 216/4/3 13/4/3
f 17/4/6 218/4/6 217/4/6 16/4/6
f 214/4/5 219/4/5 20/4/5 7/4/5
f 24/4/6 220/4/6 218/4/6 17/4/6
f 219/4/5 221/4/5 27/4/5 20/4/5
f 31/4/6 222/4/6 220/4/6 24/4/6
f 221/4/5 223/4/5 34/4/5 27/4/5
f 38/4/6 224/4/6 222/4/6 31/4/6
f 43/5/3 225/5/3 226/5/3 44/5/3
f 226/5/5 227/5/5 45/5/5 44/5/5
f 48/5/3 228/5/3 225/5/3 43/5/3
f 51/5/3 229/5/3 228/5/3 48/5/3
f 54/5/3 230/5/3 229/5/3 51/5/3
f 57/5/3 231/5/3 230/5/3 54/5/3
f 60/5/3 232/5/3 231/5/3 57/5/3
f 63/5/3 233/5/3 232/5/3 60/5/3
f 66/5/3 234/5/3 233/5/3 63/5/3
f 69/5/3 235/5/3 234/5/3 66/5/3
f 70/5/6 236/5/6 235/5/6 69/5/6
f 223/4/5 237/4/5 73/4/5 34/4/5
f 77/4/6 238/4/6 224/4/6 38/4/6
f 227/5/5 239/5/5 80/5/5 45/5/5
f 89/5/6 240/5/6 236/5/6 70/5/6
f 237/4/5 241/4/5 92/4/5 73/4/5
f 96/4/6 242/4/6 238/4/6 77/4/6
f 239/5/5 243/5/5 99/5/5 80/5/5
f 108/5/6 244/5/6 240/5/6 89/5/6
f 241/4/5 245/4/5 111/4/5 92/4/5
f 115/4/6 246/4/6 242/4/6 96/4/6
f 243/5/5 247/5/5 118/5/5 99/5/5
f 127/5/6 248/5/6 244/5/6 108/5/6
f 245/4/5 249/4/5 130/4/5 111/4/5
f 134/4/6 250/4/6 246/4/6 115/4/6
f 247/5/5 251/5/5 137/5/5 118/5/5
f 146/5/6 252/5/6 248/5/6 127/5/6
f 249/4/5 253/4/5 149/4/5 130/4/5
f 153/4/6 254/4/6 250/4/6 134/4/6
f 255/5/4 256/5/4 157/5/4 156/5/4
f 251/5/5 255/5/5 156/5/5 137/5/5
f 256/5/4 257/5/4 159/5/4 157/5/4
f 257/5/4 258/5/4 161/5/4 159/5/4
f 258/5/4 259/5/4 163/5/4 161/5/4
f 259/5/4 260/5/4 165/5/4 163/5/4
f 260/5/4 261/5/4 167/5/4 165/5/4
f 261/5/4 262/5/4 169/5/4 167/5/4
f 262/5/4 263/5/4 171/5/4 169/5/4
f 263/5/4 264/5/4 173/5/4 171/5/4
f 173/5/6 264/5/6 252/5/6 146/5/6
f 253/4/5 265/4/5 176/4/5 149/4/5
f 180/4/6 266/4/6 254/4/6 153/4/6
f 265/4/5 267/4/5 183/4/5 176/4/5
f 187/4/6 268/4/6 266/4/6 180/4/6
f 267/4/5 269/4/5 190/4/5 183/4/5
f 194/4/6 270/4/6 268/4/6 187/4/6
f 269/4/5 271/4/5 197/4/5 190/4/5
f 201/4/6 272/4/6 270/4/6 194/4/6
f 273/4/4 274/4/4 205/4/4 204/4/4
f 271/4/5 273/4/5 204/4/5 197/4/5
f 274/4/4 275/4/4 207/4/4 205/4/4
f 275/4/4 276/4/4 209/4/4 207/4/4
f 276/4/4 277/4/4 211/4/4 209/4/4
f 211/4/6 277/4/6 272/4/6 201/4/6
f 212/4/3 278/4/3 279/4/3 213/4/3
f 279/4/5 280/4/5 214/4/5 213/4/5
f 215/4/3 281/4/3 278/4/3 212/4/3
f 216/4/3 282/4/3 281/4/3 215/4/3
f 217/4/3 283/4/3 282/4/3 216/4/3
f 218/4/6 284/4/6 283/4/6 217/4/6
f 280/4/5 285/4/5 219/4/5 214/4/5
f 220/4/6 286/4/6 284/4/6 218/4/6
f 285/4/5 287/4/5 221/4/5 219/4/5
f 222/4/6 288/4/6 286/4/6 220/4/6
f 287/4/5 289/4/5 223/4/5 221/4/5
f 224/4/6 290/4/6 288/4/6 222/4/6
f 291/5/2 292/5/2 293/5/2 294/5/2
f 225/5/3 291/5/3 294/5/3 226/5/3
f 294/5/5 293/5/5 227/5/5 226/5/5
f 295/5/2 296/5/2 292/5/2 291/5/2
f 228/5/3 295/5/3 291/5/3 225/5/3
f 297/5/2 298/5/2 296/5/2 295/5/2
f 229/5/3 297/5/3 295/5/3 228/5/3
f 299/11/2 300/11/2 298/11/2 297/11/2
f 230/11/3 299/11/3 297/11/3 229/11/3
f 301/5/2 302/5/2 300/5/2 299/5/2
f 231/5/3 301/5/3 299/5/3 230/5/3
f 303/5/2 304/5/2 302/5/2 301/5/2
f 232/5/3 303/5/3 301/5/3 231/5/3
f 305/5/2 306/5/2 304/5/2 303/5/2
f 233/5/3 305/5/3 303/5/3 232/5/3
f 307/5/2 308/5/2 306/5/2 305/5/2
f 234/5/3 307/5/3 305/5/3 233/5/3
f 309/5/2 310/5/2 308/5/2 307/5/2
f 235/5/3 309/5/3 307/5/3 234/5/3
f 236/5/6 310/5/6 309/5/6 235/5/6
f 289/4/5 311/4/5 237/4/5 223/4/5
f 238/4/6 312/4/6 290/4/6 224/4/6
f 293/5/5 313/5/5 239/5/5 227/5/5
f 240/5/6 314/5/6 310/5/6 236/5/6
f 311/4/5 315/4/5 241/4/5 237/4/5
f 242/4/6 316/4/6 312/4/6 238/4/6
f 313/5/5 317/5/5 243/5/5 239/5/5
f 244/5/6 318/5/6 314/5/6 240/5/6
f 315/4/5 319/4/5 245/4/5 241/4/5
f 246/4/6 320/4/6 316/4/6 242/4/6
f 317/5/5 321/5/5 247/5/5 243/5/5
f 248/5/6 322/5/6 318/5/6 244/5/6
f 319/4/5 323/4/5 249/4/5 245/4/5
f 250/4/6 324/4/6 320/4/6 246/4/6
f 321/5/5 325/5/5 251/5/5 247/5/5
f 252/5/6 326/5/6 322/5/6 248/5/6
f 323/4/5 327/4/5 253/4/5 249/4/5
f 254/4/6 328/4/6 324/4/6 250/4/6
f 329/5/4 330/5/4 256/5/4 255/5/4
f 325/5/5 329/5/5 255/5/5 251/5/5
f 330/5/4 331/5/4 257/5/4 256/5/4
f 331/5/4 332/5/4 258/5/4 257/5/4
f 332/5/4 333/5/4 259/5/4 258/5/4
f 333/5/4 334/5/4 260/5/4 259/5/4
f 334/5/4 335/5/4 261/5/4 260/5/4
f 335/5/4 336/5/4 262/5/4 261/5/4
f 336/5/4 337/5/4 263/5/4 262/5/4
f 337/5/4 338/5/4 264/5/4 263/5/4
f 264/5/6 338/5/6 326/5/6 252/5/6
f 327/4/5 339/4/5 265/4/5 253/4/5
f 266/4/6 340/4/6 328/4/6 254/4/6
f 339/4/5 341/4/5 267/4/5 265/4/5
f 268/4/6 342/4/6 340/4/6 266/4/6
f 341/4/5 343/4/5 269/4/5 267/4/5
f 270/4/6 344/4/6 342/4/6 268/4/6
f 343/4/5 345/4/5 271/4/5 269/4/5
f 272/4/6 346/4/6 344/4/6 270/4/6
f 347/4/4 348/4/4 274/4/4 273/4/4
f 345/4/5 347/4/5 273/4/5 271/4/5
f 348/4/4 349/4/4 275/4/4 274/4/4
f 349/4/4 350/4/4 276/4/4 275/4/4
f 350/4/4 351/4/4 277/4/4 276/4/4
f 277/4/6 351/4/6 346/4/6 272/4/6
f 278/4/3 352/4/3 353/4/3 279/4/3
f 353/4/5 354/4/5 280/4/5 279/4/5
f 281/4/3 355/4/3 352/4/3 278/4/3
f 282/4/3 356/4/3 355/4/3 281/4/3
f 283/4/3 357/4/3 356/4/3 282/4/3
f 284/4/6 358/4/6 357/4/6 283/4/6
f 354/4/5 359/4/5 285/4/5 280/4/5
f 286/4/6 360/4/6 358/4/6 284/4/6
f 359/4/5 361/4/5 287/4/5 285/4/5
f 288/4/6 362/4/6 360/4/6 286/4/6
f 361/4/5 363/4/5 289/4/5 287/4/5
f 290/4/6 364/4/6 362/4/6 288/4/6
f 363/4/5 365/4/5 311/4/5 289/4/5
f 312/4/6 366/4/6 364/4/6 290/4/6
f 292/4/3 367/4/3 368/4/3 293/4/3
f 368/4/5 369/4/5 313/4/5 293/4/5
f 296/4/3 370/4/3 367/4/3 292/4/3
f 298/4/3 371/4/3 370/4/3 296/4/3
f 300/4/3 372/4/3 371/4/3 298/4/3
f 302/4/3 373/4/3 372/4/3 300/4/3
f 304/4/3 374/4/3 373/4/3 302/4/3
f 306/4/3 375/4/3 374/4/3 304/4/3
f 308/4/3 376/4/3 375/4/3 306/4/3
f 310/4/3 377/4/3 376/4/3 308/4/3
f 314/4/1 378/4/1 379/4/1 310/4/1
f 379/4/3 380/4/3 377/4/3 310/4/3
f 378/4/1 381/4/1 382/4/1 379/4/1
f 382/4/3 383/4/3 380/4/3 379/4/3
f 381/4/6 384/4/6 383/4/6 382/4/6
f 365/4/5 385/4/5 315/4/5 311/4/5
f 316/11/1 386/11/1 387/11/1 312/11/1
f 387/11/3 388/11/3 366/11/3 312/11/3
f 386/11/1 389/11/1 390/11/1 387/11/1
f 390/11/3 391/11/3 388/11/3 387/11/3
f 389/11/1 392/11/1 393/11/1 390/11/1
f 393/11/3 394/11/3 391/11/3 390/11/3
f 392/11/1 395/11/1 396/11/1 393/11/1
f 396/11/3 397/11/3 394/11/3 393/11/3
f 395/11/1 398/11/1 399/11/1 396/11/1
f 399/11/3 400/11/3 397/11/3 396/11/3
f 398/11/1 401/11/1 402/11/1 399/11/1
f 402/11/3 403/11/3 400/11/3 399/11/3
f 401/11/1 404/11/1 405/11/1 402/11/1
f 405/11/3 406/11/3 403/11/3 402/11/3
f 404/11/1 407/11/1 408/11/1 405/11/1
f 408/11/3 409/11/3 406/11/3 405/11/3
f 407/11/1 410/11/1 411/11/1 408/11/1
f 411/11/3 412/11/3 409/11/3 408/11/3
f 410/11/1 413/11/1 414/11/1 411/11/1
f 414/11/3 415/11/3 412/11/3 411/11/3
f 413/11/1 416/11/1 417/11/1 414/11/1
f 417/11/3 418/11/3 415/11/3 414/11/3
f 416/11/1 317/11/1 313/11/1 417/11/1
f 313/11/3 369/11/3 418/11/3 417/11/3
f 318/4/1 419/4/1 378/4/1 314/4/1
f 419/4/1 420/4/1 381/4/1 378/4/1
f 420/4/6 421/4/6 384/4/6 381/4/6
f 385/4/5 422/4/5 319/4/5 315/4/5
f 320/11/1 423/11/1 386/11/1 316/11/1
f 423/11/1 424/11/1 389/11/1 386/11/1
f 424/11/1 425/11/1 392/11/1 389/11/1
f 425/11/1 426/11/1 395/11/1 392/11/1
f 426/11/1 427/11/1 398/11/1 395/11/1
f 427/11/1 428/11/1 401/11/1 398/11/1
f 428/11/1 429/11/1 404/11/1 401/11/1
f 429/11/1 430/11/1 407/11/1 404/11/1
f 430/11/1 431/11/1 410/11/1 407/11/1
f 431/11/1 432/11/1 413/11/1 410/11/1
f 432/11/1 433/11/1 416/11/1 413/11/1
f 433/11/1 321/11/1 317/11/1 416/11/1
f 322/4/1 434/4/1 419/4/1 318/4/1
f 434/4/1 435/4/1 420/4/1 419/4/1
f 435/4/6 436/4/6 421/4/6 420/4/6
f 422/4/5 437/4/5 323/4/5 319/4/5
f 324/11/1 438/11/1 423/11/1 320/11/1
f 438/11/1 439/11/1 424/11/1 423/11/1
f 439/11/1 440/11/1 425/11/1 424/11/1
f 440/11/1 441/11/1 426/11/1 425/11/1
f 441/11/1 442/11/1 427/11/1 426/11/1
f 442/11/1 443/11/1 428/11/1 427/11/1
f 443/11/1 444/11/1 429/11/1 428/11/1
f 444/11/1 445/11/1 430/11/1 429/11/1
f 445/11/1 446/11/1 431/11/1 430/11/1
f 446/11/1 447/11/1 432/11/1 431/11/1
f 447/11/1 448/11/1 433/11/1 432/11/1
f 448/11/1 325/11/1 321/11/1 433/11/1
f 326/4/1 449/4/1 434/4/1 322/4/1
f 449/4/1 450/4/1 435/4/1 434/4/1
f 450/4/6 451/4/6 436/4/6 435/4/6
f 437/4/5 452/4/5 327/4/5 323/4/5
f 328/11/1 453/11/1 438/11/1 324/11/1
f 454/11/4 455/11/4 453/11/4 328/11/4
f 453/11/1 456/11/1 439/11/1 438/11/1
f 455/11/4 457/11/4 456/11/4 453/11/4
f 456/11/1 458/11/1 440/11/1 439/11/1
f 457/11/4 459/11/4 458/11/4 456/11/4
f 458/11/1 460/11/1 441/11/1 440/11/1
f 459/11/4 461/11/4 460/11/4 458/11/4
f 460/11/1 462/11/1 442/11/1 441/11/1
f 461/11/4 463/11/4 462/11/4 460/11/4
f 462/11/1 464/11/1 443/11/1 442/11/1
f 463/11/4 465/11/4 464/11/4 462/11/4
f 464/11/1 466/11/1 444/11/1 443/11/1
f 465/11/4 467/11/4 466/11/4 464/11/4
f 466/11/1 468/11/1 445/11/1 444/11/1
f 467/11/4 469/11/4 468/11/4 466/11/4
f 468/11/1 470/11/1 446/11/1 445/11/1
f 469/11/4 471/11/4 470/11/4 468/11/4
f 470/11/1 472/11/1 447/11/1 446/11/1
f 471/11/4 473/11/4 472/11/4 470/11/4
f 472/11/1 474/11/1 448/11/1 447/11/1
f 473/11/4 475/11/4 474/11/4 472/11/4
f 474/11/1 329/11/1 325/11/1 448/11/1
f 475/11/4 476/11/4 329/11/4 474/11/4
f 338/4/1 477/4/1 449/4/1 326/4/1
f 477/4/1 478/4/1 450/4/1 449/4/1
f 478/4/6 479/4/6 451/4/6 450/4/6
f 452/4/5 480/4/5 339/4/5 327/4/5
f 340/4/6 481/4/6 454/4/6 328/4/6
f 482/4/1 483/4/1 330/4/1 329/4/1
f 484/4/4 485/4/4 483/4/4 482/4/4
f 476/4/5 484/4/5 482/4/5 329/4/5
f 483/4/1 486/4/1 331/4/1 330/4/1
f 485/4/4 487/4/4 486/4/4 483/4/4
f 486/4/1 488/4/1 332/4/1 331/4/1
f 487/4/4 489/4/4 488/4/4 486/4/4
f 488/4/1 490/4/1 333/4/1 332/4/1
f 489/4/4 491/4/4 490/4/4 488/4/4
f 490/4/1 492/4/1 334/4/1 333/4/1
f 491/4/4 493/4/4 492/4/4 490/4/4
f 492/4/1 494/4/1 335/4/1 334/4/1
f 493/4/4 495/4/4 494/4/4 492/4/4
f 494/4/1 496/4/1 336/4/1 335/4/1
f 495/4/4 497/4/4 496/4/4 494/4/4
f 496/4/1 498/4/1 337/4/1 336/4/1
f 497/4/4 499/4/4 498/4/4 496/4/4
f 498/4/1 500/4/1 338/4/1 337/4/1
f 499/4/4 501/4/4 500/4/4 498/4/4
f 500/4/1 502/4/1 477/4/1 338/4/1
f 501/4/4 503/4/4 502/4/4 500/4/4
f 502/4/1 504/4/1 478/4/1 477/4/1
f 503/4/4 505/4/4 504/4/4 502/4/4
f 504/4/6 505/4/6 479/4/6 478/4/6
f 480/4/5 506/4/5 341/4/5 339/4/5
f 342/4/6 507/4/6 481/4/6 340/4/6
f 506/4/5 508/4/5 343/4/5 341/4/5
f 344/4/6 509/4/6 507/4/6 342/4/6
f 508/4/5 510/4/5 345/4/5 343/4/5
f 346/4/6 511/4/6 509/4/6 344/4/6
f 512/4/4 513/4/4 348/4/4 347/4/4
f 510/4/5 512/4/5 347/4/5 345/4/5
f 513/4/4 514/4/4 349/4/4 348/4/4
f 514/4/4 515/4/4 350/4/4 349/4/4
f 515/4/4 516/4/4 351/4/4 350/4/4
f 351/4/6 516/4/6 511/4/6 346/4/6
f 352/4/3 517/4/3 518/4/3 353/4/3
f 518/4/5 519/4/5 354/4/5 353/4/5
f 355/4/3 520/4/3 517/4/3 352/4/3
f 356/4/3 521/4/3 520/4/3 355/4/3
f 357/4/3 522/4/3 521/4/3 356/4/3
f 358/4/6 523/4/6 522/4/6 357/4/6
f 519/4/5 524/4/5 359/4/5 354/4/5
f 360/4/6 525/4/6 523/4/6 358/4/6
f 524/4/5 526/4/5 361/4/5 359/4/5
f 362/4/6 527/4/6 525/4/6 360/4/6
f 526/4/5 528/4/5 363/4/5 361/4/5
f 364/4/6 529/4/6 527/4/6 362/4/6
f 528/4/5 530/4/5 365/4/5 363/4/5
f 366/4/6 531/4/6 529/4/6 364/4/6
f 367/11/3 532/11/3 533/11/3 368/11/3
f 533/11/5 534/11/5 369/11/5 368/11/5
f 370/4/3 535/4/3 532/4/3 367/4/3
f 371/4/3 536/4/3 535/4/3 370/4/3
f 372/4/3 537/4/3 536/4/3 371/4/3
f 373/4/3 538/4/3 537/4/3 372/4/3
f 374/4/3 539/4/3 538/4/3 373/4/3
f 375/4/3 540/4/3 539/4/3 374/4/3
f 376/4/3 541/4/3 540/4/3 375/4/3
f 377/4/3 542/4/3 541/4/3 376/4/3
f 380/4/3 543/4/3 542/4/3 377/4/3
f 383/4/3 544/4/3 543/4/3 380/4/3
f 384/4/6 545/4/6 544/4/6 383/4/6
f 546/11/1 547/11/1 548/11/1 549/11/1
f 548/11/3 550/11/3 551/11/3 549/11/3
f 551/11/5 552/11/5 546/11/5 549/11/5
f 547/11/6 553/11/6 550/11/6 548/11/6
f 530/4/5 554/4/5 385/4/5 365/4/5
f 388/11/3 555/11/3 531/11/3 366/11/3
f 391/11/3 556/11/3 555/11/3 388/11/3
f 394/11/3 557/11/3 556/11/3 391/11/3
f 397/11/3 558/11/3 557/11/3 394/11/3
f 400/11/3 559/11/3 558/11/3 397/11/3
f 403/11/3 560/11/3 559/11/3 400/11/3
f 406/11/3 561/11/3 560/11/3 403/11/3
f 409/11/3 562/11/3 561/11/3 406/11/3
f 412/11/3 563/11/3 562/11/3 409/11/3
f 415/11/3 564/11/3 563/11/3 412/11/3
f 418/11/3 565/11/3 564/11/3 415/11/3
f 369/11/3 534/11/3 565/11/3 418/11/3
f 421/5/1 566/5/1 567/5/1 384/5/1
f 567/5/3 568/5/3 545/5/3 384/5/3
f 566/5/1 569/5/1 570/5/1 567/5/1
f 570/5/3 571/5/3 568/5/3 567/5/3
f 569/5/1 572/5/1 546/5/1 570/5/1
f 546/5/3 552/5/3 571/5/3 570/5/3
f 572/5/1 573/5/1 547/5/1 546/5/1
f 573/5/1 574/5/1 575/5/1 547/5/1
f 575/5/3 576/5/3 553/5/3 547/5/3
f 574/5/1 577/5/1 578/5/1 575/5/1
f 578/5/3 579/5/3 576/5/3 575/5/3
f 577/5/1 580/5/1 581/5/1 578/5/1
f 581/5/3 582/5/3 579/5/3 578/5/3
f 580/5/6 583/5/6 582/5/6 581/5/6
f 554/4/5 584/4/5 422/4/5 385/4/5
f 436/5/1 585/5/1 566/5/1 421/5/1
f 585/5/1 586/5/1 569/5/1 566/5/1
f 586/5/1 587/5/1 572/5/1 569/5/1
f 587/5/1 588/5/1 573/5/1 572/5/1
f 588/5/1 589/5/1 574/5/1 573/5/1
f 589/5/1 590/5/1 577/5/1 574/5/1
f 590/5/1 591/5/1 580/5/1 577/5/1
f 591/5/6 592/5/6 583/5/6 580/5/6
f 584/4/5 593/4/5 437/4/5 422/4/5
f 451/5/1 594/5/1 585/5/1 436/5/1
f 594/5/1 595/5/1 586/5/1 585/5/1
f 595/5/1 596/5/1 587/5/1 586/5/1
f 596/5/1 597/5/1 588/5/1 587/5/1
f 597/5/1 598/5/1 589/5/1 588/5/1
f 598/5/1 599/5/1 590/5/1 589/5/1
f 599/5/1 600/5/1 591/5/1 590/5/1
f 600/5/6 601/5/6 592/5/6 591/5/6
f 593/4/5 602/4/5 452/4/5 437/4/5
f 603/11/4 604/11/4 455/11/4 454/11/4
f 604/11/4 605/11/4 457/11/4 455/11/4
f 605/11/4 606/11/4 459/11/4 457/11/4
f 606/11/4 607/11/4 461/11/4 459/11/4
f 607/11/4 608/11/4 463/11/4 461/11/4
f 608/11/4 609/11/4 465/11/4 463/11/4
f 609/11/4 610/11/4 467/11/4 465/11/4
f 610/11/4 611/11/4 469/11/4 467/11/4
f 611/11/4 612/11/4 471/11/4 469/11/4
f 612/11/4 613/11/4 473/11/4 471/11/4
f 613/11/4 614/11/4 475/11/4 473/11/4
f 614/11/4 615/11/4 476/11/4 475/11/4
f 479/5/1 616/5/1 594/5/1 451/5/1
f 616/5/1 617/5/1 595/5/1 594/5/1
f 617/5/1 618/5/1 596/5/1 595/5/1
f 618/5/1 619/5/1 597/5/1 596/5/1
f 619/5/1 620/5/1 598/5/1 597/5/1
f 620/5/1 621/5/1 599/5/1 598/5/1
f 621/5/1 622/5/1 600/5/1 599/5/1
f 622/5/6 623/5/6 601/5/6 600/5/6
f 602/4/5 624/4/5 480/4/5 452/4/5
f 481/4/6 625/4/6 603/4/6 454/4/6
f 626/4/4 627/4/4 485/4/4 484/4/4
f 615/4/5 626/4/5 484/4/5 476/4/5
f 627/4/4 628/4/4 487/4/4 485/4/4
f 628/4/4 629/4/4 489/4/4 487/4/4
f 629/4/4 630/4/4 491/4/4 489/4/4
f 630/5/4 631/5/4 493/5/4 491/5/4
f 631/4/4 632/4/4 495/4/4 493/4/4
f 632/4/4 633/4/4 497/4/4 495/4/4
f 633/4/4 634/4/4 499/4/4 497/4/4
f 634/4/4 635/4/4 501/4/4 499/4/4
f 635/4/4 636/4/4 503/4/4 501/4/4
f 636/4/4 637/4/4 505/4/4 503/4/4
f 505/5/1 638/5/1 616/5/1 479/5/1
f 637/5/4 639/5/4 638/5/4 505/5/4
f 638/5/1 640/5/1 617/5/1 616/5/1
f 639/5/4 641/5/4 640/5/4 638/5/4
f 640/5/1 642/5/1 618/5/1 617/5/1
f 641/5/4 643/5/4 642/5/4 640/5/4
f 642/5/1 644/5/1 619/5/1 618/5/1
f 643/5/4 645/5/4 644/5/4 642/5/4
f 644/5/1 646/5/1 620/5/1 619/5/1
f 645/5/4 647/5/4 646/5/4 644/5/4
f 646/5/1 648/5/1 621/5/1 620/5/1
f 647/5/4 649/5/4 648/5/4 646/5/4
f 648/5/1 650/5/1 622/5/1 621/5/1
f 649/5/4 651/5/4 650/5/4 648/5/4
f 650/5/6 651/5/6 623/5/6 622/5/6
f 624/4/5 652/4/5 506/4/5 480/4/5
f 507/4/6 653/4/6 625/4/6 481/4/6
f 652/4/5 654/4/5 508/4/5 506/4/5
f 509/4/6 655/4/6 653/4/6 507/4/6
f 654/4/5 656/4/5 510/4/5 508/4/5
f 511/4/6 657/4/6 655/4/6 509/4/6
f 658/4/4 659/4/4 513/4/4 512/4/4
f 656/4/5 658/4/5 512/4/5 510/4/5
f 659/4/4 660/4/4 514/4/4 513/4/4
f 660/4/4 661/4/4 515/4/4 514/4/4
f 661/4/4 662/4/4 516/4/4 515/4/4
f 516/4/6 662/4/6 657/4/6 511/4/6
f 517/4/3 663/4/3 664/4/3 518/4/3
f 664/4/5 665/4/5 519/4/5 518/4/5
f 520/4/3 666/4/3 663/4/3 517/4/3
f 521/4/3 667/4/3 666/4/3 520/4/3
f 522/4/3 668/4/3 667/4/3 521/4/3
f 523/4/6 669/4/6 668/4/6 522/4/6
f 665/4/5 670/4/5 524/4/5 519/4/5
f 525/4/6 671/4/6 669/4/6 523/4/6
f 670/4/5 672/4/5 526/4/5 524/4/5
f 527/4/6 673/4/6 671/4/6 525/4/6
f 672/4/5 674/4/5 528/4/5 526/4/5
f 529/4/6 675/4/6 673/4/6 527/4/6
f 674/4/5 676/4/5 530/4/5 528/4/5
f 531/4/6 677/4/6 675/4/6 529/4/6
f 532/4/3 678/4/3 679/4/3 533/4/3
f 679/4/5 680/4/5 534/4/5 533/4/5
f 535/4/3 681/4/3 678/4/3 532/4/3
f 536/5/3 682/5/3 681/5/3 535/5/3
f 537/4/3 683/4/3 682/4/3 536/4/3
f 538/4/3 684/4/3 683/4/3 537/4/3
f 539/4/3 685/4/3 684/4/3 538/4/3
f 540/4/3 686/4/3 685/4/3 539/4/3
f 541/4/3 687/4/3 686/4/3 540/4/3
f 542/4/3 688/4/3 687/4/3 541/4/3
f 543/4/3 689/4/3 688/4/3 542/4/3
f 544/4/3 690/4/3 689/4/3 543/4/3
f 545/4/6 691/4/6 690/4/6 544/4/6
f 550/11/3 692/11/3 693/11/3 551/11/3
f 693/11/5 694/11/5 552/11/5 551/11/5
f 553/11/6 695/11/6 692/11/6 550/11/6
f 676/4/5 696/4/5 554/4/5 530/4/5
f 697/11/2 698/11/2 699/11/2 677/11/2
f 555/11/3 697/11/3 677/11/3 531/11/3
f 700/11/2 701/11/2 698/11/2 697/11/2
f 556/11/3 700/11/3 697/11/3 555/11/3
f 702/11/2 703/11/2 701/11/2 700/11/2
f 557/11/3 702/11/3 700/11/3 556/11/3
f 704/11/2 705/11/2 703/11/2 702/11/2
f 558/11/3 704/11/3 702/11/3 557/11/3
f 706/11/2 707/11/2 705/11/2 704/11/2
f 559/11/3 706/11/3 704/11/3 558/11/3
f 708/11/2 709/11/2 707/11/2 706/11/2
f 560/11/3 708/11/3 706/11/3 559/11/3
f 710/11/2 711/11/2 709/11/2 708/11/2
f 561/11/3 710/11/3 708/11/3 560/11/3
f 712/11/2 713/11/2 711/11/2 710/11/2
f 562/11/3 712/11/3 710/11/3 561/11/3
f 714/11/2 715/11/2 713/11/2 712/11/2
f 563/11/3 714/11/3 712/11/3 562/11/3
f 716/11/2 717/11/2 715/11/2 714/11/2
f 564/11/3 716/11/3 714/11/3 563/11/3
f 718/11/2 719/11/2 717/11/2 716/11/2
f 565/11/3 718/11/3 716/11/3 564/11/3
f 680/11/2 720/11/2 719/11/2 718/11/2
f 534/11/3 680/11/3 718/11/3 565/11/3
f 568/5/3 721/5/3 691/5/3 545/5/3
f 571/5/3 722/5/3 721/5/3 568/5/3
f 552/5/3 694/5/3 722/5/3 571/5/3
f 576/5/3 723/5/3 695/5/3 553/5/3
f 579/5/3 724/5/3 723/5/3 576/5/3
f 582/5/3 725/5/3 724/5/3 579/5/3
f 583/5/6 726/5/6 725/5/6 582/5/6
f 696/4/5 727/4/5 584/4/5 554/4/5
f 698/11/2 728/11/2 729/11/2 699/11/2
f 701/11/2 730/11/2 728/11/2 698/11/2
f 703/11/2 731/11/2 730/11/2 701/11/2
f 705/11/2 732/11/2 731/11/2 703/11/2
f 707/11/2 733/11/2 732/11/2 705/11/2
f 709/11/2 734/11/2 733/11/2 707/11/2
f 711/11/2 735/11/2 734/11/2 709/11/2
f 713/11/2 736/11/2 735/11/2 711/11/2
f 715/11/2 737/11/2 736/11/2 713/11/2
f 717/11/2 738/11/2 737/11/2 715/11/2
f 719/11/2 739/11/2 738/11/2 717/11/2
f 720/11/2 740/11/2 739/11/2 719/11/2
f 592/5/6 741/5/6 726/5/6 583/5/6
f 727/4/5 742/4/5 593/4/5 584/4/5
f 728/11/2 743/11/2 744/11/2 729/11/2
f 730/11/2 745/11/2 743/11/2 728/11/2
f 731/11/2 746/11/2 745/11/2 730/11/2
f 732/11/2 747/11/2 746/11/2 731/11/2
f 733/11/2 748/11/2 747/11/2 732/11/2
f 734/11/2 749/11/2 748/11/2 733/11/2
f 735/11/2 750/11/2 749/11/2 734/11/2
f 736/11/2 751/11/2 750/11/2 735/11/2
f 737/11/2 752/11/2 751/11/2 736/11/2
f 738/11/2 753/11/2 752/11/2 737/11/2
f 739/11/2 754/11/2 753/11/2 738/11/2
f 740/11/2 755/11/2 754/11/2 739/11/2
f 601/5/6 756/5/6 741/5/6 592/5/6
f 742/4/5 757/4/5 602/4/5 593/4/5
f 743/11/2 758/11/2 759/11/2 744/11/2
f 759/11/4 758/11/4 604/11/4 603/11/4
f 745/11/2 760/11/2 758/11/2 743/11/2
f 758/11/4 760/11/4 605/11/4 604/11/4
f 746/11/2 761/11/2 760/11/2 745/11/2
f 760/11/4 761/11/4 606/11/4 605/11/4
f 747/11/2 762/11/2 761/11/2 746/11/2
f 761/11/4 762/11/4 607/11/4 606/11/4
f 748/11/2 763/11/2 762/11/2 747/11/2
f 762/11/4 763/11/4 608/11/4 607/11/4
f 749/11/2 764/11/2 763/11/2 748/11/2
f 763/11/4 764/11/4 609/11/4 608/11/4
f 750/11/2 765/11/2 764/11/2 749/11/2
f 764/11/4 765/11/4 610/11/4 609/11/4
f 751/11/2 766/11/2 765/11/2 750/11/2
f 765/11/4 766/11/4 611/11/4 610/11/4
f 752/11/2 767/11/2 766/11/2 751/11/2
f 766/11/4 767/11/4 612/11/4 611/11/4
f 753/11/2 768/11/2 767/11/2 752/11/2
f 767/11/4 768/11/4 613/11/4 612/11/4
f 754/11/2 769/11/2 768/11/2 753/11/2
f 768/11/4 769/11/4 614/11/4 613/11/4
f 755/11/2 770/11/2 769/11/2 754/11/2
f 769/11/4 770/11/4 615/11/4 614/11/4
f 623/5/6 771/5/6 756/5/6 601/5/6
f 757/4/5 772/4/5 624/4/5 602/4/5
f 625/4/6 773/4/6 759/4/6 603/4/6
f 774/4/4 775/4/4 627/4/4 626/4/4
f 770/4/5 774/4/5 626/4/5 615/4/5
f 775/4/4 776/4/4 628/4/4 627/4/4
f 776/4/4 777/4/4 629/4/4 628/4/4
f 777/4/4 778/4/4 630/4/4 629/4/4
f 778/4/4 779/4/4 631/4/4 630/4/4
f 779/5/4 780/5/4 632/5/4 631/5/4
f 780/4/4 781/4/4 633/4/4 632/4/4
f 781/4/4 782/4/4 634/4/4 633/4/4
f 782/4/4 783/4/4 635/4/4 634/4/4
f 783/4/4 784/4/4 636/4/4 635/4/4
f 784/4/4 785/4/4 637/4/4 636/4/4
f 785/5/4 786/5/4 639/5/4 637/5/4
f 786/5/4 787/5/4 641/5/4 639/5/4
f 787/5/4 788/5/4 643/5/4 641/5/4
f 788/11/4 789/11/4 645/11/4 643/11/4
f 789/5/4 790/5/4 647/5/4 645/5/4
f 790/5/4 791/5/4 649/5/4 647/5/4
f 791/5/4 792/5/4 651/5/4 649/5/4
f 651/5/6 792/5/6 771/5/6 623/5/6
f 772/4/5 793/4/5 652/4/5 624/4/5
f 653/4/6 794/4/6 773/4/6 625/4/6
f 793/4/5 795/4/5 654/4/5 652/4/5
f 655/4/6 796/4/6 794/4/6 653/4/6
f 795/4/5 797/4/5 656/4/5 654/4/5
f 657/4/6 798/4/6 796/4/6 655/4/6
f 799/5/4 800/5/4 659/5/4 658/5/4
f 797/5/5 799/5/5 658/5/5 656/5/5
f 800/4/4 801/4/4 660/4/4 659/4/4
f 801/4/4 802/4/4 661/4/4 660/4/4
f 802/4/4 803/4/4 662/4/4 661/4/4
f 662/4/6 803/4/6 798/4/6 657/4/6
f 663/4/3 804/4/3 805/4/3 664/4/3
f 805/4/5 806/4/5 665/4/5 664/4/5
f 666/4/3 807/4/3 804/4/3 663/4/3
f 667/4/3 808/4/3 807/4/3 666/4/3
f 668/4/3 809/4/3 808/4/3 667/4/3
f 669/4/6 810/4/6 809/4/6 668/4/6
f 806/11/5 811/11/5 670/11/5 665/11/5
f 671/4/6 812/4/6 810/4/6 669/4/6
f 811/4/5 813/4/5 672/4/5 670/4/5
f 673/4/6 814/4/6 812/4/6 671/4/6
f 813/4/5 815/4/5 674/4/5 672/4/5
f 675/4/6 816/4/6 814/4/6 673/4/6
f 815/4/5 817/4/5 676/4/5 674/4/5
f 677/4/6 818/4/6 816/4/6 675/4/6
f 678/4/3 819/4/3 820/4/3 679/4/3
f 820/4/5 821/4/5 680/4/5 679/4/5
f 681/4/3 822/4/3 819/4/3 678/4/3
f 682/4/3 823/4/3 822/4/3 681/4/3
f 683/4/3 824/4/3 823/4/3 682/4/3
f 684/4/3 825/4/3 824/4/3 683/4/3
f 685/4/3 826/4/3 825/4/3 684/4/3
f 686/4/3 827/4/3 826/4/3 685/4/3
f 687/4/3 828/4/3 827/4/3 686/4/3
f 688/4/3 829/4/3 828/4/3 687/4/3
f 689/4/3 830/4/3 829/4/3 688/4/3
f 690/4/3 831/4/3 830/4/3 689/4/3
f 691/4/6 832/4/6 831/4/6 690/4/6
f 692/11/3 833/11/3 834/11/3 693/11/3
f 834/11/5 835/11/5 694/11/5 693/11/5
f 695/11/6 836/11/6 833/11/6 692/11/6
f 817/4/5 837/4/5 696/4/5 676/4/5
f 699/4/6 838/4/6 818/4/6 677/4/6
f 821/4/5 839/4/5 720/4/5 680/4/5
f 721/5/3 840/5/3 832/5/3 691/5/3
f 722/5/3 841/5/3 840/5/3 721/5/3
f 694/5/3 835/5/3 841/5/3 722/5/3
f 723/5/3 842/5/3 836/5/3 695/5/3
f 724/5/3 843/5/3 842/5/3 723/5/3
f 725/5/3 844/5/3 843/5/3 724/5/3
f 726/5/6 845/5/6 844/5/6 725/5/6
f 837/4/5 846/4/5 727/4/5 696/4/5
f 729/4/6 847/4/6 838/4/6 699/4/6
f 839/4/5 848/4/5 740/4/5 720/4/5
f 741/5/6 849/5/6 845/5/6 726/5/6
f 846/4/5 850/4/5 742/4/5 727/4/5
f 744/4/6 851/4/6 847/4/6 729/4/6
f 848/4/5 852/4/5 755/4/5 740/4/5
f 756/5/6 853/5/6 849/5/6 741/5/6
f 850/4/5 854/4/5 757/4/5 742/4/5
f 759/4/6 855/4/6 851/4/6 744/4/6
f 852/4/5 856/4/5 770/4/5 755/4/5
f 771/5/6 857/5/6 853/5/6 756/5/6
f 854/4/5 858/4/5 772/4/5 757/4/5
f 773/4/6 859/4/6 855/4/6 759/4/6
f 860/4/4 861/4/4 775/4/4 774/4/4
f 856/4/5 860/4/5 774/4/5 770/4/5
f 861/4/4 862/4/4 776/4/4 775/4/4
f 862/4/4 863/4/4 777/4/4 776/4/4
f 863/4/4 864/4/4 778/4/4 777/4/4
f 864/4/4 865/4/4 779/4/4 778/4/4
f 865/4/4 866/4/4 780/4/4 779/4/4
f 866/4/4 867/4/4 781/4/4 780/4/4
f 867/4/4 868/4/4 782/4/4 781/4/4
f 868/4/4 869/4/4 783/4/4 782/4/4
f 869/4/4 870/4/4 784/4/4 783/4/4
f 870/4/4 871/4/4 785/4/4 784/4/4
f 871/5/4 872/5/4 786/5/4 785/5/4
f 872/5/4 873/5/4 787/5/4 786/5/4
f 873/5/4 874/5/4 788/5/4 787/5/4
f 874/5/4 875/5/4 789/5/4 788/5/4
f 875/5/4 876/5/4 790/5/4 789/5/4
f 876/5/4 877/5/4 791/5/4 790/5/4
f 877/5/4 878/5/4 792/5/4 791/5/4
f 792/5/6 878/5/6 857/5/6 771/5/6
f 858/4/5 879/4/5 793/4/5 772/4/5
f 794/4/6 880/4/6 859/4/6 773/4/6
f 879/4/5 881/4/5 795/4/5 793/4/5
f 796/4/6 882/4/6 880/4/6 794/4/6
f 881/4/5 883/4/5 797/4/5 795/4/5
f 798/4/6 884/4/6 882/4/6 796/4/6
f 885/4/4 886/4/4 800/4/4 799/4/4
f 883/4/5 885/4/5 799/4/5 797/4/5
f 886/4/4 887/4/4 801/4/4 800/4/4
f 887/4/4 888/4/4 802/4/4 801/4/4
f 888/4/4 889/4/4 803/4/4 802/4/4
f 803/4/6 889/4/6 884/4/6 798/4/6
f 804/4/3 890/4/3 891/4/3 805/4/3
f 891/4/5 892/4/5 806/4/5 805/4/5
f 807/4/3 893/4/3 890/4/3 804/4/3
f 808/4/3 894/4/3 893/4/3 807/4/3
f 809/4/3 895/4/3 894/4/3 808/4/3
f 810/4/6 896/4/6 895/4/6 809/4/6
f 892/4/5 897/4/5 811/4/5 806/4/5
f 812/4/6 898/4/6 896/4/6 810/4/6
f 897/4/5 899/4/5 813/4/5 811/4/5
f 814/4/6 900/4/6 898/4/6 812/4/6
f 899/4/5 901/4/5 815/4/5 813/4/5
f 816/4/6 902/4/6 900/4/6 814/4/6
f 901/4/5 903/4/5 817/4/5 815/4/5
f 818/4/6 904/4/6 902/4/6 816/4/6
f 819/4/3 905/4/3 906/4/3 820/4/3
f 906/4/5 907/4/5 821/4/5 820/4/5
f 822/4/3 908/4/3 905/4/3 819/4/3
f 823/4/3 909/4/3 908/4/3 822/4/3
f 824/4/3 910/4/3 909/4/3 823/4/3
f 825/4/3 911/4/3 910/4/3 824/4/3
f 826/4/3 912/4/3 911/4/3 825/4/3
f 827/4/3 913/4/3 912/4/3 826/4/3
f 828/4/3 914/4/3 913/4/3 827/4/3
f 829/4/3 915/4/3 914/4/3 828/4/3
f 830/4/3 916/4/3 915/4/3 829/4/3
f 831/4/3 917/4/3 916/4/3 830/4/3
f 832/4/6 918/4/6 917/4/6 831/4/6
f 833/11/3 919/11/3 920/11/3 834/11/3
f 920/11/5 921/11/5 835/11/5 834/11/5
f 836/11/6 922/11/6 919/11/6 833/11/6
f 903/4/5 923/4/5 837/4/5 817/4/5
f 838/4/6 924/4/6 904/4/6 818/4/6
f 907/4/5 925/4/5 839/4/5 821/4/5
f 840/5/3 926/5/3 918/5/3 832/5/3
f 841/5/3 927/5/3 926/5/3 840/5/3
f 835/5/3 921/5/3 927/5/3 841/5/3
f 842/5/3 928/5/3 922/5/3 836/5/3
f 843/5/3 929/5/3 928/5/3 842/5/3
f 844/5/3 930/5/3 929/5/3 843/5/3
f 845/5/6 931/5/6 930/5/6 844/5/6
f 923/4/5 932/4/5 846/4/5 837/4/5
f 847/4/6 933/4/6 924/4/6 838/4/6
f 925/4/5 934/4/5 848/4/5 839/4/5
f 849/5/6 935/5/6 931/5/6 845/5/6
f 932/4/5 936/4/5 850/4/5 846/4/5
f 851/4/6 937/4/6 933/4/6 847/4/6
f 934/4/5 938/4/5 852/4/5 848/4/5
f 853/5/6 939/5/6 935/5/6 849/5/6
f 936/4/5 940/4/5 854/4/5 850/4/5
f 855/4/6 941/4/6 937/4/6 851/4/6
f 938/4/5 942/4/5 856/4/5 852/4/5
f 857/5/6 943/5/6 939/5/6 853/5/6
f 940/4/5 944/4/5 858/4/5 854/4/5
f 859/4/6 945/4/6 941/4/6 855/4/6
f 946/4/4 947/4/4 861/4/4 860/4/4
f 942/4/5 946/4/5 860/4/5 856/4/5
f 947/4/4 948/4/4 862/4/4 861/4/4
f 948/4/4 949/4/4 863/4/4 862/4/4
f 949/4/4 950/4/4 864/4/4 863/4/4
f 950/4/4 951/4/4 865/4/4 864/4/4
f 951/4/4 952/4/4 866/4/4 865/4/4
f 952/4/4 953/4/4 867/4/4 866/4/4
f 953/4/4 954/4/4 868/4/4 867/4/4
f 954/4/4 955/4/4 869/4/4 868/4/4
f 955/4/4 956/4/4 870/4/4 869/4/4
f 956/4/4 957/4/4 871/4/4 870/4/4
f 957/5/4 958/5/4 872/5/4 871/5/4
f 958/5/4 959/5/4 873/5/4 872/5/4
f 959/5/4 960/5/4 874/5/4 873/5/4
f 960/5/4 961/5/4 875/5/4 874/5/4
f 961/5/4 962/5/4 876/5/4 875/5/4
f 962/5/4 963/5/4 877/5/4 876/5/4
f 963/5/4 964/5/4 878/5/4 877/5/4
f 878/5/6 964/5/6 943/5/6 857/5/6
f 944/4/5 965/4/5 879/4/5 858/4/5
f 880/4/6 966/4/6 945/4/6 859/4/6
f 965/4/5 967/4/5 881/4/5 879/4/5
f 882/4/6 968/4/6 966/4/6 880/4/6
f 967/4/5 969/4/5 883/4/5 881/4/5
f 884/4/6 970/4/6 968/4/6 882/4/6
f 971/4/4 972/4/4 886/4/4 885/4/4
f 969/4/5 971/4/5 885/4/5 883/4/5
f 972/4/4 973/4/4 887/4/4 886/4/4
f 973/4/4 974/4/4 888/4/4 887/4/4
f 974/4/4 975/4/4 889/4/4 888/4/4
f 889/4/6 975/4/6 970/4/6 884/4/6
f 890/4/3 976/4/3 977/4/3 891/4/3
f 977/4/5 978/4/5 892/4/5 891/4/5
f 893/4/3 979/4/3 976/4/3 890/4/3
f 894/4/3 980/4/3 979/4/3 893/4/3
f 895/4/3 981/4/3 980/4/3 894/4/3
f 896/4/6 982/4/6 981/4/6 895/4/6
f 978/4/5 983/4/5 897/4/5 892/4/5
f 898/4/6 984/4/6 982/4/6 896/4/6
f 983/4/5 985/4/5 899/4/5 897/4/5
f 900/4/6 986/4/6 984/4/6 898/4/6
f 985/4/5 987/4/5 901/4/5 899/4/5
f 902/4/6 988/4/6 986/4/6 900/4/6
f 987/4/5 989/4/5 903/4/5 901/4/5
f 904/4/6 990/4/6 988/4/6 902/4/6
f 905/4/3 991/4/3 992/4/3 906/4/3
f 992/4/5 993/4/5 907/4/5 906/4/5
f 908/4/3 994/4/3 991/4/3 905/4/3
f 909/4/3 995/4/3 994/4/3 908/4/3
f 910/4/3 996/4/3 995/4/3 909/4/3
f 911/4/3 997/4/3 996/4/3 910/4/3
f 912/4/3 998/4/3 997/4/3 911/4/3
f 913/4/3 999/4/3 998/4/3 912/4/3
f 914/4/3 1000/4/3 999/4/3 913/4/3
f 915/4/3 1001/4/3 1000/4/3 914/4/3
f 916/4/3 1002/4/3 1001/4/3 915/4/3
f 917/4/3 1003/4/3 1002/4/3 916/4/3
f 918/4/6 1004/4/6 1003/4/6 917/4/6
f 919/11/3 1005/11/3 1006/11/3 920/11/3
f 1006/11/5 1007/11/5 921/11/5 920/11/5
f 922/11/6 1008/11/6 1005/11/6 919/11/6
f 989/4/5 1009/4/5 923/4/5 903/4/5
f 924/11/1 1010/11/1 1011/11/1 904/11/1
f 1011/11/3 1012/11/3 990/11/3 904/11/3
f 1010/11/1 1013/11/1 1014/11/1 1011/11/1
f 1014/11/3 1015/11/3 1012/11/3 1011/11/3
f 1013/11/1 1016/11/1 1017/11/1 1014/11/1
f 1017/11/3 1018/11/3 1015/11/3 1014/11/3
f 1016/11/1 1019/11/1 1020/11/1 1017/11/1
f 1020/11/3 1021/11/3 1018/11/3 1017/11/3
f 1019/11/1 1022/11/1 1023/11/1 1020/11/1
f 1023/11/3 1024/11/3 1021/11/3 1020/11/3
f 1022/11/1 1025/11/1 1026/11/1 1023/11/1
f 1026/11/3 1027/11/3 1024/11/3 1023/11/3
f 1025/5/1 1028/5/1 1029/5/1 1026/5/1
f 1029/5/3 1030/5/3 1027/5/3 1026/5/3
f 1028/11/1 1031/11/1 1032/11/1 1029/11/1
f 1032/11/3 1033/11/3 1030/11/3 1029/11/3
f 1031/11/1 1034/11/1 1035/11/1 1032/11/1
f 1035/11/3 1036/11/3 1033/11/3 1032/11/3
f 1034/11/1 1037/11/1 1038/11/1 1035/11/1
f 1038/11/3 1039/11/3 1036/11/3 1035/11/3
f 1037/11/1 1040/11/1 1041/11/1 1038/11/1
f 1041/11/3 1042/11/3 1039/11/3 1038/11/3
f 1040/11/1 925/11/1 907/11/1 1041/11/1
f 907/11/3 993/11/3 1042/11/3 1041/11/3
f 926/5/3 1043/5/3 1004/5/3 918/5/3
f 927/5/3 1044/5/3 1043/5/3 926/5/3
f 921/5/3 1007/5/3 1044/5/3 927/5/3
f 928/5/3 1045/5/3 1008/5/3 922/5/3
f 929/5/3 1046/5/3 1045/5/3 928/5/3
f 930/5/3 1047/5/3 1046/5/3 929/5/3
f 931/5/6 1048/5/6 1047/5/6 930/5/6
f 1009/4/5 1049/4/5 932/4/5 923/4/5
f 933/11/1 1050/11/1 1010/11/1 924/11/1
f 1050/11/1 1051/11/1 1013/11/1 1010/11/1
f 1051/11/1 1052/11/1 1016/11/1 1013/11/1
f 1052/11/1 1053/11/1 1019/11/1 1016/11/1
f 1053/11/1 1054/11/1 1022/11/1 1019/11/1
f 1054/11/1 1055/11/1 1025/11/1 1022/11/1
f 1055/11/1 1056/11/1 1028/11/1 1025/11/1
f 1056/11/1 1057/11/1 1031/11/1 1028/11/1
f 1057/11/1 1058/11/1 1034/11/1 1031/11/1
f 1058/11/1 1059/11/1 1037/11/1 1034/11/1
f 1059/11/1 1060/11/1 1040/11/1 1037/11/1
f 1060/11/1 934/11/1 925/11/1 1040/11/1
f 935/5/6 1061/5/6 1048/5/6 931/5/6
f 1049/4/5 1062/4/5 936/4/5 932/4/5
f 937/11/1 1063/11/1 1050/11/1 933/11/1
f 1063/11/1 1064/11/1 1051/11/1 1050/11/1
f 1064/11/1 1065/11/1 1052/11/1 1051/11/1
f 1065/11/1 1066/11/1 1053/11/1 1052/11/1
f 1066/11/1 1067/11/1 1054/11/1 1053/11/1
f 1067/11/1 1068/11/1 1055/11/1 1054/11/1
f 1068/11/1 1069/11/1 1056/11/1 1055/11/1
f 1069/11/1 1070/11/1 1057/11/1 1056/11/1
f 1070/11/1 1071/11/1 1058/11/1 1057/11/1
f 1071/11/1 1072/11/1 1059/11/1 1058/11/1
f 1072/11/1 1073/11/1 1060/11/1 1059/11/1
f 1073/11/1 938/11/1 934/11/1 1060/11/1
f 939/5/6 1074/5/6 1061/5/6 935/5/6
f 1062/4/5 1075/4/5 940/4/5 936/4/5
f 941/11/1 1076/11/1 1063/11/1 937/11/1
f 1077/11/4 1078/11/4 1076/11/4 941/11/4
f 1076/5/1 1079/5/1 1064/5/1 1063/5/1
f 1078/5/4 1080/5/4 1079/5/4 1076/5/4
f 1079/11/1 1081/11/1 1065/11/1 1064/11/1
f 1080/11/4 1082/11/4 1081/11/4 1079/11/4
f 1081/11/1 1083/11/1 1066/11/1 1065/11/1
f 1082/11/4 1084/11/4 1083/11/4 1081/11/4
f 1083/11/1 1085/11/1 1067/11/1 1066/11/1
f 1084/11/4 1086/11/4 1085/11/4 1083/11/4
f 1085/11/1 1087/11/1 1068/11/1 1067/11/1
f 1086/11/4 1088/11/4 1087/11/4 1085/11/4
f 1087/11/1 1089/11/1 1069/11/1 1068/11/1
f 1088/11/4 1090/11/4 1089/11/4 1087/11/4
f 1089/11/1 1091/11/1 1070/11/1 1069/11/1
f 1090/11/4 1092/11/4 1091/11/4 1089/11/4
f 1091/11/1 1093/11/1 1071/11/1 1070/11/1
f 1092/11/4 1094/11/4 1093/11/4 1091/11/4
f 1093/11/1 1095/11/1 1072/11/1 1071/11/1
f 1094/11/4 1096/11/4 1095/11/4 1093/11/4
f 1095/11/1 1097/11/1 1073/11/1 1072/11/1
f 1096/11/4 1098/11/4 1097/11/4 1095/11/4
f 1097/11/1 942/11/1 938/11/1 1073/11/1
f 1098/11/4 1099/11/4 942/11/4 1097/11/4
f 943/5/6 1100/5/6 1074/5/6 939/5/6
f 1075/4/5 1101/4/5 944/4/5 940/4/5
f 945/4/6 1102/4/6 1077/4/6 941/4/6
f 1103/4/4 1104/4/4 947/4/4 946/4/4
f 1099/4/5 1103/4/5 946/4/5 942/4/5
f 1104/4/4 1105/4/4 948/4/4 947/4/4
f 1105/4/4 1106/4/4 949/4/4 948/4/4
f 1106/4/4 1107/4/4 950/4/4 949/4/4
f 1107/4/4 1108/4/4 951/4/4 950/4/4
f 1108/4/4 1109/4/4 952/4/4 951/4/4
f 1109/4/4 1110/4/4 953/4/4 952/4/4
f 1110/4/4 1111/4/4 954/4/4 953/4/4
f 1111/4/4 1112/4/4 955/4/4 954/4/4
f 1112/4/4 1113/4/4 956/4/4 955/4/4
f 1113/4/4 1114/4/4 957/4/4 956/4/4
f 1114/5/4 1115/5/4 958/5/4 957/5/4
f 1115/5/4 1116/5/4 959/5/4 958/5/4
f 1116/5/4 1117/5/4 960/5/4 959/5/4
f 1117/5/4 1118/5/4 961/5/4 960/5/4
f 1118/5/4 1119/5/4 962/5/4 961/5/4
f 1119/5/4 1120/5/4 963/5/4 962/5/4
f 1120/5/4 1121/5/4 964/5/4 963/5/4
f 964/5/6 1121/5/6 1100/5/6 943/5/6
f 1101/4/5 1122/4/5 965/4/5 944/4/5
f 966/11/6 1123/11/6 1102/11/6 945/11/6
f 1122/4/5 1124/4/5 967/4/5 965/4/5
f 968/4/6 1125/4/6 1123/4/6 966/4/6
f 1124/4/5 1126/4/5 969/4/5 967/4/5
f 970/4/6 1127/4/6 1125/4/6 968/4/6
f 1128/4/4 1129/4/4 972/4/4 971/4/4
f 1126/4/5 1128/4/5 971/4/5 969/4/5
f 1129/4/4 1130/4/4 973/4/4 972/4/4
f 1130/4/4 1131/4/4 974/4/4 973/4/4
f 1131/4/4 1132/4/4 975/4/4 974/4/4
f 975/4/6 1132/4/6 1127/4/6 970/4/6
f 976/4/3 1133/4/3 1134/4/3 977/4/3
f 1134/4/5 1135/4/5 978/4/5 977/4/5
f 979/4/3 1136/4/3 1133/4/3 976/4/3
f 980/4/3 1137/4/3 1136/4/3 979/4/3
f 981/4/3 1138/4/3 1137/4/3 980/4/3
f 982/4/6 1139/4/6 1138/4/6 981/4/6
f 1135/4/5 1140/4/5 983/4/5 978/4/5
f 984/4/6 1141/4/6 1139/4/6 982/4/6
f 1140/4/5 1142/4/5 985/4/5 983/4/5
f 986/4/6 1143/4/6 1141/4/6 984/4/6
f 1142/4/5 1144/4/5 987/4/5 985/4/5
f 988/4/6 1145/4/6 1143/4/6 986/4/6
f 1144/4/5 1146/4/5 989/4/5 987/4/5
f 990/4/6 1147/4/6 1145/4/6 988/4/6
f 991/4/3 1148/4/3 1149/4/3 992/4/3
f 1149/4/5 1150/4/5 993/4/5 992/4/5
f 994/4/3 1151/4/3 1148/4/3 991/4/3
f 995/4/3 1152/4/3 1151/4/3 994/4/3
f 996/4/3 1153/4/3 1152/4/3 995/4/3
f 997/4/3 1154/4/3 1153/4/3 996/4/3
f 998/4/3 1155/4/3 1154/4/3 997/4/3
f 999/4/3 1156/4/3 1155/4/3 998/4/3
f 1000/4/3 1157/4/3 1156/4/3 999/4/3
f 1001/4/3 1158/4/3 1157/4/3 1000/4/3
f 1002/4/3 1159/4/3 1158/4/3 1001/4/3
f 1003/4/3 1160/4/3 1159/4/3 1002/4/3
f 1004/4/6 1161/4/6 1160/4/6 1003/4/6
f 1162/11/2 1163/11/2 1164/11/2 1165/11/2
f 1005/11/3 1162/11/3 1165/11/3 1006/11/3
f 1165/11/5 1164/11/5 1007/11/5 1006/11/5
f 1008/11/6 1163/11/6 1162/11/6 1005/11/6
f 1146/4/5 1166/4/5 1009/4/5 989/4/5
f 1012/11/3 1167/11/3 1147/11/3 990/11/3
f 1015/11/3 1168/11/3 1167/11/3 1012/11/3
f 1018/11/3 1169/11/3 1168/11/3 1015/11/3
f 1021/11/3 1170/11/3 1169/11/3 1018/11/3
f 1024/11/3 1171/11/3 1170/11/3 1021/11/3
f 1027/11/3 1172/11/3 1171/11/3 1024/11/3
f 1030/11/3 1173/11/3 1172/11/3 1027/11/3
f 1033/11/3 1174/11/3 1173/11/3 1030/11/3
f 1036/11/3 1175/11/3 1174/11/3 1033/11/3
f 1039/11/3 1176/11/3 1175/11/3 1036/11/3
f 1042/11/3 1177/11/3 1176/11/3 1039/11/3
f 993/11/3 1150/11/3 1177/11/3 1042/11/3
f 1178/5/2 1179/5/2 1180/5/2 1161/5/2
f 1043/5/3 1178/5/3 1161/5/3 1004/5/3
f 1181/5/2 1182/5/2 1179/5/2 1178/5/2
f 1044/5/3 1181/5/3 1178/5/3 1043/5/3
f 1164/5/2 1183/5/2 1182/5/2 1181/5/2
f 1007/5/3 1164/5/3 1181/5/3 1044/5/3
f 1163/5/2 1184/5/2 1183/5/2 1164/5/2
f 1185/5/2 1186/5/2 1184/5/2 1163/5/2
f 1045/5/3 1185/5/3 1163/5/3 1008/5/3
f 1187/5/2 1188/5/2 1186/5/2 1185/5/2
f 1046/5/3 1187/5/3 1185/5/3 1045/5/3
f 1189/5/2 1190/5/2 1188/5/2 1187/5/2
f 1047/5/3 1189/5/3 1187/5/3 1046/5/3
f 1048/5/6 1190/5/6 1189/5/6 1047/5/6
f 1166/4/5 1191/4/5 1049/4/5 1009/4/5
f 1179/5/2 1192/5/2 1193/5/2 1180/5/2
f 1182/5/2 1194/5/2 1192/5/2 1179/5/2
f 1183/5/2 1195/5/2 1194/5/2 1182/5/2
f 1184/5/2 1196/5/2 1195/5/2 1183/5/2
f 1186/5/2 1197/5/2 1196/5/2 1184/5/2
f 1188/5/2 1198/5/2 1197/5/2 1186/5/2
f 1190/5/2 1199/5/2 1198/5/2 1188/5/2
f 1061/5/6 1199/5/6 1190/5/6 1048/5/6
f 1191/4/5 1200/4/5 1062/4/5 1049/4/5
f 1192/5/2 1201/5/2 1202/5/2 1193/5/2
f 1194/5/2 1203/5/2 1201/5/2 1192/5/2
f 1195/5/2 1204/5/2 1203/5/2 1194/5/2
f 1196/5/2 1205/5/2 1204/5/2 1195/5/2
f 1197/5/2 1206/5/2 1205/5/2 1196/5/2
f 1198/5/2 1207/5/2 1206/5/2 1197/5/2
f 1199/5/2 1208/5/2 1207/5/2 1198/5/2
f 1074/5/6 1208/5/6 1199/5/6 1061/5/6
f 1200/4/5 1209/4/5 1075/4/5 1062/4/5
f 1210/11/4 1211/11/4 1078/11/4 1077/11/4
f 1211/11/4 1212/11/4 1080/11/4 1078/11/4
f 1212/11/4 1213/11/4 1082/11/4 1080/11/4
f 1213/11/4 1214/11/4 1084/11/4 1082/11/4
f 1214/11/4 1215/11/4 1086/11/4 1084/11/4
f 1215/11/4 1216/11/4 1088/11/4 1086/11/4
f 1216/11/4 1217/11/4 1090/11/4 1088/11/4
f 1217/11/4 1218/11/4 1092/11/4 1090/11/4
f 1218/11/4 1219/11/4 1094/11/4 1092/11/4
f 1219/11/4 1220/11/4 1096/11/4 1094/11/4
f 1220/11/4 1221/11/4 1098/11/4 1096/11/4
f 1221/11/4 1222/11/4 1099/11/4 1098/11/4
f 1201/5/2 1223/5/2 1224/5/2 1202/5/2
f 1203/5/2 1225/5/2 1223/5/2 1201/5/2
f 1204/5/2 1226/5/2 1225/5/2 1203/5/2
f 1205/5/2 1227/5/2 1226/5/2 1204/5/2
f 1206/5/2 1228/5/2 1227/5/2 1205/5/2
f 1207/5/2 1229/5/2 1228/5/2 1206/5/2
f 1208/5/2 1230/5/2 1229/5/2 1207/5/2
f 1100/5/6 1230/5/6 1208/5/6 1074/5/6
f 1209/4/5 1231/4/5 1101/4/5 1075/4/5
f 1102/4/6 1232/4/6 1210/4/6 1077/4/6
f 1233/4/4 1234/4/4 1104/4/4 1103/4/4
f 1222/4/5 1233/4/5 1103/4/5 1099/4/5
f 1234/4/4 1235/4/4 1105/4/4 1104/4/4
f 1235/4/4 1236/4/4 1106/4/4 1105/4/4
f 1236/4/4 1237/4/4 1107/4/4 1106/4/4
f 1237/4/4 1238/4/4 1108/4/4 1107/4/4
f 1238/4/4 1239/4/4 1109/4/4 1108/4/4
f 1239/4/4 1240/4/4 1110/4/4 1109/4/4
f 1240/4/4 1241/4/4 1111/4/4 1110/4/4
f 1241/4/4 1242/4/4 1112/4/4 1111/4/4
f 1242/4/4 1243/4/4 1113/4/4 1112/4/4
f 1243/4/4 1244/4/4 1114/4/4 1113/4/4
f 1223/5/2 1245/5/2 1244/5/2 1224/5/2
f 1244/5/4 1245/5/4 1115/5/4 1114/5/4
f 1225/5/2 1246/5/2 1245/5/2 1223/5/2
f 1245/5/4 1246/5/4 1116/5/4 1115/5/4
f 1226/5/2 1247/5/2 1246/5/2 1225/5/2
f 1246/5/4 1247/5/4 1117/5/4 1116/5/4
f 1227/5/2 1248/5/2 1247/5/2 1226/5/2
f 1247/5/4 1248/5/4 1118/5/4 1117/5/4
f 1228/5/2 1249/5/2 1248/5/2 1227/5/2
f 1248/5/4 1249/5/4 1119/5/4 1118/5/4
f 1229/5/2 1250/5/2 1249/5/2 1228/5/2
f 1249/5/4 1250/5/4 1120/5/4 1119/5/4
f 1230/5/2 1251/5/2 1250/5/2 1229/5/2
f 1250/5/4 1251/5/4 1121/5/4 1120/5/4
f 1121/5/6 1251/5/6 1230/5/6 1100/5/6
f 1231/4/5 1252/4/5 1122/4/5 1101/4/5
f 1123/4/6 1253/4/6 1232/4/6 1102/4/6
f 1252/4/5 1254/4/5 1124/4/5 1122/4/5
f 1125/4/6 1255/4/6 1253/4/6 1123/4/6
f 1254/4/5 1256/4/5 1126/4/5 1124/4/5
f 1127/4/6 1257/4/6 1255/4/6 1125/4/6
f 1258/4/4 1259/4/4 1129/4/4 1128/4/4
f 1256/4/5 1258/4/5 1128/4/5 1126/4/5
f 1259/4/4 1260/4/4 1130/4/4 1129/4/4
f 1260/4/4 1261/4/4 1131/4/4 1130/4/4
f 1261/4/4 1262/4/4 1132/4/4 1131/4/4
f 1132/4/6 1262/4/6 1257/4/6 1127/4/6
f 1133/4/3 1263/4/3 1264/4/3 1134/4/3
f 1264/4/5 1265/4/5 1135/4/5 1134/4/5
f 1136/4/3 1266/4/3 1263/4/3 1133/4/3
f 1137/4/3 1267/4/3 1266/4/3 1136/4/3
f 1138/4/3 1268/4/3 1267/4/3 1137/4/3
f 1139/4/6 1269/4/6 1268/4/6 1138/4/6
f 1265/4/5 1270/4/5 1140/4/5 1135/4/5
f 1141/4/6 1271/4/6 1269/4/6 1139/4/6
f 1270/4/5 1272/4/5 1142/4/5 1140/4/5
f 1143/4/6 1273/4/6 1271/4/6 1141/4/6
f 1272/4/5 1274/4/5 1144/4/5 1142/4/5
f 1145/4/6 1275/4/6 1273/4/6 1143/4/6
f 1274/4/5 1276/4/5 1146/4/5 1144/4/5
f 1147/4/6 1277/4/6 1275/4/6 1145/4/6
f 1278/4/2 1279/4/2 1280/4/2 1281/4/2
f 1148/4/3 1278/4/3 1281/4/3 1149/4/3
f 1281/4/5 1280/4/5 1150/4/5 1149/4/5
f 1282/4/2 1283/4/2 1279/4/2 1278/4/2
f 1151/4/3 1282/4/3 1278/4/3 1148/4/3
f 1284/4/2 1285/4/2 1283/4/2 1282/4/2
f 1152/4/3 1284/4/3 1282/4/3 1151/4/3
f 1286/4/2 1287/4/2 1285/4/2 1284/4/2
f 1153/4/3 1286/4/3 1284/4/3 1152/4/3
f 1288/4/2 1289/4/2 1287/4/2 1286/4/2
f 1154/4/3 1288/4/3 1286/4/3 1153/4/3
f 1290/4/2 1291/4/2 1289/4/2 1288/4/2
f 1155/4/3 1290/4/3 1288/4/3 1154/4/3
f 1292/4/2 1293/4/2 1291/4/2 1290/4/2
f 1156/4/3 1292/4/3 1290/4/3 1155/4/3
f 1294/4/2 1295/4/2 1293/4/2 1292/4/2
f 1157/4/3 1294/4/3 1292/4/3 1156/4/3
f 1296/4/2 1297/4/2 1295/4/2 1294/4/2
f 1158/4/3 1296/4/3 1294/4/3 1157/4/3
f 1298/4/2 1299/4/2 1297/4/2 1296/4/2
f 1159/4/3 1298/4/3 1296/4/3 1158/4/3
f 1300/4/2 1301/4/2 1299/4/2 1298/4/2
f 1160/4/3 1300/4/3 1298/4/3 1159/4/3
f 1161/4/6 1301/4/6 1300/4/6 1160/4/6
f 1276/4/5 1302/4/5 1166/4/5 1146/4/5
f 1303/11/2 1304/11/2 1305/11/2 1277/11/2
f 1167/11/3 1303/11/3 1277/11/3 1147/11/3
f 1306/11/2 1307/11/2 1304/11/2 1303/11/2
f 1168/11/3 1306/11/3 1303/11/3 1167/11/3
f 1308/11/2 1309/11/2 1307/11/2 1306/11/2
f 1169/11/3 1308/11/3 1306/11/3 1168/11/3
f 1310/11/2 1311/11/2 1309/11/2 1308/11/2
f 1170/11/3 1310/11/3 1308/11/3 1169/11/3
f 1312/11/2 1313/11/2 1311/11/2 1310/11/2
f 1171/11/3 1312/11/3 1310/11/3 1170/11/3
f 1314/11/2 1315/11/2 1313/11/2 1312/11/2
f 1172/11/3 1314/11/3 1312/11/3 1171/11/3
f 1316/11/2 1317/11/2 1315/11/2 1314/11/2
f 1173/11/3 1316/11/3 1314/11/3 1172/11/3
f 1318/11/2 1319/11/2 1317/11/2 1316/11/2
f 1174/11/3 1318/11/3 1316/11/3 1173/11/3
f 1320/5/2 1321/5/2 1319/5/2 1318/5/2
f 1175/5/3 1320/5/3 1318/5/3 1174/5/3
f 1322/11/2 1323/11/2 1321/11/2 1320/11/2
f 1176/11/3 1322/11/3 1320/11/3 1175/11/3
f 1324/11/2 1325/11/2 1323/11/2 1322/11/2
f 1177/11/3 1324/11/3 1322/11/3 1176/11/3
f 1280/11/2 1326/11/2 1325/11/2 1324/11/2
f 1150/11/3 1280/11/3 1324/11/3 1177/11/3
f 1279/4/2 1327/4/2 1326/4/2 1280/4/2
f 1283/4/2 1328/4/2 1327/4/2 1279/4/2
f 1285/4/2 1329/4/2 1328/4/2 1283/4/2
f 1291/4/2 1330/4/2 1331/4/2 1289/4/2
f 1293/4/2 1332/4/2 1330/4/2 1291/4/2
f 1295/4/2 1333/4/2 1332/4/2 1293/4/2
f 1297/4/2 1334/4/2 1333/4/2 1295/4/2
f 1299/4/2 1335/4/2 1334/4/2 1297/4/2
f 1301/4/2 1336/4/2 1335/4/2 1299/4/2
f 1180/4/6 1336/4/6 1301/4/6 1161/4/6
f 1302/4/5 1337/4/5 1191/4/5 1166/4/5
f 1304/11/2 1338/11/2 1339/11/2 1305/11/2
f 1307/11/2 1340/11/2 1338/11/2 1304/11/2
f 1334/4/2 1341/4/2 1342/4/2 1333/4/2
f 1335/4/2 1343/4/2 1341/4/2 1334/4/2
f 1336/4/2 1344/4/2 1343/4/2 1335/4/2
f 1193/4/6 1344/4/6 1336/4/6 1180/4/6
f 1337/4/5 1345/4/5 1200/4/5 1191/4/5
f 1338/11/2 1346/11/2 1347/11/2 1339/11/2
f 1340/11/2 1348/11/2 1346/11/2 1338/11/2
f 1341/4/2 1349/4/2 1350/4/2 1342/4/2
f 1343/4/2 1351/4/2 1349/4/2 1341/4/2
f 1344/4/2 1352/4/2 1351/4/2 1343/4/2
f 1202/4/6 1352/4/6 1344/4/6 1193/4/6
f 1345/4/5 1353/4/5 1209/4/5 1200/4/5
f 1346/11/2 1354/11/2 1355/11/2 1347/11/2
f 1355/11/4 1354/11/4 1211/11/4 1210/11/4
f 1348/11/2 1356/11/2 1354/11/2 1346/11/2
f 1354/11/4 1356/11/4 1212/11/4 1211/11/4
f 1357/11/2 1358/11/2 1356/11/2 1348/11/2
f 1356/11/4 1358/11/4 1213/11/4 1212/11/4
f 1359/11/2 1360/11/2 1358/11/2 1357/11/2
f 1358/11/4 1360/11/4 1214/11/4 1213/11/4
f 1361/11/2 1362/11/2 1360/11/2 1359/11/2
f 1360/11/4 1362/11/4 1215/11/4 1214/11/4
f 1363/11/2 1364/11/2 1362/11/2 1361/11/2
f 1362/11/4 1364/11/4 1216/11/4 1215/11/4
f 1365/11/2 1366/11/2 1364/11/2 1363/11/2
f 1364/11/4 1366/11/4 1217/11/4 1216/11/4
f 1367/11/2 1368/11/2 1366/11/2 1365/11/2
f 1366/11/4 1368/11/4 1218/11/4 1217/11/4
f 1369/11/2 1370/11/2 1368/11/2 1367/11/2
f 1368/11/4 1370/11/4 1219/11/4 1218/11/4
f 1371/11/2 1372/11/2 1370/11/2 1369/11/2
f 1370/11/4 1372/11/4 1220/11/4 1219/11/4
f 1373/11/2 1374/11/2 1372/11/2 1371/11/2
f 1372/11/4 1374/11/4 1221/11/4 1220/11/4
f 1375/11/2 1376/11/2 1374/11/2 1373/11/2
f 1374/11/4 1376/11/4 1222/11/4 1221/11/4
f 1377/4/2 1378/4/2 1376/4/2 1375/4/2
f 1379/4/2 1380/4/2 1378/4/2 1377/4/2
f 1381/4/2 1382/4/2 1380/4/2 1379/4/2
f 1383/4/2 1384/4/2 1385/4/2 1386/4/2
f 1387/4/2 1388/4/2 1384/4/2 1383/4/2
f 1350/4/2 1389/4/2 1388/4/2 1387/4/2
f 1349/4/2 1390/4/2 1389/4/2 1350/4/2
f 1351/4/2 1391/4/2 1390/4/2 1349/4/2
f 1352/4/2 1392/4/2 1391/4/2 1351/4/2
f 1224/4/6 1392/4/6 1352/4/6 1202/4/6
f 1353/4/5 1393/4/5 1231/4/5 1209/4/5
f 1232/4/6 1394/4/6 1355/4/6 1210/4/6
f 1378/4/2 1395/4/2 1396/4/2 1376/4/2
f 1396/4/4 1395/4/4 1234/4/4 1233/4/4
f 1376/4/5 1396/4/5 1233/4/5 1222/4/5
f 1380/4/2 1397/4/2 1395/4/2 1378/4/2
f 1395/4/4 1397/4/4 1235/4/4 1234/4/4
f 1382/4/2 1398/4/2 1397/4/2 1380/4/2
f 1397/4/4 1398/4/4 1236/4/4 1235/4/4
f 1399/4/2 1400/4/2 1398/4/2 1382/4/2
f 1398/4/4 1400/4/4 1237/4/4 1236/4/4
f 1385/4/2 1401/4/2 1400/4/2 1399/4/2
f 1400/4/4 1401/4/4 1238/4/4 1237/4/4
f 1384/4/2 1402/4/2 1401/4/2 1385/4/2
f 1401/4/4 1402/4/4 1239/4/4 1238/4/4
f 1388/4/2 1403/4/2 1402/4/2 1384/4/2
f 1402/4/4 1403/4/4 1240/4/4 1239/4/4
f 1389/4/2 1404/4/2 1403/4/2 1388/4/2
f 1403/4/4 1404/4/4 1241/4/4 1240/4/4
f 1390/4/2 1405/4/2 1404/4/2 1389/4/2
f 1404/4/4 1405/4/4 1242/4/4 1241/4/4
f 1391/4/2 1406/4/2 1405/4/2 1390/4/2
f 1405/4/4 1406/4/4 1243/4/4 1242/4/4
f 1392/4/2 1407/4/2 1406/4/2 1391/4/2
f 1406/4/4 1407/4/4 1244/4/4 1243/4/4
f 1244/4/6 1407/4/6 1392/4/6 1224/4/6
f 1393/4/5 1408/4/5 1252/4/5 1231/4/5
f 1253/4/6 1409/4/6 1394/4/6 1232/4/6
f 1408/4/5 1410/4/5 1254/4/5 1252/4/5
f 1255/4/6 1411/4/6 1409/4/6 1253/4/6
f 1410/4/5 1412/4/5 1256/4/5 1254/4/5
f 1257/4/6 1413/4/6 1411/4/6 1255/4/6
f 1414/4/4 1415/4/4 1259/4/4 1258/4/4
f 1412/4/5 1414/4/5 1258/4/5 1256/4/5
f 1415/4/4 1416/4/4 1260/4/4 1259/4/4
f 1416/4/4 1417/4/4 1261/4/4 1260/4/4
f 1417/4/4 1418/4/4 1262/4/4 1261/4/4
f 1262/4/6 1418/4/6 1413/4/6 1257/4/6
f 1263/4/3 1419/4/3 1420/4/3 1264/4/3
f 1420/4/5 1421/4/5 1265/4/5 1264/4/5
f 1266/4/3 1422/4/3 1419/4/3 1263/4/3
f 1267/4/3 1423/4/3 1422/4/3 1266/4/3
f 1268/4/3 1424/4/3 1423/4/3 1267/4/3
f 1269/4/6 1425/4/6 1424/4/6 1268/4/6
f 1421/4/5 1426/4/5 1270/4/5 1265/4/5
f 1271/4/6 1427/4/6 1425/4/6 1269/4/6
f 1426/4/5 1428/4/5 1272/4/5 1270/4/5
f 1273/4/6 1429/4/6 1427/4/6 1271/4/6
f 1428/4/5 1430/4/5 1274/4/5 1272/4/5
f 1275/4/6 1431/4/6 1429/4/6 1273/4/6
f 1430/4/5 1432/4/5 1276/4/5 1274/4/5
f 1277/4/6 1433/4/6 1431/4/6 1275/4/6
f 1432/4/5 1434/4/5 1302/4/5 1276/4/5
f 1305/4/6 1435/4/6 1433/4/6 1277/4/6
f 1287/4/3 1436/4/3 1437/4/3 1285/4/3
f 1437/4/5 1438/4/5 1329/4/5 1285/4/5
f 1289/4/3 1439/4/3 1436/4/3 1287/4/3
f 1331/4/6 1440/4/6 1439/4/6 1289/4/6
f 1434/4/5 1441/4/5 1337/4/5 1302/4/5
f 1339/4/6 1442/4/6 1435/4/6 1305/4/6
f 1309/11/3 1443/11/3 1444/11/3 1307/11/3
f 1444/11/5 1445/11/5 1340/11/5 1307/11/5
f 1311/11/3 1446/11/3 1443/11/3 1309/11/3
f 1313/11/3 1447/11/3 1446/11/3 1311/11/3
f 1315/11/3 1448/11/3 1447/11/3 1313/11/3
f 1317/11/3 1449/11/3 1448/11/3 1315/11/3
f 1319/11/3 1450/11/3 1449/11/3 1317/11/3
f 1321/11/3 1451/11/3 1450/11/3 1319/11/3
f 1323/11/3 1452/11/3 1451/11/3 1321/11/3
f 1325/11/3 1453/11/3 1452/11/3 1323/11/3
f 1326/11/3 1454/11/3 1453/11/3 1325/11/3
f 1327/11/3 1455/11/3 1454/11/3 1326/11/3
f 1328/11/3 1456/11/3 1455/11/3 1327/11/3
f 1329/11/3 1438/11/3 1456/11/3 1328/11/3
f 1330/11/3 1457/11/3 1440/11/3 1331/11/3
f 1332/11/3 1458/11/3 1457/11/3 1330/11/3
f 1333/11/3 1459/11/3 1458/11/3 1332/11/3
f 1342/11/6 1460/11/6 1459/11/6 1333/11/6
f 1441/4/5 1461/4/5 1345/4/5 1337/4/5
f 1347/4/6 1462/4/6 1442/4/6 1339/4/6
f 1463/11/4 1464/11/4 1357/11/4 1348/11/4
f 1445/11/5 1463/11/5 1348/11/5 1340/11/5
f 1464/11/4 1465/11/4 1359/11/4 1357/11/4
f 1465/11/4 1466/11/4 1361/11/4 1359/11/4
f 1466/11/4 1467/11/4 1363/11/4 1361/11/4
f 1467/11/4 1468/11/4 1365/11/4 1363/11/4
f 1468/11/4 1469/11/4 1367/11/4 1365/11/4
f 1469/11/4 1470/11/4 1369/11/4 1367/11/4
f 1470/11/4 1471/11/4 1371/11/4 1369/11/4
f 1471/11/4 1472/11/4 1373/11/4 1371/11/4
f 1472/11/4 1473/11/4 1375/11/4 1373/11/4
f 1473/11/4 1474/11/4 1377/11/4 1375/11/4
f 1474/11/4 1475/11/4 1379/11/4 1377/11/4
f 1475/11/4 1476/11/4 1381/11/4 1379/11/4
f 1477/11/4 1478/11/4 1383/11/4 1386/11/4
f 1478/11/4 1479/11/4 1387/11/4 1383/11/4
f 1479/11/4 1480/11/4 1350/11/4 1387/11/4
f 1350/11/6 1480/11/6 1460/11/6 1342/11/6
f 1461/4/5 1481/4/5 1353/4/5 1345/4/5
f 1355/4/6 1482/4/6 1462/4/6 1347/4/6
f 1483/4/4 1484/4/4 1399/4/4 1382/4/4
f 1476/4/5 1483/4/5 1382/4/5 1381/4/5
f 1484/4/4 1485/4/4 1385/4/4 1399/4/4
f 1385/4/6 1485/4/6 1477/4/6 1386/4/6
f 1481/4/5 1486/4/5 1393/4/5 1353/4/5
f 1394/4/6 1487/4/6 1482/4/6 1355/4/6
f 1486/4/5 1488/4/5 1408/4/5 1393/4/5
f 1409/4/6 1489/4/6 1487/4/6 1394/4/6
f 1488/4/5 1490/4/5 1410/4/5 1408/4/5
f 1411/4/6 1491/4/6 1489/4/6 1409/4/6
f 1490/4/5 1492/4/5 1412/4/5 1410/4/5
f 1413/4/6 1493/4/6 1491/4/6 1411/4/6
f 1494/4/4 1495/4/4 1415/4/4 1414/4/4
f 1492/4/5 1494/4/5 1414/4/5 1412/4/5
f 1495/4/4 1496/4/4 1416/4/4 1415/4/4
f 1496/4/4 1497/4/4 1417/4/4 1416/4/4
f 1497/4/4 1498/4/4 1418/4/4 1417/4/4
f 1418/4/6 1498/4/6 1493/4/6 1413/4/6
f 1419/4/3 1499/4/3 1500/4/3 1420/4/3
f 1500/4/5 1501/4/5 1421/4/5 1420/4/5
f 1422/4/3 1502/4/3 1499/4/3 1419/4/3
f 1423/4/3 1503/4/3 1502/4/3 1422/4/3
f 1424/4/3 1504/4/3 1503/4/3 1423/4/3
f 1425/4/6 1505/4/6 1504/4/6 1424/4/6
f 1501/4/5 1506/4/5 1426/4/5 1421/4/5
f 1427/4/6 1507/4/6 1505/4/6 1425/4/6
f 1506/4/5 1508/4/5 1428/4/5 1426/4/5
f 1429/4/6 1509/4/6 1507/4/6 1427/4/6
f 1508/4/5 1510/4/5 1430/4/5 1428/4/5
f 1431/4/6 1511/4/6 1509/4/6 1429/4/6
f 1510/4/5 1512/4/5 1432/4/5 1430/4/5
f 1433/4/6 1513/4/6 1511/4/6 1431/4/6
f 1512/4/5 1514/4/5 1434/4/5 1432/4/5
f 1435/4/6 1515/4/6 1513/4/6 1433/4/6
f 1436/4/3 1516/4/3 1517/4/3 1437/4/3
f 1517/4/5 1518/4/5 1438/4/5 1437/4/5
f 1439/4/3 1519/4/3 1516/4/3 1436/4/3
f 1440/4/6 1520/4/6 1519/4/6 1439/4/6
f 1514/4/5 1521/4/5 1441/4/5 1434/4/5
f 1442/4/6 1522/4/6 1515/4/6 1435/4/6
f 1523/11/2 1524/11/2 1525/11/2 1526/11/2
f 1443/11/3 1523/11/3 1526/11/3 1444/11/3
f 1526/11/5 1525/11/5 1445/11/5 1444/11/5
f 1527/11/2 1528/11/2 1524/11/2 1523/11/2
f 1446/11/3 1527/11/3 1523/11/3 1443/11/3
f 1529/11/2 1530/11/2 1528/11/2 1527/11/2
f 1447/11/3 1529/11/3 1527/11/3 1446/11/3
f 1531/11/2 1532/11/2 1530/11/2 1529/11/2
f 1448/11/3 1531/11/3 1529/11/3 1447/11/3
f 1533/11/2 1534/11/2 1532/11/2 1531/11/2
f 1449/11/3 1533/11/3 1531/11/3 1448/11/3
f 1535/11/2 1536/11/2 1534/11/2 1533/11/2
f 1450/11/3 1535/11/3 1533/11/3 1449/11/3
f 1537/11/2 1538/11/2 1536/11/2 1535/11/2
f 1451/11/3 1537/11/3 1535/11/3 1450/11/3
f 1539/11/2 1540/11/2 1538/11/2 1537/11/2
f 1452/11/3 1539/11/3 1537/11/3 1451/11/3
f 1541/11/2 1542/11/2 1540/11/2 1539/11/2
f 1453/11/3 1541/11/3 1539/11/3 1452/11/3
f 1543/11/2 1544/11/2 1542/11/2 1541/11/2
f 1454/11/3 1543/11/3 1541/11/3 1453/11/3
f 1545/11/2 1546/11/2 1544/11/2 1543/11/2
f 1455/11/3 1545/11/3 1543/11/3 1454/11/3
f 1547/11/2 1548/11/2 1546/11/2 1545/11/2
f 1456/11/3 1547/11/3 1545/11/3 1455/11/3
f 1518/11/2 1549/11/2 1548/11/2 1547/11/2
f 1438/11/3 1518/11/3 1547/11/3 1456/11/3
f 1550/11/2 1551/11/2 1552/11/2 1520/11/2
f 1457/11/3 1550/11/3 1520/11/3 1440/11/3
f 1553/11/2 1554/11/2 1551/11/2 1550/11/2
f 1458/11/3 1553/11/3 1550/11/3 1457/11/3
f 1555/11/2 1556/11/2 1554/11/2 1553/11/2
f 1459/11/3 1555/11/3 1553/11/3 1458/11/3
f 1460/11/6 1556/11/6 1555/11/6 1459/11/6
f 1521/4/5 1557/4/5 1461/4/5 1441/4/5
f 1462/4/6 1558/4/6 1522/4/6 1442/4/6
f 1524/11/2 1559/11/2 1560/11/2 1525/11/2
f 1560/11/4 1559/11/4 1464/11/4 1463/11/4
f 1525/11/5 1560/11/5 1463/11/5 1445/11/5
f 1528/11/2 1561/11/2 1559/11/2 1524/11/2
f 1559/11/4 1561/11/4 1465/11/4 1464/11/4
f 1530/11/2 1562/11/2 1561/11/2 1528/11/2
f 1561/11/4 1562/11/4 1466/11/4 1465/11/4
f 1532/11/2 1563/11/2 1562/11/2 1530/11/2
f 1562/11/4 1563/11/4 1467/11/4 1466/11/4
f 1534/11/2 1564/11/2 1563/11/2 1532/11/2
f 1563/11/4 1564/11/4 1468/11/4 1467/11/4
f 1536/11/2 1565/11/2 1564/11/2 1534/11/2
f 1564/11/4 1565/11/4 1469/11/4 1468/11/4
f 1538/11/2 1566/11/2 1565/11/2 1536/11/2
f 1565/11/4 1566/11/4 1470/11/4 1469/11/4
f 1540/11/2 1567/11/2 1566/11/2 1538/11/2
f 1566/11/4 1567/11/4 1471/11/4 1470/11/4
f 1542/11/2 1568/11/2 1567/11/2 1540/11/2
f 1567/11/4 1568/11/4 1472/11/4 1471/11/4
f 1544/11/2 1569/11/2 1568/11/2 1542/11/2
f 1568/11/4 1569/11/4 1473/11/4 1472/11/4
f 1546/11/2 1570/11/2 1569/11/2 1544/11/2
f 1569/11/4 1570/11/4 1474/11/4 1473/11/4
f 1548/11/2 1571/11/2 1570/11/2 1546/11/2
f 1570/11/4 1571/11/4 1475/11/4 1474/11/4
f 1549/11/2 1572/11/2 1571/11/2 1548/11/2
f 1571/11/4 1572/11/4 1476/11/4 1475/11/4
f 1551/11/2 1573/11/2 1574/11/2 1552/11/2
f 1574/11/4 1573/11/4 1478/11/4 1477/11/4
f 1554/11/2 1575/11/2 1573/11/2 1551/11/2
f 1573/11/4 1575/11/4 1479/11/4 1478/11/4
f 1556/11/2 1576/11/2 1575/11/2 1554/11/2
f 1575/11/4 1576/11/4 1480/11/4 1479/11/4
f 1480/11/6 1576/11/6 1556/11/6 1460/11/6
f 1557/4/5 1577/4/5 1481/4/5 1461/4/5
f 1482/4/6 1578/4/6 1558/4/6 1462/4/6
f 1579/4/4 1580/4/4 1484/4/4 1483/4/4
f 1572/4/5 1579/4/5 1483/4/5 1476/4/5
f 1580/4/4 1581/4/4 1485/4/4 1484/4/4
f 1485/4/6 1581/4/6 1574/4/6 1477/4/6
f 1577/4/5 1582/4/5 1486/4/5 1481/4/5
f 1487/4/6 1583/4/6 1578/4/6 1482/4/6
f 1582/4/5 1584/4/5 1488/4/5 1486/4/5
f 1489/4/6 1585/4/6 1583/4/6 1487/4/6
f 1584/4/5 1586/4/5 1490/4/5 1488/4/5
f 1491/4/6 1587/4/6 1585/4/6 1489/4/6
f 1586/4/5 1588/4/5 1492/4/5 1490/4/5
f 1493/4/6 1589/4/6 1587/4/6 1491/4/6
f 1590/4/4 1591/4/4 1495/4/4 1494/4/4
f 1588/4/5 1590/4/5 1494/4/5 1492/4/5
f 1591/4/4 1592/4/4 1496/4/4 1495/4/4
f 1592/4/4 1593/4/4 1497/4/4 1496/4/4
f 1593/4/4 1594/4/4 1498/4/4 1497/4/4
f 1498/4/6 1594/4/6 1589/4/6 1493/4/6
f 1595/4/2 1596/4/2 1597/4/2 1598/4/2
f 1499/4/3 1595/4/3 1598/4/3 1500/4/3
f 1598/4/5 1597/4/5 1501/4/5 1500/4/5
f 1599/4/2 1600/4/2 1596/4/2 1595/4/2
f 1502/4/3 1599/4/3 1595/4/3 1499/4/3
f 1601/4/2 1602/4/2 1600/4/2 1599/4/2
f 1503/4/3 1601/4/3 1599/4/3 1502/4/3
f 1603/4/2 1604/4/2 1602/4/2 1601/4/2
f 1504/4/3 1603/4/3 1601/4/3 1503/4/3
f 1505/4/6 1604/4/6 1603/4/6 1504/4/6
f 1596/4/2 1605/4/2 1606/4/2 1597/4/2
f 1597/4/5 1606/4/5 1506/4/5 1501/4/5
f 1600/4/2 1607/4/2 1605/4/2 1596/4/2
f 1602/4/2 1608/4/2 1607/4/2 1600/4/2
f 1604/4/2 1609/4/2 1608/4/2 1602/4/2
f 1507/4/6 1609/4/6 1604/4/6 1505/4/6
f 1605/4/2 1610/4/2 1611/4/2 1606/4/2
f 1606/4/5 1611/4/5 1508/4/5 1506/4/5
f 1607/4/2 1612/4/2 1610/4/2 1605/4/2
f 1608/4/2 1613/4/2 1612/4/2 1607/4/2
f 1609/4/2 1614/4/2 1613/4/2 1608/4/2
f 1509/4/6 1614/4/6 1609/4/6 1507/4/6
f 1610/4/2 1615/4/2 1616/4/2 1611/4/2
f 1611/4/5 1616/4/5 1510/4/5 1508/4/5
f 1612/4/2 1617/4/2 1615/4/2 1610/4/2
f 1613/4/2 1618/4/2 1617/4/2 1612/4/2
f 1614/4/2 1619/4/2 1618/4/2 1613/4/2
f 1511/4/6 1619/4/6 1614/4/6 1509/4/6
f 1615/4/2 1620/4/2 1621/4/2 1616/4/2
f 1616/4/5 1621/4/5 1512/4/5 1510/4/5
f 1617/4/2 1622/4/2 1620/4/2 1615/4/2
f 1618/4/2 1623/4/2 1622/4/2 1617/4/2
f 1619/4/2 1624/4/2 1623/4/2 1618/4/2
f 1513/4/6 1624/4/6 1619/4/6 1511/4/6
f 1620/4/2 1625/4/2 1626/4/2 1621/4/2
f 1621/4/5 1626/4/5 1514/4/5 1512/4/5
f 1622/4/2 1627/4/2 1625/4/2 1620/4/2
f 1623/4/2 1628/4/2 1627/4/2 1622/4/2
f 1624/4/2 1629/4/2 1628/4/2 1623/4/2
f 1515/4/6 1629/4/6 1624/4/6 1513/4/6
f 1630/4/2 1631/4/2 1632/4/2 1633/4/2
f 1516/4/3 1630/4/3 1633/4/3 1517/4/3
f 1633/4/5 1632/4/5 1518/4/5 1517/4/5
f 1634/4/2 1635/4/2 1631/4/2 1630/4/2
f 1519/4/3 1634/4/3 1630/4/3 1516/4/3
f 1520/4/6 1635/4/6 1634/4/6 1519/4/6
f 1625/4/2 1636/4/2 1637/4/2 1626/4/2
f 1626/4/5 1637/4/5 1521/4/5 1514/4/5
f 1627/4/2 1638/4/2 1636/4/2 1625/4/2
f 1628/4/2 1639/4/2 1638/4/2 1627/4/2
f 1629/4/2 1640/4/2 1639/4/2 1628/4/2
f 1522/4/6 1640/4/6 1629/4/6 1515/4/6
f 1631/4/2 1641/4/2 1642/4/2 1632/4/2
f 1632/4/5 1642/4/5 1549/4/5 1518/4/5
f 1635/4/2 1643/4/2 1641/4/2 1631/4/2
f 1552/4/6 1643/4/6 1635/4/6 1520/4/6
f 1636/4/2 1644/4/2 1645/4/2 1637/4/2
f 1637/4/5 1645/4/5 1557/4/5 1521/4/5
f 1638/4/2 1646/4/2 1644/4/2 1636/4/2
f 1639/4/2 1647/4/2 1646/4/2 1638/4/2
f 1640/4/2 1648/4/2 1647/4/2 1639/4/2
f 1558/4/6 1648/4/6 1640/4/6 1522/4/6
f 1641/4/2 1649/4/2 1650/4/2 1642/4/2
f 1642/4/5 1650/4/5 1572/4/5 1549/4/5
f 1643/4/2 1651/4/2 1649/4/2 1641/4/2
f 1574/4/6 1651/4/6 1643/4/6 1552/4/6
f 1644/4/2 1652/4/2 1653/4/2 1645/4/2
f 1645/4/5 1653/4/5 1577/4/5 1557/4/5
f 1646/4/2 1654/4/2 1652/4/2 1644/4/2
f 1647/4/2 1655/4/2 1654/4/2 1646/4/2
f 1648/4/2 1656/4/2 1655/4/2 1647/4/2
f 1578/4/6 1656/4/6 1648/4/6 1558/4/6
f 1649/4/2 1657/4/2 1658/4/2 1650/4/2
f 1658/4/4 1657/4/4 1580/4/4 1579/4/4
f 1650/4/5 1658/4/5 1579/4/5 1572/4/5
f 1651/4/2 1659/4/2 1657/4/2 1649/4/2
f 1657/4/4 1659/4/4 1581/4/4 1580/4/4
f 1581/4/6 1659/4/6 1651/4/6 1574/4/6
f 1652/4/2 1660/4/2 1661/4/2 1653/4/2
f 1653/4/5 1661/4/5 1582/4/5 1577/4/5
f 1654/4/2 1662/4/2 1660/4/2 1652/4/2
f 1655/4/2 1663/4/2 1662/4/2 1654/4/2
f 1656/4/2 1664/4/2 1663/4/2 1655/4/2
f 1583/4/6 1664/4/6 1656/4/6 1578/4/6
f 1660/4/2 1665/4/2 1666/4/2 1661/4/2
f 1661/4/5 1666/4/5 1584/4/5 1582/4/5
f 1662/4/2 1667/4/2 1665/4/2 1660/4/2
f 1663/4/2 1668/4/2 1667/4/2 1662/4/2
f 1664/4/2 1669/4/2 1668/4/2 1663/4/2
f 1585/4/6 1669/4/6 1664/4/6 1583/4/6
f 1665/4/2 1670/4/2 1671/4/2 1666/4/2
f 1666/4/5 1671/4/5 1586/4/5 1584/4/5
f 1667/4/2 1672/4/2 1670/4/2 1665/4/2
f 1668/4/2 1673/4/2 1672/4/2 1667/4/2
f 1669/4/2 1674/4/2 1673/4/2 1668/4/2
f 1587/4/6 1674/4/6 1669/4/6 1585/4/6
f 1670/4/2 1675/4/2 1676/4/2 1671/4/2
f 1671/4/5 1676/4/5 1588/4/5 1586/4/5
f 1672/4/2 1677/4/2 1675/4/2 1670/4/2
f 1673/4/2 1678/4/2 1677/4/2 1672/4/2
f 1674/4/2 1679/4/2 1678/4/2 1673/4/2
f 1589/4/6 1679/4/6 1674/4/6 1587/4/6
f 1675/4/2 1680/4/2 1681/4/2 1676/4/2
f 1681/4/4 1680/4/4 1591/4/4 1590/4/4
f 1676/4/5 1681/4/5 1590/4/5 1588/4/5
f 1677/4/2 1682/4/2 1680/4/2 1675/4/2
f 1680/4/4 1682/4/4 1592/4/4 1591/4/4
f 1678/4/2 1683/4/2 1682/4/2 1677/4/2
f 1682/4/4 1683/4/4 1593/4/4 1592/4/4
f 1679/4/2 1684/4/2 1683/4/2 1678/4/2
f 1683/4/4 1684/4/4 1594/4/4 1593/4/4
f 1594/4/6 1684/4/6 1679/4/6 1589/4/6
