# Dungine wall_cave_crystal; 1 voxel = 1/16 unit; Y-up floor-center origin
mtllib wall_cave_crystal.mtl
o wall_cave_crystal
s off
v -0.500000 0.000000 -0.437500
v -0.500000 0.062500 -0.437500
v -0.500000 0.062500 -0.500000
v -0.500000 0.000000 -0.500000
v -0.437500 0.062500 -0.500000
v -0.437500 0.000000 -0.500000
v -0.437500 0.000000 -0.437500
v -0.500000 0.125000 -0.437500
v -0.500000 0.125000 -0.500000
v -0.437500 0.125000 -0.500000
v -0.437500 0.125000 -0.437500
v -0.500000 0.250000 -0.437500
v -0.500000 0.312500 -0.437500
v -0.500000 0.312500 -0.500000
v -0.500000 0.250000 -0.500000
v -0.437500 0.312500 -0.500000
v -0.437500 0.250000 -0.500000
v -0.437500 0.250000 -0.437500
v -0.500000 0.375000 -0.437500
v -0.500000 0.375000 -0.500000
v -0.437500 0.375000 -0.500000
v -0.437500 0.375000 -0.437500
v -0.500000 0.625000 -0.437500
v -0.500000 0.687500 -0.437500
v -0.500000 0.687500 -0.500000
v -0.500000 0.625000 -0.500000
v -0.437500 0.687500 -0.500000
v -0.437500 0.625000 -0.500000
v -0.437500 0.625000 -0.437500
v -0.500000 0.750000 -0.437500
v -0.500000 0.750000 -0.500000
v -0.437500 0.750000 -0.500000
v -0.437500 0.750000 -0.437500
v -0.500000 1.125000 -0.437500
v -0.500000 1.187500 -0.437500
v -0.500000 1.187500 -0.500000
v -0.500000 1.125000 -0.500000
v -0.437500 1.187500 -0.500000
v -0.437500 1.125000 -0.500000
v -0.437500 1.125000 -0.437500
v -0.500000 1.250000 -0.437500
v -0.500000 1.250000 -0.500000
v -0.437500 1.250000 -0.500000
v -0.437500 1.250000 -0.437500
v -0.500000 1.625000 -0.437500
v -0.500000 1.687500 -0.437500
v -0.500000 1.687500 -0.500000
v -0.500000 1.625000 -0.500000
v -0.437500 1.687500 -0.500000
v -0.437500 1.625000 -0.500000
v -0.437500 1.625000 -0.437500
v -0.500000 1.750000 -0.437500
v -0.500000 1.750000 -0.500000
v -0.437500 1.750000 -0.500000
v -0.500000 1.812500 -0.437500
v -0.500000 1.812500 -0.500000
v -0.437500 1.812500 -0.500000
v -0.500000 1.875000 -0.437500
v -0.500000 1.875000 -0.500000
v -0.437500 1.875000 -0.500000
v -0.500000 1.937500 -0.437500
v -0.500000 1.937500 -0.500000
v -0.437500 1.937500 -0.500000
v -0.500000 2.000000 -0.437500
v -0.500000 2.000000 -0.500000
v -0.437500 2.000000 -0.500000
v -0.437500 2.000000 -0.437500
v -0.500000 0.000000 -0.375000
v -0.500000 0.062500 -0.375000
v -0.437500 0.000000 -0.375000
v -0.500000 0.125000 -0.375000
v -0.437500 0.125000 -0.375000
v -0.500000 0.250000 -0.375000
v -0.500000 0.312500 -0.375000
v -0.437500 0.250000 -0.375000
v -0.437500 0.312500 -0.375000
v -0.500000 0.375000 -0.375000
v -0.437500 0.375000 -0.375000
v -0.500000 0.625000 -0.375000
v -0.500000 0.687500 -0.375000
v -0.437500 0.625000 -0.375000
v -0.437500 0.687500 -0.375000
v -0.500000 0.750000 -0.375000
v -0.437500 0.750000 -0.375000
v -0.500000 1.125000 -0.375000
v -0.500000 1.187500 -0.375000
v -0.437500 1.125000 -0.375000
v -0.500000 1.250000 -0.375000
v -0.437500 1.250000 -0.375000
v -0.500000 1.625000 -0.375000
v -0.500000 1.687500 -0.375000
v -0.437500 1.625000 -0.375000
v -0.500000 1.750000 -0.375000
v -0.500000 1.812500 -0.375000
v -0.500000 1.875000 -0.375000
v -0.500000 1.937500 -0.375000
v -0.500000 2.000000 -0.375000
v -0.437500 2.000000 -0.375000
v -0.500000 0.000000 -0.312500
v -0.500000 0.062500 -0.312500
v -0.437500 0.000000 -0.312500
v -0.500000 0.125000 -0.312500
v -0.437500 0.125000 -0.312500
v -0.500000 0.375000 -0.312500
v -0.500000 0.437500 -0.312500
v -0.500000 0.437500 -0.375000
v -0.437500 0.437500 -0.375000
v -0.437500 0.375000 -0.312500
v -0.500000 0.500000 -0.312500
v -0.500000 0.500000 -0.375000
v -0.437500 0.500000 -0.375000
v -0.437500 0.500000 -0.312500
v -0.500000 0.750000 -0.312500
v -0.500000 0.812500 -0.312500
v -0.500000 0.812500 -0.375000
v -0.437500 0.812500 -0.375000
v -0.437500 0.750000 -0.312500
v -0.500000 0.875000 -0.312500
v -0.500000 0.875000 -0.375000
v -0.437500 0.875000 -0.375000
v -0.500000 0.937500 -0.312500
v -0.500000 0.937500 -0.375000
v -0.437500 0.937500 -0.375000
v -0.500000 1.000000 -0.312500
v -0.500000 1.000000 -0.375000
v -0.437500 1.000000 -0.375000
v -0.500000 1.062500 -0.312500
v -0.500000 1.062500 -0.375000
v -0.437500 1.062500 -0.375000
v -0.500000 1.125000 -0.312500
v -0.500000 1.187500 -0.312500
v -0.500000 1.250000 -0.312500
v -0.437500 1.250000 -0.312500
v -0.500000 1.375000 -0.312500
v -0.500000 1.437500 -0.312500
v -0.500000 1.437500 -0.375000
v -0.500000 1.375000 -0.375000
v -0.437500 1.437500 -0.375000
v -0.437500 1.375000 -0.375000
v -0.437500 1.375000 -0.312500
v -0.500000 1.500000 -0.312500
v -0.500000 1.500000 -0.375000
v -0.437500 1.500000 -0.375000
v -0.437500 1.500000 -0.312500
v -0.500000 1.625000 -0.312500
v -0.500000 1.687500 -0.312500
v -0.437500 1.625000 -0.312500
v -0.500000 1.750000 -0.312500
v -0.500000 1.812500 -0.312500
v -0.500000 1.875000 -0.312500
v -0.500000 1.937500 -0.312500
v -0.500000 2.000000 -0.312500
v -0.437500 2.000000 -0.312500
v -0.500000 0.000000 -0.250000
v -0.500000 0.062500 -0.250000
v -0.437500 0.000000 -0.250000
v -0.500000 0.125000 -0.250000
v -0.437500 0.125000 -0.250000
v -0.500000 0.375000 -0.250000
v -0.500000 0.437500 -0.250000
v -0.437500 0.375000 -0.250000
v -0.500000 0.500000 -0.250000
v -0.437500 0.500000 -0.250000
v -0.500000 0.750000 -0.250000
v -0.500000 0.812500 -0.250000
v -0.437500 0.750000 -0.250000
v -0.500000 0.875000 -0.250000
v -0.500000 0.937500 -0.250000
v -0.437500 0.875000 -0.250000
v -0.437500 0.937500 -0.250000
v -0.500000 1.000000 -0.250000
v -0.437500 1.000000 -0.250000
v -0.500000 1.062500 -0.250000
v -0.500000 1.125000 -0.250000
v -0.500000 1.187500 -0.250000
v -0.437500 1.125000 -0.250000
v -0.437500 1.187500 -0.250000
v -0.500000 1.250000 -0.250000
v -0.437500 1.250000 -0.250000
v -0.500000 1.375000 -0.250000
v -0.500000 1.437500 -0.250000
v -0.437500 1.375000 -0.250000
v -0.437500 1.437500 -0.250000
v -0.500000 1.500000 -0.250000
v -0.437500 1.500000 -0.250000
v -0.500000 1.625000 -0.250000
v -0.500000 1.687500 -0.250000
v -0.437500 1.625000 -0.250000
v -0.500000 1.750000 -0.250000
v -0.500000 1.812500 -0.250000
v -0.437500 1.750000 -0.250000
v -0.437500 1.812500 -0.250000
v -0.500000 1.875000 -0.250000
v -0.437500 1.875000 -0.250000
v -0.500000 1.937500 -0.250000
v -0.500000 2.000000 -0.250000
v -0.437500 2.000000 -0.250000
v -0.500000 0.000000 -0.187500
v -0.500000 0.062500 -0.187500
v -0.437500 0.000000 -0.187500
v -0.500000 0.125000 -0.187500
v -0.437500 0.125000 -0.187500
v -0.500000 0.375000 -0.187500
v -0.500000 0.437500 -0.187500
v -0.437500 0.375000 -0.187500
v -0.500000 0.500000 -0.187500
v -0.500000 0.562500 -0.187500
v -0.500000 0.562500 -0.250000
v -0.437500 0.562500 -0.250000
v -0.500000 0.625000 -0.187500
v -0.500000 0.625000 -0.250000
v -0.437500 0.625000 -0.250000
v -0.500000 0.687500 -0.187500
v -0.500000 0.687500 -0.250000
v -0.437500 0.687500 -0.250000
v -0.500000 0.750000 -0.187500
v -0.500000 0.812500 -0.187500
v -0.500000 0.875000 -0.187500
v -0.437500 0.875000 -0.187500
v -0.500000 1.000000 -0.187500
v -0.500000 1.062500 -0.187500
v -0.437500 1.000000 -0.187500
v -0.500000 1.125000 -0.187500
v -0.437500 1.125000 -0.187500
v -0.500000 1.500000 -0.187500
v -0.500000 1.562500 -0.187500
v -0.500000 1.562500 -0.250000
v -0.437500 1.562500 -0.250000
v -0.437500 1.500000 -0.187500
v -0.500000 1.625000 -0.187500
v -0.500000 1.687500 -0.187500
v -0.500000 1.750000 -0.187500
v -0.437500 1.750000 -0.187500
v -0.500000 1.875000 -0.187500
v -0.500000 1.937500 -0.187500
v -0.437500 1.875000 -0.187500
v -0.500000 2.000000 -0.187500
v -0.437500 2.000000 -0.187500
v -0.500000 0.000000 -0.125000
v -0.500000 0.062500 -0.125000
v -0.437500 0.000000 -0.125000
v -0.500000 0.125000 -0.125000
v -0.437500 0.125000 -0.125000
v -0.500000 0.375000 -0.125000
v -0.500000 0.437500 -0.125000
v -0.437500 0.375000 -0.125000
v -0.437500 0.437500 -0.125000
v -0.500000 0.500000 -0.125000
v -0.437500 0.500000 -0.125000
v -0.500000 0.562500 -0.125000
v -0.437500 0.562500 -0.125000
v -0.500000 0.625000 -0.125000
v -0.437500 0.625000 -0.125000
v -0.500000 0.687500 -0.125000
v -0.500000 0.750000 -0.125000
v -0.500000 0.812500 -0.125000
v -0.437500 0.750000 -0.125000
v -0.437500 0.812500 -0.125000
v -0.500000 0.875000 -0.125000
v -0.437500 0.875000 -0.125000
v -0.500000 1.000000 -0.125000
v -0.500000 1.062500 -0.125000
v -0.437500 1.000000 -0.125000
v -0.437500 1.062500 -0.125000
v -0.500000 1.125000 -0.125000
v -0.437500 1.125000 -0.125000
v -0.500000 1.500000 -0.125000
v -0.500000 1.562500 -0.125000
v -0.437500 1.500000 -0.125000
v -0.500000 1.625000 -0.125000
v -0.500000 1.687500 -0.125000
v -0.437500 1.625000 -0.125000
v -0.437500 1.687500 -0.125000
v -0.500000 1.750000 -0.125000
v -0.437500 1.750000 -0.125000
v -0.500000 1.875000 -0.125000
v -0.500000 1.937500 -0.125000
v -0.437500 1.875000 -0.125000
v -0.500000 2.000000 -0.125000
v -0.437500 2.000000 -0.125000
v -0.500000 0.000000 -0.062500
v -0.500000 0.062500 -0.062500
v -0.437500 0.000000 -0.062500
v -0.500000 0.125000 -0.062500
v -0.437500 0.125000 -0.062500
v -0.500000 0.250000 -0.062500
v -0.500000 0.312500 -0.062500
v -0.500000 0.312500 -0.125000
v -0.500000 0.250000 -0.125000
v -0.437500 0.312500 -0.125000
v -0.437500 0.250000 -0.125000
v -0.437500 0.250000 -0.062500
v -0.500000 0.375000 -0.062500
v -0.437500 0.375000 -0.062500
v -0.500000 0.625000 -0.062500
v -0.500000 0.687500 -0.062500
v -0.437500 0.625000 -0.062500
v -0.500000 0.750000 -0.062500
v -0.437500 0.750000 -0.062500
v -0.500000 0.875000 -0.062500
v -0.500000 0.937500 -0.062500
v -0.500000 0.937500 -0.125000
v -0.437500 0.937500 -0.125000
v -0.437500 0.875000 -0.062500
v -0.500000 1.000000 -0.062500
v -0.437500 1.000000 -0.062500
v -0.500000 1.125000 -0.062500
v -0.500000 1.187500 -0.062500
v -0.500000 1.187500 -0.125000
v -0.437500 1.187500 -0.125000
v -0.437500 1.125000 -0.062500
v -0.500000 1.250000 -0.062500
v -0.500000 1.250000 -0.125000
v -0.437500 1.250000 -0.125000
v -0.500000 1.312500 -0.062500
v -0.500000 1.312500 -0.125000
v -0.437500 1.312500 -0.125000
v -0.500000 1.375000 -0.062500
v -0.500000 1.375000 -0.125000
v -0.437500 1.375000 -0.125000
v -0.437500 1.375000 -0.062500
v -0.500000 1.500000 -0.062500
v -0.500000 1.562500 -0.062500
v -0.437500 1.500000 -0.062500
v -0.500000 1.625000 -0.062500
v -0.437500 1.625000 -0.062500
v -0.500000 1.750000 -0.062500
v -0.500000 1.812500 -0.062500
v -0.500000 1.812500 -0.125000
v -0.437500 1.812500 -0.125000
v -0.437500 1.750000 -0.062500
v -0.500000 1.875000 -0.062500
v -0.500000 1.937500 -0.062500
v -0.500000 2.000000 -0.062500
v -0.437500 2.000000 -0.062500
v -0.500000 0.000000 0.000000
v -0.500000 0.062500 0.000000
v -0.437500 0.000000 0.000000
v -0.500000 0.125000 0.000000
v -0.437500 0.125000 0.000000
v -0.500000 0.250000 0.000000
v -0.500000 0.312500 0.000000
v -0.437500 0.250000 0.000000
v -0.437500 0.312500 0.000000
v -0.500000 0.375000 0.000000
v -0.437500 0.375000 0.000000
v -0.500000 0.625000 0.000000
v -0.500000 0.687500 0.000000
v -0.437500 0.625000 0.000000
v -0.437500 0.687500 0.000000
v -0.500000 0.750000 0.000000
v -0.437500 0.750000 0.000000
v -0.500000 0.875000 0.000000
v -0.500000 0.937500 0.000000
v -0.437500 0.875000 0.000000
v -0.500000 1.000000 0.000000
v -0.437500 1.000000 0.000000
v -0.500000 1.125000 0.000000
v -0.500000 1.187500 0.000000
v -0.437500 1.125000 0.000000
v -0.500000 1.250000 0.000000
v -0.500000 1.312500 0.000000
v -0.437500 1.250000 0.000000
v -0.437500 1.312500 0.000000
v -0.500000 1.375000 0.000000
v -0.437500 1.375000 0.000000
v -0.500000 1.500000 0.000000
v -0.500000 1.562500 0.000000
v -0.437500 1.500000 0.000000
v -0.500000 1.625000 0.000000
v -0.437500 1.625000 0.000000
v -0.500000 1.750000 0.000000
v -0.500000 1.812500 0.000000
v -0.437500 1.750000 0.000000
v -0.437500 1.812500 0.000000
v -0.500000 1.875000 0.000000
v -0.437500 1.875000 0.000000
v -0.500000 1.937500 0.000000
v -0.500000 2.000000 0.000000
v -0.437500 2.000000 0.000000
v -0.500000 0.000000 0.062500
v -0.500000 0.062500 0.062500
v -0.437500 0.000000 0.062500
v -0.500000 0.125000 0.062500
v -0.500000 0.187500 0.062500
v -0.500000 0.187500 0.000000
v -0.437500 0.187500 0.000000
v -0.500000 0.250000 0.062500
v -0.437500 0.250000 0.062500
v -0.500000 0.375000 0.062500
v -0.500000 0.437500 0.062500
v -0.500000 0.437500 0.000000
v -0.437500 0.437500 0.000000
v -0.437500 0.375000 0.062500
v -0.500000 0.500000 0.062500
v -0.500000 0.500000 0.000000
v -0.437500 0.500000 0.000000
v -0.437500 0.500000 0.062500
v -0.500000 0.750000 0.062500
v -0.500000 0.812500 0.062500
v -0.500000 0.812500 0.000000
v -0.437500 0.812500 0.000000
v -0.437500 0.750000 0.062500
v -0.500000 0.875000 0.062500
v -0.500000 0.937500 0.062500
v -0.500000 1.000000 0.062500
v -0.437500 1.000000 0.062500
v -0.500000 1.125000 0.062500
v -0.500000 1.187500 0.062500
v -0.437500 1.125000 0.062500
v -0.500000 1.250000 0.062500
v -0.437500 1.250000 0.062500
v -0.500000 1.375000 0.062500
v -0.500000 1.437500 0.062500
v -0.500000 1.437500 0.000000
v -0.437500 1.437500 0.000000
v -0.437500 1.375000 0.062500
v -0.500000 1.500000 0.062500
v -0.500000 1.562500 0.062500
v -0.500000 1.625000 0.062500
v -0.500000 1.687500 0.062500
v -0.500000 1.687500 0.000000
v -0.437500 1.687500 0.000000
v -0.500000 1.750000 0.062500
v -0.437500 1.750000 0.062500
v -0.500000 1.875000 0.062500
v -0.500000 1.937500 0.062500
v -0.437500 1.875000 0.062500
v -0.500000 2.000000 0.062500
v -0.437500 2.000000 0.062500
v -0.500000 0.000000 0.125000
v -0.500000 0.062500 0.125000
v -0.437500 0.000000 0.125000
v -0.500000 0.125000 0.125000
v -0.500000 0.187500 0.125000
v -0.437500 0.125000 0.125000
v -0.437500 0.187500 0.125000
v -0.500000 0.250000 0.125000
v -0.437500 0.250000 0.125000
v -0.500000 0.375000 0.125000
v -0.500000 0.437500 0.125000
v -0.437500 0.375000 0.125000
v -0.437500 0.437500 0.125000
v -0.500000 0.500000 0.125000
v -0.437500 0.500000 0.125000
v -0.500000 0.750000 0.125000
v -0.500000 0.812500 0.125000
v -0.437500 0.750000 0.125000
v -0.500000 0.875000 0.125000
v -0.500000 0.937500 0.125000
v -0.437500 0.875000 0.125000
v -0.437500 0.937500 0.125000
v -0.500000 1.000000 0.125000
v -0.437500 1.000000 0.125000
v -0.500000 1.125000 0.125000
v -0.500000 1.187500 0.125000
v -0.437500 1.125000 0.125000
v -0.437500 1.187500 0.125000
v -0.500000 1.250000 0.125000
v -0.437500 1.250000 0.125000
v -0.500000 1.375000 0.125000
v -0.500000 1.437500 0.125000
v -0.437500 1.375000 0.125000
v -0.500000 1.500000 0.125000
v -0.500000 1.562500 0.125000
v -0.500000 1.625000 0.125000
v -0.500000 1.687500 0.125000
v -0.500000 1.750000 0.125000
v -0.437500 1.750000 0.125000
v -0.500000 1.875000 0.125000
v -0.500000 1.937500 0.125000
v -0.437500 1.875000 0.125000
v -0.500000 2.000000 0.125000
v -0.437500 2.000000 0.125000
v -0.500000 0.000000 0.187500
v -0.500000 0.062500 0.187500
v -0.437500 0.000000 0.187500
v -0.500000 0.125000 0.187500
v -0.437500 0.125000 0.187500
v -0.500000 0.250000 0.187500
v -0.500000 0.312500 0.187500
v -0.500000 0.312500 0.125000
v -0.437500 0.312500 0.125000
v -0.437500 0.250000 0.187500
v -0.500000 0.375000 0.187500
v -0.437500 0.375000 0.187500
v -0.500000 0.500000 0.187500
v -0.500000 0.562500 0.187500
v -0.500000 0.562500 0.125000
v -0.437500 0.562500 0.125000
v -0.437500 0.500000 0.187500
v -0.500000 0.625000 0.187500
v -0.500000 0.625000 0.125000
v -0.437500 0.625000 0.125000
v -0.437500 0.625000 0.187500
v -0.500000 0.750000 0.187500
v -0.500000 0.812500 0.187500
v -0.437500 0.750000 0.187500
v -0.500000 0.875000 0.187500
v -0.437500 0.875000 0.187500
v -0.500000 1.250000 0.187500
v -0.500000 1.312500 0.187500
v -0.500000 1.312500 0.125000
v -0.437500 1.312500 0.125000
v -0.437500 1.250000 0.187500
v -0.500000 1.375000 0.187500
v -0.500000 1.437500 0.187500
v -0.500000 1.500000 0.187500
v -0.500000 1.562500 0.187500
v -0.500000 1.625000 0.187500
v -0.500000 1.687500 0.187500
v -0.500000 1.750000 0.187500
v -0.437500 1.750000 0.187500
v -0.500000 1.875000 0.187500
v -0.500000 1.937500 0.187500
v -0.437500 1.875000 0.187500
v -0.500000 2.000000 0.187500
v -0.437500 2.000000 0.187500
v -0.500000 0.000000 0.250000
v -0.500000 0.062500 0.250000
v -0.437500 0.000000 0.250000
v -0.500000 0.125000 0.250000
v -0.437500 0.125000 0.250000
v -0.500000 0.250000 0.250000
v -0.500000 0.312500 0.250000
v -0.437500 0.250000 0.250000
v -0.437500 0.312500 0.250000
v -0.500000 0.375000 0.250000
v -0.437500 0.375000 0.250000
v -0.500000 0.500000 0.250000
v -0.500000 0.562500 0.250000
v -0.437500 0.500000 0.250000
v -0.500000 0.625000 0.250000
v -0.437500 0.625000 0.250000
v -0.500000 0.750000 0.250000
v -0.500000 0.812500 0.250000
v -0.437500 0.750000 0.250000
v -0.500000 0.875000 0.250000
v -0.437500 0.875000 0.250000
v -0.500000 1.250000 0.250000
v -0.500000 1.312500 0.250000
v -0.437500 1.250000 0.250000
v -0.437500 1.312500 0.250000
v -0.500000 1.375000 0.250000
v -0.437500 1.375000 0.250000
v -0.500000 1.437500 0.250000
v -0.500000 1.500000 0.250000
v -0.500000 1.562500 0.250000
v -0.437500 1.500000 0.250000
v -0.437500 1.562500 0.250000
v -0.500000 1.625000 0.250000
v -0.437500 1.625000 0.250000
v -0.500000 1.687500 0.250000
v -0.500000 1.750000 0.250000
v -0.437500 1.750000 0.250000
v -0.500000 1.875000 0.250000
v -0.500000 1.937500 0.250000
v -0.437500 1.875000 0.250000
v -0.500000 2.000000 0.250000
v -0.437500 2.000000 0.250000
v -0.500000 0.000000 0.312500
v -0.500000 0.062500 0.312500
v -0.437500 0.000000 0.312500
v -0.500000 0.125000 0.312500
v -0.500000 0.187500 0.312500
v -0.500000 0.187500 0.250000
v -0.437500 0.187500 0.250000
v -0.500000 0.250000 0.312500
v -0.437500 0.250000 0.312500
v -0.500000 0.375000 0.312500
v -0.500000 0.437500 0.312500
v -0.500000 0.437500 0.250000
v -0.437500 0.437500 0.250000
v -0.437500 0.375000 0.312500
v -0.500000 0.500000 0.312500
v -0.500000 0.562500 0.312500
v -0.500000 0.625000 0.312500
v -0.500000 0.687500 0.312500
v -0.500000 0.687500 0.250000
v -0.437500 0.687500 0.250000
v -0.500000 0.750000 0.312500
v -0.500000 0.812500 0.312500
v -0.500000 0.875000 0.312500
v -0.437500 0.875000 0.312500
v -0.500000 1.000000 0.312500
v -0.500000 1.062500 0.312500
v -0.500000 1.062500 0.250000
v -0.500000 1.000000 0.250000
v -0.437500 1.062500 0.250000
v -0.437500 1.000000 0.250000
v -0.437500 1.000000 0.312500
v -0.500000 1.125000 0.312500
v -0.500000 1.125000 0.250000
v -0.437500 1.125000 0.250000
v -0.437500 1.125000 0.312500
v -0.500000 1.375000 0.312500
v -0.500000 1.437500 0.312500
v -0.437500 1.375000 0.312500
v -0.500000 1.500000 0.312500
v -0.437500 1.500000 0.312500
v -0.500000 1.625000 0.312500
v -0.500000 1.687500 0.312500
v -0.437500 1.625000 0.312500
v -0.500000 1.750000 0.312500
v -0.500000 1.812500 0.312500
v -0.500000 1.812500 0.250000
v -0.437500 1.812500 0.250000
v -0.500000 1.875000 0.312500
v -0.500000 1.937500 0.312500
v -0.500000 2.000000 0.312500
v -0.437500 2.000000 0.312500
v -0.500000 0.000000 0.375000
v -0.500000 0.062500 0.375000
v -0.437500 0.000000 0.375000
v -0.500000 0.125000 0.375000
v -0.500000 0.187500 0.375000
v -0.437500 0.125000 0.375000
v -0.437500 0.187500 0.375000
v -0.500000 0.250000 0.375000
v -0.437500 0.250000 0.375000
v -0.500000 0.375000 0.375000
v -0.500000 0.437500 0.375000
v -0.437500 0.375000 0.375000
v -0.500000 0.500000 0.375000
v -0.500000 0.562500 0.375000
v -0.437500 0.500000 0.375000
v -0.437500 0.562500 0.375000
v -0.500000 0.625000 0.375000
v -0.437500 0.625000 0.375000
v -0.500000 0.687500 0.375000
v -0.437500 0.687500 0.375000
v -0.500000 0.750000 0.375000
v -0.437500 0.750000 0.375000
v -0.500000 0.812500 0.375000
v -0.437500 0.812500 0.375000
v -0.500000 0.875000 0.375000
v -0.437500 0.875000 0.375000
v -0.500000 1.000000 0.375000
v -0.500000 1.062500 0.375000
v -0.437500 1.000000 0.375000
v -0.437500 1.062500 0.375000
v -0.500000 1.125000 0.375000
v -0.437500 1.125000 0.375000
v -0.500000 1.375000 0.375000
v -0.500000 1.437500 0.375000
v -0.437500 1.375000 0.375000
v -0.500000 1.500000 0.375000
v -0.437500 1.500000 0.375000
v -0.500000 1.625000 0.375000
v -0.500000 1.687500 0.375000
v -0.437500 1.625000 0.375000
v -0.500000 1.750000 0.375000
v -0.500000 1.812500 0.375000
v -0.437500 1.750000 0.375000
v -0.437500 1.812500 0.375000
v -0.500000 1.875000 0.375000
v -0.437500 1.875000 0.375000
v -0.500000 1.937500 0.375000
v -0.500000 2.000000 0.375000
v -0.437500 2.000000 0.375000
v -0.500000 0.000000 0.437500
v -0.500000 0.062500 0.437500
v -0.437500 0.000000 0.437500
v -0.500000 0.125000 0.437500
v -0.437500 0.125000 0.437500
v -0.500000 0.250000 0.437500
v -0.500000 0.312500 0.437500
v -0.500000 0.312500 0.375000
v -0.437500 0.312500 0.375000
v -0.437500 0.250000 0.437500
v -0.500000 0.375000 0.437500
v -0.500000 0.437500 0.437500
v -0.500000 0.500000 0.437500
v -0.437500 0.500000 0.437500
v -0.500000 1.125000 0.437500
v -0.500000 1.187500 0.437500
v -0.500000 1.187500 0.375000
v -0.437500 1.187500 0.375000
v -0.437500 1.125000 0.437500
v -0.500000 1.250000 0.437500
v -0.500000 1.250000 0.375000
v -0.437500 1.250000 0.375000
v -0.500000 1.312500 0.437500
v -0.500000 1.312500 0.375000
v -0.437500 1.312500 0.375000
v -0.500000 1.375000 0.437500
v -0.500000 1.437500 0.437500
v -0.500000 1.500000 0.437500
v -0.437500 1.500000 0.437500
v -0.500000 1.625000 0.437500
v -0.500000 1.687500 0.437500
v -0.437500 1.625000 0.437500
v -0.500000 1.750000 0.437500
v -0.437500 1.750000 0.437500
v -0.500000 1.875000 0.437500
v -0.500000 1.937500 0.437500
v -0.437500 1.875000 0.437500
v -0.500000 2.000000 0.437500
v -0.437500 2.000000 0.437500
v -0.500000 0.000000 0.500000
v -0.500000 0.062500 0.500000
v -0.437500 0.000000 0.500000
v -0.437500 0.062500 0.500000
v -0.500000 0.125000 0.500000
v -0.437500 0.125000 0.500000
v -0.500000 0.250000 0.500000
v -0.500000 0.312500 0.500000
v -0.437500 0.250000 0.500000
v -0.437500 0.312500 0.500000
v -0.500000 0.375000 0.500000
v -0.437500 0.375000 0.500000
v -0.500000 0.437500 0.500000
v -0.437500 0.437500 0.500000
v -0.500000 0.500000 0.500000
v -0.437500 0.500000 0.500000
v -0.500000 1.125000 0.500000
v -0.500000 1.187500 0.500000
v -0.437500 1.125000 0.500000
v -0.437500 1.187500 0.500000
v -0.500000 1.250000 0.500000
v -0.437500 1.250000 0.500000
v -0.500000 1.312500 0.500000
v -0.437500 1.312500 0.500000
v -0.500000 1.375000 0.500000
v -0.437500 1.375000 0.500000
v -0.500000 1.437500 0.500000
v -0.437500 1.437500 0.500000
v -0.500000 1.500000 0.500000
v -0.437500 1.500000 0.500000
v -0.500000 1.625000 0.500000
v -0.500000 1.687500 0.500000
v -0.437500 1.625000 0.500000
v -0.437500 1.687500 0.500000
v -0.500000 1.750000 0.500000
v -0.437500 1.750000 0.500000
v -0.500000 1.875000 0.500000
v -0.500000 1.937500 0.500000
v -0.437500 1.875000 0.500000
v -0.437500 1.937500 0.500000
v -0.500000 2.000000 0.500000
v -0.437500 2.000000 0.500000
v -0.375000 0.062500 -0.500000
v -0.375000 0.000000 -0.500000
v -0.375000 0.000000 -0.437500
v -0.375000 0.125000 -0.500000
v -0.375000 0.125000 -0.437500
v -0.375000 0.312500 -0.500000
v -0.375000 0.312500 -0.437500
v -0.375000 0.250000 -0.437500
v -0.375000 0.250000 -0.500000
v -0.375000 0.375000 -0.500000
v -0.375000 0.375000 -0.437500
v -0.375000 0.687500 -0.500000
v -0.375000 0.625000 -0.500000
v -0.375000 0.625000 -0.437500
v -0.375000 0.750000 -0.500000
v -0.375000 0.750000 -0.437500
v -0.375000 1.187500 -0.500000
v -0.375000 1.125000 -0.500000
v -0.375000 1.125000 -0.437500
v -0.375000 1.250000 -0.500000
v -0.375000 1.250000 -0.437500
v -0.375000 1.687500 -0.500000
v -0.375000 1.625000 -0.500000
v -0.375000 1.625000 -0.437500
v -0.375000 1.750000 -0.500000
v -0.375000 1.812500 -0.500000
v -0.375000 1.875000 -0.500000
v -0.375000 1.937500 -0.500000
v -0.375000 2.000000 -0.500000
v -0.375000 2.000000 -0.437500
v -0.375000 0.000000 -0.375000
v -0.375000 0.125000 -0.375000
v -0.375000 0.312500 -0.375000
v -0.375000 0.250000 -0.375000
v -0.375000 0.375000 -0.375000
v -0.375000 0.625000 -0.375000
v -0.375000 0.687500 -0.375000
v -0.375000 0.750000 -0.375000
v -0.375000 1.125000 -0.375000
v -0.375000 1.250000 -0.375000
v -0.375000 1.625000 -0.375000
v -0.375000 2.000000 -0.375000
v -0.375000 0.000000 -0.312500
v -0.375000 0.125000 -0.312500
v -0.375000 0.437500 -0.375000
v -0.375000 0.375000 -0.312500
v -0.375000 0.500000 -0.375000
v -0.375000 0.500000 -0.312500
v -0.375000 0.812500 -0.375000
v -0.375000 0.750000 -0.312500
v -0.375000 0.875000 -0.375000
v -0.375000 0.937500 -0.375000
v -0.375000 1.000000 -0.375000
v -0.375000 1.062500 -0.375000
v -0.375000 1.250000 -0.312500
v -0.375000 1.437500 -0.375000
v -0.375000 1.375000 -0.375000
v -0.375000 1.375000 -0.312500
v -0.375000 1.500000 -0.375000
v -0.375000 1.500000 -0.312500
v -0.375000 1.625000 -0.312500
v -0.375000 2.000000 -0.312500
v -0.375000 0.000000 -0.250000
v -0.375000 0.125000 -0.250000
v -0.375000 0.375000 -0.250000
v -0.375000 0.500000 -0.250000
v -0.375000 0.750000 -0.250000
v -0.375000 0.875000 -0.250000
v -0.375000 0.937500 -0.250000
v -0.375000 1.000000 -0.250000
v -0.375000 1.125000 -0.250000
v -0.375000 1.187500 -0.250000
v -0.375000 1.250000 -0.250000
v -0.375000 1.375000 -0.250000
v -0.375000 1.437500 -0.250000
v -0.375000 1.500000 -0.250000
v -0.375000 1.625000 -0.250000
v -0.375000 1.750000 -0.250000
v -0.375000 1.812500 -0.250000
v -0.375000 1.875000 -0.250000
v -0.375000 2.000000 -0.250000
v -0.375000 0.000000 -0.187500
v -0.375000 0.125000 -0.187500
v -0.375000 0.375000 -0.187500
v -0.375000 0.562500 -0.250000
v -0.375000 0.625000 -0.250000
v -0.375000 0.687500 -0.250000
v -0.375000 0.875000 -0.187500
v -0.375000 1.000000 -0.187500
v -0.375000 1.125000 -0.187500
v -0.375000 1.562500 -0.250000
v -0.375000 1.500000 -0.187500
v -0.375000 1.750000 -0.187500
v -0.375000 1.875000 -0.187500
v -0.375000 2.000000 -0.187500
v -0.375000 0.000000 -0.125000
v -0.375000 0.125000 -0.125000
v -0.375000 0.375000 -0.125000
v -0.375000 0.437500 -0.125000
v -0.375000 0.500000 -0.125000
v -0.375000 0.562500 -0.125000
v -0.375000 0.625000 -0.125000
v -0.375000 0.750000 -0.125000
v -0.375000 0.812500 -0.125000
v -0.375000 0.875000 -0.125000
v -0.375000 1.000000 -0.125000
v -0.375000 1.062500 -0.125000
v -0.375000 1.125000 -0.125000
v -0.375000 1.500000 -0.125000
v -0.375000 1.625000 -0.125000
v -0.375000 1.687500 -0.125000
v -0.375000 1.750000 -0.125000
v -0.375000 1.875000 -0.125000
v -0.375000 2.000000 -0.125000
v -0.375000 0.000000 -0.062500
v -0.375000 0.125000 -0.062500
v -0.375000 0.312500 -0.125000
v -0.375000 0.250000 -0.125000
v -0.375000 0.250000 -0.062500
v -0.375000 0.375000 -0.062500
v -0.375000 0.625000 -0.062500
v -0.375000 0.750000 -0.062500
v -0.375000 0.937500 -0.125000
v -0.375000 0.875000 -0.062500
v -0.375000 1.000000 -0.062500
v -0.375000 1.187500 -0.125000
v -0.375000 1.125000 -0.062500
v -0.375000 1.250000 -0.125000
v -0.375000 1.312500 -0.125000
v -0.375000 1.375000 -0.125000
v -0.375000 1.375000 -0.062500
v -0.375000 1.500000 -0.062500
v -0.375000 1.625000 -0.062500
v -0.375000 1.812500 -0.125000
v -0.375000 1.750000 -0.062500
v -0.375000 2.000000 -0.062500
v -0.375000 0.000000 0.000000
v -0.375000 0.125000 0.000000
v -0.375000 0.250000 0.000000
v -0.375000 0.312500 0.000000
v -0.375000 0.375000 0.000000
v -0.375000 0.625000 0.000000
v -0.375000 0.687500 0.000000
v -0.375000 0.750000 0.000000
v -0.375000 0.875000 0.000000
v -0.375000 1.000000 0.000000
v -0.375000 1.125000 0.000000
v -0.375000 1.250000 0.000000
v -0.375000 1.312500 0.000000
v -0.375000 1.375000 0.000000
v -0.375000 1.500000 0.000000
v -0.375000 1.625000 0.000000
v -0.375000 1.750000 0.000000
v -0.375000 1.812500 0.000000
v -0.375000 1.875000 0.000000
v -0.375000 2.000000 0.000000
v -0.375000 0.000000 0.062500
v -0.375000 0.187500 0.000000
v -0.375000 0.250000 0.062500
v -0.375000 0.437500 0.000000
v -0.375000 0.375000 0.062500
v -0.375000 0.500000 0.000000
v -0.375000 0.500000 0.062500
v -0.375000 0.812500 0.000000
v -0.375000 0.750000 0.062500
v -0.375000 1.000000 0.062500
v -0.375000 1.125000 0.062500
v -0.375000 1.250000 0.062500
v -0.375000 1.437500 0.000000
v -0.375000 1.375000 0.062500
v -0.375000 1.687500 0.000000
v -0.375000 1.750000 0.062500
v -0.375000 1.875000 0.062500
v -0.375000 2.000000 0.062500
v -0.375000 0.000000 0.125000
v -0.375000 0.125000 0.125000
v -0.375000 0.187500 0.125000
v -0.375000 0.250000 0.125000
v -0.375000 0.375000 0.125000
v -0.375000 0.437500 0.125000
v -0.375000 0.500000 0.125000
v -0.375000 0.750000 0.125000
v -0.375000 0.875000 0.125000
v -0.375000 0.937500 0.125000
v -0.375000 1.000000 0.125000
v -0.375000 1.125000 0.125000
v -0.375000 1.187500 0.125000
v -0.375000 1.250000 0.125000
v -0.375000 1.375000 0.125000
v -0.375000 1.750000 0.125000
v -0.375000 1.875000 0.125000
v -0.375000 2.000000 0.125000
v -0.375000 0.000000 0.187500
v -0.375000 0.125000 0.187500
v -0.375000 0.312500 0.125000
v -0.375000 0.250000 0.187500
v -0.375000 0.375000 0.187500
v -0.375000 0.562500 0.125000
v -0.375000 0.500000 0.187500
v -0.375000 0.625000 0.125000
v -0.375000 0.625000 0.187500
v -0.375000 0.750000 0.187500
v -0.375000 0.875000 0.187500
v -0.375000 1.312500 0.125000
v -0.375000 1.250000 0.187500
v -0.375000 1.750000 0.187500
v -0.375000 1.875000 0.187500
v -0.375000 2.000000 0.187500
v -0.375000 0.000000 0.250000
v -0.375000 0.125000 0.250000
v -0.375000 0.250000 0.250000
v -0.375000 0.312500 0.250000
v -0.375000 0.375000 0.250000
v -0.375000 0.500000 0.250000
v -0.375000 0.625000 0.250000
v -0.375000 0.750000 0.250000
v -0.375000 0.875000 0.250000
v -0.375000 1.250000 0.250000
v -0.375000 1.312500 0.250000
v -0.375000 1.375000 0.250000
v -0.375000 1.500000 0.250000
v -0.375000 1.562500 0.250000
v -0.375000 1.625000 0.250000
v -0.375000 1.750000 0.250000
v -0.375000 1.875000 0.250000
v -0.375000 2.000000 0.250000
v -0.375000 0.000000 0.312500
v -0.375000 0.187500 0.250000
v -0.375000 0.250000 0.312500
v -0.375000 0.437500 0.250000
v -0.375000 0.375000 0.312500
v -0.375000 0.687500 0.250000
v -0.375000 0.875000 0.312500
v -0.375000 1.062500 0.250000
v -0.375000 1.000000 0.250000
v -0.375000 1.000000 0.312500
v -0.375000 1.125000 0.250000
v -0.375000 1.125000 0.312500
v -0.375000 1.375000 0.312500
v -0.375000 1.500000 0.312500
v -0.375000 1.625000 0.312500
v -0.375000 1.812500 0.250000
v -0.375000 2.000000 0.312500
v -0.375000 0.000000 0.375000
v -0.375000 0.125000 0.375000
v -0.375000 0.187500 0.375000
v -0.375000 0.250000 0.375000
v -0.375000 0.375000 0.375000
v -0.375000 0.500000 0.375000
v -0.375000 0.562500 0.375000
v -0.375000 0.625000 0.375000
v -0.375000 0.687500 0.375000
v -0.375000 0.750000 0.375000
v -0.375000 0.812500 0.375000
v -0.375000 0.875000 0.375000
v -0.375000 1.000000 0.375000
v -0.375000 1.062500 0.375000
v -0.375000 1.125000 0.375000
v -0.375000 1.375000 0.375000
v -0.375000 1.500000 0.375000
v -0.375000 1.625000 0.375000
v -0.375000 1.750000 0.375000
v -0.375000 1.812500 0.375000
v -0.375000 1.875000 0.375000
v -0.375000 2.000000 0.375000
v -0.375000 0.000000 0.437500
v -0.375000 0.125000 0.437500
v -0.375000 0.312500 0.375000
v -0.375000 0.250000 0.437500
v -0.375000 0.437500 0.375000
v -0.375000 0.437500 0.437500
v -0.375000 0.375000 0.437500
v -0.375000 0.500000 0.437500
v -0.375000 1.187500 0.375000
v -0.375000 1.187500 0.437500
v -0.375000 1.125000 0.437500
v -0.375000 1.250000 0.375000
v -0.375000 1.250000 0.437500
v -0.375000 1.312500 0.375000
v -0.375000 1.312500 0.437500
v -0.375000 1.375000 0.437500
v -0.375000 1.500000 0.437500
v -0.375000 1.625000 0.437500
v -0.375000 1.750000 0.437500
v -0.375000 1.875000 0.437500
v -0.375000 2.000000 0.437500
v -0.375000 0.000000 0.500000
v -0.375000 0.062500 0.500000
v -0.375000 0.125000 0.500000
v -0.375000 0.250000 0.500000
v -0.375000 0.312500 0.500000
v -0.375000 0.375000 0.500000
v -0.375000 0.437500 0.500000
v -0.375000 0.500000 0.500000
v -0.375000 1.187500 0.500000
v -0.375000 1.125000 0.500000
v -0.375000 1.250000 0.500000
v -0.375000 1.312500 0.500000
v -0.375000 1.375000 0.500000
v -0.375000 1.437500 0.500000
v -0.375000 1.500000 0.500000
v -0.375000 1.625000 0.500000
v -0.375000 1.687500 0.500000
v -0.375000 1.750000 0.500000
v -0.375000 1.875000 0.500000
v -0.375000 1.937500 0.500000
v -0.375000 2.000000 0.500000
v -0.312500 0.062500 -0.500000
v -0.312500 0.000000 -0.500000
v -0.312500 0.000000 -0.437500
v -0.312500 0.125000 -0.500000
v -0.375000 0.187500 -0.437500
v -0.375000 0.187500 -0.500000
v -0.312500 0.187500 -0.500000
v -0.312500 0.250000 -0.500000
v -0.312500 0.250000 -0.437500
v -0.312500 0.687500 -0.500000
v -0.312500 0.625000 -0.500000
v -0.312500 0.625000 -0.437500
v -0.312500 0.750000 -0.500000
v -0.375000 0.812500 -0.437500
v -0.375000 0.812500 -0.500000
v -0.312500 0.812500 -0.500000
v -0.375000 0.875000 -0.437500
v -0.375000 0.875000 -0.500000
v -0.312500 0.875000 -0.500000
v -0.375000 0.937500 -0.437500
v -0.375000 0.937500 -0.500000
v -0.312500 0.937500 -0.500000
v -0.375000 1.000000 -0.437500
v -0.375000 1.000000 -0.500000
v -0.312500 1.000000 -0.500000
v -0.375000 1.062500 -0.437500
v -0.375000 1.062500 -0.500000
v -0.312500 1.062500 -0.500000
v -0.312500 1.125000 -0.500000
v -0.312500 1.187500 -0.500000
v -0.312500 1.250000 -0.500000
v -0.375000 1.312500 -0.437500
v -0.375000 1.312500 -0.500000
v -0.312500 1.312500 -0.500000
v -0.375000 1.375000 -0.437500
v -0.375000 1.375000 -0.500000
v -0.312500 1.375000 -0.500000
v -0.375000 1.437500 -0.437500
v -0.375000 1.437500 -0.500000
v -0.312500 1.437500 -0.500000
v -0.375000 1.500000 -0.437500
v -0.375000 1.500000 -0.500000
v -0.312500 1.500000 -0.500000
v -0.375000 1.562500 -0.437500
v -0.375000 1.562500 -0.500000
v -0.312500 1.562500 -0.500000
v -0.312500 1.625000 -0.500000
v -0.312500 1.687500 -0.500000
v -0.312500 1.750000 -0.500000
v -0.312500 1.812500 -0.500000
v -0.312500 1.875000 -0.500000
v -0.312500 1.937500 -0.500000
v -0.312500 2.000000 -0.500000
v -0.312500 2.000000 -0.437500
v -0.312500 0.000000 -0.375000
v -0.375000 0.187500 -0.375000
v -0.312500 0.250000 -0.375000
v -0.312500 0.625000 -0.375000
v -0.375000 1.312500 -0.375000
v -0.375000 1.562500 -0.375000
v -0.312500 2.000000 -0.375000
v -0.312500 0.000000 -0.312500
v -0.375000 0.187500 -0.312500
v -0.375000 0.250000 -0.312500
v -0.375000 0.312500 -0.312500
v -0.312500 0.312500 -0.375000
v -0.312500 0.375000 -0.375000
v -0.312500 0.437500 -0.375000
v -0.312500 0.500000 -0.375000
v -0.375000 0.562500 -0.312500
v -0.375000 0.562500 -0.375000
v -0.312500 0.562500 -0.375000
v -0.375000 0.625000 -0.312500
v -0.375000 0.687500 -0.312500
v -0.375000 1.312500 -0.312500
v -0.375000 1.562500 -0.312500
v -0.312500 2.000000 -0.312500
v -0.312500 0.000000 -0.250000
v -0.375000 0.187500 -0.250000
v -0.375000 0.250000 -0.250000
v -0.375000 0.312500 -0.250000
v -0.375000 1.312500 -0.250000
v -0.312500 2.000000 -0.250000
v -0.312500 0.000000 -0.187500
v -0.375000 0.187500 -0.187500
v -0.375000 0.250000 -0.187500
v -0.375000 0.312500 -0.187500
v -0.375000 0.937500 -0.187500
v -0.375000 1.187500 -0.187500
v -0.375000 1.250000 -0.187500
v -0.375000 1.312500 -0.187500
v -0.375000 1.375000 -0.187500
v -0.375000 1.437500 -0.187500
v -0.375000 1.812500 -0.187500
v -0.312500 2.000000 -0.187500
v -0.312500 0.000000 -0.125000
v -0.375000 0.187500 -0.125000
v -0.375000 1.437500 -0.125000
v -0.312500 2.000000 -0.125000
v -0.312500 0.000000 -0.062500
v -0.375000 0.187500 -0.062500
v -0.375000 0.437500 -0.062500
v -0.375000 0.500000 -0.062500
v -0.375000 0.562500 -0.062500
v -0.375000 0.812500 -0.062500
v -0.375000 1.062500 -0.062500
v -0.375000 1.437500 -0.062500
v -0.375000 1.687500 -0.062500
v -0.312500 2.000000 -0.062500
v -0.312500 0.000000 0.000000
v -0.375000 0.562500 0.000000
v -0.375000 1.062500 0.000000
v -0.312500 2.000000 0.000000
v -0.312500 0.000000 0.062500
v -0.375000 0.312500 0.062500
v -0.375000 0.562500 0.062500
v -0.375000 0.625000 0.062500
v -0.375000 0.687500 0.062500
v -0.375000 1.062500 0.062500
v -0.375000 1.312500 0.062500
v -0.375000 1.812500 0.062500
v -0.312500 2.000000 0.062500
v -0.312500 0.000000 0.125000
v -0.375000 0.687500 0.125000
v -0.375000 1.062500 0.125000
v -0.375000 1.812500 0.125000
v -0.312500 2.000000 0.125000
v -0.312500 0.000000 0.187500
v -0.375000 0.187500 0.187500
v -0.375000 0.437500 0.187500
v -0.375000 0.687500 0.187500
v -0.375000 0.937500 0.187500
v -0.375000 1.000000 0.187500
v -0.375000 1.062500 0.187500
v -0.375000 1.125000 0.187500
v -0.375000 1.187500 0.187500
v -0.375000 1.812500 0.187500
v -0.312500 2.000000 0.187500
v -0.312500 0.000000 0.250000
v -0.375000 0.937500 0.250000
v -0.375000 1.187500 0.250000
v -0.312500 2.000000 0.250000
v -0.312500 0.000000 0.312500
v -0.375000 0.312500 0.312500
v -0.375000 0.937500 0.312500
v -0.375000 1.187500 0.312500
v -0.375000 1.250000 0.312500
v -0.375000 1.312500 0.312500
v -0.375000 1.562500 0.312500
v -0.312500 2.000000 0.312500
v -0.312500 0.000000 0.375000
v -0.312500 0.125000 0.375000
v -0.312500 0.187500 0.375000
v -0.312500 0.250000 0.375000
v -0.312500 0.375000 0.375000
v -0.312500 0.437500 0.375000
v -0.312500 0.500000 0.375000
v -0.312500 0.750000 0.375000
v -0.312500 0.812500 0.375000
v -0.312500 0.875000 0.375000
v -0.375000 0.937500 0.375000
v -0.312500 0.937500 0.375000
v -0.312500 1.000000 0.375000
v -0.312500 1.125000 0.375000
v -0.312500 1.187500 0.375000
v -0.312500 1.250000 0.375000
v -0.312500 1.312500 0.375000
v -0.312500 1.375000 0.375000
v -0.375000 1.562500 0.375000
v -0.312500 2.000000 0.375000
v -0.312500 0.000000 0.437500
v -0.312500 0.125000 0.437500
v -0.312500 0.250000 0.437500
v -0.312500 0.375000 0.437500
v -0.375000 0.562500 0.437500
v -0.312500 0.500000 0.437500
v -0.375000 0.625000 0.437500
v -0.375000 0.687500 0.437500
v -0.375000 0.750000 0.437500
v -0.312500 0.750000 0.437500
v -0.375000 1.000000 0.437500
v -0.375000 1.062500 0.437500
v -0.312500 1.000000 0.437500
v -0.312500 1.125000 0.437500
v -0.312500 1.375000 0.437500
v -0.375000 1.562500 0.437500
v -0.375000 1.812500 0.437500
v -0.312500 2.000000 0.437500
v -0.312500 0.000000 0.500000
v -0.312500 0.062500 0.500000
v -0.312500 0.125000 0.500000
v -0.312500 0.250000 0.500000
v -0.312500 0.312500 0.500000
v -0.312500 0.375000 0.500000
v -0.375000 0.562500 0.500000
v -0.312500 0.500000 0.500000
v -0.312500 0.562500 0.500000
v -0.375000 0.625000 0.500000
v -0.312500 0.625000 0.500000
v -0.375000 0.687500 0.500000
v -0.312500 0.687500 0.500000
v -0.375000 0.750000 0.500000
v -0.312500 0.750000 0.500000
v -0.375000 1.000000 0.500000
v -0.375000 1.062500 0.500000
v -0.312500 1.000000 0.500000
v -0.312500 1.062500 0.500000
v -0.312500 1.125000 0.500000
v -0.312500 1.375000 0.500000
v -0.312500 1.437500 0.500000
v -0.312500 1.500000 0.500000
v -0.375000 1.562500 0.500000
v -0.312500 1.562500 0.500000
v -0.312500 1.625000 0.500000
v -0.312500 1.687500 0.500000
v -0.312500 1.750000 0.500000
v -0.375000 1.812500 0.500000
v -0.312500 1.812500 0.500000
v -0.312500 1.875000 0.500000
v -0.312500 1.937500 0.500000
v -0.312500 2.000000 0.500000
v -0.250000 0.062500 -0.500000
v -0.250000 0.000000 -0.500000
v -0.250000 0.000000 -0.437500
v -0.250000 0.125000 -0.500000
v -0.250000 0.187500 -0.500000
v -0.250000 0.250000 -0.500000
v -0.250000 0.250000 -0.437500
v -0.250000 0.687500 -0.500000
v -0.250000 0.687500 -0.437500
v -0.250000 0.625000 -0.437500
v -0.250000 0.625000 -0.500000
v -0.250000 0.750000 -0.500000
v -0.250000 0.750000 -0.437500
v -0.250000 0.812500 -0.500000
v -0.250000 0.875000 -0.500000
v -0.250000 0.937500 -0.500000
v -0.250000 1.000000 -0.500000
v -0.250000 1.062500 -0.500000
v -0.250000 1.062500 -0.437500
v -0.250000 1.000000 -0.437500
v -0.250000 1.125000 -0.500000
v -0.250000 1.125000 -0.437500
v -0.250000 1.187500 -0.500000
v -0.250000 1.250000 -0.500000
v -0.250000 1.312500 -0.500000
v -0.250000 1.375000 -0.500000
v -0.250000 1.437500 -0.500000
v -0.250000 1.500000 -0.500000
v -0.250000 1.562500 -0.500000
v -0.250000 1.625000 -0.500000
v -0.250000 1.687500 -0.500000
v -0.250000 1.687500 -0.437500
v -0.250000 1.625000 -0.437500
v -0.250000 1.750000 -0.500000
v -0.250000 1.750000 -0.437500
v -0.250000 1.812500 -0.500000
v -0.250000 1.875000 -0.500000
v -0.250000 1.937500 -0.500000
v -0.250000 2.000000 -0.500000
v -0.250000 2.000000 -0.437500
v -0.250000 0.000000 -0.375000
v -0.250000 0.250000 -0.375000
v -0.250000 0.687500 -0.375000
v -0.250000 0.625000 -0.375000
v -0.250000 0.750000 -0.375000
v -0.250000 1.062500 -0.375000
v -0.250000 1.000000 -0.375000
v -0.250000 1.125000 -0.375000
v -0.250000 1.687500 -0.375000
v -0.250000 1.625000 -0.375000
v -0.250000 1.750000 -0.375000
v -0.250000 2.000000 -0.375000
v -0.250000 0.000000 -0.312500
v -0.250000 0.312500 -0.375000
v -0.250000 0.375000 -0.375000
v -0.250000 0.437500 -0.375000
v -0.250000 0.500000 -0.375000
v -0.250000 0.562500 -0.375000
v -0.250000 2.000000 -0.312500
v -0.250000 0.000000 -0.250000
v -0.250000 2.000000 -0.250000
v -0.250000 0.000000 -0.187500
v -0.250000 2.000000 -0.187500
v -0.250000 0.000000 -0.125000
v -0.250000 2.000000 -0.125000
v -0.250000 0.000000 -0.062500
v -0.250000 2.000000 -0.062500
v -0.250000 0.000000 0.000000
v -0.250000 2.000000 0.000000
v -0.250000 0.000000 0.062500
v -0.250000 2.000000 0.062500
v -0.250000 0.000000 0.125000
v -0.250000 2.000000 0.125000
v -0.250000 0.000000 0.187500
v -0.250000 2.000000 0.187500
v -0.250000 0.000000 0.250000
v -0.250000 2.000000 0.250000
v -0.250000 0.000000 0.312500
v -0.250000 2.000000 0.312500
v -0.250000 0.000000 0.375000
v -0.250000 0.125000 0.375000
v -0.250000 0.187500 0.375000
v -0.250000 0.250000 0.375000
v -0.250000 0.375000 0.375000
v -0.250000 0.437500 0.375000
v -0.250000 0.500000 0.375000
v -0.250000 0.750000 0.375000
v -0.250000 0.812500 0.375000
v -0.250000 0.875000 0.375000
v -0.250000 0.937500 0.375000
v -0.250000 1.000000 0.375000
v -0.250000 1.125000 0.375000
v -0.250000 1.187500 0.375000
v -0.250000 1.250000 0.375000
v -0.250000 1.312500 0.375000
v -0.250000 1.375000 0.375000
v -0.250000 2.000000 0.375000
v -0.250000 0.000000 0.437500
v -0.250000 0.125000 0.437500
v -0.250000 0.312500 0.375000
v -0.250000 0.312500 0.437500
v -0.250000 0.250000 0.437500
v -0.250000 0.375000 0.437500
v -0.250000 0.500000 0.437500
v -0.250000 0.750000 0.437500
v -0.250000 1.062500 0.375000
v -0.250000 1.062500 0.437500
v -0.250000 1.000000 0.437500
v -0.250000 1.125000 0.437500
v -0.250000 1.375000 0.437500
v -0.250000 1.812500 0.375000
v -0.250000 1.812500 0.437500
v -0.250000 1.750000 0.437500
v -0.250000 1.750000 0.375000
v -0.250000 1.875000 0.375000
v -0.250000 1.875000 0.437500
v -0.250000 2.000000 0.437500
v -0.250000 0.000000 0.500000
v -0.250000 0.062500 0.500000
v -0.250000 0.125000 0.500000
v -0.250000 0.312500 0.500000
v -0.250000 0.250000 0.500000
v -0.250000 0.375000 0.500000
v -0.250000 0.500000 0.500000
v -0.250000 0.562500 0.500000
v -0.250000 0.625000 0.500000
v -0.250000 0.687500 0.500000
v -0.250000 0.750000 0.500000
v -0.250000 1.062500 0.500000
v -0.250000 1.000000 0.500000
v -0.250000 1.125000 0.500000
v -0.250000 1.375000 0.500000
v -0.250000 1.437500 0.500000
v -0.250000 1.500000 0.500000
v -0.250000 1.562500 0.500000
v -0.250000 1.625000 0.500000
v -0.250000 1.687500 0.500000
v -0.250000 1.750000 0.500000
v -0.250000 1.812500 0.500000
v -0.250000 1.875000 0.500000
v -0.250000 1.937500 0.500000
v -0.250000 2.000000 0.500000
v -0.187500 0.062500 -0.500000
v -0.187500 0.000000 -0.500000
v -0.187500 0.000000 -0.437500
v -0.187500 0.125000 -0.500000
v -0.187500 0.187500 -0.500000
v -0.187500 0.250000 -0.500000
v -0.250000 0.312500 -0.437500
v -0.250000 0.312500 -0.500000
v -0.187500 0.312500 -0.500000
v -0.250000 0.375000 -0.437500
v -0.250000 0.375000 -0.500000
v -0.187500 0.375000 -0.500000
v -0.250000 0.437500 -0.437500
v -0.250000 0.437500 -0.500000
v -0.187500 0.437500 -0.500000
v -0.250000 0.500000 -0.437500
v -0.250000 0.500000 -0.500000
v -0.187500 0.500000 -0.500000
v -0.187500 0.500000 -0.437500
v -0.187500 0.812500 -0.500000
v -0.187500 0.750000 -0.500000
v -0.187500 0.750000 -0.437500
v -0.187500 0.875000 -0.500000
v -0.187500 0.937500 -0.500000
v -0.187500 1.000000 -0.500000
v -0.187500 1.000000 -0.437500
v -0.187500 1.187500 -0.500000
v -0.187500 1.125000 -0.500000
v -0.187500 1.125000 -0.437500
v -0.187500 1.250000 -0.500000
v -0.187500 1.312500 -0.500000
v -0.187500 1.375000 -0.500000
v -0.187500 1.437500 -0.500000
v -0.187500 1.500000 -0.500000
v -0.187500 1.562500 -0.500000
v -0.187500 1.625000 -0.500000
v -0.187500 1.625000 -0.437500
v -0.187500 1.812500 -0.500000
v -0.187500 1.750000 -0.500000
v -0.187500 1.750000 -0.437500
v -0.187500 1.875000 -0.500000
v -0.187500 1.937500 -0.500000
v -0.187500 2.000000 -0.500000
v -0.187500 2.000000 -0.437500
v -0.187500 0.000000 -0.375000
v -0.187500 0.500000 -0.375000
v -0.187500 0.750000 -0.375000
v -0.187500 1.000000 -0.375000
v -0.187500 1.125000 -0.375000
v -0.187500 1.625000 -0.375000
v -0.187500 1.750000 -0.375000
v -0.187500 2.000000 -0.375000
v -0.187500 0.000000 -0.312500
v -0.187500 0.562500 -0.375000
v -0.187500 0.625000 -0.375000
v -0.187500 0.687500 -0.375000
v -0.187500 1.062500 -0.375000
v -0.187500 1.687500 -0.375000
v -0.187500 2.000000 -0.312500
v -0.187500 0.000000 -0.250000
v -0.187500 2.000000 -0.250000
v -0.187500 0.000000 -0.187500
v -0.187500 2.000000 -0.187500
v -0.187500 0.000000 -0.125000
v -0.187500 2.000000 -0.125000
v -0.187500 0.000000 -0.062500
v -0.187500 2.000000 -0.062500
v -0.187500 0.000000 0.000000
v -0.187500 2.000000 0.000000
v -0.187500 0.000000 0.062500
v -0.187500 2.000000 0.062500
v -0.187500 0.000000 0.125000
v -0.187500 2.000000 0.125000
v -0.187500 0.000000 0.187500
v -0.187500 2.000000 0.187500
v -0.187500 0.000000 0.250000
v -0.187500 2.000000 0.250000
v -0.187500 0.000000 0.312500
v -0.187500 2.000000 0.312500
v -0.187500 0.000000 0.375000
v -0.187500 0.250000 0.375000
v -0.187500 0.312500 0.375000
v -0.187500 0.375000 0.375000
v -0.187500 1.000000 0.375000
v -0.187500 1.062500 0.375000
v -0.187500 1.125000 0.375000
v -0.187500 1.750000 0.375000
v -0.187500 1.812500 0.375000
v -0.187500 1.875000 0.375000
v -0.187500 2.000000 0.375000
v -0.187500 0.000000 0.437500
v -0.250000 0.187500 0.437500
v -0.187500 0.250000 0.437500
v -0.250000 0.437500 0.437500
v -0.187500 0.375000 0.437500
v -0.250000 0.812500 0.437500
v -0.250000 0.875000 0.437500
v -0.250000 0.937500 0.437500
v -0.187500 1.000000 0.437500
v -0.250000 1.187500 0.437500
v -0.187500 1.125000 0.437500
v -0.250000 1.250000 0.437500
v -0.250000 1.312500 0.437500
v -0.187500 1.750000 0.437500
v -0.187500 1.875000 0.437500
v -0.187500 2.000000 0.437500
v -0.187500 0.000000 0.500000
v -0.187500 0.062500 0.500000
v -0.187500 0.125000 0.500000
v -0.250000 0.187500 0.500000
v -0.187500 0.187500 0.500000
v -0.187500 0.250000 0.500000
v -0.250000 0.437500 0.500000
v -0.187500 0.375000 0.500000
v -0.187500 0.437500 0.500000
v -0.187500 0.500000 0.500000
v -0.187500 0.562500 0.500000
v -0.187500 0.625000 0.500000
v -0.187500 0.687500 0.500000
v -0.187500 0.750000 0.500000
v -0.250000 0.812500 0.500000
v -0.187500 0.812500 0.500000
v -0.250000 0.875000 0.500000
v -0.187500 0.875000 0.500000
v -0.250000 0.937500 0.500000
v -0.187500 0.937500 0.500000
v -0.187500 1.000000 0.500000
v -0.250000 1.187500 0.500000
v -0.187500 1.125000 0.500000
v -0.187500 1.187500 0.500000
v -0.250000 1.250000 0.500000
v -0.187500 1.250000 0.500000
v -0.250000 1.312500 0.500000
v -0.187500 1.312500 0.500000
v -0.187500 1.375000 0.500000
v -0.187500 1.437500 0.500000
v -0.187500 1.500000 0.500000
v -0.187500 1.562500 0.500000
v -0.187500 1.625000 0.500000
v -0.187500 1.687500 0.500000
v -0.187500 1.750000 0.500000
v -0.187500 1.875000 0.500000
v -0.187500 1.937500 0.500000
v -0.187500 2.000000 0.500000
v -0.125000 0.062500 -0.500000
v -0.125000 0.000000 -0.500000
v -0.125000 0.000000 -0.437500
v -0.125000 0.125000 -0.500000
v -0.125000 0.187500 -0.500000
v -0.125000 0.250000 -0.500000
v -0.125000 0.312500 -0.500000
v -0.125000 0.375000 -0.500000
v -0.125000 0.437500 -0.500000
v -0.125000 0.500000 -0.500000
v -0.125000 0.500000 -0.437500
v -0.125000 0.812500 -0.500000
v -0.125000 0.812500 -0.437500
v -0.125000 0.750000 -0.437500
v -0.125000 0.750000 -0.500000
v -0.125000 0.875000 -0.500000
v -0.125000 0.875000 -0.437500
v -0.125000 0.937500 -0.500000
v -0.125000 0.937500 -0.437500
v -0.125000 1.000000 -0.500000
v -0.125000 1.000000 -0.437500
v -0.125000 1.187500 -0.500000
v -0.125000 1.125000 -0.500000
v -0.125000 1.125000 -0.437500
v -0.125000 1.250000 -0.500000
v -0.125000 1.312500 -0.500000
v -0.125000 1.375000 -0.500000
v -0.125000 1.437500 -0.500000
v -0.125000 1.500000 -0.500000
v -0.125000 1.562500 -0.500000
v -0.125000 1.625000 -0.500000
v -0.125000 1.625000 -0.437500
v -0.125000 1.812500 -0.500000
v -0.125000 1.750000 -0.500000
v -0.125000 1.750000 -0.437500
v -0.125000 1.875000 -0.500000
v -0.125000 1.875000 -0.437500
v -0.125000 1.812500 -0.437500
v -0.125000 1.937500 -0.500000
v -0.125000 2.000000 -0.500000
v -0.125000 2.000000 -0.437500
v -0.125000 0.000000 -0.375000
v -0.125000 0.500000 -0.375000
v -0.125000 0.812500 -0.375000
v -0.125000 0.750000 -0.375000
v -0.125000 0.875000 -0.375000
v -0.125000 0.937500 -0.375000
v -0.125000 1.000000 -0.375000
v -0.125000 1.125000 -0.375000
v -0.125000 1.625000 -0.375000
v -0.125000 1.750000 -0.375000
v -0.125000 1.875000 -0.375000
v -0.125000 1.812500 -0.375000
v -0.125000 2.000000 -0.375000
v -0.125000 0.000000 -0.312500
v -0.125000 0.562500 -0.375000
v -0.125000 0.625000 -0.375000
v -0.125000 0.687500 -0.375000
v -0.125000 1.062500 -0.375000
v -0.125000 1.687500 -0.375000
v -0.125000 2.000000 -0.312500
v -0.125000 0.000000 -0.250000
v -0.125000 2.000000 -0.250000
v -0.125000 0.000000 -0.187500
v -0.125000 2.000000 -0.187500
v -0.125000 0.000000 -0.125000
v -0.125000 2.000000 -0.125000
v -0.125000 0.000000 -0.062500
v -0.125000 2.000000 -0.062500
v -0.125000 0.000000 0.000000
v -0.125000 2.000000 0.000000
v -0.125000 0.000000 0.062500
v -0.125000 2.000000 0.062500
v -0.125000 0.000000 0.125000
v -0.125000 2.000000 0.125000
v -0.125000 0.000000 0.187500
v -0.125000 2.000000 0.187500
v -0.125000 0.000000 0.250000
v -0.125000 2.000000 0.250000
v -0.125000 0.000000 0.312500
v -0.125000 2.000000 0.312500
v -0.125000 0.000000 0.375000
v -0.125000 0.250000 0.375000
v -0.125000 0.312500 0.375000
v -0.125000 0.375000 0.375000
v -0.125000 1.000000 0.375000
v -0.125000 1.062500 0.375000
v -0.125000 1.125000 0.375000
v -0.125000 1.750000 0.375000
v -0.125000 1.812500 0.375000
v -0.125000 1.875000 0.375000
v -0.125000 2.000000 0.375000
v -0.125000 0.000000 0.437500
v -0.125000 0.250000 0.437500
v -0.125000 0.375000 0.437500
v -0.125000 0.562500 0.375000
v -0.125000 0.562500 0.437500
v -0.125000 0.500000 0.437500
v -0.125000 0.500000 0.375000
v -0.125000 0.625000 0.375000
v -0.125000 0.625000 0.437500
v -0.125000 0.687500 0.375000
v -0.125000 0.687500 0.437500
v -0.125000 0.750000 0.375000
v -0.125000 0.750000 0.437500
v -0.125000 1.000000 0.437500
v -0.125000 1.187500 0.375000
v -0.125000 1.187500 0.437500
v -0.125000 1.125000 0.437500
v -0.125000 1.250000 0.375000
v -0.125000 1.250000 0.437500
v -0.125000 1.312500 0.375000
v -0.125000 1.312500 0.437500
v -0.125000 1.375000 0.375000
v -0.125000 1.375000 0.437500
v -0.125000 1.750000 0.437500
v -0.125000 1.875000 0.437500
v -0.125000 2.000000 0.437500
v -0.125000 0.000000 0.500000
v -0.125000 0.062500 0.500000
v -0.125000 0.125000 0.500000
v -0.125000 0.187500 0.500000
v -0.125000 0.250000 0.500000
v -0.125000 0.375000 0.500000
v -0.125000 0.437500 0.500000
v -0.125000 0.500000 0.500000
v -0.125000 0.562500 0.500000
v -0.125000 0.625000 0.500000
v -0.125000 0.687500 0.500000
v -0.125000 0.750000 0.500000
v -0.125000 0.812500 0.500000
v -0.125000 0.875000 0.500000
v -0.125000 0.937500 0.500000
v -0.125000 1.000000 0.500000
v -0.125000 1.187500 0.500000
v -0.125000 1.125000 0.500000
v -0.125000 1.250000 0.500000
v -0.125000 1.312500 0.500000
v -0.125000 1.375000 0.500000
v -0.125000 1.437500 0.500000
v -0.125000 1.500000 0.500000
v -0.125000 1.562500 0.500000
v -0.125000 1.625000 0.500000
v -0.125000 1.687500 0.500000
v -0.125000 1.750000 0.500000
v -0.125000 1.875000 0.500000
v -0.125000 1.937500 0.500000
v -0.125000 2.000000 0.500000
v -0.062500 0.062500 -0.500000
v -0.062500 0.000000 -0.500000
v -0.062500 0.000000 -0.437500
v -0.062500 0.125000 -0.500000
v -0.062500 0.187500 -0.500000
v -0.062500 0.250000 -0.500000
v -0.062500 0.312500 -0.500000
v -0.062500 0.375000 -0.500000
v -0.062500 0.437500 -0.500000
v -0.062500 0.500000 -0.500000
v -0.125000 0.562500 -0.437500
v -0.125000 0.562500 -0.500000
v -0.062500 0.562500 -0.500000
v -0.125000 0.625000 -0.437500
v -0.125000 0.625000 -0.500000
v -0.062500 0.625000 -0.500000
v -0.125000 0.687500 -0.437500
v -0.125000 0.687500 -0.500000
v -0.062500 0.687500 -0.500000
v -0.062500 0.750000 -0.500000
v -0.062500 0.750000 -0.437500
v -0.125000 1.062500 -0.437500
v -0.125000 1.062500 -0.500000
v -0.062500 1.062500 -0.500000
v -0.062500 1.000000 -0.500000
v -0.062500 1.000000 -0.437500
v -0.062500 1.125000 -0.500000
v -0.062500 1.187500 -0.500000
v -0.062500 1.250000 -0.500000
v -0.062500 1.312500 -0.500000
v -0.062500 1.375000 -0.500000
v -0.062500 1.437500 -0.500000
v -0.062500 1.500000 -0.500000
v -0.062500 1.562500 -0.500000
v -0.062500 1.625000 -0.500000
v -0.125000 1.687500 -0.437500
v -0.125000 1.687500 -0.500000
v -0.062500 1.687500 -0.500000
v -0.062500 1.750000 -0.500000
v -0.062500 1.812500 -0.500000
v -0.062500 1.812500 -0.437500
v -0.062500 1.937500 -0.500000
v -0.062500 1.875000 -0.500000
v -0.062500 1.875000 -0.437500
v -0.062500 2.000000 -0.500000
v -0.062500 2.000000 -0.437500
v -0.062500 0.000000 -0.375000
v -0.062500 0.750000 -0.375000
v -0.062500 1.000000 -0.375000
v -0.062500 1.812500 -0.375000
v -0.062500 1.875000 -0.375000
v -0.062500 2.000000 -0.375000
v -0.062500 0.000000 -0.312500
v -0.062500 0.812500 -0.375000
v -0.062500 0.875000 -0.375000
v -0.062500 0.937500 -0.375000
v -0.062500 2.000000 -0.312500
v -0.062500 0.000000 -0.250000
v -0.062500 2.000000 -0.250000
v -0.062500 0.000000 -0.187500
v -0.062500 2.000000 -0.187500
v -0.062500 0.000000 -0.125000
v -0.062500 2.000000 -0.125000
v -0.062500 0.000000 -0.062500
v -0.062500 2.000000 -0.062500
v -0.062500 0.000000 0.000000
v -0.062500 2.000000 0.000000
v -0.062500 0.000000 0.062500
v -0.062500 2.000000 0.062500
v -0.062500 0.000000 0.125000
v -0.062500 2.000000 0.125000
v -0.062500 0.000000 0.187500
v -0.062500 2.000000 0.187500
v -0.062500 0.000000 0.250000
v -0.062500 2.000000 0.250000
v -0.062500 0.000000 0.312500
v -0.062500 2.000000 0.312500
v -0.062500 0.000000 0.375000
v -0.062500 0.250000 0.375000
v -0.062500 0.312500 0.375000
v -0.062500 0.375000 0.375000
v -0.062500 0.500000 0.375000
v -0.062500 0.562500 0.375000
v -0.062500 0.625000 0.375000
v -0.062500 0.687500 0.375000
v -0.062500 0.750000 0.375000
v -0.062500 1.125000 0.375000
v -0.062500 1.187500 0.375000
v -0.062500 1.250000 0.375000
v -0.062500 1.312500 0.375000
v -0.062500 1.375000 0.375000
v -0.062500 2.000000 0.375000
v -0.062500 0.000000 0.437500
v -0.062500 0.250000 0.437500
v -0.062500 0.375000 0.437500
v -0.062500 0.500000 0.437500
v -0.062500 0.750000 0.437500
v -0.125000 1.062500 0.437500
v -0.062500 1.125000 0.437500
v -0.062500 1.375000 0.437500
v -0.125000 1.812500 0.437500
v -0.062500 2.000000 0.437500
v -0.062500 0.000000 0.500000
v -0.062500 0.062500 0.500000
v -0.062500 0.125000 0.500000
v -0.062500 0.187500 0.500000
v -0.062500 0.250000 0.500000
v -0.062500 0.375000 0.500000
v -0.062500 0.437500 0.500000
v -0.062500 0.500000 0.500000
v -0.062500 0.750000 0.500000
v -0.062500 0.812500 0.500000
v -0.062500 0.875000 0.500000
v -0.062500 0.937500 0.500000
v -0.062500 1.000000 0.500000
v -0.125000 1.062500 0.500000
v -0.062500 1.062500 0.500000
v -0.062500 1.125000 0.500000
v -0.062500 1.375000 0.500000
v -0.062500 1.437500 0.500000
v -0.062500 1.500000 0.500000
v -0.062500 1.562500 0.500000
v -0.062500 1.625000 0.500000
v -0.062500 1.687500 0.500000
v -0.062500 1.750000 0.500000
v -0.125000 1.812500 0.500000
v -0.062500 1.812500 0.500000
v -0.062500 1.875000 0.500000
v -0.062500 1.937500 0.500000
v -0.062500 2.000000 0.500000
v 0.000000 0.062500 -0.500000
v 0.000000 0.000000 -0.500000
v 0.000000 0.000000 -0.437500
v 0.000000 0.125000 -0.500000
v 0.000000 0.187500 -0.500000
v 0.000000 0.250000 -0.500000
v 0.000000 0.312500 -0.500000
v 0.000000 0.375000 -0.500000
v 0.000000 0.437500 -0.500000
v 0.000000 0.437500 -0.437500
v 0.000000 0.375000 -0.437500
v 0.000000 0.500000 -0.500000
v 0.000000 0.500000 -0.437500
v 0.000000 0.562500 -0.500000
v 0.000000 0.562500 -0.437500
v 0.000000 0.625000 -0.500000
v 0.000000 0.625000 -0.437500
v 0.000000 0.687500 -0.500000
v 0.000000 0.750000 -0.500000
v -0.062500 0.812500 -0.437500
v -0.062500 0.812500 -0.500000
v 0.000000 0.812500 -0.500000
v -0.062500 0.875000 -0.437500
v -0.062500 0.875000 -0.500000
v 0.000000 0.875000 -0.500000
v -0.062500 0.937500 -0.437500
v -0.062500 0.937500 -0.500000
v 0.000000 0.937500 -0.500000
v 0.000000 0.937500 -0.437500
v 0.000000 1.062500 -0.500000
v 0.000000 1.000000 -0.500000
v 0.000000 1.000000 -0.437500
v 0.000000 1.125000 -0.500000
v 0.000000 1.187500 -0.500000
v 0.000000 1.250000 -0.500000
v 0.000000 1.312500 -0.500000
v 0.000000 1.375000 -0.500000
v 0.000000 1.437500 -0.500000
v 0.000000 1.500000 -0.500000
v 0.000000 1.562500 -0.500000
v 0.000000 1.625000 -0.500000
v 0.000000 1.687500 -0.500000
v 0.000000 1.750000 -0.500000
v 0.000000 1.812500 -0.500000
v 0.000000 1.812500 -0.437500
v 0.000000 1.937500 -0.500000
v 0.000000 1.875000 -0.500000
v 0.000000 1.875000 -0.437500
v 0.000000 2.000000 -0.500000
v 0.000000 2.000000 -0.437500
v 0.000000 0.000000 -0.375000
v 0.000000 0.437500 -0.375000
v 0.000000 0.375000 -0.375000
v 0.000000 0.500000 -0.375000
v 0.000000 0.562500 -0.375000
v 0.000000 0.625000 -0.375000
v 0.000000 0.937500 -0.375000
v 0.000000 1.000000 -0.375000
v 0.000000 1.812500 -0.375000
v 0.000000 1.875000 -0.375000
v 0.000000 2.000000 -0.375000
v 0.000000 0.000000 -0.312500
v 0.000000 2.000000 -0.312500
v 0.000000 0.000000 -0.250000
v 0.000000 2.000000 -0.250000
v 0.000000 0.000000 -0.187500
v 0.000000 2.000000 -0.187500
v 0.000000 0.000000 -0.125000
v 0.000000 2.000000 -0.125000
v 0.000000 0.000000 -0.062500
v 0.000000 2.000000 -0.062500
v 0.000000 0.000000 0.000000
v 0.000000 2.000000 0.000000
v 0.000000 0.000000 0.062500
v 0.000000 2.000000 0.062500
v 0.000000 0.000000 0.125000
v 0.000000 2.000000 0.125000
v 0.000000 0.000000 0.187500
v 0.000000 2.000000 0.187500
v 0.000000 0.000000 0.250000
v 0.000000 2.000000 0.250000
v 0.000000 0.000000 0.312500
v 0.000000 2.000000 0.312500
v 0.000000 0.000000 0.375000
v 0.000000 0.250000 0.375000
v 0.000000 0.312500 0.375000
v 0.000000 0.375000 0.375000
v 0.000000 0.500000 0.375000
v 0.000000 0.562500 0.375000
v 0.000000 0.625000 0.375000
v 0.000000 0.687500 0.375000
v 0.000000 0.750000 0.375000
v 0.000000 1.125000 0.375000
v 0.000000 1.187500 0.375000
v 0.000000 1.250000 0.375000
v 0.000000 1.312500 0.375000
v 0.000000 1.375000 0.375000
v 0.000000 2.000000 0.375000
v 0.000000 0.000000 0.437500
v 0.000000 0.250000 0.437500
v 0.000000 0.375000 0.437500
v 0.000000 0.500000 0.437500
v 0.000000 0.750000 0.437500
v 0.000000 1.062500 0.375000
v 0.000000 1.062500 0.437500
v 0.000000 1.000000 0.437500
v 0.000000 1.000000 0.375000
v 0.000000 1.125000 0.437500
v 0.000000 1.375000 0.437500
v 0.000000 1.687500 0.375000
v 0.000000 1.687500 0.437500
v 0.000000 1.625000 0.437500
v 0.000000 1.625000 0.375000
v 0.000000 1.750000 0.375000
v 0.000000 1.750000 0.437500
v 0.000000 1.812500 0.375000
v 0.000000 1.812500 0.437500
v 0.000000 1.875000 0.375000
v 0.000000 1.875000 0.437500
v 0.000000 2.000000 0.437500
v 0.000000 0.000000 0.500000
v 0.000000 0.062500 0.500000
v 0.000000 0.125000 0.500000
v 0.000000 0.187500 0.500000
v 0.000000 0.250000 0.500000
v 0.000000 0.375000 0.500000
v 0.000000 0.437500 0.500000
v 0.000000 0.500000 0.500000
v 0.000000 0.750000 0.500000
v 0.000000 0.812500 0.500000
v 0.000000 0.875000 0.500000
v 0.000000 0.937500 0.500000
v 0.000000 1.000000 0.500000
v 0.000000 1.062500 0.500000
v 0.000000 1.125000 0.500000
v 0.000000 1.375000 0.500000
v 0.000000 1.437500 0.500000
v 0.000000 1.500000 0.500000
v 0.000000 1.562500 0.500000
v 0.000000 1.625000 0.500000
v 0.000000 1.687500 0.500000
v 0.000000 1.750000 0.500000
v 0.000000 1.812500 0.500000
v 0.000000 1.875000 0.500000
v 0.000000 1.937500 0.500000
v 0.000000 2.000000 0.500000
v 0.062500 0.062500 -0.500000
v 0.062500 0.000000 -0.500000
v 0.062500 0.000000 -0.437500
v 0.062500 0.125000 -0.500000
v 0.062500 0.187500 -0.500000
v 0.062500 0.250000 -0.500000
v 0.062500 0.312500 -0.500000
v 0.062500 0.375000 -0.500000
v 0.062500 0.375000 -0.437500
v 0.062500 0.687500 -0.500000
v 0.062500 0.687500 -0.437500
v 0.062500 0.625000 -0.437500
v 0.062500 0.625000 -0.500000
v 0.062500 0.750000 -0.500000
v 0.062500 0.750000 -0.437500
v 0.062500 0.812500 -0.500000
v 0.062500 0.875000 -0.500000
v 0.062500 0.937500 -0.500000
v 0.062500 0.937500 -0.437500
v 0.062500 0.875000 -0.437500
v 0.062500 1.000000 -0.500000
v 0.062500 1.062500 -0.500000
v 0.062500 1.125000 -0.500000
v 0.062500 1.187500 -0.500000
v 0.062500 1.250000 -0.500000
v 0.062500 1.312500 -0.500000
v 0.062500 1.375000 -0.500000
v 0.062500 1.437500 -0.500000
v 0.062500 1.500000 -0.500000
v 0.062500 1.562500 -0.500000
v 0.062500 1.625000 -0.500000
v 0.062500 1.687500 -0.500000
v 0.062500 1.750000 -0.500000
v 0.062500 1.812500 -0.500000
v 0.062500 1.875000 -0.500000
v 0.062500 1.937500 -0.500000
v 0.062500 2.000000 -0.500000
v 0.062500 2.000000 -0.437500
v 0.062500 0.000000 -0.375000
v 0.062500 0.375000 -0.375000
v 0.062500 0.687500 -0.375000
v 0.062500 0.625000 -0.375000
v 0.062500 0.750000 -0.375000
v 0.062500 0.937500 -0.375000
v 0.062500 0.875000 -0.375000
v 0.062500 2.000000 -0.375000
v 0.062500 0.000000 -0.312500
v 0.062500 0.437500 -0.375000
v 0.062500 0.500000 -0.375000
v 0.062500 0.562500 -0.375000
v 0.062500 2.000000 -0.312500
v 0.062500 0.000000 -0.250000
v 0.062500 2.000000 -0.250000
v 0.062500 0.000000 -0.187500
v 0.062500 2.000000 -0.187500
v 0.062500 0.000000 -0.125000
v 0.062500 2.000000 -0.125000
v 0.062500 0.000000 -0.062500
v 0.062500 2.000000 -0.062500
v 0.062500 0.000000 0.000000
v 0.062500 2.000000 0.000000
v 0.062500 0.000000 0.062500
v 0.062500 2.000000 0.062500
v 0.062500 0.000000 0.125000
v 0.062500 2.000000 0.125000
v 0.062500 0.000000 0.187500
v 0.062500 2.000000 0.187500
v 0.062500 0.000000 0.250000
v 0.062500 2.000000 0.250000
v 0.062500 0.000000 0.312500
v 0.062500 2.000000 0.312500
v 0.062500 0.000000 0.375000
v 0.062500 0.250000 0.375000
v 0.062500 0.312500 0.375000
v 0.062500 0.375000 0.375000
v 0.062500 1.000000 0.375000
v 0.062500 1.062500 0.375000
v 0.062500 1.125000 0.375000
v 0.062500 1.187500 0.375000
v 0.062500 1.250000 0.375000
v 0.062500 1.312500 0.375000
v 0.062500 1.375000 0.375000
v 0.062500 1.625000 0.375000
v 0.062500 1.687500 0.375000
v 0.062500 1.750000 0.375000
v 0.062500 1.812500 0.375000
v 0.062500 1.875000 0.375000
v 0.062500 2.000000 0.375000
v 0.062500 0.000000 0.437500
v 0.062500 0.250000 0.437500
v 0.062500 0.375000 0.437500
v 0.000000 0.562500 0.437500
v 0.000000 0.625000 0.437500
v 0.000000 0.687500 0.437500
v 0.062500 1.000000 0.437500
v 0.062500 1.375000 0.437500
v 0.062500 1.625000 0.437500
v 0.062500 1.875000 0.437500
v 0.062500 2.000000 0.437500
v 0.062500 0.000000 0.500000
v 0.062500 0.062500 0.500000
v 0.062500 0.125000 0.500000
v 0.062500 0.187500 0.500000
v 0.062500 0.250000 0.500000
v 0.062500 0.375000 0.500000
v 0.062500 0.437500 0.500000
v 0.062500 0.500000 0.500000
v 0.000000 0.562500 0.500000
v 0.062500 0.562500 0.500000
v 0.000000 0.625000 0.500000
v 0.062500 0.625000 0.500000
v 0.000000 0.687500 0.500000
v 0.062500 0.687500 0.500000
v 0.062500 0.750000 0.500000
v 0.062500 0.812500 0.500000
v 0.062500 0.875000 0.500000
v 0.062500 0.937500 0.500000
v 0.062500 1.000000 0.500000
v 0.062500 1.375000 0.500000
v 0.062500 1.437500 0.500000
v 0.062500 1.500000 0.500000
v 0.062500 1.562500 0.500000
v 0.062500 1.625000 0.500000
v 0.062500 1.875000 0.500000
v 0.062500 1.937500 0.500000
v 0.062500 2.000000 0.500000
v 0.125000 0.062500 -0.500000
v 0.125000 0.000000 -0.500000
v 0.125000 0.000000 -0.437500
v 0.125000 0.125000 -0.500000
v 0.125000 0.187500 -0.500000
v 0.125000 0.187500 -0.437500
v 0.125000 0.125000 -0.437500
v 0.125000 0.250000 -0.500000
v 0.125000 0.250000 -0.437500
v 0.125000 0.312500 -0.500000
v 0.125000 0.312500 -0.437500
v 0.125000 0.375000 -0.500000
v 0.125000 0.375000 -0.437500
v 0.125000 0.812500 -0.500000
v 0.125000 0.750000 -0.500000
v 0.125000 0.750000 -0.437500
v 0.125000 0.875000 -0.500000
v 0.125000 0.875000 -0.437500
v 0.125000 1.000000 -0.500000
v 0.125000 0.937500 -0.500000
v 0.125000 0.937500 -0.437500
v 0.125000 1.062500 -0.500000
v 0.125000 1.125000 -0.500000
v 0.125000 1.187500 -0.500000
v 0.125000 1.250000 -0.500000
v 0.125000 1.312500 -0.500000
v 0.125000 1.375000 -0.500000
v 0.125000 1.375000 -0.437500
v 0.125000 1.312500 -0.437500
v 0.125000 1.437500 -0.500000
v 0.125000 1.437500 -0.437500
v 0.125000 1.500000 -0.500000
v 0.125000 1.500000 -0.437500
v 0.125000 1.562500 -0.500000
v 0.125000 1.562500 -0.437500
v 0.125000 1.625000 -0.500000
v 0.125000 1.625000 -0.437500
v 0.125000 1.687500 -0.500000
v 0.125000 1.750000 -0.500000
v 0.125000 1.812500 -0.500000
v 0.125000 1.812500 -0.437500
v 0.125000 1.750000 -0.437500
v 0.125000 1.875000 -0.500000
v 0.125000 1.875000 -0.437500
v 0.125000 1.937500 -0.500000
v 0.125000 2.000000 -0.500000
v 0.125000 2.000000 -0.437500
v 0.125000 0.000000 -0.375000
v 0.125000 0.187500 -0.375000
v 0.125000 0.125000 -0.375000
v 0.125000 0.250000 -0.375000
v 0.125000 0.312500 -0.375000
v 0.125000 0.375000 -0.375000
v 0.125000 0.750000 -0.375000
v 0.125000 0.875000 -0.375000
v 0.125000 0.937500 -0.375000
v 0.125000 1.375000 -0.375000
v 0.125000 1.312500 -0.375000
v 0.125000 1.437500 -0.375000
v 0.125000 1.500000 -0.375000
v 0.125000 1.562500 -0.375000
v 0.125000 1.625000 -0.375000
v 0.125000 1.812500 -0.375000
v 0.125000 1.750000 -0.375000
v 0.125000 1.875000 -0.375000
v 0.125000 2.000000 -0.375000
v 0.125000 0.000000 -0.312500
v 0.125000 0.437500 -0.375000
v 0.125000 0.500000 -0.375000
v 0.125000 0.562500 -0.375000
v 0.125000 0.625000 -0.375000
v 0.125000 0.687500 -0.375000
v 0.125000 2.000000 -0.312500
v 0.125000 0.000000 -0.250000
v 0.125000 2.000000 -0.250000
v 0.125000 0.000000 -0.187500
v 0.125000 2.000000 -0.187500
v 0.125000 0.000000 -0.125000
v 0.125000 2.000000 -0.125000
v 0.125000 0.000000 -0.062500
v 0.125000 2.000000 -0.062500
v 0.125000 0.000000 0.000000
v 0.125000 2.000000 0.000000
v 0.125000 0.000000 0.062500
v 0.125000 2.000000 0.062500
v 0.125000 0.000000 0.125000
v 0.125000 2.000000 0.125000
v 0.125000 0.000000 0.187500
v 0.125000 2.000000 0.187500
v 0.125000 0.000000 0.250000
v 0.125000 2.000000 0.250000
v 0.125000 0.000000 0.312500
v 0.125000 2.000000 0.312500
v 0.125000 0.000000 0.375000
v 0.125000 0.250000 0.375000
v 0.125000 0.312500 0.375000
v 0.125000 0.375000 0.375000
v 0.125000 1.000000 0.375000
v 0.125000 1.062500 0.375000
v 0.125000 1.125000 0.375000
v 0.125000 1.187500 0.375000
v 0.125000 1.250000 0.375000
v 0.125000 1.312500 0.375000
v 0.125000 1.375000 0.375000
v 0.125000 1.625000 0.375000
v 0.125000 1.687500 0.375000
v 0.125000 1.750000 0.375000
v 0.125000 1.812500 0.375000
v 0.125000 1.875000 0.375000
v 0.125000 2.000000 0.375000
v 0.125000 0.000000 0.437500
v 0.125000 0.250000 0.437500
v 0.125000 0.375000 0.437500
v 0.125000 0.562500 0.375000
v 0.125000 0.562500 0.437500
v 0.125000 0.500000 0.437500
v 0.125000 0.500000 0.375000
v 0.125000 0.625000 0.375000
v 0.125000 0.625000 0.437500
v 0.125000 0.812500 0.375000
v 0.125000 0.812500 0.437500
v 0.125000 0.750000 0.437500
v 0.125000 0.750000 0.375000
v 0.125000 0.875000 0.375000
v 0.125000 0.875000 0.437500
v 0.125000 1.000000 0.437500
v 0.125000 1.375000 0.437500
v 0.125000 1.625000 0.437500
v 0.125000 1.875000 0.437500
v 0.125000 2.000000 0.437500
v 0.125000 0.000000 0.500000
v 0.125000 0.062500 0.500000
v 0.125000 0.125000 0.500000
v 0.125000 0.187500 0.500000
v 0.125000 0.250000 0.500000
v 0.125000 0.375000 0.500000
v 0.125000 0.437500 0.500000
v 0.125000 0.500000 0.500000
v 0.125000 0.562500 0.500000
v 0.125000 0.625000 0.500000
v 0.125000 0.687500 0.500000
v 0.125000 0.750000 0.500000
v 0.125000 0.812500 0.500000
v 0.125000 0.875000 0.500000
v 0.125000 0.937500 0.500000
v 0.125000 1.000000 0.500000
v 0.125000 1.375000 0.500000
v 0.125000 1.437500 0.500000
v 0.125000 1.500000 0.500000
v 0.125000 1.562500 0.500000
v 0.125000 1.625000 0.500000
v 0.125000 1.875000 0.500000
v 0.125000 1.937500 0.500000
v 0.125000 2.000000 0.500000
v 0.187500 0.062500 -0.500000
v 0.187500 0.000000 -0.500000
v 0.187500 0.000000 -0.437500
v 0.187500 0.125000 -0.500000
v 0.187500 0.125000 -0.437500
v 0.125000 0.437500 -0.437500
v 0.125000 0.437500 -0.500000
v 0.187500 0.437500 -0.500000
v 0.187500 0.375000 -0.500000
v 0.187500 0.375000 -0.437500
v 0.125000 0.500000 -0.437500
v 0.125000 0.500000 -0.500000
v 0.187500 0.500000 -0.500000
v 0.125000 0.562500 -0.437500
v 0.125000 0.562500 -0.500000
v 0.187500 0.562500 -0.500000
v 0.125000 0.625000 -0.437500
v 0.125000 0.625000 -0.500000
v 0.187500 0.625000 -0.500000
v 0.125000 0.687500 -0.437500
v 0.125000 0.687500 -0.500000
v 0.187500 0.687500 -0.500000
v 0.187500 0.750000 -0.500000
v 0.187500 0.812500 -0.500000
v 0.187500 0.875000 -0.500000
v 0.187500 0.937500 -0.500000
v 0.187500 1.000000 -0.500000
v 0.187500 1.062500 -0.500000
v 0.187500 1.125000 -0.500000
v 0.187500 1.187500 -0.500000
v 0.187500 1.250000 -0.500000
v 0.187500 1.312500 -0.500000
v 0.187500 1.312500 -0.437500
v 0.187500 1.687500 -0.500000
v 0.187500 1.625000 -0.500000
v 0.187500 1.625000 -0.437500
v 0.187500 1.750000 -0.500000
v 0.187500 1.750000 -0.437500
v 0.187500 1.937500 -0.500000
v 0.187500 1.875000 -0.500000
v 0.187500 1.875000 -0.437500
v 0.187500 2.000000 -0.500000
v 0.187500 2.000000 -0.437500
v 0.187500 0.000000 -0.375000
v 0.187500 0.125000 -0.375000
v 0.187500 0.375000 -0.375000
v 0.187500 1.312500 -0.375000
v 0.187500 1.625000 -0.375000
v 0.187500 1.750000 -0.375000
v 0.187500 1.875000 -0.375000
v 0.187500 2.000000 -0.375000
v 0.187500 0.000000 -0.312500
v 0.187500 0.187500 -0.375000
v 0.187500 0.250000 -0.375000
v 0.187500 0.312500 -0.375000
v 0.187500 1.375000 -0.375000
v 0.187500 1.437500 -0.375000
v 0.187500 1.500000 -0.375000
v 0.187500 1.562500 -0.375000
v 0.187500 1.812500 -0.375000
v 0.187500 2.000000 -0.312500
v 0.187500 0.000000 -0.250000
v 0.187500 2.000000 -0.250000
v 0.187500 0.000000 -0.187500
v 0.187500 2.000000 -0.187500
v 0.187500 0.000000 -0.125000
v 0.187500 2.000000 -0.125000
v 0.187500 0.000000 -0.062500
v 0.187500 2.000000 -0.062500
v 0.187500 0.000000 0.000000
v 0.187500 2.000000 0.000000
v 0.187500 0.000000 0.062500
v 0.187500 2.000000 0.062500
v 0.187500 0.000000 0.125000
v 0.187500 2.000000 0.125000
v 0.187500 0.000000 0.187500
v 0.187500 2.000000 0.187500
v 0.187500 0.000000 0.250000
v 0.187500 2.000000 0.250000
v 0.187500 0.000000 0.312500
v 0.187500 2.000000 0.312500
v 0.187500 0.000000 0.375000
v 0.187500 0.500000 0.375000
v 0.187500 0.562500 0.375000
v 0.187500 0.625000 0.375000
v 0.187500 0.750000 0.375000
v 0.187500 0.812500 0.375000
v 0.187500 0.875000 0.375000
v 0.187500 1.625000 0.375000
v 0.187500 1.687500 0.375000
v 0.187500 1.750000 0.375000
v 0.187500 1.812500 0.375000
v 0.187500 1.875000 0.375000
v 0.187500 2.000000 0.375000
v 0.187500 0.000000 0.437500
v 0.125000 0.312500 0.437500
v 0.187500 0.500000 0.437500
v 0.187500 0.625000 0.437500
v 0.187500 0.750000 0.437500
v 0.187500 0.875000 0.437500
v 0.125000 1.062500 0.437500
v 0.125000 1.125000 0.437500
v 0.125000 1.187500 0.437500
v 0.125000 1.250000 0.437500
v 0.125000 1.312500 0.437500
v 0.187500 1.625000 0.437500
v 0.187500 1.875000 0.437500
v 0.187500 2.000000 0.437500
v 0.187500 0.000000 0.500000
v 0.187500 0.062500 0.500000
v 0.187500 0.125000 0.500000
v 0.187500 0.187500 0.500000
v 0.187500 0.250000 0.500000
v 0.125000 0.312500 0.500000
v 0.187500 0.312500 0.500000
v 0.187500 0.375000 0.500000
v 0.187500 0.437500 0.500000
v 0.187500 0.500000 0.500000
v 0.187500 0.625000 0.500000
v 0.187500 0.687500 0.500000
v 0.187500 0.750000 0.500000
v 0.187500 0.875000 0.500000
v 0.187500 0.937500 0.500000
v 0.187500 1.000000 0.500000
v 0.125000 1.062500 0.500000
v 0.187500 1.062500 0.500000
v 0.125000 1.125000 0.500000
v 0.187500 1.125000 0.500000
v 0.125000 1.187500 0.500000
v 0.187500 1.187500 0.500000
v 0.125000 1.250000 0.500000
v 0.187500 1.250000 0.500000
v 0.125000 1.312500 0.500000
v 0.187500 1.312500 0.500000
v 0.187500 1.375000 0.500000
v 0.187500 1.437500 0.500000
v 0.187500 1.500000 0.500000
v 0.187500 1.562500 0.500000
v 0.187500 1.625000 0.500000
v 0.187500 1.875000 0.500000
v 0.187500 1.937500 0.500000
v 0.187500 2.000000 0.500000
v 0.250000 0.062500 -0.500000
v 0.250000 0.000000 -0.500000
v 0.250000 0.000000 -0.437500
v 0.250000 0.125000 -0.500000
v 0.250000 0.125000 -0.437500
v 0.250000 0.437500 -0.500000
v 0.250000 0.375000 -0.500000
v 0.250000 0.375000 -0.437500
v 0.250000 0.500000 -0.500000
v 0.250000 0.562500 -0.500000
v 0.250000 0.625000 -0.500000
v 0.250000 0.687500 -0.500000
v 0.250000 0.750000 -0.500000
v 0.250000 0.812500 -0.500000
v 0.250000 0.875000 -0.500000
v 0.250000 0.937500 -0.500000
v 0.250000 0.937500 -0.437500
v 0.250000 0.875000 -0.437500
v 0.250000 1.000000 -0.500000
v 0.250000 1.000000 -0.437500
v 0.250000 1.062500 -0.500000
v 0.250000 1.062500 -0.437500
v 0.250000 1.125000 -0.500000
v 0.250000 1.125000 -0.437500
v 0.250000 1.187500 -0.500000
v 0.250000 1.187500 -0.437500
v 0.250000 1.250000 -0.500000
v 0.250000 1.250000 -0.437500
v 0.250000 1.312500 -0.500000
v 0.187500 1.375000 -0.437500
v 0.187500 1.375000 -0.500000
v 0.250000 1.375000 -0.500000
v 0.250000 1.375000 -0.437500
v 0.250000 1.687500 -0.500000
v 0.250000 1.625000 -0.500000
v 0.250000 1.625000 -0.437500
v 0.250000 1.750000 -0.500000
v 0.250000 1.750000 -0.437500
v 0.250000 1.937500 -0.500000
v 0.250000 1.875000 -0.500000
v 0.250000 1.875000 -0.437500
v 0.250000 2.000000 -0.500000
v 0.250000 2.000000 -0.437500
v 0.250000 0.000000 -0.375000
v 0.250000 0.125000 -0.375000
v 0.250000 0.375000 -0.375000
v 0.250000 0.937500 -0.375000
v 0.250000 0.875000 -0.375000
v 0.250000 1.000000 -0.375000
v 0.250000 1.062500 -0.375000
v 0.250000 1.125000 -0.375000
v 0.250000 1.187500 -0.375000
v 0.250000 1.250000 -0.375000
v 0.250000 1.375000 -0.375000
v 0.250000 1.625000 -0.375000
v 0.250000 1.750000 -0.375000
v 0.250000 1.875000 -0.375000
v 0.250000 2.000000 -0.375000
v 0.250000 0.000000 -0.312500
v 0.250000 0.187500 -0.375000
v 0.250000 0.250000 -0.375000
v 0.250000 0.312500 -0.375000
v 0.250000 1.437500 -0.375000
v 0.250000 1.500000 -0.375000
v 0.250000 1.562500 -0.375000
v 0.250000 1.812500 -0.375000
v 0.250000 2.000000 -0.312500
v 0.250000 0.000000 -0.250000
v 0.250000 2.000000 -0.250000
v 0.250000 0.000000 -0.187500
v 0.250000 2.000000 -0.187500
v 0.250000 0.000000 -0.125000
v 0.250000 2.000000 -0.125000
v 0.250000 0.000000 -0.062500
v 0.250000 2.000000 -0.062500
v 0.250000 0.000000 0.000000
v 0.250000 2.000000 0.000000
v 0.250000 0.000000 0.062500
v 0.250000 2.000000 0.062500
v 0.250000 0.000000 0.125000
v 0.250000 2.000000 0.125000
v 0.250000 0.000000 0.187500
v 0.250000 2.000000 0.187500
v 0.250000 0.000000 0.250000
v 0.250000 2.000000 0.250000
v 0.250000 0.000000 0.312500
v 0.250000 2.000000 0.312500
v 0.250000 0.000000 0.375000
v 0.250000 0.500000 0.375000
v 0.250000 0.562500 0.375000
v 0.250000 0.625000 0.375000
v 0.250000 0.750000 0.375000
v 0.250000 0.812500 0.375000
v 0.250000 0.875000 0.375000
v 0.250000 1.625000 0.375000
v 0.250000 1.687500 0.375000
v 0.250000 1.750000 0.375000
v 0.250000 1.812500 0.375000
v 0.250000 1.875000 0.375000
v 0.250000 2.000000 0.375000
v 0.250000 0.000000 0.437500
v 0.250000 0.312500 0.375000
v 0.250000 0.312500 0.437500
v 0.250000 0.250000 0.437500
v 0.250000 0.250000 0.375000
v 0.250000 0.375000 0.375000
v 0.250000 0.375000 0.437500
v 0.250000 0.500000 0.437500
v 0.250000 0.625000 0.437500
v 0.250000 0.750000 0.437500
v 0.250000 0.875000 0.437500
v 0.250000 1.062500 0.375000
v 0.250000 1.062500 0.437500
v 0.250000 1.000000 0.437500
v 0.250000 1.000000 0.375000
v 0.250000 1.125000 0.375000
v 0.250000 1.125000 0.437500
v 0.250000 1.187500 0.375000
v 0.250000 1.187500 0.437500
v 0.250000 1.250000 0.375000
v 0.250000 1.250000 0.437500
v 0.250000 1.625000 0.437500
v 0.250000 1.875000 0.437500
v 0.250000 2.000000 0.437500
v 0.250000 0.000000 0.500000
v 0.250000 0.062500 0.500000
v 0.250000 0.125000 0.500000
v 0.250000 0.187500 0.500000
v 0.250000 0.250000 0.500000
v 0.250000 0.312500 0.500000
v 0.250000 0.375000 0.500000
v 0.250000 0.437500 0.500000
v 0.250000 0.500000 0.500000
v 0.250000 0.625000 0.500000
v 0.250000 0.687500 0.500000
v 0.250000 0.750000 0.500000
v 0.250000 0.875000 0.500000
v 0.250000 0.937500 0.500000
v 0.250000 1.000000 0.500000
v 0.250000 1.062500 0.500000
v 0.250000 1.125000 0.500000
v 0.250000 1.187500 0.500000
v 0.250000 1.250000 0.500000
v 0.250000 1.312500 0.500000
v 0.250000 1.375000 0.500000
v 0.250000 1.437500 0.500000
v 0.250000 1.500000 0.500000
v 0.250000 1.562500 0.500000
v 0.250000 1.625000 0.500000
v 0.250000 1.875000 0.500000
v 0.250000 1.937500 0.500000
v 0.250000 2.000000 0.500000
v 0.312500 0.062500 -0.500000
v 0.312500 0.000000 -0.500000
v 0.312500 0.000000 -0.437500
v 0.312500 0.125000 -0.500000
v 0.312500 0.125000 -0.437500
v 0.312500 0.437500 -0.500000
v 0.312500 0.375000 -0.500000
v 0.312500 0.375000 -0.437500
v 0.312500 0.500000 -0.500000
v 0.312500 0.562500 -0.500000
v 0.312500 0.625000 -0.500000
v 0.312500 0.687500 -0.500000
v 0.312500 0.750000 -0.500000
v 0.312500 0.812500 -0.500000
v 0.312500 0.875000 -0.500000
v 0.312500 0.875000 -0.437500
v 0.312500 1.312500 -0.500000
v 0.312500 1.250000 -0.500000
v 0.312500 1.250000 -0.437500
v 0.312500 1.375000 -0.500000
v 0.250000 1.437500 -0.437500
v 0.250000 1.437500 -0.500000
v 0.312500 1.437500 -0.500000
v 0.312500 1.437500 -0.437500
v 0.312500 1.687500 -0.500000
v 0.312500 1.625000 -0.500000
v 0.312500 1.625000 -0.437500
v 0.312500 1.750000 -0.500000
v 0.312500 1.750000 -0.437500
v 0.312500 1.937500 -0.500000
v 0.312500 1.875000 -0.500000
v 0.312500 1.875000 -0.437500
v 0.312500 2.000000 -0.500000
v 0.312500 2.000000 -0.437500
v 0.312500 0.000000 -0.375000
v 0.312500 0.125000 -0.375000
v 0.312500 0.375000 -0.375000
v 0.312500 0.875000 -0.375000
v 0.312500 1.250000 -0.375000
v 0.312500 1.437500 -0.375000
v 0.312500 1.625000 -0.375000
v 0.312500 1.750000 -0.375000
v 0.312500 1.875000 -0.375000
v 0.312500 2.000000 -0.375000
v 0.312500 0.000000 -0.312500
v 0.312500 0.187500 -0.375000
v 0.312500 0.250000 -0.375000
v 0.312500 0.312500 -0.375000
v 0.312500 0.937500 -0.375000
v 0.312500 1.000000 -0.375000
v 0.312500 1.062500 -0.375000
v 0.312500 1.125000 -0.375000
v 0.312500 1.187500 -0.375000
v 0.312500 1.500000 -0.375000
v 0.312500 1.562500 -0.375000
v 0.312500 1.812500 -0.375000
v 0.312500 2.000000 -0.312500
v 0.312500 0.000000 -0.250000
v 0.312500 2.000000 -0.250000
v 0.312500 0.000000 -0.187500
v 0.312500 2.000000 -0.187500
v 0.312500 0.000000 -0.125000
v 0.312500 2.000000 -0.125000
v 0.312500 0.000000 -0.062500
v 0.312500 2.000000 -0.062500
v 0.312500 0.000000 0.000000
v 0.312500 2.000000 0.000000
v 0.312500 0.000000 0.062500
v 0.312500 2.000000 0.062500
v 0.312500 0.000000 0.125000
v 0.312500 2.000000 0.125000
v 0.312500 0.000000 0.187500
v 0.312500 2.000000 0.187500
v 0.312500 0.000000 0.250000
v 0.312500 2.000000 0.250000
v 0.312500 0.000000 0.312500
v 0.312500 2.000000 0.312500
v 0.312500 0.000000 0.375000
v 0.312500 0.250000 0.375000
v 0.312500 0.312500 0.375000
v 0.312500 0.375000 0.375000
v 0.312500 0.750000 0.375000
v 0.312500 0.812500 0.375000
v 0.312500 0.875000 0.375000
v 0.312500 1.000000 0.375000
v 0.312500 1.062500 0.375000
v 0.312500 1.125000 0.375000
v 0.312500 1.187500 0.375000
v 0.312500 1.250000 0.375000
v 0.312500 1.625000 0.375000
v 0.312500 1.687500 0.375000
v 0.312500 1.750000 0.375000
v 0.312500 2.000000 0.375000
v 0.312500 0.000000 0.437500
v 0.312500 0.250000 0.437500
v 0.312500 0.375000 0.437500
v 0.250000 0.562500 0.437500
v 0.312500 0.750000 0.437500
v 0.312500 0.875000 0.437500
v 0.312500 1.000000 0.437500
v 0.312500 1.250000 0.437500
v 0.312500 1.625000 0.437500
v 0.250000 1.750000 0.437500
v 0.250000 1.812500 0.437500
v 0.312500 1.750000 0.437500
v 0.312500 2.000000 0.437500
v 0.312500 0.000000 0.500000
v 0.312500 0.062500 0.500000
v 0.312500 0.125000 0.500000
v 0.312500 0.187500 0.500000
v 0.312500 0.250000 0.500000
v 0.312500 0.375000 0.500000
v 0.312500 0.437500 0.500000
v 0.312500 0.500000 0.500000
v 0.250000 0.562500 0.500000
v 0.312500 0.562500 0.500000
v 0.312500 0.625000 0.500000
v 0.312500 0.687500 0.500000
v 0.312500 0.750000 0.500000
v 0.312500 0.875000 0.500000
v 0.312500 0.937500 0.500000
v 0.312500 1.000000 0.500000
v 0.312500 1.250000 0.500000
v 0.312500 1.312500 0.500000
v 0.312500 1.375000 0.500000
v 0.312500 1.437500 0.500000
v 0.312500 1.500000 0.500000
v 0.312500 1.562500 0.500000
v 0.312500 1.625000 0.500000
v 0.250000 1.750000 0.500000
v 0.250000 1.812500 0.500000
v 0.312500 1.750000 0.500000
v 0.312500 1.812500 0.500000
v 0.312500 1.875000 0.500000
v 0.312500 1.937500 0.500000
v 0.312500 2.000000 0.500000
v 0.375000 0.062500 -0.500000
v 0.375000 0.000000 -0.500000
v 0.375000 0.000000 -0.437500
v 0.375000 0.125000 -0.500000
v 0.375000 0.125000 -0.437500
v 0.375000 0.437500 -0.500000
v 0.375000 0.375000 -0.500000
v 0.375000 0.375000 -0.437500
v 0.375000 0.500000 -0.500000
v 0.375000 0.562500 -0.500000
v 0.375000 0.562500 -0.437500
v 0.375000 0.500000 -0.437500
v 0.375000 0.625000 -0.500000
v 0.375000 0.625000 -0.437500
v 0.375000 0.687500 -0.500000
v 0.375000 0.750000 -0.500000
v 0.375000 0.812500 -0.500000
v 0.375000 0.875000 -0.500000
v 0.375000 0.875000 -0.437500
v 0.375000 1.312500 -0.500000
v 0.375000 1.250000 -0.500000
v 0.375000 1.250000 -0.437500
v 0.375000 1.375000 -0.500000
v 0.375000 1.437500 -0.500000
v 0.312500 1.500000 -0.437500
v 0.312500 1.500000 -0.500000
v 0.375000 1.500000 -0.500000
v 0.375000 1.500000 -0.437500
v 0.375000 1.687500 -0.500000
v 0.375000 1.687500 -0.437500
v 0.375000 1.625000 -0.437500
v 0.375000 1.625000 -0.500000
v 0.375000 1.750000 -0.500000
v 0.375000 1.750000 -0.437500
v 0.375000 1.937500 -0.500000
v 0.375000 1.875000 -0.500000
v 0.375000 1.875000 -0.437500
v 0.375000 2.000000 -0.500000
v 0.375000 2.000000 -0.437500
v 0.375000 0.000000 -0.375000
v 0.375000 0.125000 -0.375000
v 0.375000 0.375000 -0.375000
v 0.375000 0.562500 -0.375000
v 0.375000 0.500000 -0.375000
v 0.375000 0.625000 -0.375000
v 0.375000 0.875000 -0.375000
v 0.375000 1.250000 -0.375000
v 0.375000 1.500000 -0.375000
v 0.375000 1.687500 -0.375000
v 0.375000 1.625000 -0.375000
v 0.375000 1.750000 -0.375000
v 0.375000 1.875000 -0.375000
v 0.375000 2.000000 -0.375000
v 0.375000 0.000000 -0.312500
v 0.375000 0.187500 -0.375000
v 0.375000 0.250000 -0.375000
v 0.375000 0.312500 -0.375000
v 0.375000 0.312500 -0.312500
v 0.375000 0.250000 -0.312500
v 0.375000 0.375000 -0.312500
v 0.375000 0.562500 -0.312500
v 0.375000 0.500000 -0.312500
v 0.375000 0.625000 -0.312500
v 0.375000 0.687500 -0.375000
v 0.375000 0.687500 -0.312500
v 0.375000 0.750000 -0.375000
v 0.375000 0.750000 -0.312500
v 0.375000 0.937500 -0.375000
v 0.375000 1.000000 -0.375000
v 0.375000 1.062500 -0.375000
v 0.375000 1.062500 -0.312500
v 0.375000 1.000000 -0.312500
v 0.375000 1.125000 -0.375000
v 0.375000 1.125000 -0.312500
v 0.375000 1.187500 -0.375000
v 0.375000 1.187500 -0.312500
v 0.375000 1.250000 -0.312500
v 0.375000 1.312500 -0.375000
v 0.375000 1.312500 -0.312500
v 0.375000 1.375000 -0.375000
v 0.375000 1.375000 -0.312500
v 0.375000 1.437500 -0.375000
v 0.375000 1.437500 -0.312500
v 0.375000 1.500000 -0.312500
v 0.375000 1.562500 -0.375000
v 0.375000 1.562500 -0.312500
v 0.375000 1.625000 -0.312500
v 0.375000 1.812500 -0.375000
v 0.375000 2.000000 -0.312500
v 0.375000 0.000000 -0.250000
v 0.375000 0.312500 -0.250000
v 0.375000 0.250000 -0.250000
v 0.375000 0.375000 -0.250000
v 0.375000 0.562500 -0.250000
v 0.375000 0.500000 -0.250000
v 0.375000 0.625000 -0.250000
v 0.375000 0.687500 -0.250000
v 0.375000 0.750000 -0.250000
v 0.375000 1.062500 -0.250000
v 0.375000 1.000000 -0.250000
v 0.375000 1.125000 -0.250000
v 0.375000 1.187500 -0.250000
v 0.375000 1.250000 -0.250000
v 0.375000 1.312500 -0.250000
v 0.375000 1.375000 -0.250000
v 0.375000 1.437500 -0.250000
v 0.375000 1.500000 -0.250000
v 0.375000 1.562500 -0.250000
v 0.375000 1.625000 -0.250000
v 0.375000 2.000000 -0.250000
v 0.375000 0.000000 -0.187500
v 0.375000 0.562500 -0.187500
v 0.375000 0.500000 -0.187500
v 0.375000 0.625000 -0.187500
v 0.375000 0.812500 -0.250000
v 0.375000 0.812500 -0.187500
v 0.375000 0.750000 -0.187500
v 0.375000 0.875000 -0.250000
v 0.375000 0.875000 -0.187500
v 0.375000 1.312500 -0.187500
v 0.375000 1.250000 -0.187500
v 0.375000 1.375000 -0.187500
v 0.375000 1.437500 -0.187500
v 0.375000 1.500000 -0.187500
v 0.375000 2.000000 -0.187500
v 0.375000 0.000000 -0.125000
v 0.375000 0.562500 -0.125000
v 0.375000 0.500000 -0.125000
v 0.375000 0.625000 -0.125000
v 0.375000 0.812500 -0.125000
v 0.375000 0.750000 -0.125000
v 0.375000 0.875000 -0.125000
v 0.375000 1.312500 -0.125000
v 0.375000 1.250000 -0.125000
v 0.375000 1.375000 -0.125000
v 0.375000 1.437500 -0.125000
v 0.375000 1.500000 -0.125000
v 0.375000 2.000000 -0.125000
v 0.375000 0.000000 -0.062500
v 0.375000 0.187500 -0.125000
v 0.375000 0.187500 -0.062500
v 0.375000 0.125000 -0.062500
v 0.375000 0.125000 -0.125000
v 0.375000 0.250000 -0.125000
v 0.375000 0.250000 -0.062500
v 0.375000 0.312500 -0.125000
v 0.375000 0.312500 -0.062500
v 0.375000 0.375000 -0.125000
v 0.375000 0.375000 -0.062500
v 0.375000 0.937500 -0.125000
v 0.375000 0.937500 -0.062500
v 0.375000 0.875000 -0.062500
v 0.375000 1.000000 -0.125000
v 0.375000 1.000000 -0.062500
v 0.375000 1.437500 -0.062500
v 0.375000 1.375000 -0.062500
v 0.375000 1.500000 -0.062500
v 0.375000 1.562500 -0.125000
v 0.375000 1.562500 -0.062500
v 0.375000 1.625000 -0.125000
v 0.375000 1.625000 -0.062500
v 0.375000 2.000000 -0.062500
v 0.375000 0.000000 0.000000
v 0.375000 0.187500 0.000000
v 0.375000 0.125000 0.000000
v 0.375000 0.250000 0.000000
v 0.375000 0.312500 0.000000
v 0.375000 0.375000 0.000000
v 0.375000 0.937500 0.000000
v 0.375000 0.875000 0.000000
v 0.375000 1.000000 0.000000
v 0.375000 1.437500 0.000000
v 0.375000 1.375000 0.000000
v 0.375000 1.500000 0.000000
v 0.375000 1.562500 0.000000
v 0.375000 1.625000 0.000000
v 0.375000 2.000000 0.000000
v 0.375000 0.000000 0.062500
v 0.375000 0.312500 0.062500
v 0.375000 0.250000 0.062500
v 0.375000 0.375000 0.062500
v 0.375000 0.437500 0.000000
v 0.375000 0.437500 0.062500
v 0.375000 0.500000 0.000000
v 0.375000 0.500000 0.062500
v 0.375000 0.937500 0.062500
v 0.375000 0.875000 0.062500
v 0.375000 1.000000 0.062500
v 0.375000 1.312500 0.000000
v 0.375000 1.312500 0.062500
v 0.375000 1.250000 0.062500
v 0.375000 1.250000 0.000000
v 0.375000 1.375000 0.062500
v 0.375000 1.437500 0.062500
v 0.375000 1.500000 0.062500
v 0.375000 1.562500 0.062500
v 0.375000 1.625000 0.062500
v 0.375000 2.000000 0.062500
v 0.375000 0.000000 0.125000
v 0.375000 0.312500 0.125000
v 0.375000 0.250000 0.125000
v 0.375000 0.375000 0.125000
v 0.375000 0.437500 0.125000
v 0.375000 0.500000 0.125000
v 0.375000 0.937500 0.125000
v 0.375000 0.875000 0.125000
v 0.375000 1.000000 0.125000
v 0.375000 1.312500 0.125000
v 0.375000 1.250000 0.125000
v 0.375000 1.375000 0.125000
v 0.375000 1.437500 0.125000
v 0.375000 1.500000 0.125000
v 0.375000 1.562500 0.125000
v 0.375000 1.625000 0.125000
v 0.375000 2.000000 0.125000
v 0.375000 0.000000 0.187500
v 0.375000 0.187500 0.125000
v 0.375000 0.187500 0.187500
v 0.375000 0.125000 0.187500
v 0.375000 0.125000 0.125000
v 0.375000 0.250000 0.187500
v 0.375000 0.562500 0.125000
v 0.375000 0.562500 0.187500
v 0.375000 0.500000 0.187500
v 0.375000 0.625000 0.125000
v 0.375000 0.625000 0.187500
v 0.375000 1.562500 0.187500
v 0.375000 1.500000 0.187500
v 0.375000 1.625000 0.187500
v 0.375000 1.687500 0.125000
v 0.375000 1.687500 0.187500
v 0.375000 1.750000 0.125000
v 0.375000 1.750000 0.187500
v 0.375000 2.000000 0.187500
v 0.375000 0.000000 0.250000
v 0.375000 0.187500 0.250000
v 0.375000 0.125000 0.250000
v 0.375000 0.250000 0.250000
v 0.375000 0.562500 0.250000
v 0.375000 0.500000 0.250000
v 0.375000 0.625000 0.250000
v 0.375000 1.562500 0.250000
v 0.375000 1.500000 0.250000
v 0.375000 1.625000 0.250000
v 0.375000 1.687500 0.250000
v 0.375000 1.750000 0.250000
v 0.375000 2.000000 0.250000
v 0.375000 0.000000 0.312500
v 0.375000 0.187500 0.312500
v 0.375000 0.125000 0.312500
v 0.375000 0.250000 0.312500
v 0.375000 0.687500 0.250000
v 0.375000 0.687500 0.312500
v 0.375000 0.625000 0.312500
v 0.375000 0.750000 0.250000
v 0.375000 0.750000 0.312500
v 0.375000 0.812500 0.250000
v 0.375000 0.812500 0.312500
v 0.375000 0.875000 0.250000
v 0.375000 0.875000 0.312500
v 0.375000 2.000000 0.312500
v 0.375000 0.000000 0.375000
v 0.375000 0.187500 0.375000
v 0.375000 0.125000 0.375000
v 0.375000 0.250000 0.375000
v 0.375000 0.312500 0.375000
v 0.375000 0.375000 0.375000
v 0.375000 0.687500 0.375000
v 0.375000 0.625000 0.375000
v 0.375000 0.750000 0.375000
v 0.375000 0.812500 0.375000
v 0.375000 0.875000 0.375000
v 0.375000 1.000000 0.375000
v 0.375000 1.062500 0.375000
v 0.375000 1.125000 0.375000
v 0.375000 1.187500 0.375000
v 0.375000 1.250000 0.375000
v 0.375000 1.625000 0.375000
v 0.375000 1.687500 0.375000
v 0.375000 1.750000 0.375000
v 0.375000 2.000000 0.375000
v 0.375000 0.000000 0.437500
v 0.375000 0.187500 0.437500
v 0.375000 0.125000 0.437500
v 0.375000 0.250000 0.437500
v 0.375000 0.375000 0.437500
v 0.375000 0.562500 0.375000
v 0.375000 0.562500 0.437500
v 0.375000 0.500000 0.437500
v 0.375000 0.500000 0.375000
v 0.375000 0.625000 0.437500
v 0.375000 0.750000 0.437500
v 0.375000 0.937500 0.375000
v 0.375000 0.937500 0.437500
v 0.375000 0.875000 0.437500
v 0.375000 1.000000 0.437500
v 0.375000 1.312500 0.375000
v 0.375000 1.312500 0.437500
v 0.375000 1.250000 0.437500
v 0.375000 1.375000 0.375000
v 0.375000 1.375000 0.437500
v 0.375000 1.625000 0.437500
v 0.375000 1.812500 0.375000
v 0.375000 1.812500 0.437500
v 0.375000 1.750000 0.437500
v 0.375000 1.875000 0.375000
v 0.375000 1.875000 0.437500
v 0.375000 2.000000 0.437500
v 0.375000 0.000000 0.500000
v 0.375000 0.062500 0.500000
v 0.375000 0.125000 0.500000
v 0.375000 0.187500 0.500000
v 0.375000 0.250000 0.500000
v 0.375000 0.375000 0.500000
v 0.375000 0.437500 0.500000
v 0.375000 0.500000 0.500000
v 0.375000 0.562500 0.500000
v 0.375000 0.625000 0.500000
v 0.375000 0.687500 0.500000
v 0.375000 0.750000 0.500000
v 0.375000 0.937500 0.500000
v 0.375000 0.875000 0.500000
v 0.375000 1.000000 0.500000
v 0.375000 1.312500 0.500000
v 0.375000 1.250000 0.500000
v 0.375000 1.375000 0.500000
v 0.375000 1.437500 0.500000
v 0.375000 1.500000 0.500000
v 0.375000 1.562500 0.500000
v 0.375000 1.625000 0.500000
v 0.375000 1.812500 0.500000
v 0.375000 1.750000 0.500000
v 0.375000 1.875000 0.500000
v 0.375000 1.937500 0.500000
v 0.375000 2.000000 0.500000
v 0.437500 0.062500 -0.500000
v 0.437500 0.000000 -0.500000
v 0.437500 0.000000 -0.437500
v 0.437500 0.125000 -0.500000
v 0.437500 0.125000 -0.437500
v 0.437500 0.437500 -0.500000
v 0.437500 0.375000 -0.500000
v 0.437500 0.375000 -0.437500
v 0.437500 0.500000 -0.500000
v 0.437500 0.500000 -0.437500
v 0.437500 0.687500 -0.500000
v 0.437500 0.625000 -0.500000
v 0.437500 0.625000 -0.437500
v 0.437500 0.750000 -0.500000
v 0.437500 0.812500 -0.500000
v 0.437500 0.875000 -0.500000
v 0.437500 0.875000 -0.437500
v 0.437500 1.312500 -0.500000
v 0.437500 1.250000 -0.500000
v 0.437500 1.250000 -0.437500
v 0.437500 1.375000 -0.500000
v 0.437500 1.437500 -0.500000
v 0.437500 1.500000 -0.500000
v 0.437500 1.500000 -0.437500
v 0.375000 1.812500 -0.437500
v 0.375000 1.812500 -0.500000
v 0.437500 1.812500 -0.500000
v 0.437500 1.750000 -0.500000
v 0.437500 1.750000 -0.437500
v 0.437500 1.875000 -0.500000
v 0.437500 1.937500 -0.500000
v 0.437500 2.000000 -0.500000
v 0.437500 2.000000 -0.437500
v 0.437500 0.000000 -0.375000
v 0.437500 0.125000 -0.375000
v 0.437500 0.375000 -0.375000
v 0.437500 0.500000 -0.375000
v 0.437500 0.625000 -0.375000
v 0.437500 0.687500 -0.375000
v 0.437500 0.750000 -0.375000
v 0.437500 0.875000 -0.375000
v 0.437500 1.250000 -0.375000
v 0.437500 1.312500 -0.375000
v 0.437500 1.375000 -0.375000
v 0.437500 1.437500 -0.375000
v 0.437500 1.500000 -0.375000
v 0.437500 1.750000 -0.375000
v 0.437500 2.000000 -0.375000
v 0.437500 0.000000 -0.312500
v 0.437500 0.187500 -0.375000
v 0.437500 0.250000 -0.375000
v 0.437500 0.250000 -0.312500
v 0.437500 0.375000 -0.312500
v 0.437500 0.500000 -0.312500
v 0.437500 0.750000 -0.312500
v 0.437500 0.937500 -0.375000
v 0.437500 1.000000 -0.375000
v 0.437500 1.000000 -0.312500
v 0.437500 1.687500 -0.375000
v 0.437500 1.625000 -0.375000
v 0.437500 1.625000 -0.312500
v 0.437500 2.000000 -0.312500
v 0.437500 0.000000 -0.250000
v 0.437500 0.250000 -0.250000
v 0.437500 0.375000 -0.250000
v 0.437500 0.500000 -0.250000
v 0.437500 0.750000 -0.250000
v 0.437500 0.812500 -0.250000
v 0.437500 0.875000 -0.250000
v 0.437500 1.000000 -0.250000
v 0.437500 1.625000 -0.250000
v 0.437500 2.000000 -0.250000
v 0.437500 0.000000 -0.187500
v 0.437500 0.312500 -0.250000
v 0.437500 0.500000 -0.187500
v 0.437500 0.687500 -0.250000
v 0.437500 0.625000 -0.250000
v 0.437500 0.625000 -0.187500
v 0.437500 0.750000 -0.187500
v 0.437500 0.875000 -0.187500
v 0.437500 1.062500 -0.250000
v 0.437500 1.125000 -0.250000
v 0.437500 1.187500 -0.250000
v 0.437500 1.250000 -0.250000
v 0.437500 1.250000 -0.187500
v 0.437500 1.562500 -0.250000
v 0.437500 1.500000 -0.250000
v 0.437500 1.500000 -0.187500
v 0.437500 2.000000 -0.187500
v 0.437500 0.000000 -0.125000
v 0.437500 0.125000 -0.125000
v 0.437500 0.187500 -0.125000
v 0.437500 0.250000 -0.125000
v 0.437500 0.312500 -0.125000
v 0.437500 0.375000 -0.125000
v 0.437500 0.500000 -0.125000
v 0.437500 0.625000 -0.125000
v 0.437500 0.750000 -0.125000
v 0.437500 0.875000 -0.125000
v 0.437500 0.937500 -0.125000
v 0.437500 1.000000 -0.125000
v 0.437500 1.250000 -0.125000
v 0.437500 1.500000 -0.125000
v 0.437500 1.562500 -0.125000
v 0.437500 1.625000 -0.125000
v 0.437500 2.000000 -0.125000
v 0.437500 0.000000 -0.062500
v 0.437500 0.125000 -0.062500
v 0.437500 0.375000 -0.062500
v 0.437500 0.562500 -0.125000
v 0.437500 0.812500 -0.125000
v 0.437500 0.875000 -0.062500
v 0.437500 1.000000 -0.062500
v 0.437500 1.312500 -0.125000
v 0.437500 1.375000 -0.125000
v 0.437500 1.375000 -0.062500
v 0.437500 1.625000 -0.062500
v 0.437500 2.000000 -0.062500
v 0.437500 0.000000 0.000000
v 0.437500 0.125000 0.000000
v 0.437500 0.375000 0.000000
v 0.437500 0.437500 0.000000
v 0.437500 0.500000 0.000000
v 0.437500 0.875000 0.000000
v 0.437500 1.000000 0.000000
v 0.437500 1.250000 0.000000
v 0.437500 1.312500 0.000000
v 0.437500 1.375000 0.000000
v 0.437500 1.625000 0.000000
v 0.437500 2.000000 0.000000
v 0.437500 0.000000 0.062500
v 0.437500 0.187500 0.000000
v 0.437500 0.250000 0.000000
v 0.437500 0.250000 0.062500
v 0.437500 0.500000 0.062500
v 0.437500 0.875000 0.062500
v 0.437500 1.000000 0.062500
v 0.437500 1.250000 0.062500
v 0.437500 1.625000 0.062500
v 0.437500 2.000000 0.062500
v 0.437500 0.000000 0.125000
v 0.437500 0.125000 0.125000
v 0.437500 0.187500 0.125000
v 0.437500 0.250000 0.125000
v 0.437500 0.500000 0.125000
v 0.437500 0.562500 0.125000
v 0.437500 0.625000 0.125000
v 0.437500 0.875000 0.125000
v 0.437500 1.000000 0.125000
v 0.437500 1.250000 0.125000
v 0.437500 1.625000 0.125000
v 0.437500 1.687500 0.125000
v 0.437500 1.750000 0.125000
v 0.437500 2.000000 0.125000
v 0.437500 0.000000 0.187500
v 0.437500 0.125000 0.187500
v 0.437500 0.312500 0.125000
v 0.437500 0.250000 0.187500
v 0.437500 0.375000 0.125000
v 0.437500 0.437500 0.125000
v 0.437500 0.500000 0.187500
v 0.437500 0.625000 0.187500
v 0.437500 0.937500 0.125000
v 0.437500 1.312500 0.125000
v 0.437500 1.375000 0.125000
v 0.437500 1.437500 0.125000
v 0.437500 1.500000 0.125000
v 0.437500 1.500000 0.187500
v 0.437500 1.750000 0.187500
v 0.437500 2.000000 0.187500
v 0.437500 0.000000 0.250000
v 0.437500 0.125000 0.250000
v 0.437500 0.250000 0.250000
v 0.437500 0.500000 0.250000
v 0.437500 0.625000 0.250000
v 0.437500 0.687500 0.250000
v 0.437500 0.750000 0.250000
v 0.437500 0.812500 0.250000
v 0.437500 0.875000 0.250000
v 0.437500 1.500000 0.250000
v 0.437500 1.750000 0.250000
v 0.437500 2.000000 0.250000
v 0.437500 0.000000 0.312500
v 0.437500 0.125000 0.312500
v 0.437500 0.250000 0.312500
v 0.437500 0.562500 0.250000
v 0.437500 0.625000 0.312500
v 0.437500 0.875000 0.312500
v 0.437500 1.562500 0.250000
v 0.437500 1.625000 0.250000
v 0.437500 1.687500 0.250000
v 0.437500 2.000000 0.312500
v 0.437500 0.000000 0.375000
v 0.437500 0.125000 0.375000
v 0.437500 0.250000 0.375000
v 0.437500 0.312500 0.375000
v 0.437500 0.375000 0.375000
v 0.437500 0.500000 0.375000
v 0.437500 0.562500 0.375000
v 0.437500 0.625000 0.375000
v 0.437500 0.875000 0.375000
v 0.437500 0.937500 0.375000
v 0.437500 1.000000 0.375000
v 0.437500 1.062500 0.375000
v 0.437500 1.125000 0.375000
v 0.437500 1.250000 0.375000
v 0.437500 1.312500 0.375000
v 0.437500 1.375000 0.375000
v 0.437500 1.625000 0.375000
v 0.437500 1.687500 0.375000
v 0.437500 1.750000 0.375000
v 0.437500 1.812500 0.375000
v 0.437500 1.875000 0.375000
v 0.437500 2.000000 0.375000
v 0.437500 0.000000 0.437500
v 0.437500 0.125000 0.437500
v 0.437500 0.375000 0.437500
v 0.437500 0.500000 0.437500
v 0.437500 0.687500 0.375000
v 0.437500 0.625000 0.437500
v 0.437500 0.750000 0.375000
v 0.375000 0.812500 0.437500
v 0.437500 0.812500 0.375000
v 0.437500 0.875000 0.437500
v 0.375000 1.125000 0.437500
v 0.375000 1.187500 0.437500
v 0.437500 1.125000 0.437500
v 0.437500 1.250000 0.437500
v 0.437500 1.375000 0.437500
v 0.437500 1.625000 0.437500
v 0.437500 1.875000 0.437500
v 0.437500 2.000000 0.437500
v 0.437500 0.000000 0.500000
v 0.437500 0.062500 0.500000
v 0.437500 0.125000 0.500000
v 0.437500 0.375000 0.500000
v 0.437500 0.437500 0.500000
v 0.437500 0.500000 0.500000
v 0.437500 0.625000 0.500000
v 0.437500 0.687500 0.500000
v 0.437500 0.750000 0.500000
v 0.375000 0.812500 0.500000
v 0.437500 0.812500 0.500000
v 0.437500 0.875000 0.500000
v 0.375000 1.125000 0.500000
v 0.375000 1.187500 0.500000
v 0.437500 1.125000 0.500000
v 0.437500 1.187500 0.500000
v 0.437500 1.250000 0.500000
v 0.437500 1.375000 0.500000
v 0.437500 1.437500 0.500000
v 0.437500 1.500000 0.500000
v 0.437500 1.562500 0.500000
v 0.437500 1.625000 0.500000
v 0.437500 1.875000 0.500000
v 0.437500 1.937500 0.500000
v 0.437500 2.000000 0.500000
v 0.500000 0.062500 -0.500000
v 0.500000 0.062500 -0.437500
v 0.500000 0.000000 -0.437500
v 0.500000 0.000000 -0.500000
v 0.500000 0.125000 -0.500000
v 0.500000 0.125000 -0.437500
v 0.500000 0.437500 -0.500000
v 0.500000 0.437500 -0.437500
v 0.500000 0.375000 -0.437500
v 0.500000 0.375000 -0.500000
v 0.500000 0.500000 -0.500000
v 0.500000 0.500000 -0.437500
v 0.500000 0.687500 -0.500000
v 0.500000 0.687500 -0.437500
v 0.500000 0.625000 -0.437500
v 0.500000 0.625000 -0.500000
v 0.500000 0.750000 -0.500000
v 0.500000 0.750000 -0.437500
v 0.500000 0.812500 -0.500000
v 0.500000 0.812500 -0.437500
v 0.500000 0.875000 -0.500000
v 0.500000 0.875000 -0.437500
v 0.500000 1.312500 -0.500000
v 0.500000 1.312500 -0.437500
v 0.500000 1.250000 -0.437500
v 0.500000 1.250000 -0.500000
v 0.500000 1.375000 -0.500000
v 0.500000 1.375000 -0.437500
v 0.500000 1.437500 -0.500000
v 0.500000 1.437500 -0.437500
v 0.500000 1.500000 -0.500000
v 0.500000 1.500000 -0.437500
v 0.500000 1.812500 -0.500000
v 0.500000 1.812500 -0.437500
v 0.500000 1.750000 -0.437500
v 0.500000 1.750000 -0.500000
v 0.500000 1.875000 -0.500000
v 0.500000 1.875000 -0.437500
v 0.500000 1.937500 -0.500000
v 0.500000 1.937500 -0.437500
v 0.500000 2.000000 -0.500000
v 0.500000 2.000000 -0.437500
v 0.500000 0.062500 -0.375000
v 0.500000 0.000000 -0.375000
v 0.500000 0.125000 -0.375000
v 0.500000 0.437500 -0.375000
v 0.500000 0.375000 -0.375000
v 0.500000 0.500000 -0.375000
v 0.500000 0.687500 -0.375000
v 0.500000 0.625000 -0.375000
v 0.500000 0.750000 -0.375000
v 0.500000 0.812500 -0.375000
v 0.500000 0.875000 -0.375000
v 0.500000 1.312500 -0.375000
v 0.500000 1.250000 -0.375000
v 0.500000 1.375000 -0.375000
v 0.500000 1.437500 -0.375000
v 0.500000 1.500000 -0.375000
v 0.500000 1.812500 -0.375000
v 0.500000 1.750000 -0.375000
v 0.500000 1.875000 -0.375000
v 0.500000 1.937500 -0.375000
v 0.500000 2.000000 -0.375000
v 0.500000 0.062500 -0.312500
v 0.500000 0.000000 -0.312500
v 0.500000 0.125000 -0.312500
v 0.500000 0.187500 -0.375000
v 0.500000 0.187500 -0.312500
v 0.500000 0.250000 -0.375000
v 0.500000 0.250000 -0.312500
v 0.500000 0.437500 -0.312500
v 0.500000 0.375000 -0.312500
v 0.500000 0.500000 -0.312500
v 0.500000 0.812500 -0.312500
v 0.500000 0.750000 -0.312500
v 0.500000 0.875000 -0.312500
v 0.500000 0.937500 -0.375000
v 0.500000 0.937500 -0.312500
v 0.500000 1.000000 -0.375000
v 0.500000 1.000000 -0.312500
v 0.500000 1.687500 -0.375000
v 0.500000 1.687500 -0.312500
v 0.500000 1.625000 -0.312500
v 0.500000 1.625000 -0.375000
v 0.500000 1.750000 -0.312500
v 0.500000 1.812500 -0.312500
v 0.500000 1.875000 -0.312500
v 0.500000 1.937500 -0.312500
v 0.500000 2.000000 -0.312500
v 0.500000 0.062500 -0.250000
v 0.500000 0.000000 -0.250000
v 0.500000 0.125000 -0.250000
v 0.500000 0.187500 -0.250000
v 0.500000 0.250000 -0.250000
v 0.500000 0.437500 -0.250000
v 0.500000 0.375000 -0.250000
v 0.500000 0.500000 -0.250000
v 0.500000 0.812500 -0.250000
v 0.500000 0.750000 -0.250000
v 0.500000 0.875000 -0.250000
v 0.500000 0.937500 -0.250000
v 0.500000 1.000000 -0.250000
v 0.500000 1.687500 -0.250000
v 0.500000 1.625000 -0.250000
v 0.500000 1.750000 -0.250000
v 0.500000 1.812500 -0.250000
v 0.500000 1.875000 -0.250000
v 0.500000 1.937500 -0.250000
v 0.500000 2.000000 -0.250000
v 0.500000 0.062500 -0.187500
v 0.500000 0.000000 -0.187500
v 0.500000 0.125000 -0.187500
v 0.500000 0.187500 -0.187500
v 0.500000 0.250000 -0.187500
v 0.500000 0.312500 -0.250000
v 0.500000 0.312500 -0.187500
v 0.500000 0.375000 -0.187500
v 0.500000 0.437500 -0.187500
v 0.500000 0.500000 -0.187500
v 0.500000 0.687500 -0.250000
v 0.500000 0.687500 -0.187500
v 0.500000 0.625000 -0.187500
v 0.500000 0.625000 -0.250000
v 0.500000 0.750000 -0.187500
v 0.500000 0.937500 -0.187500
v 0.500000 0.875000 -0.187500
v 0.500000 1.000000 -0.187500
v 0.500000 1.062500 -0.250000
v 0.500000 1.062500 -0.187500
v 0.500000 1.125000 -0.250000
v 0.500000 1.125000 -0.187500
v 0.500000 1.187500 -0.250000
v 0.500000 1.187500 -0.187500
v 0.500000 1.250000 -0.250000
v 0.500000 1.250000 -0.187500
v 0.500000 1.562500 -0.250000
v 0.500000 1.562500 -0.187500
v 0.500000 1.500000 -0.187500
v 0.500000 1.500000 -0.250000
v 0.500000 1.625000 -0.187500
v 0.500000 1.687500 -0.187500
v 0.500000 1.750000 -0.187500
v 0.500000 1.812500 -0.187500
v 0.500000 1.875000 -0.187500
v 0.500000 1.937500 -0.187500
v 0.500000 2.000000 -0.187500
v 0.500000 0.062500 -0.125000
v 0.500000 0.000000 -0.125000
v 0.500000 0.125000 -0.125000
v 0.500000 0.187500 -0.125000
v 0.500000 0.250000 -0.125000
v 0.500000 0.312500 -0.125000
v 0.500000 0.375000 -0.125000
v 0.500000 0.437500 -0.125000
v 0.500000 0.500000 -0.125000
v 0.500000 0.687500 -0.125000
v 0.500000 0.625000 -0.125000
v 0.500000 0.750000 -0.125000
v 0.500000 0.937500 -0.125000
v 0.500000 0.875000 -0.125000
v 0.500000 1.000000 -0.125000
v 0.500000 1.062500 -0.125000
v 0.500000 1.125000 -0.125000
v 0.500000 1.187500 -0.125000
v 0.500000 1.250000 -0.125000
v 0.500000 1.562500 -0.125000
v 0.500000 1.500000 -0.125000
v 0.500000 1.625000 -0.125000
v 0.500000 1.687500 -0.125000
v 0.500000 1.750000 -0.125000
v 0.500000 1.812500 -0.125000
v 0.500000 1.875000 -0.125000
v 0.500000 1.937500 -0.125000
v 0.500000 2.000000 -0.125000
v 0.500000 0.062500 -0.062500
v 0.500000 0.000000 -0.062500
v 0.500000 0.125000 -0.062500
v 0.500000 0.437500 -0.062500
v 0.500000 0.375000 -0.062500
v 0.500000 0.500000 -0.062500
v 0.500000 0.562500 -0.125000
v 0.500000 0.562500 -0.062500
v 0.500000 0.625000 -0.062500
v 0.500000 0.687500 -0.062500
v 0.500000 0.750000 -0.062500
v 0.500000 0.812500 -0.125000
v 0.500000 0.812500 -0.062500
v 0.500000 0.875000 -0.062500
v 0.500000 1.062500 -0.062500
v 0.500000 1.000000 -0.062500
v 0.500000 1.125000 -0.062500
v 0.500000 1.187500 -0.062500
v 0.500000 1.250000 -0.062500
v 0.500000 1.312500 -0.125000
v 0.500000 1.312500 -0.062500
v 0.500000 1.375000 -0.125000
v 0.500000 1.375000 -0.062500
v 0.500000 1.687500 -0.062500
v 0.500000 1.625000 -0.062500
v 0.500000 1.750000 -0.062500
v 0.500000 1.812500 -0.062500
v 0.500000 1.875000 -0.062500
v 0.500000 1.937500 -0.062500
v 0.500000 2.000000 -0.062500
v 0.500000 0.062500 0.000000
v 0.500000 0.000000 0.000000
v 0.500000 0.125000 0.000000
v 0.500000 0.437500 0.000000
v 0.500000 0.375000 0.000000
v 0.500000 0.500000 0.000000
v 0.500000 0.562500 0.000000
v 0.500000 0.625000 0.000000
v 0.500000 0.687500 0.000000
v 0.500000 0.750000 0.000000
v 0.500000 0.812500 0.000000
v 0.500000 0.875000 0.000000
v 0.500000 1.062500 0.000000
v 0.500000 1.000000 0.000000
v 0.500000 1.125000 0.000000
v 0.500000 1.187500 0.000000
v 0.500000 1.250000 0.000000
v 0.500000 1.312500 0.000000
v 0.500000 1.375000 0.000000
v 0.500000 1.687500 0.000000
v 0.500000 1.625000 0.000000
v 0.500000 1.750000 0.000000
v 0.500000 1.812500 0.000000
v 0.500000 1.875000 0.000000
v 0.500000 1.937500 0.000000
v 0.500000 2.000000 0.000000
v 0.500000 0.062500 0.062500
v 0.500000 0.000000 0.062500
v 0.500000 0.125000 0.062500
v 0.500000 0.187500 0.000000
v 0.500000 0.187500 0.062500
v 0.500000 0.250000 0.000000
v 0.500000 0.250000 0.062500
v 0.500000 0.562500 0.062500
v 0.500000 0.500000 0.062500
v 0.500000 0.625000 0.062500
v 0.500000 0.687500 0.062500
v 0.500000 0.750000 0.062500
v 0.500000 0.812500 0.062500
v 0.500000 0.875000 0.062500
v 0.500000 1.062500 0.062500
v 0.500000 1.000000 0.062500
v 0.500000 1.125000 0.062500
v 0.500000 1.187500 0.062500
v 0.500000 1.250000 0.062500
v 0.500000 1.687500 0.062500
v 0.500000 1.625000 0.062500
v 0.500000 1.750000 0.062500
v 0.500000 1.812500 0.062500
v 0.500000 1.875000 0.062500
v 0.500000 1.937500 0.062500
v 0.500000 2.000000 0.062500
v 0.500000 0.062500 0.125000
v 0.500000 0.000000 0.125000
v 0.500000 0.125000 0.125000
v 0.500000 0.187500 0.125000
v 0.500000 0.250000 0.125000
v 0.500000 0.562500 0.125000
v 0.500000 0.500000 0.125000
v 0.500000 0.625000 0.125000
v 0.500000 0.687500 0.125000
v 0.500000 0.750000 0.125000
v 0.500000 0.812500 0.125000
v 0.500000 0.875000 0.125000
v 0.500000 1.062500 0.125000
v 0.500000 1.000000 0.125000
v 0.500000 1.125000 0.125000
v 0.500000 1.187500 0.125000
v 0.500000 1.250000 0.125000
v 0.500000 1.687500 0.125000
v 0.500000 1.625000 0.125000
v 0.500000 1.750000 0.125000
v 0.500000 1.812500 0.125000
v 0.500000 1.875000 0.125000
v 0.500000 1.937500 0.125000
v 0.500000 2.000000 0.125000
v 0.500000 0.062500 0.187500
v 0.500000 0.000000 0.187500
v 0.500000 0.125000 0.187500
v 0.500000 0.312500 0.125000
v 0.500000 0.312500 0.187500
v 0.500000 0.250000 0.187500
v 0.500000 0.375000 0.125000
v 0.500000 0.375000 0.187500
v 0.500000 0.437500 0.125000
v 0.500000 0.437500 0.187500
v 0.500000 0.500000 0.187500
v 0.500000 0.687500 0.187500
v 0.500000 0.625000 0.187500
v 0.500000 0.750000 0.187500
v 0.500000 0.812500 0.187500
v 0.500000 0.875000 0.187500
v 0.500000 0.937500 0.125000
v 0.500000 0.937500 0.187500
v 0.500000 1.000000 0.187500
v 0.500000 1.062500 0.187500
v 0.500000 1.125000 0.187500
v 0.500000 1.187500 0.187500
v 0.500000 1.250000 0.187500
v 0.500000 1.312500 0.125000
v 0.500000 1.312500 0.187500
v 0.500000 1.375000 0.125000
v 0.500000 1.375000 0.187500
v 0.500000 1.437500 0.125000
v 0.500000 1.437500 0.187500
v 0.500000 1.500000 0.125000
v 0.500000 1.500000 0.187500
v 0.500000 1.812500 0.187500
v 0.500000 1.750000 0.187500
v 0.500000 1.875000 0.187500
v 0.500000 1.937500 0.187500
v 0.500000 2.000000 0.187500
v 0.500000 0.062500 0.250000
v 0.500000 0.000000 0.250000
v 0.500000 0.125000 0.250000
v 0.500000 0.312500 0.250000
v 0.500000 0.250000 0.250000
v 0.500000 0.375000 0.250000
v 0.500000 0.437500 0.250000
v 0.500000 0.500000 0.250000
v 0.500000 0.687500 0.250000
v 0.500000 0.625000 0.250000
v 0.500000 0.750000 0.250000
v 0.500000 0.812500 0.250000
v 0.500000 0.875000 0.250000
v 0.500000 0.937500 0.250000
v 0.500000 1.000000 0.250000
v 0.500000 1.062500 0.250000
v 0.500000 1.125000 0.250000
v 0.500000 1.187500 0.250000
v 0.500000 1.250000 0.250000
v 0.500000 1.312500 0.250000
v 0.500000 1.375000 0.250000
v 0.500000 1.437500 0.250000
v 0.500000 1.500000 0.250000
v 0.500000 1.812500 0.250000
v 0.500000 1.750000 0.250000
v 0.500000 1.875000 0.250000
v 0.500000 1.937500 0.250000
v 0.500000 2.000000 0.250000
v 0.500000 0.062500 0.312500
v 0.500000 0.000000 0.312500
v 0.500000 0.125000 0.312500
v 0.500000 0.312500 0.312500
v 0.500000 0.250000 0.312500
v 0.500000 0.375000 0.312500
v 0.500000 0.437500 0.312500
v 0.500000 0.500000 0.312500
v 0.500000 0.562500 0.250000
v 0.500000 0.562500 0.312500
v 0.500000 0.625000 0.312500
v 0.500000 0.937500 0.312500
v 0.500000 0.875000 0.312500
v 0.500000 1.000000 0.312500
v 0.500000 1.062500 0.312500
v 0.500000 1.125000 0.312500
v 0.500000 1.187500 0.312500
v 0.500000 1.250000 0.312500
v 0.500000 1.312500 0.312500
v 0.500000 1.375000 0.312500
v 0.500000 1.437500 0.312500
v 0.500000 1.500000 0.312500
v 0.500000 1.562500 0.250000
v 0.500000 1.562500 0.312500
v 0.500000 1.625000 0.250000
v 0.500000 1.625000 0.312500
v 0.500000 1.687500 0.250000
v 0.500000 1.687500 0.312500
v 0.500000 1.750000 0.312500
v 0.500000 1.812500 0.312500
v 0.500000 1.875000 0.312500
v 0.500000 1.937500 0.312500
v 0.500000 2.000000 0.312500
v 0.500000 0.062500 0.375000
v 0.500000 0.000000 0.375000
v 0.500000 0.125000 0.375000
v 0.500000 0.312500 0.375000
v 0.500000 0.250000 0.375000
v 0.500000 0.375000 0.375000
v 0.500000 0.437500 0.375000
v 0.500000 0.500000 0.375000
v 0.500000 0.562500 0.375000
v 0.500000 0.625000 0.375000
v 0.500000 0.937500 0.375000
v 0.500000 0.875000 0.375000
v 0.500000 1.000000 0.375000
v 0.500000 1.062500 0.375000
v 0.500000 1.125000 0.375000
v 0.500000 1.187500 0.375000
v 0.500000 1.250000 0.375000
v 0.500000 1.312500 0.375000
v 0.500000 1.375000 0.375000
v 0.500000 1.437500 0.375000
v 0.500000 1.500000 0.375000
v 0.500000 1.562500 0.375000
v 0.500000 1.625000 0.375000
v 0.500000 1.687500 0.375000
v 0.500000 1.750000 0.375000
v 0.500000 1.812500 0.375000
v 0.500000 1.875000 0.375000
v 0.500000 1.937500 0.375000
v 0.500000 2.000000 0.375000
v 0.500000 0.062500 0.437500
v 0.500000 0.000000 0.437500
v 0.500000 0.125000 0.437500
v 0.500000 0.437500 0.437500
v 0.500000 0.375000 0.437500
v 0.500000 0.500000 0.437500
v 0.500000 0.687500 0.375000
v 0.500000 0.687500 0.437500
v 0.500000 0.625000 0.437500
v 0.500000 0.750000 0.375000
v 0.500000 0.750000 0.437500
v 0.500000 0.812500 0.375000
v 0.500000 0.812500 0.437500
v 0.500000 0.875000 0.437500
v 0.500000 1.187500 0.437500
v 0.500000 1.125000 0.437500
v 0.500000 1.250000 0.437500
v 0.500000 1.437500 0.437500
v 0.500000 1.375000 0.437500
v 0.500000 1.500000 0.437500
v 0.500000 1.562500 0.437500
v 0.500000 1.625000 0.437500
v 0.500000 1.937500 0.437500
v 0.500000 1.875000 0.437500
v 0.500000 2.000000 0.437500
v 0.500000 0.062500 0.500000
v 0.500000 0.000000 0.500000
v 0.500000 0.125000 0.500000
v 0.500000 0.437500 0.500000
v 0.500000 0.375000 0.500000
v 0.500000 0.500000 0.500000
v 0.500000 0.687500 0.500000
v 0.500000 0.625000 0.500000
v 0.500000 0.750000 0.500000
v 0.500000 0.812500 0.500000
v 0.500000 0.875000 0.500000
v 0.500000 1.187500 0.500000
v 0.500000 1.125000 0.500000
v 0.500000 1.250000 0.500000
v 0.500000 1.437500 0.500000
v 0.500000 1.375000 0.500000
v 0.500000 1.500000 0.500000
v 0.500000 1.562500 0.500000
v 0.500000 1.625000 0.500000
v 0.500000 1.937500 0.500000
v 0.500000 1.875000 0.500000
v 0.500000 2.000000 0.500000
vt 0.03125000 0.96875000
vt 0.09375000 0.96875000
vt 0.15625000 0.96875000
vt 0.21875000 0.96875000
vt 0.28125000 0.96875000
vt 0.34375000 0.96875000
vt 0.40625000 0.96875000
vt 0.46875000 0.96875000
vt 0.53125000 0.96875000
vt 0.59375000 0.96875000
vt 0.65625000 0.96875000
vt 0.71875000 0.96875000
vt 0.78125000 0.96875000
vt 0.84375000 0.96875000
vt 0.90625000 0.96875000
vt 0.96875000 0.96875000
vt 0.03125000 0.90625000
vt 0.09375000 0.90625000
vt 0.15625000 0.90625000
vt 0.21875000 0.90625000
vt 0.28125000 0.90625000
vt 0.34375000 0.90625000
vt 0.40625000 0.90625000
vt 0.46875000 0.90625000
vt 0.53125000 0.90625000
vt 0.59375000 0.90625000
vt 0.65625000 0.90625000
vt 0.71875000 0.90625000
vt 0.78125000 0.90625000
vt 0.84375000 0.90625000
vt 0.90625000 0.90625000
vt 0.96875000 0.90625000
vt 0.03125000 0.84375000
vt 0.09375000 0.84375000
vt 0.15625000 0.84375000
vt 0.21875000 0.84375000
vt 0.28125000 0.84375000
vt 0.34375000 0.84375000
vt 0.40625000 0.84375000
vt 0.46875000 0.84375000
vt 0.53125000 0.84375000
vt 0.59375000 0.84375000
vt 0.65625000 0.84375000
vt 0.71875000 0.84375000
vt 0.78125000 0.84375000
vt 0.84375000 0.84375000
vt 0.90625000 0.84375000
vt 0.96875000 0.84375000
vt 0.03125000 0.78125000
vt 0.09375000 0.78125000
vt 0.15625000 0.78125000
vt 0.21875000 0.78125000
vt 0.28125000 0.78125000
vt 0.34375000 0.78125000
vt 0.40625000 0.78125000
vt 0.46875000 0.78125000
vt 0.53125000 0.78125000
vt 0.59375000 0.78125000
vt 0.65625000 0.78125000
vt 0.71875000 0.78125000
vt 0.78125000 0.78125000
vt 0.84375000 0.78125000
vt 0.90625000 0.78125000
vt 0.96875000 0.78125000
vt 0.03125000 0.71875000
vt 0.09375000 0.71875000
vt 0.15625000 0.71875000
vt 0.21875000 0.71875000
vt 0.28125000 0.71875000
vt 0.34375000 0.71875000
vt 0.40625000 0.71875000
vt 0.46875000 0.71875000
vt 0.53125000 0.71875000
vt 0.59375000 0.71875000
vt 0.65625000 0.71875000
vt 0.71875000 0.71875000
vt 0.78125000 0.71875000
vt 0.84375000 0.71875000
vt 0.90625000 0.71875000
vt 0.96875000 0.71875000
vt 0.03125000 0.65625000
vt 0.09375000 0.65625000
vt 0.15625000 0.65625000
vt 0.21875000 0.65625000
vt 0.28125000 0.65625000
vt 0.34375000 0.65625000
vt 0.40625000 0.65625000
vt 0.46875000 0.65625000
vt 0.53125000 0.65625000
vt 0.59375000 0.65625000
vt 0.65625000 0.65625000
vt 0.71875000 0.65625000
vt 0.78125000 0.65625000
vt 0.84375000 0.65625000
vt 0.90625000 0.65625000
vt 0.96875000 0.65625000
vt 0.03125000 0.59375000
vt 0.09375000 0.59375000
vt 0.15625000 0.59375000
vt 0.21875000 0.59375000
vt 0.28125000 0.59375000
vt 0.34375000 0.59375000
vt 0.40625000 0.59375000
vt 0.46875000 0.59375000
vt 0.53125000 0.59375000
vt 0.59375000 0.59375000
vt 0.65625000 0.59375000
vt 0.71875000 0.59375000
vt 0.78125000 0.59375000
vt 0.84375000 0.59375000
vt 0.90625000 0.59375000
vt 0.96875000 0.59375000
vt 0.03125000 0.53125000
vt 0.09375000 0.53125000
vt 0.15625000 0.53125000
vt 0.21875000 0.53125000
vt 0.28125000 0.53125000
vt 0.34375000 0.53125000
vt 0.40625000 0.53125000
vt 0.46875000 0.53125000
vt 0.53125000 0.53125000
vt 0.59375000 0.53125000
vt 0.65625000 0.53125000
vt 0.71875000 0.53125000
vt 0.78125000 0.53125000
vt 0.84375000 0.53125000
vt 0.90625000 0.53125000
vt 0.96875000 0.53125000
vt 0.03125000 0.46875000
vt 0.09375000 0.46875000
vt 0.15625000 0.46875000
vt 0.21875000 0.46875000
vt 0.28125000 0.46875000
vt 0.34375000 0.46875000
vt 0.40625000 0.46875000
vt 0.46875000 0.46875000
vt 0.53125000 0.46875000
vt 0.59375000 0.46875000
vt 0.65625000 0.46875000
vt 0.71875000 0.46875000
vt 0.78125000 0.46875000
vt 0.84375000 0.46875000
vt 0.90625000 0.46875000
vt 0.96875000 0.46875000
vt 0.03125000 0.40625000
vt 0.09375000 0.40625000
vt 0.15625000 0.40625000
vt 0.21875000 0.40625000
vt 0.28125000 0.40625000
vt 0.34375000 0.40625000
vt 0.40625000 0.40625000
vt 0.46875000 0.40625000
vt 0.53125000 0.40625000
vt 0.59375000 0.40625000
vt 0.65625000 0.40625000
vt 0.71875000 0.40625000
vt 0.78125000 0.40625000
vt 0.84375000 0.40625000
vt 0.90625000 0.40625000
vt 0.96875000 0.40625000
vt 0.03125000 0.34375000
vt 0.09375000 0.34375000
vt 0.15625000 0.34375000
vt 0.21875000 0.34375000
vt 0.28125000 0.34375000
vt 0.34375000 0.34375000
vt 0.40625000 0.34375000
vt 0.46875000 0.34375000
vt 0.53125000 0.34375000
vt 0.59375000 0.34375000
vt 0.65625000 0.34375000
vt 0.71875000 0.34375000
vt 0.78125000 0.34375000
vt 0.84375000 0.34375000
vt 0.90625000 0.34375000
vt 0.96875000 0.34375000
vt 0.03125000 0.28125000
vt 0.09375000 0.28125000
vt 0.15625000 0.28125000
vt 0.21875000 0.28125000
vt 0.28125000 0.28125000
vt 0.34375000 0.28125000
vt 0.40625000 0.28125000
vt 0.46875000 0.28125000
vt 0.53125000 0.28125000
vt 0.59375000 0.28125000
vt 0.65625000 0.28125000
vt 0.71875000 0.28125000
vt 0.78125000 0.28125000
vt 0.84375000 0.28125000
vt 0.90625000 0.28125000
vt 0.96875000 0.28125000
vt 0.03125000 0.21875000
vt 0.09375000 0.21875000
vt 0.15625000 0.21875000
vt 0.21875000 0.21875000
vt 0.28125000 0.21875000
vt 0.34375000 0.21875000
vt 0.40625000 0.21875000
vt 0.46875000 0.21875000
vt 0.53125000 0.21875000
vt 0.59375000 0.21875000
vt 0.65625000 0.21875000
vt 0.71875000 0.21875000
vt 0.78125000 0.21875000
vt 0.84375000 0.21875000
vt 0.90625000 0.21875000
vt 0.96875000 0.21875000
vt 0.03125000 0.15625000
vt 0.09375000 0.15625000
vt 0.15625000 0.15625000
vt 0.21875000 0.15625000
vt 0.28125000 0.15625000
vt 0.34375000 0.15625000
vt 0.40625000 0.15625000
vt 0.46875000 0.15625000
vt 0.53125000 0.15625000
vt 0.59375000 0.15625000
vt 0.65625000 0.15625000
vt 0.71875000 0.15625000
vt 0.78125000 0.15625000
vt 0.84375000 0.15625000
vt 0.90625000 0.15625000
vt 0.96875000 0.15625000
vt 0.03125000 0.09375000
vt 0.09375000 0.09375000
vt 0.15625000 0.09375000
vt 0.21875000 0.09375000
vt 0.28125000 0.09375000
vt 0.34375000 0.09375000
vt 0.40625000 0.09375000
vt 0.46875000 0.09375000
vt 0.53125000 0.09375000
vt 0.59375000 0.09375000
vt 0.65625000 0.09375000
vt 0.71875000 0.09375000
vt 0.78125000 0.09375000
vt 0.84375000 0.09375000
vt 0.90625000 0.09375000
vt 0.96875000 0.09375000
vt 0.03125000 0.03125000
vt 0.09375000 0.03125000
vt 0.15625000 0.03125000
vt 0.21875000 0.03125000
vt 0.28125000 0.03125000
vt 0.34375000 0.03125000
vt 0.40625000 0.03125000
vt 0.46875000 0.03125000
vt 0.53125000 0.03125000
vt 0.59375000 0.03125000
vt 0.65625000 0.03125000
vt 0.71875000 0.03125000
vt 0.78125000 0.03125000
vt 0.84375000 0.03125000
vt 0.90625000 0.03125000
vt 0.96875000 0.03125000
vn -1 0 0
vn 1 0 0
vn 0 0 -1
vn 0 0 1
vn 0 -1 0
vn 0 1 0
g palette
usemtl palette
f 1/11/1 2/11/1 3/11/1 4/11/1
f 3/11/3 5/11/3 6/11/3 4/11/3
f 6/11/5 7/11/5 1/11/5 4/11/5
f 2/4/1 8/4/1 9/4/1 3/4/1
f 9/4/3 10/4/3 5/4/3 3/4/3
f 8/4/6 11/4/6 10/4/6 9/4/6
f 12/4/1 13/4/1 14/4/1 15/4/1
f 14/4/3 16/4/3 17/4/3 15/4/3
f 17/4/5 18/4/5 12/4/5 15/4/5
f 13/4/1 19/4/1 20/4/1 14/4/1
f 20/4/3 21/4/3 16/4/3 14/4/3
f 19/4/6 22/4/6 21/4/6 20/4/6
f 23/4/1 24/4/1 25/4/1 26/4/1
f 25/4/3 27/4/3 28/4/3 26/4/3
f 28/4/5 29/4/5 23/4/5 26/4/5
f 24/4/1 30/4/1 31/4/1 25/4/1
f 31/4/3 32/4/3 27/4/3 25/4/3
f 30/4/6 33/4/6 32/4/6 31/4/6
f 34/4/1 35/4/1 36/4/1 37/4/1
f 36/4/3 38/4/3 39/4/3 37/4/3
f 39/4/5 40/4/5 34/4/5 37/4/5
f 35/4/1 41/4/1 42/4/1 36/4/1
f 42/4/3 43/4/3 38/4/3 36/4/3
f 41/4/6 44/4/6 43/4/6 42/4/6
f 45/4/1 46/4/1 47/4/1 48/4/1
f 47/4/3 49/4/3 50/4/3 48/4/3
f 50/4/5 51/4/5 45/4/5 48/4/5
f 46/4/1 52/4/1 53/4/1 47/4/1
f 53/4/3 54/4/3 49/4/3 47/4/3
f 52/4/1 55/4/1 56/4/1 53/4/1
f 56/4/3 57/4/3 54/4/3 53/4/3
f 55/4/1 58/4/1 59/4/1 56/4/1
f 59/4/3 60/4/3 57/4/3 56/4/3
f 58/4/1 61/4/1 62/4/1 59/4/1
f 62/4/3 63/4/3 60/4/3 59/4/3
f 61/5/1 64/5/1 65/5/1 62/5/1
f 65/5/3 66/5/3 63/5/3 62/5/3
f 64/5/6 67/5/6 66/5/6 65/5/6
f 68/11/1 69/11/1 2/11/1 1/11/1
f 7/11/5 70/11/5 68/11/5 1/11/5
f 69/4/1 71/4/1 8/4/1 2/4/1
f 71/4/6 72/4/6 11/4/6 8/4/6
f 73/4/1 74/4/1 13/4/1 12/4/1
f 75/4/4 76/4/4 74/4/4 73/4/4
f 18/4/5 75/4/5 73/4/5 12/4/5
f 74/4/1 77/4/1 19/4/1 13/4/1
f 76/4/4 78/4/4 77/4/4 74/4/4
f 77/4/6 78/4/6 22/4/6 19/4/6
f 79/4/1 80/4/1 24/4/1 23/4/1
f 81/4/4 82/4/4 80/4/4 79/4/4
f 29/4/5 81/4/5 79/4/5 23/4/5
f 80/4/1 83/4/1 30/4/1 24/4/1
f 82/4/4 84/4/4 83/4/4 80/4/4
f 83/4/6 84/4/6 33/4/6 30/4/6
f 85/4/1 86/4/1 35/4/1 34/4/1
f 40/4/5 87/4/5 85/4/5 34/4/5
f 86/4/1 88/4/1 41/4/1 35/4/1
f 88/4/6 89/4/6 44/4/6 41/4/6
f 90/4/1 91/4/1 46/4/1 45/4/1
f 51/4/5 92/4/5 90/4/5 45/4/5
f 91/4/1 93/4/1 52/4/1 46/4/1
f 93/4/1 94/4/1 55/4/1 52/4/1
f 94/4/1 95/4/1 58/4/1 55/4/1
f 95/4/1 96/4/1 61/4/1 58/4/1
f 96/5/1 97/5/1 64/5/1 61/5/1
f 97/5/6 98/5/6 67/5/6 64/5/6
f 99/11/1 100/11/1 69/11/1 68/11/1
f 70/11/5 101/11/5 99/11/5 68/11/5
f 100/4/1 102/4/1 71/4/1 69/4/1
f 102/4/6 103/4/6 72/4/6 71/4/6
f 104/4/1 105/4/1 106/4/1 77/4/1
f 106/4/3 107/4/3 78/4/3 77/4/3
f 78/4/5 108/4/5 104/4/5 77/4/5
f 105/4/1 109/4/1 110/4/1 106/4/1
f 110/4/3 111/4/3 107/4/3 106/4/3
f 109/4/6 112/4/6 111/4/6 110/4/6
f 113/4/1 114/4/1 115/4/1 83/4/1
f 115/4/3 116/4/3 84/4/3 83/4/3
f 84/4/5 117/4/5 113/4/5 83/4/5
f 114/4/1 118/4/1 119/4/1 115/4/1
f 119/4/3 120/4/3 116/4/3 115/4/3
f 118/4/1 121/4/1 122/4/1 119/4/1
f 122/4/3 123/4/3 120/4/3 119/4/3
f 121/4/1 124/4/1 125/4/1 122/4/1
f 125/4/3 126/4/3 123/4/3 122/4/3
f 124/4/1 127/4/1 128/4/1 125/4/1
f 128/4/3 129/4/3 126/4/3 125/4/3
f 127/4/1 130/4/1 85/4/1 128/4/1
f 85/4/3 87/4/3 129/4/3 128/4/3
f 130/4/1 131/4/1 86/4/1 85/4/1
f 131/4/1 132/4/1 88/4/1 86/4/1
f 132/4/6 133/4/6 89/4/6 88/4/6
f 134/4/1 135/4/1 136/4/1 137/4/1
f 136/4/3 138/4/3 139/4/3 137/4/3
f 139/4/5 140/4/5 134/4/5 137/4/5
f 135/4/1 141/4/1 142/4/1 136/4/1
f 142/4/3 143/4/3 138/4/3 136/4/3
f 141/4/6 144/4/6 143/4/6 142/4/6
f 145/4/1 146/4/1 91/4/1 90/4/1
f 92/4/5 147/4/5 145/4/5 90/4/5
f 146/4/1 148/4/1 93/4/1 91/4/1
f 148/4/1 149/4/1 94/4/1 93/4/1
f 149/4/1 150/4/1 95/4/1 94/4/1
f 150/4/1 151/4/1 96/4/1 95/4/1
f 151/5/1 152/5/1 97/5/1 96/5/1
f 152/5/6 153/5/6 98/5/6 97/5/6
f 154/11/1 155/11/1 100/11/1 99/11/1
f 101/11/5 156/11/5 154/11/5 99/11/5
f 155/4/1 157/4/1 102/4/1 100/4/1
f 157/4/6 158/4/6 103/4/6 102/4/6
f 159/4/1 160/4/1 105/4/1 104/4/1
f 108/4/5 161/4/5 159/4/5 104/4/5
f 160/4/1 162/4/1 109/4/1 105/4/1
f 162/4/6 163/4/6 112/4/6 109/4/6
f 164/4/1 165/4/1 114/4/1 113/4/1
f 117/4/5 166/4/5 164/4/5 113/4/5
f 165/4/1 167/4/1 118/4/1 114/4/1
f 167/4/1 168/4/1 121/4/1 118/4/1
f 169/4/4 170/4/4 168/4/4 167/4/4
f 168/4/1 171/4/1 124/4/1 121/4/1
f 170/4/4 172/4/4 171/4/4 168/4/4
f 171/4/1 173/4/1 127/4/1 124/4/1
f 173/4/1 174/4/1 130/4/1 127/4/1
f 174/4/1 175/4/1 131/4/1 130/4/1
f 176/4/4 177/4/4 175/4/4 174/4/4
f 175/4/1 178/4/1 132/4/1 131/4/1
f 177/4/4 179/4/4 178/4/4 175/4/4
f 178/4/6 179/4/6 133/4/6 132/4/6
f 180/4/1 181/4/1 135/4/1 134/4/1
f 182/4/4 183/4/4 181/4/4 180/4/4
f 140/4/5 182/4/5 180/4/5 134/4/5
f 181/4/1 184/4/1 141/4/1 135/4/1
f 183/4/4 185/4/4 184/4/4 181/4/4
f 184/4/6 185/4/6 144/4/6 141/4/6
f 186/4/1 187/4/1 146/4/1 145/4/1
f 147/4/5 188/4/5 186/4/5 145/4/5
f 187/4/1 189/4/1 148/4/1 146/4/1
f 189/4/1 190/4/1 149/4/1 148/4/1
f 191/4/4 192/4/4 190/4/4 189/4/4
f 190/4/1 193/4/1 150/4/1 149/4/1
f 192/4/4 194/4/4 193/4/4 190/4/4
f 193/4/1 195/4/1 151/4/1 150/4/1
f 195/5/1 196/5/1 152/5/1 151/5/1
f 196/5/6 197/5/6 153/5/6 152/5/6
f 198/11/1 199/11/1 155/11/1 154/11/1
f 156/11/5 200/11/5 198/11/5 154/11/5
f 199/4/1 201/4/1 157/4/1 155/4/1
f 201/4/6 202/4/6 158/4/6 157/4/6
f 203/4/1 204/4/1 160/4/1 159/4/1
f 161/4/5 205/4/5 203/4/5 159/4/5
f 204/4/1 206/4/1 162/4/1 160/4/1
f 206/4/1 207/4/1 208/4/1 162/4/1
f 208/4/3 209/4/3 163/4/3 162/4/3
f 207/4/1 210/4/1 211/4/1 208/4/1
f 211/4/3 212/4/3 209/4/3 208/4/3
f 210/4/1 213/4/1 214/4/1 211/4/1
f 214/4/3 215/4/3 212/4/3 211/4/3
f 213/4/1 216/4/1 164/4/1 214/4/1
f 164/4/3 166/4/3 215/4/3 214/4/3
f 216/4/1 217/4/1 165/4/1 164/4/1
f 217/4/1 218/4/1 167/4/1 165/4/1
f 218/4/6 219/4/6 169/4/6 167/4/6
f 220/4/1 221/4/1 173/4/1 171/4/1
f 172/4/5 222/4/5 220/4/5 171/4/5
f 221/4/1 223/4/1 174/4/1 173/4/1
f 223/4/6 224/4/6 176/4/6 174/4/6
f 225/4/1 226/4/1 227/4/1 184/4/1
f 227/4/3 228/4/3 185/4/3 184/4/3
f 185/4/5 229/4/5 225/4/5 184/4/5
f 226/4/1 230/4/1 186/4/1 227/4/1
f 186/4/3 188/4/3 228/4/3 227/4/3
f 230/4/1 231/4/1 187/4/1 186/4/1
f 231/4/1 232/4/1 189/4/1 187/4/1
f 232/4/6 233/4/6 191/4/6 189/4/6
f 234/4/1 235/4/1 195/4/1 193/4/1
f 194/4/5 236/4/5 234/4/5 193/4/5
f 235/5/1 237/5/1 196/5/1 195/5/1
f 237/5/6 238/5/6 197/5/6 196/5/6
f 239/11/1 240/11/1 199/11/1 198/11/1
f 200/11/5 241/11/5 239/11/5 198/11/5
f 240/4/1 242/4/1 201/4/1 199/4/1
f 242/4/6 243/4/6 202/4/6 201/4/6
f 244/4/1 245/4/1 204/4/1 203/4/1
f 246/4/4 247/4/4 245/4/4 244/4/4
f 205/4/5 246/4/5 244/4/5 203/4/5
f 245/4/1 248/4/1 206/4/1 204/4/1
f 247/4/4 249/4/4 248/4/4 245/4/4
f 248/4/1 250/4/1 207/4/1 206/4/1
f 249/4/4 251/4/4 250/4/4 248/4/4
f 250/4/1 252/4/1 210/4/1 207/4/1
f 251/4/4 253/4/4 252/4/4 250/4/4
f 252/4/1 254/4/1 213/4/1 210/4/1
f 254/4/1 255/4/1 216/4/1 213/4/1
f 255/4/1 256/4/1 217/4/1 216/4/1
f 257/4/4 258/4/4 256/4/4 255/4/4
f 256/4/1 259/4/1 218/4/1 217/4/1
f 258/4/4 260/4/4 259/4/4 256/4/4
f 259/4/6 260/4/6 219/4/6 218/4/6
f 261/4/1 262/4/1 221/4/1 220/4/1
f 263/4/4 264/4/4 262/4/4 261/4/4
f 222/4/5 263/4/5 261/4/5 220/4/5
f 262/4/1 265/4/1 223/4/1 221/4/1
f 264/4/4 266/4/4 265/4/4 262/4/4
f 265/4/6 266/4/6 224/4/6 223/4/6
f 267/4/1 268/4/1 226/4/1 225/4/1
f 229/4/5 269/4/5 267/4/5 225/4/5
f 268/4/1 270/4/1 230/4/1 226/4/1
f 270/4/1 271/4/1 231/4/1 230/4/1
f 272/4/4 273/4/4 271/4/4 270/4/4
f 271/4/1 274/4/1 232/4/1 231/4/1
f 273/4/4 275/4/4 274/4/4 271/4/4
f 274/4/6 275/4/6 233/4/6 232/4/6
f 276/4/1 277/4/1 235/4/1 234/4/1
f 236/4/5 278/4/5 276/4/5 234/4/5
f 277/5/1 279/5/1 237/5/1 235/5/1
f 279/5/6 280/5/6 238/5/6 237/5/6
f 281/11/1 282/11/1 240/11/1 239/11/1
f 241/11/5 283/11/5 281/11/5 239/11/5
f 282/4/1 284/4/1 242/4/1 240/4/1
f 284/4/6 285/4/6 243/4/6 242/4/6
f 286/4/1 287/4/1 288/4/1 289/4/1
f 288/4/3 290/4/3 291/4/3 289/4/3
f 291/4/5 292/4/5 286/4/5 289/4/5
f 287/4/1 293/4/1 244/4/1 288/4/1
f 244/4/3 246/4/3 290/4/3 288/4/3
f 293/4/6 294/4/6 246/4/6 244/4/6
f 295/4/1 296/4/1 254/4/1 252/4/1
f 253/4/5 297/4/5 295/4/5 252/4/5
f 296/4/1 298/4/1 255/4/1 254/4/1
f 298/4/6 299/4/6 257/4/6 255/4/6
f 300/4/1 301/4/1 302/4/1 259/4/1
f 302/4/3 303/4/3 260/4/3 259/4/3
f 260/4/5 304/4/5 300/4/5 259/4/5
f 301/4/1 305/4/1 261/4/1 302/4/1
f 261/4/3 263/4/3 303/4/3 302/4/3
f 305/4/6 306/4/6 263/4/6 261/4/6
f 307/4/1 308/4/1 309/4/1 265/4/1
f 309/4/3 310/4/3 266/4/3 265/4/3
f 266/4/5 311/4/5 307/4/5 265/4/5
f 308/4/1 312/4/1 313/4/1 309/4/1
f 313/4/3 314/4/3 310/4/3 309/4/3
f 312/4/1 315/4/1 316/4/1 313/4/1
f 316/4/3 317/4/3 314/4/3 313/4/3
f 315/4/1 318/4/1 319/4/1 316/4/1
f 319/4/3 320/4/3 317/4/3 316/4/3
f 318/4/6 321/4/6 320/4/6 319/4/6
f 322/4/1 323/4/1 268/4/1 267/4/1
f 269/4/5 324/4/5 322/4/5 267/4/5
f 323/4/1 325/4/1 270/4/1 268/4/1
f 325/4/6 326/4/6 272/4/6 270/4/6
f 327/4/1 328/4/1 329/4/1 274/4/1
f 329/4/3 330/4/3 275/4/3 274/4/3
f 275/4/5 331/4/5 327/4/5 274/4/5
f 328/4/1 332/4/1 276/4/1 329/4/1
f 276/4/3 278/4/3 330/4/3 329/4/3
f 332/4/1 333/4/1 277/4/1 276/4/1
f 333/5/1 334/5/1 279/5/1 277/5/1
f 334/5/6 335/5/6 280/5/6 279/5/6
f 336/11/1 337/11/1 282/11/1 281/11/1
f 283/11/5 338/11/5 336/11/5 281/11/5
f 337/4/1 339/4/1 284/4/1 282/4/1
f 339/4/6 340/4/6 285/4/6 284/4/6
f 341/4/1 342/4/1 287/4/1 286/4/1
f 343/4/4 344/4/4 342/4/4 341/4/4
f 292/4/5 343/4/5 341/4/5 286/4/5
f 342/4/1 345/4/1 293/4/1 287/4/1
f 344/4/4 346/4/4 345/4/4 342/4/4
f 345/4/6 346/4/6 294/4/6 293/4/6
f 347/4/1 348/4/1 296/4/1 295/4/1
f 349/4/4 350/4/4 348/4/4 347/4/4
f 297/4/5 349/4/5 347/4/5 295/4/5
f 348/4/1 351/4/1 298/4/1 296/4/1
f 350/4/4 352/4/4 351/4/4 348/4/4
f 351/4/6 352/4/6 299/4/6 298/4/6
f 353/4/1 354/4/1 301/4/1 300/4/1
f 304/4/5 355/4/5 353/4/5 300/4/5
f 354/4/1 356/4/1 305/4/1 301/4/1
f 356/4/6 357/4/6 306/4/6 305/4/6
f 358/4/1 359/4/1 308/4/1 307/4/1
f 311/4/5 360/4/5 358/4/5 307/4/5
f 359/5/1 361/5/1 312/5/1 308/5/1
f 361/4/1 362/4/1 315/4/1 312/4/1
f 363/4/4 364/4/4 362/4/4 361/4/4
f 362/4/1 365/4/1 318/4/1 315/4/1
f 364/4/4 366/4/4 365/4/4 362/4/4
f 365/4/6 366/4/6 321/4/6 318/4/6
f 367/4/1 368/4/1 323/4/1 322/4/1
f 324/4/5 369/4/5 367/4/5 322/4/5
f 368/4/1 370/4/1 325/4/1 323/4/1
f 370/4/6 371/4/6 326/4/6 325/4/6
f 372/4/1 373/4/1 328/4/1 327/4/1
f 374/4/4 375/4/4 373/4/4 372/4/4
f 331/4/5 374/4/5 372/4/5 327/4/5
f 373/4/1 376/4/1 332/4/1 328/4/1
f 375/4/4 377/4/4 376/4/4 373/4/4
f 376/4/1 378/4/1 333/4/1 332/4/1
f 378/5/1 379/5/1 334/5/1 333/5/1
f 379/5/6 380/5/6 335/5/6 334/5/6
f 381/11/1 382/11/1 337/11/1 336/11/1
f 338/11/5 383/11/5 381/11/5 336/11/5
f 382/4/1 384/4/1 339/4/1 337/4/1
f 384/4/1 385/4/1 386/4/1 339/4/1
f 386/4/3 387/4/3 340/4/3 339/4/3
f 385/4/1 388/4/1 341/4/1 386/4/1
f 341/4/3 343/4/3 387/4/3 386/4/3
f 388/4/6 389/4/6 343/4/6 341/4/6
f 390/4/1 391/4/1 392/4/1 345/4/1
f 392/4/3 393/4/3 346/4/3 345/4/3
f 346/4/5 394/4/5 390/4/5 345/4/5
f 391/4/1 395/4/1 396/4/1 392/4/1
f 396/4/3 397/4/3 393/4/3 392/4/3
f 395/4/6 398/4/6 397/4/6 396/4/6
f 399/4/1 400/4/1 401/4/1 351/4/1
f 401/4/3 402/4/3 352/4/3 351/4/3
f 352/4/5 403/4/5 399/4/5 351/4/5
f 400/4/1 404/4/1 353/4/1 401/4/1
f 353/4/3 355/4/3 402/4/3 401/4/3
f 404/4/1 405/4/1 354/4/1 353/4/1
f 405/4/1 406/4/1 356/4/1 354/4/1
f 406/4/6 407/4/6 357/4/6 356/4/6
f 408/4/1 409/4/1 359/4/1 358/4/1
f 360/4/5 410/4/5 408/4/5 358/4/5
f 409/4/1 411/4/1 361/4/1 359/4/1
f 411/4/6 412/4/6 363/4/6 361/4/6
f 413/4/1 414/4/1 415/4/1 365/4/1
f 415/4/3 416/4/3 366/4/3 365/4/3
f 366/4/5 417/4/5 413/4/5 365/4/5
f 414/4/1 418/4/1 367/4/1 415/4/1
f 367/4/3 369/4/3 416/4/3 415/4/3
f 418/4/1 419/4/1 368/4/1 367/4/1
f 419/4/1 420/4/1 370/4/1 368/4/1
f 420/4/1 421/4/1 422/4/1 370/4/1
f 422/4/3 423/4/3 371/4/3 370/4/3
f 421/4/1 424/4/1 372/4/1 422/4/1
f 372/4/3 374/4/3 423/4/3 422/4/3
f 424/4/6 425/4/6 374/4/6 372/4/6
f 426/4/1 427/4/1 378/4/1 376/4/1
f 377/4/5 428/4/5 426/4/5 376/4/5
f 427/5/1 429/5/1 379/5/1 378/5/1
f 429/5/6 430/5/6 380/5/6 379/5/6
f 431/11/1 432/11/1 382/11/1 381/11/1
f 383/11/5 433/11/5 431/11/5 381/11/5
f 432/4/1 434/4/1 384/4/1 382/4/1
f 434/4/1 435/4/1 385/4/1 384/4/1
f 436/4/4 437/4/4 435/4/4 434/4/4
f 435/4/1 438/4/1 388/4/1 385/4/1
f 437/4/4 439/4/4 438/4/4 435/4/4
f 438/4/6 439/4/6 389/4/6 388/4/6
f 440/4/1 441/4/1 391/4/1 390/4/1
f 442/4/4 443/4/4 441/4/4 440/4/4
f 394/4/5 442/4/5 440/4/5 390/4/5
f 441/4/1 444/4/1 395/4/1 391/4/1
f 443/4/4 445/4/4 444/4/4 441/4/4
f 444/4/6 445/4/6 398/4/6 395/4/6
f 446/4/1 447/4/1 400/4/1 399/4/1
f 403/4/5 448/4/5 446/4/5 399/4/5
f 447/4/1 449/4/1 404/4/1 400/4/1
f 449/4/1 450/4/1 405/4/1 404/4/1
f 451/4/4 452/4/4 450/4/4 449/4/4
f 450/4/1 453/4/1 406/4/1 405/4/1
f 452/4/4 454/4/4 453/4/4 450/4/4
f 453/4/6 454/4/6 407/4/6 406/4/6
f 455/4/1 456/4/1 409/4/1 408/4/1
f 457/4/4 458/4/4 456/4/4 455/4/4
f 410/4/5 457/4/5 455/4/5 408/4/5
f 456/4/1 459/4/1 411/4/1 409/4/1
f 458/4/4 460/4/4 459/4/4 456/4/4
f 459/4/6 460/4/6 412/4/6 411/4/6
f 461/4/1 462/4/1 414/4/1 413/4/1
f 417/4/5 463/4/5 461/4/5 413/4/5
f 462/4/1 464/4/1 418/4/1 414/4/1
f 464/4/1 465/4/1 419/4/1 418/4/1
f 465/4/1 466/4/1 420/4/1 419/4/1
f 466/4/1 467/4/1 421/4/1 420/4/1
f 467/4/1 468/4/1 424/4/1 421/4/1
f 468/4/6 469/4/6 425/4/6 424/4/6
f 470/4/1 471/4/1 427/4/1 426/4/1
f 428/4/5 472/4/5 470/4/5 426/4/5
f 471/5/1 473/5/1 429/5/1 427/5/1
f 473/5/6 474/5/6 430/5/6 429/5/6
f 475/11/1 476/11/1 432/11/1 431/11/1
f 433/11/5 477/11/5 475/11/5 431/11/5
f 476/4/1 478/4/1 434/4/1 432/4/1
f 478/4/6 479/4/6 436/4/6 434/4/6
f 480/4/1 481/4/1 482/4/1 438/4/1
f 482/4/3 483/4/3 439/4/3 438/4/3
f 439/4/5 484/4/5 480/4/5 438/4/5
f 481/4/1 485/4/1 440/4/1 482/4/1
f 440/4/3 442/4/3 483/4/3 482/4/3
f 485/4/6 486/4/6 442/4/6 440/4/6
f 487/4/1 488/4/1 489/4/1 444/4/1
f 489/4/3 490/4/3 445/4/3 444/4/3
f 445/4/5 491/4/5 487/4/5 444/4/5
f 488/4/1 492/4/1 493/4/1 489/4/1
f 493/4/3 494/4/3 490/4/3 489/4/3
f 492/4/6 495/4/6 494/4/6 493/4/6
f 496/4/1 497/4/1 447/4/1 446/4/1
f 448/4/5 498/4/5 496/4/5 446/4/5
f 497/4/1 499/4/1 449/4/1 447/4/1
f 499/4/6 500/4/6 451/4/6 449/4/6
f 501/4/1 502/4/1 503/4/1 459/4/1
f 503/4/3 504/4/3 460/4/3 459/4/3
f 460/4/5 505/4/5 501/4/5 459/4/5
f 502/4/1 506/4/1 461/4/1 503/4/1
f 461/4/3 463/4/3 504/4/3 503/4/3
f 506/4/1 507/4/1 462/4/1 461/4/1
f 507/4/1 508/4/1 464/4/1 462/4/1
f 508/4/1 509/4/1 465/4/1 464/4/1
f 509/4/1 510/4/1 466/4/1 465/4/1
f 510/4/1 511/4/1 467/4/1 466/4/1
f 511/4/1 512/4/1 468/4/1 467/4/1
f 512/4/6 513/4/6 469/4/6 468/4/6
f 514/4/1 515/4/1 471/4/1 470/4/1
f 472/4/5 516/4/5 514/4/5 470/4/5
f 515/5/1 517/5/1 473/5/1 471/5/1
f 517/5/6 518/5/6 474/5/6 473/5/6
f 519/11/1 520/11/1 476/11/1 475/11/1
f 477/11/5 521/11/5 519/11/5 475/11/5
f 520/4/1 522/4/1 478/4/1 476/4/1
f 522/4/6 523/4/6 479/4/6 478/4/6
f 524/4/1 525/4/1 481/4/1 480/4/1
f 526/4/4 527/4/4 525/4/4 524/4/4
f 484/4/5 526/4/5 524/4/5 480/4/5
f 525/4/1 528/4/1 485/4/1 481/4/1
f 527/4/4 529/4/4 528/4/4 525/4/4
f 528/4/6 529/4/6 486/4/6 485/4/6
f 530/4/1 531/4/1 488/4/1 487/4/1
f 491/4/5 532/4/5 530/4/5 487/4/5
f 531/4/1 533/4/1 492/4/1 488/4/1
f 533/4/6 534/4/6 495/4/6 492/4/6
f 535/4/1 536/4/1 497/4/1 496/4/1
f 498/4/5 537/4/5 535/4/5 496/4/5
f 536/4/1 538/4/1 499/4/1 497/4/1
f 538/4/6 539/4/6 500/4/6 499/4/6
f 540/4/1 541/4/1 502/4/1 501/4/1
f 542/4/4 543/4/4 541/4/4 540/4/4
f 505/4/5 542/4/5 540/4/5 501/4/5
f 541/4/1 544/4/1 506/4/1 502/4/1
f 543/4/4 545/4/4 544/4/4 541/4/4
f 544/4/1 546/4/1 507/4/1 506/4/1
f 546/4/1 547/4/1 508/4/1 507/4/1
f 547/4/1 548/4/1 509/4/1 508/4/1
f 549/4/4 550/4/4 548/4/4 547/4/4
f 548/4/1 551/4/1 510/4/1 509/4/1
f 550/4/4 552/4/4 551/4/4 548/4/4
f 551/4/1 553/4/1 511/4/1 510/4/1
f 553/4/1 554/4/1 512/4/1 511/4/1
f 554/4/6 555/4/6 513/4/6 512/4/6
f 556/4/1 557/4/1 515/4/1 514/4/1
f 516/4/5 558/4/5 556/4/5 514/4/5
f 557/5/1 559/5/1 517/5/1 515/5/1
f 559/5/6 560/5/6 518/5/6 517/5/6
f 561/11/1 562/11/1 520/11/1 519/11/1
f 521/11/5 563/11/5 561/11/5 519/11/5
f 562/4/1 564/4/1 522/4/1 520/4/1
f 564/4/1 565/4/1 566/4/1 522/4/1
f 566/4/3 567/4/3 523/4/3 522/4/3
f 565/4/1 568/4/1 524/4/1 566/4/1
f 524/4/3 526/4/3 567/4/3 566/4/3
f 568/4/6 569/4/6 526/4/6 524/4/6
f 570/4/1 571/4/1 572/4/1 528/4/1
f 572/4/3 573/4/3 529/4/3 528/4/3
f 529/4/5 574/4/5 570/4/5 528/4/5
f 571/4/1 575/4/1 530/4/1 572/4/1
f 530/4/3 532/4/3 573/4/3 572/4/3
f 575/4/1 576/4/1 531/4/1 530/4/1
f 576/4/1 577/4/1 533/4/1 531/4/1
f 577/4/1 578/4/1 579/4/1 533/4/1
f 579/4/3 580/4/3 534/4/3 533/4/3
f 578/4/1 581/4/1 535/4/1 579/4/1
f 535/4/3 537/4/3 580/4/3 579/4/3
f 581/4/1 582/4/1 536/4/1 535/4/1
f 582/4/1 583/4/1 538/4/1 536/4/1
f 583/4/6 584/4/6 539/4/6 538/4/6
f 585/4/1 586/4/1 587/4/1 588/4/1
f 587/4/3 589/4/3 590/4/3 588/4/3
f 590/4/5 591/4/5 585/4/5 588/4/5
f 586/4/1 592/4/1 593/4/1 587/4/1
f 593/4/3 594/4/3 589/4/3 587/4/3
f 592/4/6 595/4/6 594/4/6 593/4/6
f 596/4/1 597/4/1 546/4/1 544/4/1
f 545/4/5 598/4/5 596/4/5 544/4/5
f 597/4/1 599/4/1 547/4/1 546/4/1
f 599/4/6 600/4/6 549/4/6 547/4/6
f 601/4/1 602/4/1 553/4/1 551/4/1
f 552/4/5 603/4/5 601/4/5 551/4/5
f 602/4/1 604/4/1 554/4/1 553/4/1
f 604/4/1 605/4/1 606/4/1 554/4/1
f 606/4/3 607/4/3 555/4/3 554/4/3
f 605/4/1 608/4/1 556/4/1 606/4/1
f 556/4/3 558/4/3 607/4/3 606/4/3
f 608/4/1 609/4/1 557/4/1 556/4/1
f 609/5/1 610/5/1 559/5/1 557/5/1
f 610/5/6 611/5/6 560/5/6 559/5/6
f 612/11/1 613/11/1 562/11/1 561/11/1
f 563/11/5 614/11/5 612/11/5 561/11/5
f 613/4/1 615/4/1 564/4/1 562/4/1
f 615/4/1 616/4/1 565/4/1 564/4/1
f 617/4/4 618/4/4 616/4/4 615/4/4
f 616/4/1 619/4/1 568/4/1 565/4/1
f 618/4/4 620/4/4 619/4/4 616/4/4
f 619/4/6 620/4/6 569/4/6 568/4/6
f 621/4/1 622/4/1 571/4/1 570/4/1
f 574/4/5 623/4/5 621/4/5 570/4/5
f 622/4/1 624/4/1 575/4/1 571/4/1
f 624/4/1 625/4/1 576/4/1 575/4/1
f 626/4/4 627/4/4 625/4/4 624/4/4
f 625/4/1 628/4/1 577/4/1 576/4/1
f 627/4/4 629/4/4 628/4/4 625/4/4
f 628/4/1 630/4/1 578/4/1 577/4/1
f 629/4/4 631/4/4 630/4/4 628/4/4
f 630/4/1 632/4/1 581/4/1 578/4/1
f 631/4/4 633/4/4 632/4/4 630/4/4
f 632/4/1 634/4/1 582/4/1 581/4/1
f 633/4/4 635/4/4 634/4/4 632/4/4
f 634/4/1 636/4/1 583/4/1 582/4/1
f 635/4/4 637/4/4 636/4/4 634/4/4
f 636/4/6 637/4/6 584/4/6 583/4/6
f 638/4/1 639/4/1 586/4/1 585/4/1
f 640/4/4 641/4/4 639/4/4 638/4/4
f 591/4/5 640/4/5 638/4/5 585/4/5
f 639/4/1 642/4/1 592/4/1 586/4/1
f 641/4/4 643/4/4 642/4/4 639/4/4
f 642/4/6 643/4/6 595/4/6 592/4/6
f 644/4/1 645/4/1 597/4/1 596/4/1
f 598/4/5 646/4/5 644/4/5 596/4/5
f 645/4/1 647/4/1 599/4/1 597/4/1
f 647/4/6 648/4/6 600/4/6 599/4/6
f 649/4/1 650/4/1 602/4/1 601/4/1
f 603/4/5 651/4/5 649/4/5 601/4/5
f 650/4/1 652/4/1 604/4/1 602/4/1
f 652/4/1 653/4/1 605/4/1 604/4/1
f 654/4/4 655/4/4 653/4/4 652/4/4
f 653/4/1 656/4/1 608/4/1 605/4/1
f 655/4/4 657/4/4 656/4/4 653/4/4
f 656/4/1 658/4/1 609/4/1 608/4/1
f 658/5/1 659/5/1 610/5/1 609/5/1
f 659/5/6 660/5/6 611/5/6 610/5/6
f 661/11/1 662/11/1 613/11/1 612/11/1
f 614/11/5 663/11/5 661/11/5 612/11/5
f 662/4/1 664/4/1 615/4/1 613/4/1
f 664/4/6 665/4/6 617/4/6 615/4/6
f 666/4/1 667/4/1 668/4/1 619/4/1
f 668/4/3 669/4/3 620/4/3 619/4/3
f 620/4/5 670/4/5 666/4/5 619/4/5
f 667/4/1 671/4/1 621/4/1 668/4/1
f 621/4/3 623/4/3 669/4/3 668/4/3
f 671/4/1 672/4/1 622/4/1 621/4/1
f 672/4/1 673/4/1 624/4/1 622/4/1
f 673/4/6 674/4/6 626/4/6 624/4/6
f 675/4/1 676/4/1 677/4/1 642/4/1
f 677/4/3 678/4/3 643/4/3 642/4/3
f 643/4/5 679/4/5 675/4/5 642/4/5
f 676/4/1 680/4/1 681/4/1 677/4/1
f 681/4/3 682/4/3 678/4/3 677/4/3
f 680/4/1 683/4/1 684/4/1 681/4/1
f 684/4/3 685/4/3 682/4/3 681/4/3
f 683/4/1 686/4/1 644/4/1 684/4/1
f 644/4/3 646/4/3 685/4/3 684/4/3
f 686/4/1 687/4/1 645/4/1 644/4/1
f 687/4/1 688/4/1 647/4/1 645/4/1
f 688/4/6 689/4/6 648/4/6 647/4/6
f 690/4/1 691/4/1 650/4/1 649/4/1
f 651/4/5 692/4/5 690/4/5 649/4/5
f 691/4/1 693/4/1 652/4/1 650/4/1
f 693/4/6 694/4/6 654/4/6 652/4/6
f 695/4/1 696/4/1 658/4/1 656/4/1
f 657/4/5 697/4/5 695/4/5 656/4/5
f 696/5/1 698/5/1 659/5/1 658/5/1
f 698/5/6 699/5/6 660/5/6 659/5/6
f 700/11/1 701/11/1 662/11/1 661/11/1
f 702/11/4 703/11/4 701/11/4 700/11/4
f 663/11/5 702/11/5 700/11/5 661/11/5
f 701/4/1 704/4/1 664/4/1 662/4/1
f 703/4/4 705/4/4 704/4/4 701/4/4
f 704/4/6 705/4/6 665/4/6 664/4/6
f 706/4/1 707/4/1 667/4/1 666/4/1
f 708/4/4 709/4/4 707/4/4 706/4/4
f 670/4/5 708/4/5 706/4/5 666/4/5
f 707/4/1 710/4/1 671/4/1 667/4/1
f 709/4/4 711/4/4 710/4/4 707/4/4
f 710/4/1 712/4/1 672/4/1 671/4/1
f 711/4/4 713/4/4 712/4/4 710/4/4
f 712/4/1 714/4/1 673/4/1 672/4/1
f 713/4/4 715/4/4 714/4/4 712/4/4
f 714/4/6 715/4/6 674/4/6 673/4/6
f 716/4/1 717/4/1 676/4/1 675/4/1
f 718/4/4 719/4/4 717/4/4 716/4/4
f 679/4/5 718/4/5 716/4/5 675/4/5
f 717/4/1 720/4/1 680/4/1 676/4/1
f 719/4/4 721/4/4 720/4/4 717/4/4
f 720/4/1 722/4/1 683/4/1 680/4/1
f 721/4/4 723/4/4 722/4/4 720/4/4
f 722/4/1 724/4/1 686/4/1 683/4/1
f 723/4/4 725/4/4 724/4/4 722/4/4
f 724/4/1 726/4/1 687/4/1 686/4/1
f 725/4/4 727/4/4 726/4/4 724/4/4
f 726/4/1 728/4/1 688/4/1 687/4/1
f 727/4/4 729/4/4 728/4/4 726/4/4
f 728/4/6 729/4/6 689/4/6 688/4/6
f 730/4/1 731/4/1 691/4/1 690/4/1
f 732/4/4 733/4/4 731/4/4 730/4/4
f 692/4/5 732/4/5 730/4/5 690/4/5
f 731/4/1 734/4/1 693/4/1 691/4/1
f 733/4/4 735/4/4 734/4/4 731/4/4
f 734/4/6 735/4/6 694/4/6 693/4/6
f 736/4/1 737/4/1 696/4/1 695/4/1
f 738/4/4 739/4/4 737/4/4 736/4/4
f 697/4/5 738/4/5 736/4/5 695/4/5
f 737/5/1 740/5/1 698/5/1 696/5/1
f 739/5/4 741/5/4 740/5/4 737/5/4
f 740/5/6 741/5/6 699/5/6 698/5/6
f 5/11/3 742/11/3 743/11/3 6/11/3
f 743/11/5 744/11/5 7/11/5 6/11/5
f 10/4/3 745/4/3 742/4/3 5/4/3
f 11/4/6 746/4/6 745/4/6 10/4/6
f 747/4/2 748/4/2 749/4/2 750/4/2
f 16/4/3 747/4/3 750/4/3 17/4/3
f 750/4/5 749/4/5 18/4/5 17/4/5
f 751/4/2 752/4/2 748/4/2 747/4/2
f 21/4/3 751/4/3 747/4/3 16/4/3
f 22/4/6 752/4/6 751/4/6 21/4/6
f 27/4/3 753/4/3 754/4/3 28/4/3
f 754/4/5 755/4/5 29/4/5 28/4/5
f 32/4/3 756/4/3 753/4/3 27/4/3
f 33/4/6 757/4/6 756/4/6 32/4/6
f 38/4/3 758/4/3 759/4/3 39/4/3
f 759/4/5 760/4/5 40/4/5 39/4/5
f 43/4/3 761/4/3 758/4/3 38/4/3
f 44/4/6 762/4/6 761/4/6 43/4/6
f 49/4/3 763/4/3 764/4/3 50/4/3
f 764/4/5 765/4/5 51/4/5 50/4/5
f 54/4/3 766/4/3 763/4/3 49/4/3
f 57/4/3 767/4/3 766/4/3 54/4/3
f 60/4/3 768/4/3 767/4/3 57/4/3
f 63/4/3 769/4/3 768/4/3 60/4/3
f 66/5/3 770/5/3 769/5/3 63/5/3
f 67/5/6 771/5/6 770/5/6 66/5/6
f 744/11/5 772/11/5 70/11/5 7/11/5
f 72/4/6 773/4/6 746/4/6 11/4/6
f 748/4/2 774/4/2 775/4/2 749/4/2
f 775/4/4 774/4/4 76/4/4 75/4/4
f 749/4/5 775/4/5 75/4/5 18/4/5
f 752/4/2 776/4/2 774/4/2 748/4/2
f 774/4/4 776/4/4 78/4/4 76/4/4
f 78/4/6 776/4/6 752/4/6 22/4/6
f 777/4/4 778/4/4 82/4/4 81/4/4
f 755/4/5 777/4/5 81/4/5 29/4/5
f 778/4/4 779/4/4 84/4/4 82/4/4
f 84/4/6 779/4/6 757/4/6 33/4/6
f 760/4/5 780/4/5 87/4/5 40/4/5
f 89/4/6 781/4/6 762/4/6 44/4/6
f 765/4/5 782/4/5 92/4/5 51/4/5
f 98/5/6 783/5/6 771/5/6 67/5/6
f 772/11/5 784/11/5 101/11/5 70/11/5
f 103/4/6 785/4/6 773/4/6 72/4/6
f 107/4/3 786/4/3 776/4/3 78/4/3
f 776/4/5 787/4/5 108/4/5 78/4/5
f 111/4/3 788/4/3 786/4/3 107/4/3
f 112/4/6 789/4/6 788/4/6 111/4/6
f 116/4/3 790/4/3 779/4/3 84/4/3
f 779/4/5 791/4/5 117/4/5 84/4/5
f 120/4/3 792/4/3 790/4/3 116/4/3
f 123/4/3 793/4/3 792/4/3 120/4/3
f 126/4/3 794/4/3 793/4/3 123/4/3
f 129/4/3 795/4/3 794/4/3 126/4/3
f 87/4/3 780/4/3 795/4/3 129/4/3
f 133/4/6 796/4/6 781/4/6 89/4/6
f 138/4/3 797/4/3 798/4/3 139/4/3
f 798/4/5 799/4/5 140/4/5 139/4/5
f 143/4/3 800/4/3 797/4/3 138/4/3
f 144/4/6 801/4/6 800/4/6 143/4/6
f 782/4/5 802/4/5 147/4/5 92/4/5
f 153/5/6 803/5/6 783/5/6 98/5/6
f 784/11/5 804/11/5 156/11/5 101/11/5
f 158/4/6 805/4/6 785/4/6 103/4/6
f 787/4/5 806/4/5 161/4/5 108/4/5
f 163/4/6 807/4/6 789/4/6 112/4/6
f 791/4/5 808/4/5 166/4/5 117/4/5
f 809/4/4 810/4/4 170/4/4 169/4/4
f 810/4/4 811/4/4 172/4/4 170/4/4
f 812/4/4 813/4/4 177/4/4 176/4/4
f 813/4/4 814/4/4 179/4/4 177/4/4
f 179/4/6 814/4/6 796/4/6 133/4/6
f 815/4/4 816/4/4 183/4/4 182/4/4
f 799/4/5 815/4/5 182/4/5 140/4/5
f 816/4/4 817/4/4 185/4/4 183/4/4
f 185/4/6 817/4/6 801/4/6 144/4/6
f 802/4/5 818/4/5 188/4/5 147/4/5
f 819/4/4 820/4/4 192/4/4 191/4/4
f 820/4/4 821/4/4 194/4/4 192/4/4
f 197/5/6 822/5/6 803/5/6 153/5/6
f 804/11/5 823/11/5 200/11/5 156/11/5
f 202/4/6 824/4/6 805/4/6 158/4/6
f 806/4/5 825/4/5 205/4/5 161/4/5
f 209/4/3 826/4/3 807/4/3 163/4/3
f 212/4/3 827/4/3 826/4/3 209/4/3
f 215/4/3 828/4/3 827/4/3 212/4/3
f 166/4/3 808/4/3 828/4/3 215/4/3
f 219/4/6 829/4/6 809/4/6 169/4/6
f 811/4/5 830/4/5 222/4/5 172/4/5
f 224/4/6 831/4/6 812/4/6 176/4/6
f 228/4/3 832/4/3 817/4/3 185/4/3
f 817/4/5 833/4/5 229/4/5 185/4/5
f 188/4/3 818/4/3 832/4/3 228/4/3
f 233/4/6 834/4/6 819/4/6 191/4/6
f 821/4/5 835/4/5 236/4/5 194/4/5
f 238/5/6 836/5/6 822/5/6 197/5/6
f 823/11/5 837/11/5 241/11/5 200/11/5
f 243/4/6 838/4/6 824/4/6 202/4/6
f 839/4/4 840/4/4 247/4/4 246/4/4
f 825/4/5 839/4/5 246/4/5 205/4/5
f 840/4/4 841/4/4 249/4/4 247/4/4
f 841/4/4 842/4/4 251/4/4 249/4/4
f 842/4/4 843/4/4 253/4/4 251/4/4
f 844/4/4 845/4/4 258/4/4 257/4/4
f 845/4/4 846/4/4 260/4/4 258/4/4
f 260/4/6 846/4/6 829/4/6 219/4/6
f 847/4/4 848/4/4 264/4/4 263/4/4
f 830/4/5 847/4/5 263/4/5 222/4/5
f 848/4/4 849/4/4 266/4/4 264/4/4
f 266/4/6 849/4/6 831/4/6 224/4/6
f 833/4/5 850/4/5 269/4/5 229/4/5
f 851/4/4 852/4/4 273/4/4 272/4/4
f 852/4/4 853/4/4 275/4/4 273/4/4
f 275/4/6 853/4/6 834/4/6 233/4/6
f 835/4/5 854/4/5 278/4/5 236/4/5
f 280/5/6 855/5/6 836/5/6 238/5/6
f 837/11/5 856/11/5 283/11/5 241/11/5
f 285/4/6 857/4/6 838/4/6 243/4/6
f 290/4/3 858/4/3 859/4/3 291/4/3
f 859/4/5 860/4/5 292/4/5 291/4/5
f 246/4/3 839/4/3 858/4/3 290/4/3
f 294/4/6 861/4/6 839/4/6 246/4/6
f 843/4/5 862/4/5 297/4/5 253/4/5
f 299/4/6 863/4/6 844/4/6 257/4/6
f 303/4/3 864/4/3 846/4/3 260/4/3
f 846/4/5 865/4/5 304/4/5 260/4/5
f 263/4/3 847/4/3 864/4/3 303/4/3
f 306/4/6 866/4/6 847/4/6 263/4/6
f 310/4/3 867/4/3 849/4/3 266/4/3
f 849/4/5 868/4/5 311/4/5 266/4/5
f 314/4/3 869/4/3 867/4/3 310/4/3
f 317/4/3 870/4/3 869/4/3 314/4/3
f 320/4/3 871/4/3 870/4/3 317/4/3
f 321/4/6 872/4/6 871/4/6 320/4/6
f 850/4/5 873/4/5 324/4/5 269/4/5
f 326/4/6 874/4/6 851/4/6 272/4/6
f 330/4/3 875/4/3 853/4/3 275/4/3
f 853/4/5 876/4/5 331/4/5 275/4/5
f 278/4/3 854/4/3 875/4/3 330/4/3
f 335/5/6 877/5/6 855/5/6 280/5/6
f 856/11/5 878/11/5 338/11/5 283/11/5
f 340/4/6 879/4/6 857/4/6 285/4/6
f 880/4/4 881/4/4 344/4/4 343/4/4
f 860/4/5 880/4/5 343/4/5 292/4/5
f 881/4/4 882/4/4 346/4/4 344/4/4
f 346/4/6 882/4/6 861/4/6 294/4/6
f 883/4/4 884/4/4 350/4/4 349/4/4
f 862/4/5 883/4/5 349/4/5 297/4/5
f 884/5/4 885/5/4 352/5/4 350/5/4
f 352/5/6 885/5/6 863/5/6 299/5/6
f 865/4/5 886/4/5 355/4/5 304/4/5
f 357/4/6 887/4/6 866/4/6 306/4/6
f 868/4/5 888/4/5 360/4/5 311/4/5
f 889/4/4 890/4/4 364/4/4 363/4/4
f 890/4/4 891/4/4 366/4/4 364/4/4
f 366/4/6 891/4/6 872/4/6 321/4/6
f 873/4/5 892/4/5 369/4/5 324/4/5
f 371/4/6 893/4/6 874/4/6 326/4/6
f 894/4/4 895/4/4 375/4/4 374/4/4
f 876/4/5 894/4/5 374/4/5 331/4/5
f 895/4/4 896/4/4 377/4/4 375/4/4
f 380/5/6 897/5/6 877/5/6 335/5/6
f 878/11/5 898/11/5 383/11/5 338/11/5
f 387/4/3 899/4/3 879/4/3 340/4/3
f 343/4/3 880/4/3 899/4/3 387/4/3
f 389/4/6 900/4/6 880/4/6 343/4/6
f 393/4/3 901/4/3 882/4/3 346/4/3
f 882/4/5 902/4/5 394/4/5 346/4/5
f 397/4/3 903/4/3 901/4/3 393/4/3
f 398/4/6 904/4/6 903/4/6 397/4/6
f 402/4/3 905/4/3 885/4/3 352/4/3
f 885/4/5 906/4/5 403/4/5 352/4/5
f 355/4/3 886/4/3 905/4/3 402/4/3
f 407/4/6 907/4/6 887/4/6 357/4/6
f 888/4/5 908/4/5 410/4/5 360/4/5
f 412/4/6 909/4/6 889/4/6 363/4/6
f 416/4/3 910/4/3 891/4/3 366/4/3
f 891/4/5 911/4/5 417/4/5 366/4/5
f 369/4/3 892/4/3 910/4/3 416/4/3
f 423/4/3 912/4/3 893/4/3 371/4/3
f 374/4/3 894/4/3 912/4/3 423/4/3
f 425/4/6 913/4/6 894/4/6 374/4/6
f 896/4/5 914/4/5 428/4/5 377/4/5
f 430/5/6 915/5/6 897/5/6 380/5/6
f 898/11/5 916/11/5 433/11/5 383/11/5
f 917/4/4 918/4/4 437/4/4 436/4/4
f 918/4/4 919/4/4 439/4/4 437/4/4
f 439/4/6 919/4/6 900/4/6 389/4/6
f 920/4/4 921/4/4 443/4/4 442/4/4
f 902/4/5 920/4/5 442/4/5 394/4/5
f 921/4/4 922/4/4 445/4/4 443/4/4
f 445/4/6 922/4/6 904/4/6 398/4/6
f 906/4/5 923/4/5 448/4/5 403/4/5
f 924/4/4 925/4/4 452/4/4 451/4/4
f 925/4/4 926/4/4 454/4/4 452/4/4
f 454/4/6 926/4/6 907/4/6 407/4/6
f 927/4/4 928/4/4 458/4/4 457/4/4
f 908/4/5 927/4/5 457/4/5 410/4/5
f 928/4/4 929/4/4 460/4/4 458/4/4
f 460/4/6 929/4/6 909/4/6 412/4/6
f 911/4/5 930/4/5 463/4/5 417/4/5
f 469/4/6 931/4/6 913/4/6 425/4/6
f 914/4/5 932/4/5 472/4/5 428/4/5
f 474/5/6 933/5/6 915/5/6 430/5/6
f 916/11/5 934/11/5 477/11/5 433/11/5
f 479/4/6 935/4/6 917/4/6 436/4/6
f 483/4/3 936/4/3 919/4/3 439/4/3
f 919/4/5 937/4/5 484/4/5 439/4/5
f 442/4/3 920/4/3 936/4/3 483/4/3
f 486/4/6 938/4/6 920/4/6 442/4/6
f 490/4/3 939/4/3 922/4/3 445/4/3
f 922/4/5 940/4/5 491/4/5 445/4/5
f 494/11/3 941/11/3 939/11/3 490/11/3
f 495/11/6 942/11/6 941/11/6 494/11/6
f 923/4/5 943/4/5 498/4/5 448/4/5
f 500/4/6 944/4/6 924/4/6 451/4/6
f 504/4/3 945/4/3 929/4/3 460/4/3
f 929/4/5 946/4/5 505/4/5 460/4/5
f 463/4/3 930/4/3 945/4/3 504/4/3
f 513/4/6 947/4/6 931/4/6 469/4/6
f 932/4/5 948/4/5 516/4/5 472/4/5
f 518/5/6 949/5/6 933/5/6 474/5/6
f 934/11/5 950/11/5 521/11/5 477/11/5
f 523/4/6 951/4/6 935/4/6 479/4/6
f 952/4/4 953/4/4 527/4/4 526/4/4
f 937/4/5 952/4/5 526/4/5 484/4/5
f 953/4/4 954/4/4 529/4/4 527/4/4
f 529/4/6 954/4/6 938/4/6 486/4/6
f 940/4/5 955/4/5 532/4/5 491/4/5
f 534/4/6 956/4/6 942/4/6 495/4/6
f 943/11/5 957/11/5 537/11/5 498/11/5
f 539/4/6 958/4/6 944/4/6 500/4/6
f 959/4/4 960/4/4 543/4/4 542/4/4
f 946/4/5 959/4/5 542/4/5 505/4/5
f 960/4/4 961/4/4 545/4/4 543/4/4
f 962/4/4 963/4/4 550/4/4 549/4/4
f 963/4/4 964/4/4 552/4/4 550/4/4
f 555/4/6 965/4/6 947/4/6 513/4/6
f 948/4/5 966/4/5 558/4/5 516/4/5
f 560/5/6 967/5/6 949/5/6 518/5/6
f 950/11/5 968/11/5 563/11/5 521/11/5
f 567/4/3 969/4/3 951/4/3 523/4/3
f 526/4/3 952/4/3 969/4/3 567/4/3
f 569/4/6 970/4/6 952/4/6 526/4/6
f 573/4/3 971/4/3 954/4/3 529/4/3
f 954/4/5 972/4/5 574/4/5 529/4/5
f 532/4/3 955/4/3 971/4/3 573/4/3
f 580/4/3 973/4/3 956/4/3 534/4/3
f 537/4/3 957/4/3 973/4/3 580/4/3
f 584/4/6 974/4/6 958/4/6 539/4/6
f 589/4/3 975/4/3 976/4/3 590/4/3
f 976/4/5 977/4/5 591/4/5 590/4/5
f 594/4/3 978/4/3 975/4/3 589/4/3
f 595/4/6 979/4/6 978/4/6 594/4/6
f 961/4/5 980/4/5 598/4/5 545/4/5
f 600/4/6 981/4/6 962/4/6 549/4/6
f 964/4/5 982/4/5 603/4/5 552/4/5
f 607/4/3 983/4/3 965/4/3 555/4/3
f 558/4/3 966/4/3 983/4/3 607/4/3
f 611/5/6 984/5/6 967/5/6 560/5/6
f 968/11/5 985/11/5 614/11/5 563/11/5
f 986/4/4 987/4/4 618/4/4 617/4/4
f 987/4/4 988/4/4 620/4/4 618/4/4
f 620/4/6 988/4/6 970/4/6 569/4/6
f 972/4/5 989/4/5 623/4/5 574/4/5
f 990/4/4 991/4/4 627/4/4 626/4/4
f 991/4/4 992/4/4 629/4/4 627/4/4
f 992/4/4 993/4/4 631/4/4 629/4/4
f 993/4/4 994/4/4 633/4/4 631/4/4
f 994/4/4 995/4/4 635/4/4 633/4/4
f 995/4/4 996/4/4 637/4/4 635/4/4
f 637/4/6 996/4/6 974/4/6 584/4/6
f 997/4/4 998/4/4 641/4/4 640/4/4
f 977/4/5 997/4/5 640/4/5 591/4/5
f 998/4/4 999/4/4 643/4/4 641/4/4
f 643/4/6 999/4/6 979/4/6 595/4/6
f 980/4/5 1000/4/5 646/4/5 598/4/5
f 648/4/6 1001/4/6 981/4/6 600/4/6
f 982/4/5 1002/4/5 651/4/5 603/4/5
f 1003/4/4 1004/4/4 655/4/4 654/4/4
f 1004/4/4 1005/4/4 657/4/4 655/4/4
f 660/5/6 1006/5/6 984/5/6 611/5/6
f 985/11/5 1007/11/5 663/11/5 614/11/5
f 665/4/6 1008/4/6 986/4/6 617/4/6
f 669/4/3 1009/4/3 988/4/3 620/4/3
f 988/4/5 1010/4/5 670/4/5 620/4/5
f 623/4/3 989/4/3 1009/4/3 669/4/3
f 1011/4/2 1012/4/2 1013/4/2 989/4/2
f 990/4/2 1014/4/2 1012/4/2 1011/4/2
f 674/4/6 1014/4/6 990/4/6 626/4/6
f 1015/4/2 1016/4/2 1017/4/2 999/4/2
f 678/4/3 1015/4/3 999/4/3 643/4/3
f 999/4/5 1017/4/5 679/4/5 643/4/5
f 1018/4/2 1019/4/2 1016/4/2 1015/4/2
f 682/4/3 1018/4/3 1015/4/3 678/4/3
f 1020/4/2 1021/4/2 1019/4/2 1018/4/2
f 685/4/3 1020/4/3 1018/4/3 682/4/3
f 1000/4/2 1022/4/2 1021/4/2 1020/4/2
f 646/4/3 1000/4/3 1020/4/3 685/4/3
f 689/4/6 1023/4/6 1001/4/6 648/4/6
f 1002/4/5 1024/4/5 692/4/5 651/4/5
f 694/4/6 1025/4/6 1003/4/6 654/4/6
f 1005/4/5 1026/4/5 697/4/5 657/4/5
f 699/5/6 1027/5/6 1006/5/6 660/5/6
f 1028/11/4 1029/11/4 703/11/4 702/11/4
f 1007/11/5 1028/11/5 702/11/5 663/11/5
f 1029/4/4 1030/4/4 705/4/4 703/4/4
f 705/4/6 1030/4/6 1008/4/6 665/4/6
f 1031/4/4 1032/4/4 709/4/4 708/4/4
f 1010/4/5 1031/4/5 708/4/5 670/4/5
f 1032/4/4 1033/4/4 711/4/4 709/4/4
f 1012/4/2 1034/4/2 1033/4/2 1013/4/2
f 1033/4/4 1034/4/4 713/4/4 711/4/4
f 1014/4/2 1035/4/2 1034/4/2 1012/4/2
f 1034/4/4 1035/4/4 715/4/4 713/4/4
f 715/4/6 1035/4/6 1014/4/6 674/4/6
f 1016/4/2 1036/4/2 1037/4/2 1017/4/2
f 1037/4/4 1036/4/4 719/4/4 718/4/4
f 1017/4/5 1037/4/5 718/4/5 679/4/5
f 1019/4/2 1038/4/2 1036/4/2 1016/4/2
f 1036/4/4 1038/4/4 721/4/4 719/4/4
f 1021/4/2 1039/4/2 1038/4/2 1019/4/2
f 1038/4/4 1039/4/4 723/4/4 721/4/4
f 1022/4/2 1040/4/2 1039/4/2 1021/4/2
f 1039/4/4 1040/4/4 725/4/4 723/4/4
f 1040/4/4 1041/4/4 727/4/4 725/4/4
f 1041/4/4 1042/4/4 729/4/4 727/4/4
f 729/4/6 1042/4/6 1023/4/6 689/4/6
f 1043/4/4 1044/4/4 733/4/4 732/4/4
f 1024/4/5 1043/4/5 732/4/5 692/4/5
f 1044/4/4 1045/4/4 735/4/4 733/4/4
f 735/4/6 1045/4/6 1025/4/6 694/4/6
f 1046/4/4 1047/4/4 739/4/4 738/4/4
f 1026/4/5 1046/4/5 738/4/5 697/4/5
f 1047/5/4 1048/5/4 741/5/4 739/5/4
f 741/5/6 1048/5/6 1027/5/6 699/5/6
f 742/11/3 1049/11/3 1050/11/3 743/11/3
f 1050/11/5 1051/11/5 744/11/5 743/11/5
f 745/4/3 1052/4/3 1049/4/3 742/4/3
f 746/4/1 1053/4/1 1054/4/1 745/4/1
f 1054/4/3 1055/4/3 1052/4/3 745/4/3
f 1053/4/1 749/4/1 750/4/1 1054/4/1
f 750/4/3 1056/4/3 1055/4/3 1054/4/3
f 749/4/6 1057/4/6 1056/4/6 750/4/6
f 753/4/3 1058/4/3 1059/4/3 754/4/3
f 1059/4/5 1060/4/5 755/4/5 754/4/5
f 756/4/3 1061/4/3 1058/4/3 753/4/3
f 757/4/1 1062/4/1 1063/4/1 756/4/1
f 1063/4/3 1064/4/3 1061/4/3 756/4/3
f 1062/4/1 1065/4/1 1066/4/1 1063/4/1
f 1066/4/3 1067/4/3 1064/4/3 1063/4/3
f 1065/4/1 1068/4/1 1069/4/1 1066/4/1
f 1069/4/3 1070/4/3 1067/4/3 1066/4/3
f 1068/4/1 1071/4/1 1072/4/1 1069/4/1
f 1072/4/3 1073/4/3 1070/4/3 1069/4/3
f 1071/4/1 1074/4/1 1075/4/1 1072/4/1
f 1075/4/3 1076/4/3 1073/4/3 1072/4/3
f 1074/4/1 760/4/1 759/4/1 1075/4/1
f 759/4/3 1077/4/3 1076/4/3 1075/4/3
f 758/4/3 1078/4/3 1077/4/3 759/4/3
f 761/4/3 1079/4/3 1078/4/3 758/4/3
f 762/4/1 1080/4/1 1081/4/1 761/4/1
f 1081/4/3 1082/4/3 1079/4/3 761/4/3
f 1080/4/1 1083/4/1 1084/4/1 1081/4/1
f 1084/4/3 1085/4/3 1082/4/3 1081/4/3
f 1083/4/1 1086/4/1 1087/4/1 1084/4/1
f 1087/4/3 1088/4/3 1085/4/3 1084/4/3
f 1086/4/1 1089/4/1 1090/4/1 1087/4/1
f 1090/4/3 1091/4/3 1088/4/3 1087/4/3
f 1089/4/1 1092/4/1 1093/4/1 1090/4/1
f 1093/4/3 1094/4/3 1091/4/3 1090/4/3
f 1092/4/1 765/4/1 764/4/1 1093/4/1
f 764/4/3 1095/4/3 1094/4/3 1093/4/3
f 763/4/3 1096/4/3 1095/4/3 764/4/3
f 766/4/3 1097/4/3 1096/4/3 763/4/3
f 767/4/3 1098/4/3 1097/4/3 766/4/3
f 768/4/3 1099/4/3 1098/4/3 767/4/3
f 769/4/3 1100/4/3 1099/4/3 768/4/3
f 770/5/3 1101/5/3 1100/5/3 769/5/3
f 771/5/6 1102/5/6 1101/5/6 770/5/6
f 1051/11/5 1103/11/5 772/11/5 744/11/5
f 773/4/1 1104/4/1 1053/4/1 746/4/1
f 1104/4/1 775/4/1 749/4/1 1053/4/1
f 775/4/6 1105/4/6 1057/4/6 749/4/6
f 1060/4/5 1106/4/5 777/4/5 755/4/5
f 779/4/1 790/4/1 1062/4/1 757/4/1
f 790/4/1 792/4/1 1065/4/1 1062/4/1
f 792/4/1 793/4/1 1068/4/1 1065/4/1
f 793/4/1 794/4/1 1071/4/1 1068/4/1
f 794/4/1 795/4/1 1074/4/1 1071/4/1
f 795/4/1 780/4/1 760/4/1 1074/4/1
f 781/4/1 1107/4/1 1080/4/1 762/4/1
f 1107/4/1 798/4/1 1083/4/1 1080/4/1
f 798/4/1 797/4/1 1086/4/1 1083/4/1
f 797/4/1 800/4/1 1089/4/1 1086/4/1
f 800/4/1 1108/4/1 1092/4/1 1089/4/1
f 1108/4/1 782/4/1 765/4/1 1092/4/1
f 783/5/6 1109/5/6 1102/5/6 771/5/6
f 1103/11/5 1110/11/5 784/11/5 772/11/5
f 785/4/1 1111/4/1 1104/4/1 773/4/1
f 1111/4/1 1112/4/1 775/4/1 1104/4/1
f 1112/4/1 1113/4/1 774/4/1 775/4/1
f 774/4/3 1114/4/3 1105/4/3 775/4/3
f 1113/4/1 787/4/1 776/4/1 774/4/1
f 776/4/3 1115/4/3 1114/4/3 774/4/3
f 786/4/3 1116/4/3 1115/4/3 776/4/3
f 788/4/3 1117/4/3 1116/4/3 786/4/3
f 789/4/1 1118/4/1 1119/4/1 788/4/1
f 1119/4/3 1120/4/3 1117/4/3 788/4/3
f 1118/4/1 1121/4/1 777/4/1 1119/4/1
f 777/4/3 1106/4/3 1120/4/3 1119/4/3
f 1121/4/1 1122/4/1 778/4/1 777/4/1
f 1122/4/1 791/4/1 779/4/1 778/4/1
f 796/4/1 1123/4/1 1107/4/1 781/4/1
f 1123/4/1 799/4/1 798/4/1 1107/4/1
f 801/4/1 1124/4/1 1108/4/1 800/4/1
f 1124/4/1 802/4/1 782/4/1 1108/4/1
f 803/5/6 1125/5/6 1109/5/6 783/5/6
f 1110/11/5 1126/11/5 804/11/5 784/11/5
f 805/4/1 1127/4/1 1111/4/1 785/4/1
f 1127/4/1 1128/4/1 1112/4/1 1111/4/1
f 1128/4/1 1129/4/1 1113/4/1 1112/4/1
f 1129/4/1 806/4/1 787/4/1 1113/4/1
f 807/4/1 826/4/1 1118/4/1 789/4/1
f 826/4/1 827/4/1 1121/4/1 1118/4/1
f 827/4/1 828/4/1 1122/4/1 1121/4/1
f 828/4/1 808/4/1 791/4/1 1122/4/1
f 814/4/1 1130/4/1 1123/4/1 796/4/1
f 1130/4/1 815/4/1 799/4/1 1123/4/1
f 817/4/1 832/4/1 1124/4/1 801/4/1
f 832/4/1 818/4/1 802/4/1 1124/4/1
f 822/5/6 1131/5/6 1125/5/6 803/5/6
f 1126/11/5 1132/11/5 823/11/5 804/11/5
f 824/4/1 1133/4/1 1127/4/1 805/4/1
f 1133/4/1 1134/4/1 1128/4/1 1127/4/1
f 1134/4/1 1135/4/1 1129/4/1 1128/4/1
f 1135/4/1 825/4/1 806/4/1 1129/4/1
f 829/4/1 1136/4/1 810/4/1 809/4/1
f 1136/4/1 830/4/1 811/4/1 810/4/1
f 831/4/1 1137/4/1 813/4/1 812/4/1
f 1137/4/1 1138/4/1 814/4/1 813/4/1
f 1138/4/1 1139/4/1 1130/4/1 814/4/1
f 1139/4/1 1140/4/1 815/4/1 1130/4/1
f 1140/4/1 1141/4/1 816/4/1 815/4/1
f 1141/4/1 833/4/1 817/4/1 816/4/1
f 834/4/1 1142/4/1 820/4/1 819/4/1
f 1142/4/1 835/4/1 821/4/1 820/4/1
f 836/5/6 1143/5/6 1131/5/6 822/5/6
f 1132/11/5 1144/11/5 837/11/5 823/11/5
f 838/4/1 1145/4/1 1133/4/1 824/4/1
f 1145/4/1 859/4/1 1134/4/1 1133/4/1
f 859/4/1 858/4/1 1135/4/1 1134/4/1
f 858/4/1 839/4/1 825/4/1 1135/4/1
f 846/4/1 864/4/1 1136/4/1 829/4/1
f 864/4/1 847/4/1 830/4/1 1136/4/1
f 849/4/1 867/4/1 1137/4/1 831/4/1
f 867/4/1 869/4/1 1138/4/1 1137/4/1
f 869/4/1 870/4/1 1139/4/1 1138/4/1
f 870/4/1 871/4/1 1140/4/1 1139/4/1
f 871/4/1 1146/4/1 1141/4/1 1140/4/1
f 1146/4/1 850/4/1 833/4/1 1141/4/1
f 853/4/1 875/4/1 1142/4/1 834/4/1
f 875/4/1 854/4/1 835/4/1 1142/4/1
f 855/5/6 1147/5/6 1143/5/6 836/5/6
f 1144/11/5 1148/11/5 856/11/5 837/11/5
f 857/4/1 1149/4/1 1145/4/1 838/4/1
f 1149/4/1 860/4/1 859/4/1 1145/4/1
f 861/4/1 1150/4/1 840/4/1 839/4/1
f 1150/4/1 1151/4/1 841/4/1 840/4/1
f 1151/4/1 1152/4/1 842/4/1 841/4/1
f 1152/4/1 862/4/1 843/4/1 842/4/1
f 863/4/1 1153/4/1 845/4/1 844/4/1
f 1153/4/1 865/4/1 846/4/1 845/4/1
f 866/4/1 1154/4/1 848/4/1 847/4/1
f 1154/4/1 868/4/1 849/4/1 848/4/1
f 872/4/1 1155/4/1 1146/4/1 871/4/1
f 1155/4/1 873/4/1 850/4/1 1146/4/1
f 874/4/1 1156/4/1 852/4/1 851/4/1
f 1156/4/1 876/4/1 853/4/1 852/4/1
f 877/5/6 1157/5/6 1147/5/6 855/5/6
f 1148/11/5 1158/11/5 878/11/5 856/11/5
f 879/4/1 899/4/1 1149/4/1 857/4/1
f 899/4/1 880/4/1 860/4/1 1149/4/1
f 882/4/1 901/4/1 1150/4/1 861/4/1
f 901/4/1 903/4/1 1151/4/1 1150/4/1
f 903/4/1 1159/4/1 1152/4/1 1151/4/1
f 1159/4/1 883/4/1 862/4/1 1152/4/1
f 885/4/1 905/4/1 1153/4/1 863/4/1
f 905/4/1 886/4/1 865/4/1 1153/4/1
f 887/4/1 1160/4/1 1154/4/1 866/4/1
f 1160/4/1 888/4/1 868/4/1 1154/4/1
f 891/4/1 910/4/1 1155/4/1 872/4/1
f 910/4/1 892/4/1 873/4/1 1155/4/1
f 893/4/1 912/4/1 1156/4/1 874/4/1
f 912/4/1 894/4/1 876/4/1 1156/4/1
f 897/5/6 1161/5/6 1157/5/6 877/5/6
f 1158/11/5 1162/11/5 898/11/5 878/11/5
f 900/4/1 1163/4/1 881/4/1 880/4/1
f 1163/4/1 902/4/1 882/4/1 881/4/1
f 904/4/1 1164/4/1 1159/4/1 903/4/1
f 1164/4/1 1165/4/1 883/4/1 1159/4/1
f 1165/4/1 1166/4/1 884/4/1 883/4/1
f 1166/4/1 906/4/1 885/4/1 884/4/1
f 907/4/1 1167/4/1 1160/4/1 887/4/1
f 1167/4/1 908/4/1 888/4/1 1160/4/1
f 909/4/1 1168/4/1 890/4/1 889/4/1
f 1168/4/1 911/4/1 891/4/1 890/4/1
f 913/4/1 1169/4/1 895/4/1 894/4/1
f 1169/4/1 914/4/1 896/4/1 895/4/1
f 915/5/6 1170/5/6 1161/5/6 897/5/6
f 1162/11/5 1171/11/5 916/11/5 898/11/5
f 919/4/1 936/4/1 1163/4/1 900/4/1
f 936/4/1 920/4/1 902/4/1 1163/4/1
f 922/4/1 939/4/1 1164/4/1 904/4/1
f 939/4/1 941/4/1 1165/4/1 1164/4/1
f 941/4/1 1172/4/1 1166/4/1 1165/4/1
f 1172/4/1 923/4/1 906/4/1 1166/4/1
f 926/4/1 1173/4/1 1167/4/1 907/4/1
f 1173/4/1 927/4/1 908/4/1 1167/4/1
f 929/4/1 945/4/1 1168/4/1 909/4/1
f 945/4/1 930/4/1 911/4/1 1168/4/1
f 931/4/1 1174/4/1 1169/4/1 913/4/1
f 1174/4/1 932/4/1 914/4/1 1169/4/1
f 933/5/6 1175/5/6 1170/5/6 915/5/6
f 1171/11/5 1176/11/5 934/11/5 916/11/5
f 935/4/1 1177/4/1 918/4/1 917/4/1
f 1177/4/1 937/4/1 919/4/1 918/4/1
f 938/4/1 1178/4/1 921/4/1 920/4/1
f 1178/4/1 940/4/1 922/4/1 921/4/1
f 942/4/1 1179/4/1 1172/4/1 941/4/1
f 1179/4/1 943/4/1 923/4/1 1172/4/1
f 944/4/1 1180/4/1 925/4/1 924/4/1
f 1180/4/1 1181/4/1 926/4/1 925/4/1
f 1181/4/1 1182/4/1 1173/4/1 926/4/1
f 1182/4/1 1183/4/1 927/4/1 1173/4/1
f 1183/4/1 1184/4/1 928/4/1 927/4/1
f 1184/4/1 946/4/1 929/4/1 928/4/1
f 947/4/1 1185/4/1 1174/4/1 931/4/1
f 1185/4/1 948/4/1 932/4/1 1174/4/1
f 949/5/6 1186/5/6 1175/5/6 933/5/6
f 1176/11/5 1187/11/5 950/11/5 934/11/5
f 951/4/1 969/4/1 1177/4/1 935/4/1
f 969/4/1 952/4/1 937/4/1 1177/4/1
f 954/4/1 971/4/1 1178/4/1 938/4/1
f 971/4/1 955/4/1 940/4/1 1178/4/1
f 956/4/1 973/4/1 1179/4/1 942/4/1
f 973/4/1 957/4/1 943/4/1 1179/4/1
f 958/4/1 1188/4/1 1180/4/1 944/4/1
f 1188/4/1 976/4/1 1181/4/1 1180/4/1
f 976/4/1 975/4/1 1182/4/1 1181/4/1
f 975/4/1 978/4/1 1183/4/1 1182/4/1
f 978/4/1 1189/4/1 1184/4/1 1183/4/1
f 1189/4/1 959/4/1 946/4/1 1184/4/1
f 965/4/1 983/4/1 1185/4/1 947/4/1
f 983/4/1 966/4/1 948/4/1 1185/4/1
f 967/5/6 1190/5/6 1186/5/6 949/5/6
f 1187/11/5 1191/11/5 968/11/5 950/11/5
f 970/4/1 1192/4/1 953/4/1 952/4/1
f 1192/4/1 972/4/1 954/4/1 953/4/1
f 974/4/1 1193/4/1 1188/4/1 958/4/1
f 1193/4/1 977/4/1 976/4/1 1188/4/1
f 979/4/1 1194/4/1 1189/4/1 978/4/1
f 1194/4/1 1195/4/1 959/4/1 1189/4/1
f 1195/4/1 1196/4/1 960/4/1 959/4/1
f 1196/4/1 980/4/1 961/4/1 960/4/1
f 981/4/1 1197/4/1 963/4/1 962/4/1
f 1197/4/1 982/4/1 964/4/1 963/4/1
f 984/5/6 1198/5/6 1190/5/6 967/5/6
f 1191/11/5 1199/11/5 985/11/5 968/11/5
f 1200/4/4 1201/4/4 987/4/4 986/4/4
f 1201/4/4 1202/4/4 988/4/4 987/4/4
f 988/4/1 1009/4/1 1192/4/1 970/4/1
f 1009/4/1 989/4/1 972/4/1 1192/4/1
f 1203/4/4 1204/4/4 1011/4/4 989/4/4
f 1204/4/4 1205/4/4 990/4/4 1011/4/4
f 1206/4/4 1207/4/4 995/4/4 994/4/4
f 1207/4/4 1208/4/4 996/4/4 995/4/4
f 996/4/1 1209/4/1 1193/4/1 974/4/1
f 1208/4/4 1210/4/4 1209/4/4 996/4/4
f 1209/4/1 997/4/1 977/4/1 1193/4/1
f 1210/4/4 1211/4/4 997/4/4 1209/4/4
f 999/4/1 1015/4/1 1194/4/1 979/4/1
f 1212/4/4 1213/4/4 1015/4/4 999/4/4
f 1015/4/1 1018/4/1 1195/4/1 1194/4/1
f 1213/4/4 1214/4/4 1018/4/4 1015/4/4
f 1018/4/1 1020/4/1 1196/4/1 1195/4/1
f 1214/4/4 1215/4/4 1020/4/4 1018/4/4
f 1020/4/1 1000/4/1 980/4/1 1196/4/1
f 1215/4/4 1216/4/4 1000/4/4 1020/4/4
f 1001/4/1 1217/4/1 1197/4/1 981/4/1
f 1217/4/1 1002/4/1 982/4/1 1197/4/1
f 1006/5/6 1218/5/6 1198/5/6 984/5/6
f 1199/11/5 1219/11/5 1007/11/5 985/11/5
f 1008/4/6 1220/4/6 1200/4/6 986/4/6
f 1202/4/5 1221/4/5 1010/4/5 988/4/5
f 1013/4/6 1222/4/6 1203/4/6 989/4/6
f 1014/4/1 1223/4/1 991/4/1 990/4/1
f 1205/4/5 1224/4/5 1014/4/5 990/4/5
f 1223/4/1 1225/4/1 992/4/1 991/4/1
f 1225/4/1 1226/4/1 993/4/1 992/4/1
f 1226/4/1 1227/4/1 994/4/1 993/4/1
f 1227/4/6 1228/4/6 1206/4/6 994/4/6
f 1229/4/1 1230/4/1 998/4/1 997/4/1
f 1211/4/5 1231/4/5 1229/4/5 997/4/5
f 1230/4/1 1017/4/1 999/4/1 998/4/1
f 1017/4/6 1232/4/6 1212/4/6 999/4/6
f 1216/4/5 1233/4/5 1022/4/5 1000/4/5
f 1023/4/1 1234/4/1 1217/4/1 1001/4/1
f 1234/4/1 1024/4/1 1002/4/1 1217/4/1
f 1025/4/1 1235/4/1 1004/4/1 1003/4/1
f 1235/4/1 1026/4/1 1005/4/1 1004/4/1
f 1027/5/6 1236/5/6 1218/5/6 1006/5/6
f 1237/11/4 1238/11/4 1029/11/4 1028/11/4
f 1219/11/5 1237/11/5 1028/11/5 1007/11/5
f 1238/4/4 1239/4/4 1030/4/4 1029/4/4
f 1030/4/6 1239/4/6 1220/4/6 1008/4/6
f 1240/4/4 1241/4/4 1032/4/4 1031/4/4
f 1221/4/5 1240/4/5 1031/4/5 1010/4/5
f 1241/4/4 1242/4/4 1033/4/4 1032/4/4
f 1033/4/6 1242/4/6 1222/4/6 1013/4/6
f 1035/4/1 1243/4/1 1223/4/1 1014/4/1
f 1244/4/4 1245/4/4 1243/4/4 1035/4/4
f 1224/4/5 1244/4/5 1035/4/5 1014/4/5
f 1243/4/1 1246/4/1 1225/4/1 1223/4/1
f 1245/4/4 1247/4/4 1246/4/4 1243/4/4
f 1246/4/1 1248/4/1 1226/4/1 1225/4/1
f 1247/4/4 1249/4/4 1248/4/4 1246/4/4
f 1248/4/1 1250/4/1 1227/4/1 1226/4/1
f 1249/4/4 1251/4/4 1250/4/4 1248/4/4
f 1250/4/6 1251/4/6 1228/4/6 1227/4/6
f 1252/4/1 1253/4/1 1230/4/1 1229/4/1
f 1254/4/4 1255/4/4 1253/4/4 1252/4/4
f 1231/4/5 1254/4/5 1252/4/5 1229/4/5
f 1253/4/1 1037/4/1 1017/4/1 1230/4/1
f 1255/4/4 1256/4/4 1037/4/4 1253/4/4
f 1037/4/6 1256/4/6 1232/4/6 1017/4/6
f 1257/4/4 1258/4/4 1041/4/4 1040/4/4
f 1233/4/5 1257/4/5 1040/4/5 1022/4/5
f 1258/4/4 1259/4/4 1042/4/4 1041/4/4
f 1042/4/1 1260/4/1 1234/4/1 1023/4/1
f 1259/4/4 1261/4/4 1260/4/4 1042/4/4
f 1260/4/1 1043/4/1 1024/4/1 1234/4/1
f 1261/4/4 1262/4/4 1043/4/4 1260/4/4
f 1262/4/4 1263/4/4 1044/4/4 1043/4/4
f 1263/4/4 1264/4/4 1045/4/4 1044/4/4
f 1045/4/1 1265/4/1 1235/4/1 1025/4/1
f 1264/4/4 1266/4/4 1265/4/4 1045/4/4
f 1265/4/1 1046/4/1 1026/4/1 1235/4/1
f 1266/4/4 1267/4/4 1046/4/4 1265/4/4
f 1267/4/4 1268/4/4 1047/4/4 1046/4/4
f 1268/5/4 1269/5/4 1048/5/4 1047/5/4
f 1048/5/6 1269/5/6 1236/5/6 1027/5/6
f 1049/11/3 1270/11/3 1271/11/3 1050/11/3
f 1271/11/5 1272/11/5 1051/11/5 1050/11/5
f 1052/4/3 1273/4/3 1270/4/3 1049/4/3
f 1055/4/3 1274/4/3 1273/4/3 1052/4/3
f 1056/4/3 1275/4/3 1274/4/3 1055/4/3
f 1057/4/6 1276/4/6 1275/4/6 1056/4/6
f 1277/4/2 1278/4/2 1279/4/2 1280/4/2
f 1058/4/3 1277/4/3 1280/4/3 1059/4/3
f 1280/4/5 1279/4/5 1060/4/5 1059/4/5
f 1281/4/2 1282/4/2 1278/4/2 1277/4/2
f 1061/4/3 1281/4/3 1277/4/3 1058/4/3
f 1064/4/3 1283/4/3 1281/4/3 1061/4/3
f 1067/4/3 1284/4/3 1283/4/3 1064/4/3
f 1070/4/3 1285/4/3 1284/4/3 1067/4/3
f 1073/4/3 1286/4/3 1285/4/3 1070/4/3
f 1287/4/2 1288/4/2 1289/4/2 1286/4/2
f 1076/4/3 1287/4/3 1286/4/3 1073/4/3
f 1290/4/2 1291/4/2 1288/4/2 1287/4/2
f 1077/4/3 1290/4/3 1287/4/3 1076/4/3
f 1078/4/3 1292/4/3 1290/4/3 1077/4/3
f 1079/4/3 1293/4/3 1292/4/3 1078/4/3
f 1082/4/3 1294/4/3 1293/4/3 1079/4/3
f 1085/4/3 1295/4/3 1294/4/3 1082/4/3
f 1088/4/3 1296/4/3 1295/4/3 1085/4/3
f 1091/4/3 1297/4/3 1296/4/3 1088/4/3
f 1094/4/3 1298/4/3 1297/4/3 1091/4/3
f 1095/4/3 1299/4/3 1298/4/3 1094/4/3
f 1300/4/2 1301/4/2 1302/4/2 1299/4/2
f 1096/4/3 1300/4/3 1299/4/3 1095/4/3
f 1303/4/2 1304/4/2 1301/4/2 1300/4/2
f 1097/4/3 1303/4/3 1300/4/3 1096/4/3
f 1098/4/3 1305/4/3 1303/4/3 1097/4/3
f 1099/4/3 1306/4/3 1305/4/3 1098/4/3
f 1100/4/3 1307/4/3 1306/4/3 1099/4/3
f 1101/5/3 1308/5/3 1307/5/3 1100/5/3
f 1102/5/6 1309/5/6 1308/5/6 1101/5/6
f 1272/11/5 1310/11/5 1103/11/5 1051/11/5
f 1105/4/6 1311/4/6 1276/4/6 1057/4/6
f 1278/4/2 1312/4/2 1313/4/2 1279/4/2
f 1279/4/5 1313/4/5 1106/4/5 1060/4/5
f 1282/4/2 1314/4/2 1312/4/2 1278/4/2
f 1288/4/2 1315/4/2 1316/4/2 1289/4/2
f 1291/4/2 1317/4/2 1315/4/2 1288/4/2
f 1301/4/2 1318/4/2 1319/4/2 1302/4/2
f 1304/4/2 1320/4/2 1318/4/2 1301/4/2
f 1109/5/6 1321/5/6 1309/5/6 1102/5/6
f 1310/11/5 1322/11/5 1110/11/5 1103/11/5
f 1114/4/3 1323/4/3 1311/4/3 1105/4/3
f 1115/4/3 1324/4/3 1323/4/3 1114/4/3
f 1116/4/3 1325/4/3 1324/4/3 1115/4/3
f 1117/4/3 1326/4/3 1325/4/3 1116/4/3
f 1120/4/3 1327/4/3 1326/4/3 1117/4/3
f 1106/4/3 1313/4/3 1327/4/3 1120/4/3
f 1125/5/6 1328/5/6 1321/5/6 1109/5/6
f 1322/11/5 1329/11/5 1126/11/5 1110/11/5
f 1131/5/6 1330/5/6 1328/5/6 1125/5/6
f 1329/11/5 1331/11/5 1132/11/5 1126/11/5
f 1143/5/6 1332/5/6 1330/5/6 1131/5/6
f 1331/11/5 1333/11/5 1144/11/5 1132/11/5
f 1147/5/6 1334/5/6 1332/5/6 1143/5/6
f 1333/11/5 1335/11/5 1148/11/5 1144/11/5
f 1157/5/6 1336/5/6 1334/5/6 1147/5/6
f 1335/11/5 1337/11/5 1158/11/5 1148/11/5
f 1161/5/6 1338/5/6 1336/5/6 1157/5/6
f 1337/11/5 1339/11/5 1162/11/5 1158/11/5
f 1170/5/6 1340/5/6 1338/5/6 1161/5/6
f 1339/11/5 1341/11/5 1171/11/5 1162/11/5
f 1175/5/6 1342/5/6 1340/5/6 1170/5/6
f 1341/11/5 1343/11/5 1176/11/5 1171/11/5
f 1186/5/6 1344/5/6 1342/5/6 1175/5/6
f 1343/11/5 1345/11/5 1187/11/5 1176/11/5
f 1190/5/6 1346/5/6 1344/5/6 1186/5/6
f 1345/11/5 1347/11/5 1191/11/5 1187/11/5
f 1198/5/6 1348/5/6 1346/5/6 1190/5/6
f 1347/11/5 1349/11/5 1199/11/5 1191/11/5
f 1350/4/4 1351/4/4 1201/4/4 1200/4/4
f 1351/4/4 1352/4/4 1202/4/4 1201/4/4
f 1353/4/4 1354/4/4 1204/4/4 1203/4/4
f 1354/4/4 1355/4/4 1205/4/4 1204/4/4
f 1356/4/4 1357/4/4 1207/4/4 1206/4/4
f 1357/4/4 1358/4/4 1208/4/4 1207/4/4
f 1358/4/4 1359/4/4 1210/4/4 1208/4/4
f 1359/4/4 1360/4/4 1211/4/4 1210/4/4
f 1361/4/4 1362/4/4 1213/4/4 1212/4/4
f 1362/4/4 1363/4/4 1214/4/4 1213/4/4
f 1363/4/4 1364/4/4 1215/4/4 1214/4/4
f 1364/4/4 1365/4/4 1216/4/4 1215/4/4
f 1218/5/6 1366/5/6 1348/5/6 1198/5/6
f 1349/11/5 1367/11/5 1219/11/5 1199/11/5
f 1220/4/6 1368/4/6 1350/4/6 1200/4/6
f 1369/4/2 1370/4/2 1371/4/2 1352/4/2
f 1352/4/5 1371/4/5 1221/4/5 1202/4/5
f 1353/4/2 1372/4/2 1370/4/2 1369/4/2
f 1222/4/6 1372/4/6 1353/4/6 1203/4/6
f 1355/4/5 1373/4/5 1224/4/5 1205/4/5
f 1228/4/6 1374/4/6 1356/4/6 1206/4/6
f 1375/4/2 1376/4/2 1377/4/2 1360/4/2
f 1360/4/5 1377/4/5 1231/4/5 1211/4/5
f 1361/4/2 1378/4/2 1376/4/2 1375/4/2
f 1232/4/6 1378/4/6 1361/4/6 1212/4/6
f 1365/4/5 1379/4/5 1233/4/5 1216/4/5
f 1380/4/2 1381/4/2 1382/4/2 1383/4/2
f 1384/4/2 1385/4/2 1381/4/2 1380/4/2
f 1236/5/6 1386/5/6 1366/5/6 1218/5/6
f 1387/11/4 1388/11/4 1238/11/4 1237/11/4
f 1367/11/5 1387/11/5 1237/11/5 1219/11/5
f 1388/4/4 1389/4/4 1239/4/4 1238/4/4
f 1239/4/6 1389/4/6 1368/4/6 1220/4/6
f 1370/4/2 1390/4/2 1391/4/2 1371/4/2
f 1391/4/4 1390/4/4 1241/4/4 1240/4/4
f 1371/4/5 1391/4/5 1240/4/5 1221/4/5
f 1372/4/2 1392/4/2 1390/4/2 1370/4/2
f 1390/4/4 1392/4/4 1242/4/4 1241/4/4
f 1242/4/6 1392/4/6 1372/4/6 1222/4/6
f 1393/4/4 1394/4/4 1245/4/4 1244/4/4
f 1373/4/5 1393/4/5 1244/4/5 1224/4/5
f 1394/4/4 1395/4/4 1247/4/4 1245/4/4
f 1395/4/4 1396/4/4 1249/4/4 1247/4/4
f 1396/4/4 1397/4/4 1251/4/4 1249/4/4
f 1251/4/6 1397/4/6 1374/4/6 1228/4/6
f 1376/4/2 1398/4/2 1399/4/2 1377/4/2
f 1399/4/4 1398/4/4 1255/4/4 1254/4/4
f 1377/4/5 1399/4/5 1254/4/5 1231/4/5
f 1378/4/2 1400/4/2 1398/4/2 1376/4/2
f 1398/4/4 1400/4/4 1256/4/4 1255/4/4
f 1256/4/6 1400/4/6 1378/4/6 1232/4/6
f 1401/4/4 1402/4/4 1258/4/4 1257/4/4
f 1379/4/5 1401/4/5 1257/4/5 1233/4/5
f 1402/4/4 1403/4/4 1259/4/4 1258/4/4
f 1403/4/4 1404/4/4 1261/4/4 1259/4/4
f 1404/4/4 1405/4/4 1262/4/4 1261/4/4
f 1405/4/4 1406/4/4 1263/4/4 1262/4/4
f 1406/4/4 1407/4/4 1264/4/4 1263/4/4
f 1381/4/2 1408/4/2 1407/4/2 1382/4/2
f 1407/4/4 1408/4/4 1266/4/4 1264/4/4
f 1385/4/2 1409/4/2 1408/4/2 1381/4/2
f 1408/4/4 1409/4/4 1267/4/4 1266/4/4
f 1409/4/4 1410/4/4 1268/4/4 1267/4/4
f 1410/5/4 1411/5/4 1269/5/4 1268/5/4
f 1269/5/6 1411/5/6 1386/5/6 1236/5/6
f 1270/11/3 1412/11/3 1413/11/3 1271/11/3
f 1413/11/5 1414/11/5 1272/11/5 1271/11/5
f 1273/4/3 1415/4/3 1412/4/3 1270/4/3
f 1274/4/3 1416/4/3 1415/4/3 1273/4/3
f 1275/4/3 1417/4/3 1416/4/3 1274/4/3
f 1276/4/1 1418/4/1 1419/4/1 1275/4/1
f 1419/4/3 1420/4/3 1417/4/3 1275/4/3
f 1418/4/1 1421/4/1 1422/4/1 1419/4/1
f 1422/4/3 1423/4/3 1420/4/3 1419/4/3
f 1421/4/1 1424/4/1 1425/4/1 1422/4/1
f 1425/4/3 1426/4/3 1423/4/3 1422/4/3
f 1424/4/1 1427/4/1 1428/4/1 1425/4/1
f 1428/4/3 1429/4/3 1426/4/3 1425/4/3
f 1427/4/6 1430/4/6 1429/4/6 1428/4/6
f 1283/4/3 1431/4/3 1432/4/3 1281/4/3
f 1432/4/5 1433/4/5 1282/4/5 1281/4/5
f 1284/4/3 1434/4/3 1431/4/3 1283/4/3
f 1285/4/3 1435/4/3 1434/4/3 1284/4/3
f 1286/4/3 1436/4/3 1435/4/3 1285/4/3
f 1289/4/6 1437/4/6 1436/4/6 1286/4/6
f 1292/4/3 1438/4/3 1439/4/3 1290/4/3
f 1439/4/5 1440/4/5 1291/4/5 1290/4/5
f 1293/4/3 1441/4/3 1438/4/3 1292/4/3
f 1294/4/3 1442/4/3 1441/4/3 1293/4/3
f 1295/4/3 1443/4/3 1442/4/3 1294/4/3
f 1296/4/3 1444/4/3 1443/4/3 1295/4/3
f 1297/4/3 1445/4/3 1444/4/3 1296/4/3
f 1298/4/3 1446/4/3 1445/4/3 1297/4/3
f 1299/4/3 1447/4/3 1446/4/3 1298/4/3
f 1302/4/6 1448/4/6 1447/4/6 1299/4/6
f 1305/4/3 1449/4/3 1450/4/3 1303/4/3
f 1450/4/5 1451/4/5 1304/4/5 1303/4/5
f 1306/4/3 1452/4/3 1449/4/3 1305/4/3
f 1307/4/3 1453/4/3 1452/4/3 1306/4/3
f 1308/5/3 1454/5/3 1453/5/3 1307/5/3
f 1309/5/6 1455/5/6 1454/5/6 1308/5/6
f 1414/11/5 1456/11/5 1310/11/5 1272/11/5
f 1311/4/1 1323/4/1 1418/4/1 1276/4/1
f 1323/4/1 1324/4/1 1421/4/1 1418/4/1
f 1324/4/1 1325/4/1 1424/4/1 1421/4/1
f 1325/4/1 1326/4/1 1427/4/1 1424/4/1
f 1326/4/6 1457/4/6 1430/4/6 1427/4/6
f 1433/4/5 1458/4/5 1314/4/5 1282/4/5
f 1316/4/6 1459/4/6 1437/4/6 1289/4/6
f 1440/4/5 1460/4/5 1317/4/5 1291/4/5
f 1319/4/6 1461/4/6 1448/4/6 1302/4/6
f 1451/4/5 1462/4/5 1320/4/5 1304/4/5
f 1321/5/6 1463/5/6 1455/5/6 1309/5/6
f 1456/11/5 1464/11/5 1322/11/5 1310/11/5
f 1327/4/3 1465/4/3 1457/4/3 1326/4/3
f 1313/4/3 1466/4/3 1465/4/3 1327/4/3
f 1312/4/3 1467/4/3 1466/4/3 1313/4/3
f 1314/4/3 1458/4/3 1467/4/3 1312/4/3
f 1315/4/3 1468/4/3 1459/4/3 1316/4/3
f 1317/4/3 1460/4/3 1468/4/3 1315/4/3
f 1318/4/3 1469/4/3 1461/4/3 1319/4/3
f 1320/4/3 1462/4/3 1469/4/3 1318/4/3
f 1328/5/6 1470/5/6 1463/5/6 1321/5/6
f 1464/11/5 1471/11/5 1329/11/5 1322/11/5
f 1330/5/6 1472/5/6 1470/5/6 1328/5/6
f 1471/11/5 1473/11/5 1331/11/5 1329/11/5
f 1332/5/6 1474/5/6 1472/5/6 1330/5/6
f 1473/11/5 1475/11/5 1333/11/5 1331/11/5
f 1334/5/6 1476/5/6 1474/5/6 1332/5/6
f 1475/11/5 1477/11/5 1335/11/5 1333/11/5
f 1336/5/6 1478/5/6 1476/5/6 1334/5/6
f 1477/11/5 1479/11/5 1337/11/5 1335/11/5
f 1338/5/6 1480/5/6 1478/5/6 1336/5/6
f 1479/11/5 1481/11/5 1339/11/5 1337/11/5
f 1340/5/6 1482/5/6 1480/5/6 1338/5/6
f 1481/11/5 1483/11/5 1341/11/5 1339/11/5
f 1342/5/6 1484/5/6 1482/5/6 1340/5/6
f 1483/11/5 1485/11/5 1343/11/5 1341/11/5
f 1344/5/6 1486/5/6 1484/5/6 1342/5/6
f 1485/11/5 1487/11/5 1345/11/5 1343/11/5
f 1346/5/6 1488/5/6 1486/5/6 1344/5/6
f 1487/11/5 1489/11/5 1347/11/5 1345/11/5
f 1348/5/6 1490/5/6 1488/5/6 1346/5/6
f 1489/11/5 1491/11/5 1349/11/5 1347/11/5
f 1492/4/4 1493/4/4 1369/4/4 1352/4/4
f 1493/4/4 1494/4/4 1353/4/4 1369/4/4
f 1495/4/4 1496/4/4 1375/4/4 1360/4/4
f 1496/4/4 1497/4/4 1361/4/4 1375/4/4
f 1498/4/4 1499/4/4 1380/4/4 1383/4/4
f 1499/4/4 1500/4/4 1384/4/4 1380/4/4
f 1366/5/6 1501/5/6 1490/5/6 1348/5/6
f 1491/11/5 1502/11/5 1367/11/5 1349/11/5
f 1368/4/1 1503/4/1 1351/4/1 1350/4/1
f 1503/4/1 1371/4/1 1352/4/1 1351/4/1
f 1371/4/6 1504/4/6 1492/4/6 1352/4/6
f 1372/4/1 1505/4/1 1354/4/1 1353/4/1
f 1494/4/5 1506/4/5 1372/4/5 1353/4/5
f 1505/4/1 1373/4/1 1355/4/1 1354/4/1
f 1374/4/1 1507/4/1 1357/4/1 1356/4/1
f 1507/4/1 1508/4/1 1358/4/1 1357/4/1
f 1508/4/1 1509/4/1 1359/4/1 1358/4/1
f 1509/4/1 1377/4/1 1360/4/1 1359/4/1
f 1377/4/6 1510/4/6 1495/4/6 1360/4/6
f 1378/4/1 1511/4/1 1362/4/1 1361/4/1
f 1497/4/5 1512/4/5 1378/4/5 1361/4/5
f 1511/4/1 1513/4/1 1363/4/1 1362/4/1
f 1513/4/1 1514/4/1 1364/4/1 1363/4/1
f 1514/4/1 1379/4/1 1365/4/1 1364/4/1
f 1382/4/6 1515/4/6 1498/4/6 1383/4/6
f 1500/4/5 1516/4/5 1385/4/5 1384/4/5
f 1386/5/6 1517/5/6 1501/5/6 1366/5/6
f 1518/11/4 1519/11/4 1388/11/4 1387/11/4
f 1502/11/5 1518/11/5 1387/11/5 1367/11/5
f 1519/4/4 1520/4/4 1389/4/4 1388/4/4
f 1389/4/1 1521/4/1 1503/4/1 1368/4/1
f 1520/4/4 1522/4/4 1521/4/4 1389/4/4
f 1521/4/1 1391/4/1 1371/4/1 1503/4/1
f 1522/4/4 1523/4/4 1391/4/4 1521/4/4
f 1391/4/6 1523/4/6 1504/4/6 1371/4/6
f 1392/4/1 1524/4/1 1505/4/1 1372/4/1
f 1525/4/4 1526/4/4 1524/4/4 1392/4/4
f 1506/4/5 1525/4/5 1392/4/5 1372/4/5
f 1524/4/1 1393/4/1 1373/4/1 1505/4/1
f 1526/4/4 1527/4/4 1393/4/4 1524/4/4
f 1527/4/4 1528/4/4 1394/4/4 1393/4/4
f 1528/4/4 1529/4/4 1395/4/4 1394/4/4
f 1529/4/4 1530/4/4 1396/4/4 1395/4/4
f 1530/4/4 1531/4/4 1397/4/4 1396/4/4
f 1397/4/1 1532/4/1 1507/4/1 1374/4/1
f 1531/4/4 1533/4/4 1532/4/4 1397/4/4
f 1532/4/1 1534/4/1 1508/4/1 1507/4/1
f 1533/4/4 1535/4/4 1534/4/4 1532/4/4
f 1534/4/1 1536/4/1 1509/4/1 1508/4/1
f 1535/4/4 1537/4/4 1536/4/4 1534/4/4
f 1536/4/1 1399/4/1 1377/4/1 1509/4/1
f 1537/4/4 1538/4/4 1399/4/4 1536/4/4
f 1399/4/6 1538/4/6 1510/4/6 1377/4/6
f 1400/4/1 1539/4/1 1511/4/1 1378/4/1
f 1540/4/4 1541/4/4 1539/4/4 1400/4/4
f 1512/4/5 1540/4/5 1400/4/5 1378/4/5
f 1539/4/1 1542/4/1 1513/4/1 1511/4/1
f 1541/4/4 1543/4/4 1542/4/4 1539/4/4
f 1542/4/1 1544/4/1 1514/4/1 1513/4/1
f 1543/4/4 1545/4/4 1544/4/4 1542/4/4
f 1544/4/1 1401/4/1 1379/4/1 1514/4/1
f 1545/4/4 1546/4/4 1401/4/4 1544/4/4
f 1546/4/4 1547/4/4 1402/4/4 1401/4/4
f 1547/4/4 1548/4/4 1403/4/4 1402/4/4
f 1548/4/4 1549/4/4 1404/4/4 1403/4/4
f 1549/4/4 1550/4/4 1405/4/4 1404/4/4
f 1550/4/4 1551/4/4 1406/4/4 1405/4/4
f 1551/4/4 1552/4/4 1407/4/4 1406/4/4
f 1407/4/6 1552/4/6 1515/4/6 1382/4/6
f 1553/4/4 1554/4/4 1410/4/4 1409/4/4
f 1516/4/5 1553/4/5 1409/4/5 1385/4/5
f 1554/5/4 1555/5/4 1411/5/4 1410/5/4
f 1411/5/6 1555/5/6 1517/5/6 1386/5/6
f 1412/11/3 1556/11/3 1557/11/3 1413/11/3
f 1557/11/5 1558/11/5 1414/11/5 1413/11/5
f 1415/4/3 1559/4/3 1556/4/3 1412/4/3
f 1416/4/3 1560/4/3 1559/4/3 1415/4/3
f 1417/4/3 1561/4/3 1560/4/3 1416/4/3
f 1423/4/3 1563/4/3 1562/4/3 1420/4/3
f 1426/4/3 1564/4/3 1563/4/3 1423/4/3
f 1429/4/3 1565/4/3 1564/4/3 1426/4/3
f 1430/4/6 1566/4/6 1565/4/6 1429/4/6
f 1567/4/2 1568/4/2 1569/4/2 1570/4/2
f 1431/4/3 1567/4/3 1570/4/3 1432/4/3
f 1570/4/5 1569/4/5 1433/4/5 1432/4/5
f 1571/4/2 1572/4/2 1568/4/2 1567/4/2
f 1434/4/3 1571/4/3 1567/4/3 1431/4/3
f 1573/4/2 1574/4/2 1572/4/2 1571/4/2
f 1435/4/3 1573/4/3 1571/4/3 1434/4/3
f 1575/4/2 1576/4/2 1574/4/2 1573/4/2
f 1436/4/3 1575/4/3 1573/4/3 1435/4/3
f 1437/4/6 1576/4/6 1575/4/6 1436/4/6
f 1438/4/3 1577/4/3 1578/4/3 1439/4/3
f 1578/4/5 1579/4/5 1440/4/5 1439/4/5
f 1441/4/3 1580/4/3 1577/4/3 1438/4/3
f 1447/4/3 1586/4/3 1585/4/3 1446/4/3
f 1448/4/6 1587/4/6 1586/4/6 1447/4/6
f 1449/4/3 1588/4/3 1589/4/3 1450/4/3
f 1589/4/5 1590/4/5 1451/4/5 1450/4/5
f 1591/4/2 1592/4/2 1593/4/2 1588/4/2
f 1452/4/3 1591/4/3 1588/4/3 1449/4/3
f 1453/4/3 1594/4/3 1591/4/3 1452/4/3
f 1454/5/3 1595/5/3 1594/5/3 1453/5/3
f 1455/5/6 1596/5/6 1595/5/6 1454/5/6
f 1558/11/5 1597/11/5 1456/11/5 1414/11/5
f 1457/4/6 1598/4/6 1566/4/6 1430/4/6
f 1568/4/2 1599/4/2 1600/4/2 1569/4/2
f 1569/4/5 1600/4/5 1458/4/5 1433/4/5
f 1572/4/2 1601/4/2 1599/4/2 1568/4/2
f 1574/4/2 1602/4/2 1601/4/2 1572/4/2
f 1576/4/2 1603/4/2 1602/4/2 1574/4/2
f 1459/4/6 1603/4/6 1576/4/6 1437/4/6
f 1579/4/5 1604/4/5 1460/4/5 1440/4/5
f 1461/4/6 1605/4/6 1587/4/6 1448/4/6
f 1590/4/5 1606/4/5 1462/4/5 1451/4/5
f 1592/4/2 1607/4/2 1608/4/2 1593/4/2
f 1463/5/6 1609/5/6 1596/5/6 1455/5/6
f 1597/11/5 1610/11/5 1464/11/5 1456/11/5
f 1465/4/3 1611/4/3 1598/4/3 1457/4/3
f 1466/4/3 1612/4/3 1611/4/3 1465/4/3
f 1467/4/3 1613/4/3 1612/4/3 1466/4/3
f 1458/4/3 1600/4/3 1613/4/3 1467/4/3
f 1468/4/3 1614/4/3 1603/4/3 1459/4/3
f 1460/4/3 1604/4/3 1614/4/3 1468/4/3
f 1469/4/3 1615/4/3 1605/4/3 1461/4/3
f 1462/4/3 1606/4/3 1615/4/3 1469/4/3
f 1470/5/6 1616/5/6 1609/5/6 1463/5/6
f 1610/11/5 1617/11/5 1471/11/5 1464/11/5
f 1472/5/6 1618/5/6 1616/5/6 1470/5/6
f 1617/11/5 1619/11/5 1473/11/5 1471/11/5
f 1474/5/6 1620/5/6 1618/5/6 1472/5/6
f 1619/11/5 1621/11/5 1475/11/5 1473/11/5
f 1476/5/6 1622/5/6 1620/5/6 1474/5/6
f 1621/11/5 1623/11/5 1477/11/5 1475/11/5
f 1478/5/6 1624/5/6 1622/5/6 1476/5/6
f 1623/11/5 1625/11/5 1479/11/5 1477/11/5
f 1480/5/6 1626/5/6 1624/5/6 1478/5/6
f 1625/11/5 1627/11/5 1481/11/5 1479/11/5
f 1482/5/6 1628/5/6 1626/5/6 1480/5/6
f 1627/11/5 1629/11/5 1483/11/5 1481/11/5
f 1484/5/6 1630/5/6 1628/5/6 1482/5/6
f 1629/11/5 1631/11/5 1485/11/5 1483/11/5
f 1486/5/6 1632/5/6 1630/5/6 1484/5/6
f 1631/11/5 1633/11/5 1487/11/5 1485/11/5
f 1488/5/6 1634/5/6 1632/5/6 1486/5/6
f 1633/11/5 1635/11/5 1489/11/5 1487/11/5
f 1490/5/6 1636/5/6 1634/5/6 1488/5/6
f 1635/11/5 1637/11/5 1491/11/5 1489/11/5
f 1638/4/4 1639/4/4 1493/4/4 1492/4/4
f 1639/4/4 1640/4/4 1494/4/4 1493/4/4
f 1641/4/4 1642/4/4 1496/4/4 1495/4/4
f 1642/4/4 1643/4/4 1497/4/4 1496/4/4
f 1644/4/4 1645/4/4 1499/4/4 1498/4/4
f 1645/4/4 1646/4/4 1500/4/4 1499/4/4
f 1501/5/6 1647/5/6 1636/5/6 1490/5/6
f 1637/11/5 1648/11/5 1502/11/5 1491/11/5
f 1504/4/6 1649/4/6 1638/4/6 1492/4/6
f 1640/4/5 1650/4/5 1506/4/5 1494/4/5
f 1651/4/2 1652/4/2 1653/4/2 1654/4/2
f 1655/4/2 1656/4/2 1652/4/2 1651/4/2
f 1657/4/2 1658/4/2 1656/4/2 1655/4/2
f 1659/4/2 1660/4/2 1658/4/2 1657/4/2
f 1510/4/6 1661/4/6 1641/4/6 1495/4/6
f 1662/4/2 1663/4/2 1664/4/2 1643/4/2
f 1643/4/5 1664/4/5 1512/4/5 1497/4/5
f 1665/4/2 1666/4/2 1663/4/2 1662/4/2
f 1667/4/2 1668/4/2 1666/4/2 1665/4/2
f 1669/4/2 1670/4/2 1668/4/2 1667/4/2
f 1515/4/6 1671/4/6 1644/4/6 1498/4/6
f 1646/4/5 1672/4/5 1516/4/5 1500/4/5
f 1517/5/6 1673/5/6 1647/5/6 1501/5/6
f 1674/11/4 1675/11/4 1519/11/4 1518/11/4
f 1648/11/5 1674/11/5 1518/11/5 1502/11/5
f 1675/4/4 1676/4/4 1520/4/4 1519/4/4
f 1676/4/4 1677/4/4 1522/4/4 1520/4/4
f 1677/4/4 1678/4/4 1523/4/4 1522/4/4
f 1523/4/6 1678/4/6 1649/4/6 1504/4/6
f 1679/4/4 1680/4/4 1526/4/4 1525/4/4
f 1650/4/5 1679/4/5 1525/4/5 1506/4/5
f 1680/4/4 1681/4/4 1527/4/4 1526/4/4
f 1652/4/2 1682/4/2 1681/4/2 1653/4/2
f 1681/4/4 1682/4/4 1528/4/4 1527/4/4
f 1656/4/2 1683/4/2 1682/4/2 1652/4/2
f 1682/4/4 1683/4/4 1529/4/4 1528/4/4
f 1658/4/2 1684/4/2 1683/4/2 1656/4/2
f 1683/4/4 1684/4/4 1530/4/4 1529/4/4
f 1660/4/2 1685/4/2 1684/4/2 1658/4/2
f 1684/4/4 1685/4/4 1531/4/4 1530/4/4
f 1685/4/4 1686/4/4 1533/4/4 1531/4/4
f 1686/4/4 1687/4/4 1535/4/4 1533/4/4
f 1687/4/4 1688/4/4 1537/4/4 1535/4/4
f 1688/4/4 1689/4/4 1538/4/4 1537/4/4
f 1538/4/6 1689/4/6 1661/4/6 1510/4/6
f 1663/4/2 1690/4/2 1691/4/2 1664/4/2
f 1691/4/4 1690/4/4 1541/4/4 1540/4/4
f 1664/4/5 1691/4/5 1540/4/5 1512/4/5
f 1666/4/2 1692/4/2 1690/4/2 1663/4/2
f 1690/4/4 1692/4/4 1543/4/4 1541/4/4
f 1668/4/2 1693/4/2 1692/4/2 1666/4/2
f 1692/4/4 1693/4/4 1545/4/4 1543/4/4
f 1670/4/2 1694/4/2 1693/4/2 1668/4/2
f 1693/4/4 1694/4/4 1546/4/4 1545/4/4
f 1694/4/4 1695/4/4 1547/4/4 1546/4/4
f 1695/4/4 1696/4/4 1548/4/4 1547/4/4
f 1696/4/4 1697/4/4 1549/4/4 1548/4/4
f 1697/4/4 1698/4/4 1550/4/4 1549/4/4
f 1698/4/4 1699/4/4 1551/4/4 1550/4/4
f 1699/4/4 1700/4/4 1552/4/4 1551/4/4
f 1552/4/6 1700/4/6 1671/4/6 1515/4/6
f 1701/4/4 1702/4/4 1554/4/4 1553/4/4
f 1672/4/5 1701/4/5 1553/4/5 1516/4/5
f 1702/5/4 1703/5/4 1555/5/4 1554/5/4
f 1555/5/6 1703/5/6 1673/5/6 1517/5/6
f 1556/11/3 1704/11/3 1705/11/3 1557/11/3
f 1705/11/5 1706/11/5 1558/11/5 1557/11/5
f 1559/4/3 1707/4/3 1704/4/3 1556/4/3
f 1560/4/3 1708/4/3 1707/4/3 1559/4/3
f 1561/4/3 1709/4/3 1708/4/3 1560/4/3
f 1717/4/1 1720/4/1 1721/4/1 1718/4/1
f 1721/4/3 1722/4/3 1719/4/3 1718/4/3
f 1720/4/1 1569/4/1 1570/4/1 1721/4/1
f 1570/4/3 1723/4/3 1722/4/3 1721/4/3
f 1569/4/6 1724/4/6 1723/4/6 1570/4/6
f 1576/4/1 1725/4/1 1726/4/1 1575/4/1
f 1726/4/3 1727/4/3 1728/4/3 1575/4/3
f 1728/4/5 1729/4/5 1576/4/5 1575/4/5
f 1725/4/1 1579/4/1 1578/4/1 1726/4/1
f 1578/4/3 1730/4/3 1727/4/3 1726/4/3
f 1577/4/3 1731/4/3 1730/4/3 1578/4/3
f 1580/4/3 1732/4/3 1731/4/3 1577/4/3
f 1594/4/3 1745/4/3 1746/4/3 1591/4/3
f 1746/4/5 1747/4/5 1592/4/5 1591/4/5
f 1595/5/3 1748/5/3 1745/5/3 1594/5/3
f 1596/5/6 1749/5/6 1748/5/6 1595/5/6
f 1706/11/5 1750/11/5 1597/11/5 1558/11/5
f 1612/4/1 1613/4/1 1720/4/1 1717/4/1
f 1613/4/1 1600/4/1 1569/4/1 1720/4/1
f 1600/4/6 1751/4/6 1724/4/6 1569/4/6
f 1603/4/1 1614/4/1 1725/4/1 1576/4/1
f 1729/4/5 1752/4/5 1603/4/5 1576/4/5
f 1614/4/1 1604/4/1 1579/4/1 1725/4/1
f 1747/4/5 1754/4/5 1607/4/5 1592/4/5
f 1609/5/6 1755/5/6 1749/5/6 1596/5/6
f 1750/11/5 1756/11/5 1610/11/5 1597/11/5
f 1599/4/3 1757/4/3 1751/4/3 1600/4/3
f 1601/4/3 1758/4/3 1757/4/3 1599/4/3
f 1602/4/3 1759/4/3 1758/4/3 1601/4/3
f 1603/4/3 1752/4/3 1759/4/3 1602/4/3
f 1607/4/3 1754/4/3 1753/4/3 1608/4/3
f 1616/5/6 1760/5/6 1755/5/6 1609/5/6
f 1756/11/5 1761/11/5 1617/11/5 1610/11/5
f 1618/5/6 1762/5/6 1760/5/6 1616/5/6
f 1761/11/5 1763/11/5 1619/11/5 1617/11/5
f 1620/5/6 1764/5/6 1762/5/6 1618/5/6
f 1763/11/5 1765/11/5 1621/11/5 1619/11/5
f 1622/5/6 1766/5/6 1764/5/6 1620/5/6
f 1765/11/5 1767/11/5 1623/11/5 1621/11/5
f 1624/5/6 1768/5/6 1766/5/6 1622/5/6
f 1767/11/5 1769/11/5 1625/11/5 1623/11/5
f 1626/5/6 1770/5/6 1768/5/6 1624/5/6
f 1769/11/5 1771/11/5 1627/11/5 1625/11/5
f 1628/5/6 1772/5/6 1770/5/6 1626/5/6
f 1771/11/5 1773/11/5 1629/11/5 1627/11/5
f 1630/5/6 1774/5/6 1772/5/6 1628/5/6
f 1773/11/5 1775/11/5 1631/11/5 1629/11/5
f 1632/5/6 1776/5/6 1774/5/6 1630/5/6
f 1775/11/5 1777/11/5 1633/11/5 1631/11/5
f 1634/5/6 1778/5/6 1776/5/6 1632/5/6
f 1777/11/5 1779/11/5 1635/11/5 1633/11/5
f 1636/5/6 1780/5/6 1778/5/6 1634/5/6
f 1779/11/5 1781/11/5 1637/11/5 1635/11/5
f 1782/4/4 1783/4/4 1639/4/4 1638/4/4
f 1783/4/4 1784/4/4 1640/4/4 1639/4/4
f 1785/4/4 1786/4/4 1651/4/4 1654/4/4
f 1786/4/4 1787/4/4 1655/4/4 1651/4/4
f 1787/4/4 1788/4/4 1657/4/4 1655/4/4
f 1788/4/4 1789/4/4 1659/4/4 1657/4/4
f 1790/4/4 1791/4/4 1662/4/4 1643/4/4
f 1791/4/4 1792/4/4 1665/4/4 1662/4/4
f 1792/4/4 1793/4/4 1667/4/4 1665/4/4
f 1793/4/4 1794/4/4 1669/4/4 1667/4/4
f 1647/5/6 1795/5/6 1780/5/6 1636/5/6
f 1781/11/5 1796/11/5 1648/11/5 1637/11/5
f 1649/4/6 1797/4/6 1782/4/6 1638/4/6
f 1784/4/5 1798/4/5 1650/4/5 1640/4/5
f 1653/4/6 1799/4/6 1785/4/6 1654/4/6
f 1789/4/5 1800/4/5 1660/4/5 1659/4/5
f 1661/4/1 1801/4/1 1642/4/1 1641/4/1
f 1801/4/1 1664/4/1 1643/4/1 1642/4/1
f 1664/4/6 1802/4/6 1790/4/6 1643/4/6
f 1794/4/5 1803/4/5 1670/4/5 1669/4/5
f 1671/4/1 1804/4/1 1645/4/1 1644/4/1
f 1804/4/1 1672/4/1 1646/4/1 1645/4/1
f 1673/5/6 1805/5/6 1795/5/6 1647/5/6
f 1806/11/4 1807/11/4 1675/11/4 1674/11/4
f 1796/11/5 1806/11/5 1674/11/5 1648/11/5
f 1807/4/4 1808/4/4 1676/4/4 1675/4/4
f 1808/4/4 1809/4/4 1677/4/4 1676/4/4
f 1809/4/4 1810/4/4 1678/4/4 1677/4/4
f 1678/4/6 1810/4/6 1797/4/6 1649/4/6
f 1811/4/4 1812/4/4 1680/4/4 1679/4/4
f 1798/4/5 1811/4/5 1679/4/5 1650/4/5
f 1812/4/4 1813/4/4 1681/4/4 1680/4/4
f 1681/4/6 1813/4/6 1799/4/6 1653/4/6
f 1814/4/4 1815/4/4 1686/4/4 1685/4/4
f 1800/4/5 1814/4/5 1685/4/5 1660/4/5
f 1815/4/4 1816/4/4 1687/4/4 1686/4/4
f 1816/4/4 1817/4/4 1688/4/4 1687/4/4
f 1817/4/4 1818/4/4 1689/4/4 1688/4/4
f 1689/4/1 1819/4/1 1801/4/1 1661/4/1
f 1818/4/4 1820/4/4 1819/4/4 1689/4/4
f 1819/4/1 1691/4/1 1664/4/1 1801/4/1
f 1820/4/4 1821/4/4 1691/4/4 1819/4/4
f 1691/4/6 1821/4/6 1802/4/6 1664/4/6
f 1822/4/4 1823/4/4 1695/4/4 1694/4/4
f 1803/4/5 1822/4/5 1694/4/5 1670/4/5
f 1823/4/4 1824/4/4 1696/4/4 1695/4/4
f 1824/4/4 1825/4/4 1697/4/4 1696/4/4
f 1825/4/4 1826/4/4 1698/4/4 1697/4/4
f 1826/4/4 1827/4/4 1699/4/4 1698/4/4
f 1827/4/4 1828/4/4 1700/4/4 1699/4/4
f 1700/4/1 1829/4/1 1804/4/1 1671/4/1
f 1828/4/4 1830/4/4 1829/4/4 1700/4/4
f 1829/4/1 1701/4/1 1672/4/1 1804/4/1
f 1830/4/4 1831/4/4 1701/4/4 1829/4/4
f 1831/4/4 1832/4/4 1702/4/4 1701/4/4
f 1832/5/4 1833/5/4 1703/5/4 1702/5/4
f 1703/5/6 1833/5/6 1805/5/6 1673/5/6
f 1704/11/3 1834/11/3 1835/11/3 1705/11/3
f 1835/11/5 1836/11/5 1706/11/5 1705/11/5
f 1707/4/3 1837/4/3 1834/4/3 1704/4/3
f 1708/4/3 1838/4/3 1837/4/3 1707/4/3
f 1709/4/3 1839/4/3 1838/4/3 1708/4/3
f 1710/4/3 1840/4/3 1839/4/3 1709/4/3
f 1727/4/3 1863/4/3 1864/4/3 1728/4/3
f 1864/4/5 1865/4/5 1729/4/5 1728/4/5
f 1730/4/3 1866/4/3 1863/4/3 1727/4/3
f 1731/4/3 1867/4/3 1866/4/3 1730/4/3
f 1732/4/3 1868/4/3 1867/4/3 1731/4/3
f 1733/4/3 1869/4/3 1868/4/3 1732/4/3
f 1734/4/3 1870/4/3 1869/4/3 1733/4/3
f 1735/4/3 1871/4/3 1870/4/3 1734/4/3
f 1736/4/3 1872/4/3 1871/4/3 1735/4/3
f 1737/4/3 1873/4/3 1872/4/3 1736/4/3
f 1745/4/3 1879/4/3 1880/4/3 1746/4/3
f 1880/4/5 1881/4/5 1747/4/5 1746/4/5
f 1748/5/3 1882/5/3 1879/5/3 1745/5/3
f 1749/5/6 1883/5/6 1882/5/6 1748/5/6
f 1836/11/5 1884/11/5 1750/11/5 1706/11/5
f 1865/4/5 1891/4/5 1752/4/5 1729/4/5
f 1881/4/5 1893/4/5 1754/4/5 1747/4/5
f 1755/5/6 1894/5/6 1883/5/6 1749/5/6
f 1884/11/5 1895/11/5 1756/11/5 1750/11/5
f 1752/4/3 1891/4/3 1890/4/3 1759/4/3
f 1754/4/3 1893/4/3 1892/4/3 1753/4/3
f 1760/5/6 1896/5/6 1894/5/6 1755/5/6
f 1895/11/5 1897/11/5 1761/11/5 1756/11/5
f 1762/5/6 1898/5/6 1896/5/6 1760/5/6
f 1897/11/5 1899/11/5 1763/11/5 1761/11/5
f 1764/5/6 1900/5/6 1898/5/6 1762/5/6
f 1899/11/5 1901/11/5 1765/11/5 1763/11/5
f 1766/5/6 1902/5/6 1900/5/6 1764/5/6
f 1901/11/5 1903/11/5 1767/11/5 1765/11/5
f 1768/5/6 1904/5/6 1902/5/6 1766/5/6
f 1903/11/5 1905/11/5 1769/11/5 1767/11/5
f 1770/5/6 1906/5/6 1904/5/6 1768/5/6
f 1905/11/5 1907/11/5 1771/11/5 1769/11/5
f 1772/5/6 1908/5/6 1906/5/6 1770/5/6
f 1907/11/5 1909/11/5 1773/11/5 1771/11/5
f 1774/5/6 1910/5/6 1908/5/6 1772/5/6
f 1909/11/5 1911/11/5 1775/11/5 1773/11/5
f 1776/5/6 1912/5/6 1910/5/6 1774/5/6
f 1911/11/5 1913/11/5 1777/11/5 1775/11/5
f 1778/5/6 1914/5/6 1912/5/6 1776/5/6
f 1913/11/5 1915/11/5 1779/11/5 1777/11/5
f 1780/5/6 1916/5/6 1914/5/6 1778/5/6
f 1915/11/5 1917/11/5 1781/11/5 1779/11/5
f 1918/4/4 1919/4/4 1783/4/4 1782/4/4
f 1919/4/4 1920/4/4 1784/4/4 1783/4/4
f 1921/4/4 1922/4/4 1786/4/4 1785/4/4
f 1922/4/4 1923/4/4 1787/4/4 1786/4/4
f 1923/4/4 1924/4/4 1788/4/4 1787/4/4
f 1924/4/4 1925/4/4 1789/4/4 1788/4/4
f 1926/4/4 1927/4/4 1791/4/4 1790/4/4
f 1927/4/4 1928/4/4 1792/4/4 1791/4/4
f 1928/4/4 1929/4/4 1793/4/4 1792/4/4
f 1929/4/4 1930/4/4 1794/4/4 1793/4/4
f 1795/5/6 1931/5/6 1916/5/6 1780/5/6
f 1917/11/5 1932/11/5 1796/11/5 1781/11/5
f 1797/4/6 1933/4/6 1918/4/6 1782/4/6
f 1920/4/5 1934/4/5 1798/4/5 1784/4/5
f 1799/4/6 1935/4/6 1921/4/6 1785/4/6
f 1925/4/5 1936/4/5 1800/4/5 1789/4/5
f 1937/4/2 1938/4/2 1939/4/2 1940/4/2
f 1926/4/2 1941/4/2 1938/4/2 1937/4/2
f 1802/4/6 1941/4/6 1926/4/6 1790/4/6
f 1930/4/5 1942/4/5 1803/4/5 1794/4/5
f 1943/4/2 1944/4/2 1945/4/2 1946/4/2
f 1947/4/2 1948/4/2 1944/4/2 1943/4/2
f 1949/4/2 1950/4/2 1948/4/2 1947/4/2
f 1951/4/2 1952/4/2 1950/4/2 1949/4/2
f 1805/5/6 1953/5/6 1931/5/6 1795/5/6
f 1954/11/4 1955/11/4 1807/11/4 1806/11/4
f 1932/11/5 1954/11/5 1806/11/5 1796/11/5
f 1955/4/4 1956/4/4 1808/4/4 1807/4/4
f 1956/4/4 1957/4/4 1809/4/4 1808/4/4
f 1957/4/4 1958/4/4 1810/4/4 1809/4/4
f 1810/4/6 1958/4/6 1933/4/6 1797/4/6
f 1959/4/4 1960/4/4 1812/4/4 1811/4/4
f 1934/4/5 1959/4/5 1811/4/5 1798/4/5
f 1960/4/4 1961/4/4 1813/4/4 1812/4/4
f 1813/4/6 1961/4/6 1935/4/6 1799/4/6
f 1962/4/4 1963/4/4 1815/4/4 1814/4/4
f 1936/4/5 1962/4/5 1814/4/5 1800/4/5
f 1963/4/4 1964/4/4 1816/4/4 1815/4/4
f 1964/4/4 1965/4/4 1817/4/4 1816/4/4
f 1965/4/4 1966/4/4 1818/4/4 1817/4/4
f 1938/4/2 1967/4/2 1966/4/2 1939/4/2
f 1966/4/4 1967/4/4 1820/4/4 1818/4/4
f 1941/4/2 1968/4/2 1967/4/2 1938/4/2
f 1967/4/4 1968/4/4 1821/4/4 1820/4/4
f 1821/4/6 1968/4/6 1941/4/6 1802/4/6
f 1969/4/4 1970/4/4 1823/4/4 1822/4/4
f 1942/4/5 1969/4/5 1822/4/5 1803/4/5
f 1970/4/4 1971/4/4 1824/4/4 1823/4/4
f 1971/4/4 1972/4/4 1825/4/4 1824/4/4
f 1972/4/4 1973/4/4 1826/4/4 1825/4/4
f 1944/4/2 1974/4/2 1973/4/2 1945/4/2
f 1973/4/4 1974/4/4 1827/4/4 1826/4/4
f 1948/4/2 1975/4/2 1974/4/2 1944/4/2
f 1974/4/4 1975/4/4 1828/4/4 1827/4/4
f 1950/4/2 1976/4/2 1975/4/2 1948/4/2
f 1975/4/4 1976/4/4 1830/4/4 1828/4/4
f 1952/4/2 1977/4/2 1976/4/2 1950/4/2
f 1976/4/4 1977/4/4 1831/4/4 1830/4/4
f 1977/4/4 1978/4/4 1832/4/4 1831/4/4
f 1978/5/4 1979/5/4 1833/5/4 1832/5/4
f 1833/5/6 1979/5/6 1953/5/6 1805/5/6
f 1834/11/3 1980/11/3 1981/11/3 1835/11/3
f 1981/11/5 1982/11/5 1836/11/5 1835/11/5
f 1837/4/3 1983/4/3 1980/4/3 1834/4/3
f 1838/4/3 1984/4/3 1983/4/3 1837/4/3
f 1839/4/3 1985/4/3 1984/4/3 1838/4/3
f 1840/4/3 1986/4/3 1985/4/3 1839/4/3
f 1841/4/3 1987/4/3 1986/4/3 1840/4/3
f 1844/4/6 1988/4/6 1987/4/6 1841/4/6
f 1869/4/3 2005/4/3 2004/4/3 1868/4/3
f 1870/4/3 2006/4/3 2005/4/3 1869/4/3
f 1871/4/3 2007/4/3 2006/4/3 1870/4/3
f 1872/4/3 2008/4/3 2007/4/3 1871/4/3
f 1873/4/3 2009/4/3 2008/4/3 1872/4/3
f 1874/4/3 2010/4/3 2009/4/3 1873/4/3
f 1875/4/3 2011/4/3 2010/4/3 1874/4/3
f 1876/4/3 2012/4/3 2011/4/3 1875/4/3
f 1877/4/3 2013/4/3 2012/4/3 1876/4/3
f 1878/4/1 1881/4/1 1880/4/1 1877/4/1
f 1880/4/3 2014/4/3 2013/4/3 1877/4/3
f 1879/4/3 2015/4/3 2014/4/3 1880/4/3
f 1882/5/3 2016/5/3 2015/5/3 1879/5/3
f 1883/5/6 2017/5/6 2016/5/6 1882/5/6
f 1982/11/5 2018/11/5 1884/11/5 1836/11/5
f 1886/4/6 2019/4/6 1988/4/6 1844/4/6
f 1892/4/1 1893/4/1 1881/4/1 1878/4/1
f 1894/5/6 2025/5/6 2017/5/6 1883/5/6
f 2018/11/5 2026/11/5 1895/11/5 1884/11/5
f 1885/4/3 2027/4/3 2019/4/3 1886/4/3
f 1887/4/3 2028/4/3 2027/4/3 1885/4/3
f 1888/4/3 2029/4/3 2028/4/3 1887/4/3
f 1889/4/3 2021/4/3 2029/4/3 1888/4/3
f 1896/5/6 2030/5/6 2025/5/6 1894/5/6
f 2026/11/5 2031/11/5 1897/11/5 1895/11/5
f 1898/5/6 2032/5/6 2030/5/6 1896/5/6
f 2031/11/5 2033/11/5 1899/11/5 1897/11/5
f 1900/5/6 2034/5/6 2032/5/6 1898/5/6
f 2033/5/5 2035/5/5 1901/5/5 1899/5/5
f 1902/5/6 2036/5/6 2034/5/6 1900/5/6
f 2035/11/5 2037/11/5 1903/11/5 1901/11/5
f 1904/5/6 2038/5/6 2036/5/6 1902/5/6
f 2037/11/5 2039/11/5 1905/11/5 1903/11/5
f 1906/5/6 2040/5/6 2038/5/6 1904/5/6
f 2039/11/5 2041/11/5 1907/11/5 1905/11/5
f 1908/5/6 2042/5/6 2040/5/6 1906/5/6
f 2041/11/5 2043/11/5 1909/11/5 1907/11/5
f 1910/5/6 2044/5/6 2042/5/6 1908/5/6
f 2043/11/5 2045/11/5 1911/11/5 1909/11/5
f 1912/5/6 2046/5/6 2044/5/6 1910/5/6
f 2045/11/5 2047/11/5 1913/11/5 1911/11/5
f 1914/5/6 2048/5/6 2046/5/6 1912/5/6
f 2047/11/5 2049/11/5 1915/11/5 1913/11/5
f 1916/5/6 2050/5/6 2048/5/6 1914/5/6
f 2049/11/5 2051/11/5 1917/11/5 1915/11/5
f 2052/4/4 2053/4/4 1919/4/4 1918/4/4
f 2053/4/4 2054/4/4 1920/4/4 1919/4/4
f 2055/4/4 2056/4/4 1937/4/4 1940/4/4
f 2056/4/4 2057/4/4 1926/4/4 1937/4/4
f 2057/4/4 2058/4/4 1927/4/4 1926/4/4
f 2058/4/4 2059/4/4 1928/4/4 1927/4/4
f 2059/4/4 2060/4/4 1929/4/4 1928/4/4
f 2060/4/4 2061/4/4 1930/4/4 1929/4/4
f 2062/4/4 2063/4/4 1943/4/4 1946/4/4
f 2063/4/4 2064/4/4 1947/4/4 1943/4/4
f 2064/4/4 2065/4/4 1949/4/4 1947/4/4
f 2065/4/4 2066/4/4 1951/4/4 1949/4/4
f 1931/5/6 2067/5/6 2050/5/6 1916/5/6
f 2051/11/5 2068/11/5 1932/11/5 1917/11/5
f 1933/4/6 2069/4/6 2052/4/6 1918/4/6
f 2054/4/5 2070/4/5 1934/4/5 1920/4/5
f 1935/4/1 2071/4/1 1922/4/1 1921/4/1
f 2071/4/1 2072/4/1 1923/4/1 1922/4/1
f 2072/4/1 2073/4/1 1924/4/1 1923/4/1
f 2073/4/1 1936/4/1 1925/4/1 1924/4/1
f 1939/4/6 2074/4/6 2055/4/6 1940/4/6
f 2061/4/5 2075/4/5 1942/4/5 1930/4/5
f 1945/4/6 2076/4/6 2062/4/6 1946/4/6
f 2066/4/5 2077/4/5 1952/4/5 1951/4/5
f 1953/5/6 2078/5/6 2067/5/6 1931/5/6
f 2079/11/4 2080/11/4 1955/11/4 1954/11/4
f 2068/11/5 2079/11/5 1954/11/5 1932/11/5
f 2080/4/4 2081/4/4 1956/4/4 1955/4/4
f 2081/4/4 2082/4/4 1957/4/4 1956/4/4
f 2082/4/4 2083/4/4 1958/4/4 1957/4/4
f 1958/4/6 2083/4/6 2069/4/6 1933/4/6
f 2084/4/4 2085/4/4 1960/4/4 1959/4/4
f 2070/4/5 2084/4/5 1959/4/5 1934/4/5
f 2085/4/4 2086/4/4 1961/4/4 1960/4/4
f 1961/4/1 2087/4/1 2071/4/1 1935/4/1
f 2086/4/4 2088/4/4 2087/4/4 1961/4/4
f 2087/4/1 2089/4/1 2072/4/1 2071/4/1
f 2088/4/4 2090/4/4 2089/4/4 2087/4/4
f 2089/4/1 2091/4/1 2073/4/1 2072/4/1
f 2090/4/4 2092/4/4 2091/4/4 2089/4/4
f 2091/4/1 1962/4/1 1936/4/1 2073/4/1
f 2092/4/4 2093/4/4 1962/4/4 2091/4/4
f 2093/4/4 2094/4/4 1963/4/4 1962/4/4
f 2094/4/4 2095/4/4 1964/4/4 1963/4/4
f 2095/4/4 2096/4/4 1965/4/4 1964/4/4
f 2096/4/4 2097/4/4 1966/4/4 1965/4/4
f 1966/4/6 2097/4/6 2074/4/6 1939/4/6
f 2098/4/4 2099/4/4 1970/4/4 1969/4/4
f 2075/4/5 2098/4/5 1969/4/5 1942/4/5
f 2099/4/4 2100/4/4 1971/4/4 1970/4/4
f 2100/4/4 2101/4/4 1972/4/4 1971/4/4
f 2101/4/4 2102/4/4 1973/4/4 1972/4/4
f 1973/4/6 2102/4/6 2076/4/6 1945/4/6
f 2103/4/4 2104/4/4 1978/4/4 1977/4/4
f 2077/4/5 2103/4/5 1977/4/5 1952/4/5
f 2104/5/4 2105/5/4 1979/5/4 1978/5/4
f 1979/5/6 2105/5/6 2078/5/6 1953/5/6
f 1980/11/3 2106/11/3 2107/11/3 1981/11/3
f 2107/11/5 2108/11/5 1982/11/5 1981/11/5
f 1983/4/3 2109/4/3 2106/4/3 1980/4/3
f 2110/4/2 2111/4/2 2112/4/2 2109/4/2
f 1984/4/3 2110/4/3 2109/4/3 1983/4/3
f 2113/4/2 2114/4/2 2111/4/2 2110/4/2
f 1985/4/3 2113/4/3 2110/4/3 1984/4/3
f 2115/4/2 2116/4/2 2114/4/2 2113/4/2
f 1986/4/3 2115/4/3 2113/4/3 1985/4/3
f 2117/4/2 2118/4/2 2116/4/2 2115/4/2
f 1987/4/3 2117/4/3 2115/4/3 1986/4/3
f 1988/4/6 2118/4/6 2117/4/6 1987/4/6
f 1995/4/3 2119/4/3 2120/4/3 1993/4/3
f 2120/4/5 2121/4/5 1994/4/5 1993/4/5
f 1996/4/3 2122/4/3 2119/4/3 1995/4/3
f 1999/4/6 2123/4/6 2122/4/6 1996/4/6
f 2005/4/3 2131/4/3 2130/4/3 2004/4/3
f 2132/4/2 2133/4/2 2134/4/2 2131/4/2
f 2006/4/3 2132/4/3 2131/4/3 2005/4/3
f 2135/4/2 2136/4/2 2133/4/2 2132/4/2
f 2007/4/3 2135/4/3 2132/4/3 2006/4/3
f 2137/4/2 2138/4/2 2136/4/2 2135/4/2
f 2008/4/3 2137/4/3 2135/4/3 2007/4/3
f 2139/4/2 2140/4/2 2138/4/2 2137/4/2
f 2009/4/3 2139/4/3 2137/4/3 2008/4/3
f 2141/4/2 2142/4/2 2140/4/2 2139/4/2
f 2010/4/3 2141/4/3 2139/4/3 2009/4/3
f 2011/4/3 2143/4/3 2141/4/3 2010/4/3
f 2012/4/3 2144/4/3 2143/4/3 2011/4/3
f 2145/4/2 2146/4/2 2147/4/2 2144/4/2
f 2013/4/3 2145/4/3 2144/4/3 2012/4/3
f 2148/4/2 2149/4/2 2146/4/2 2145/4/2
f 2014/4/3 2148/4/3 2145/4/3 2013/4/3
f 2015/4/3 2150/4/3 2148/4/3 2014/4/3
f 2016/5/3 2151/5/3 2150/5/3 2015/5/3
f 2017/5/6 2152/5/6 2151/5/6 2016/5/6
f 2108/11/5 2153/11/5 2018/11/5 1982/11/5
f 2111/4/2 2154/4/2 2155/4/2 2112/4/2
f 2114/4/2 2156/4/2 2154/4/2 2111/4/2
f 2116/4/2 2157/4/2 2156/4/2 2114/4/2
f 2118/4/2 2158/4/2 2157/4/2 2116/4/2
f 2019/4/6 2158/4/6 2118/4/6 1988/4/6
f 2121/4/5 2159/4/5 2022/4/5 1994/4/5
f 2024/4/6 2160/4/6 2123/4/6 1999/4/6
f 2133/4/2 2162/4/2 2163/4/2 2134/4/2
f 2136/4/2 2164/4/2 2162/4/2 2133/4/2
f 2138/4/2 2165/4/2 2164/4/2 2136/4/2
f 2140/4/2 2166/4/2 2165/4/2 2138/4/2
f 2142/4/2 2167/4/2 2166/4/2 2140/4/2
f 2146/4/2 2168/4/2 2169/4/2 2147/4/2
f 2149/4/2 2170/4/2 2168/4/2 2146/4/2
f 2025/5/6 2171/5/6 2152/5/6 2017/5/6
f 2153/11/5 2172/11/5 2026/11/5 2018/11/5
f 2027/4/3 2173/4/3 2158/4/3 2019/4/3
f 2028/4/3 2174/4/3 2173/4/3 2027/4/3
f 2029/4/3 2175/4/3 2174/4/3 2028/4/3
f 2021/4/3 2176/4/3 2175/4/3 2029/4/3
f 2020/4/3 2177/4/3 2176/4/3 2021/4/3
f 2022/4/3 2159/4/3 2177/4/3 2020/4/3
f 2023/4/3 2161/4/3 2160/4/3 2024/4/3
f 2030/5/6 2178/5/6 2171/5/6 2025/5/6
f 2172/11/5 2179/11/5 2031/11/5 2026/11/5
f 2032/5/6 2180/5/6 2178/5/6 2030/5/6
f 2179/11/5 2181/11/5 2033/11/5 2031/11/5
f 2034/5/6 2182/5/6 2180/5/6 2032/5/6
f 2181/11/5 2183/11/5 2035/11/5 2033/11/5
f 2036/5/6 2184/5/6 2182/5/6 2034/5/6
f 2183/11/5 2185/11/5 2037/11/5 2035/11/5
f 2038/5/6 2186/5/6 2184/5/6 2036/5/6
f 2185/11/5 2187/11/5 2039/11/5 2037/11/5
f 2040/5/6 2188/5/6 2186/5/6 2038/5/6
f 2187/11/5 2189/11/5 2041/11/5 2039/11/5
f 2042/5/6 2190/5/6 2188/5/6 2040/5/6
f 2189/11/5 2191/11/5 2043/11/5 2041/11/5
f 2044/5/6 2192/5/6 2190/5/6 2042/5/6
f 2191/11/5 2193/11/5 2045/11/5 2043/11/5
f 2046/5/6 2194/5/6 2192/5/6 2044/5/6
f 2193/11/5 2195/11/5 2047/11/5 2045/11/5
f 2048/11/6 2196/11/6 2194/11/6 2046/11/6
f 2195/11/5 2197/11/5 2049/11/5 2047/11/5
f 2050/5/6 2198/5/6 2196/5/6 2048/5/6
f 2197/11/5 2199/11/5 2051/11/5 2049/11/5
f 2200/4/4 2201/4/4 2053/4/4 2052/4/4
f 2201/4/4 2202/4/4 2054/4/4 2053/4/4
f 2203/4/4 2204/4/4 2056/4/4 2055/4/4
f 2204/4/4 2205/4/4 2057/4/4 2056/4/4
f 2205/4/4 2206/4/4 2058/4/4 2057/4/4
f 2206/4/4 2207/4/4 2059/4/4 2058/4/4
f 2207/4/4 2208/4/4 2060/4/4 2059/4/4
f 2208/4/4 2209/4/4 2061/4/4 2060/4/4
f 2210/4/4 2211/4/4 2063/4/4 2062/4/4
f 2211/4/4 2212/4/4 2064/4/4 2063/4/4
f 2212/4/4 2213/4/4 2065/4/4 2064/4/4
f 2213/4/4 2214/4/4 2066/4/4 2065/4/4
f 2067/5/6 2215/5/6 2198/5/6 2050/5/6
f 2199/11/5 2216/11/5 2068/11/5 2051/11/5
f 2069/4/6 2217/4/6 2200/4/6 2052/4/6
f 2202/4/5 2218/4/5 2070/4/5 2054/4/5
f 2219/4/2 2220/4/2 2221/4/2 2222/4/2
f 2223/4/2 2224/4/2 2220/4/2 2219/4/2
f 2225/4/2 2226/4/2 2227/4/2 2228/4/2
f 2229/4/2 2230/4/2 2226/4/2 2225/4/2
f 2074/4/6 2231/4/6 2203/4/6 2055/4/6
f 2209/4/5 2232/4/5 2075/4/5 2061/4/5
f 2076/4/6 2233/4/6 2210/4/6 2062/4/6
f 2214/4/5 2234/4/5 2077/4/5 2066/4/5
f 2078/5/6 2235/5/6 2215/5/6 2067/5/6
f 2236/11/4 2237/11/4 2080/11/4 2079/11/4
f 2216/11/5 2236/11/5 2079/11/5 2068/11/5
f 2237/4/4 2238/4/4 2081/4/4 2080/4/4
f 2238/4/4 2239/4/4 2082/4/4 2081/4/4
f 2239/4/4 2240/4/4 2083/4/4 2082/4/4
f 2083/4/6 2240/4/6 2217/4/6 2069/4/6
f 2241/4/4 2242/4/4 2085/4/4 2084/4/4
f 2218/4/5 2241/4/5 2084/4/5 2070/4/5
f 2242/4/4 2243/4/4 2086/4/4 2085/4/4
f 2220/4/2 2244/4/2 2243/4/2 2221/4/2
f 2243/4/4 2244/4/4 2088/4/4 2086/4/4
f 2224/4/2 2245/4/2 2244/4/2 2220/4/2
f 2244/4/4 2245/4/4 2090/4/4 2088/4/4
f 2245/4/4 2246/4/4 2092/4/4 2090/4/4
f 2246/4/4 2247/4/4 2093/4/4 2092/4/4
f 2226/4/2 2248/4/2 2247/4/2 2227/4/2
f 2247/4/4 2248/4/4 2094/4/4 2093/4/4
f 2230/4/2 2249/4/2 2248/4/2 2226/4/2
f 2248/4/4 2249/4/4 2095/4/4 2094/4/4
f 2249/4/4 2250/4/4 2096/4/4 2095/4/4
f 2250/4/4 2251/4/4 2097/4/4 2096/4/4
f 2097/4/6 2251/4/6 2231/4/6 2074/4/6
f 2252/4/4 2253/4/4 2099/4/4 2098/4/4
f 2232/4/5 2252/4/5 2098/4/5 2075/4/5
f 2253/4/4 2254/4/4 2100/4/4 2099/4/4
f 2254/4/4 2255/4/4 2101/4/4 2100/4/4
f 2255/4/4 2256/4/4 2102/4/4 2101/4/4
f 2102/4/6 2256/4/6 2233/4/6 2076/4/6
f 2257/4/4 2258/4/4 2104/4/4 2103/4/4
f 2234/4/5 2257/4/5 2103/4/5 2077/4/5
f 2258/5/4 2259/5/4 2105/5/4 2104/5/4
f 2105/5/6 2259/5/6 2235/5/6 2078/5/6
f 2106/11/3 2260/11/3 2261/11/3 2107/11/3
f 2261/11/5 2262/11/5 2108/11/5 2107/11/5
f 2109/4/3 2263/4/3 2260/4/3 2106/4/3
f 2112/4/6 2264/4/6 2263/4/6 2109/4/6
f 2118/4/1 2265/4/1 2266/4/1 2117/4/1
f 2266/4/3 2267/4/3 2268/4/3 2117/4/3
f 2268/4/5 2269/4/5 2118/4/5 2117/4/5
f 2265/4/1 2270/4/1 2271/4/1 2266/4/1
f 2271/4/3 2272/4/3 2267/4/3 2266/4/3
f 2270/4/1 2273/4/1 2274/4/1 2271/4/1
f 2274/4/3 2275/4/3 2272/4/3 2271/4/3
f 2273/4/1 2276/4/1 2277/4/1 2274/4/1
f 2277/4/3 2278/4/3 2275/4/3 2274/4/3
f 2276/4/1 2279/4/1 2280/4/1 2277/4/1
f 2280/4/3 2281/4/3 2278/4/3 2277/4/3
f 2279/4/1 2121/4/1 2120/4/1 2280/4/1
f 2120/4/3 2282/4/3 2281/4/3 2280/4/3
f 2119/4/3 2283/4/3 2282/4/3 2120/4/3
f 2122/4/3 2284/4/3 2283/4/3 2119/4/3
f 2123/4/1 2126/4/1 2125/4/1 2122/4/1
f 2125/4/3 2285/4/3 2284/4/3 2122/4/3
f 2124/4/3 2286/4/3 2285/4/3 2125/4/3
f 2127/4/3 2287/4/3 2286/4/3 2124/4/3
f 2128/4/3 2288/4/3 2287/4/3 2127/4/3
f 2129/4/3 2289/4/3 2288/4/3 2128/4/3
f 2143/4/3 2293/4/3 2294/4/3 2141/4/3
f 2294/4/5 2295/4/5 2142/4/5 2141/4/5
f 2144/4/3 2296/4/3 2293/4/3 2143/4/3
f 2147/4/6 2297/4/6 2296/4/6 2144/4/6
f 2150/4/3 2298/4/3 2299/4/3 2148/4/3
f 2299/4/5 2300/4/5 2149/4/5 2148/4/5
f 2151/5/3 2301/5/3 2298/5/3 2150/5/3
f 2152/5/6 2302/5/6 2301/5/6 2151/5/6
f 2262/11/5 2303/11/5 2153/11/5 2108/11/5
f 2155/4/6 2304/4/6 2264/4/6 2112/4/6
f 2158/4/1 2173/4/1 2265/4/1 2118/4/1
f 2269/4/5 2305/4/5 2158/4/5 2118/4/5
f 2173/4/1 2174/4/1 2270/4/1 2265/4/1
f 2174/4/1 2175/4/1 2273/4/1 2270/4/1
f 2175/4/1 2176/4/1 2276/4/1 2273/4/1
f 2176/4/1 2177/4/1 2279/4/1 2276/4/1
f 2177/4/1 2159/4/1 2121/4/1 2279/4/1
f 2160/4/1 2161/4/1 2126/4/1 2123/4/1
f 2295/4/5 2307/4/5 2167/4/5 2142/4/5
f 2169/4/6 2308/4/6 2297/4/6 2147/4/6
f 2300/4/5 2309/4/5 2170/4/5 2149/4/5
f 2171/5/6 2310/5/6 2302/5/6 2152/5/6
f 2303/11/5 2311/11/5 2172/11/5 2153/11/5
f 2154/4/3 2312/4/3 2304/4/3 2155/4/3
f 2156/4/3 2313/4/3 2312/4/3 2154/4/3
f 2157/4/3 2314/4/3 2313/4/3 2156/4/3
f 2158/4/3 2305/4/3 2314/4/3 2157/4/3
f 2162/4/3 2315/4/3 2306/4/3 2163/4/3
f 2164/4/3 2316/4/3 2315/4/3 2162/4/3
f 2165/4/3 2317/4/3 2316/4/3 2164/4/3
f 2166/4/3 2318/4/3 2317/4/3 2165/4/3
f 2167/4/3 2307/4/3 2318/4/3 2166/4/3
f 2168/4/3 2319/4/3 2308/4/3 2169/4/3
f 2170/4/3 2309/4/3 2319/4/3 2168/4/3
f 2178/5/6 2320/5/6 2310/5/6 2171/5/6
f 2311/11/5 2321/11/5 2179/11/5 2172/11/5
f 2180/5/6 2322/5/6 2320/5/6 2178/5/6
f 2321/11/5 2323/11/5 2181/11/5 2179/11/5
f 2182/5/6 2324/5/6 2322/5/6 2180/5/6
f 2323/11/5 2325/11/5 2183/11/5 2181/11/5
f 2184/5/6 2326/5/6 2324/5/6 2182/5/6
f 2325/11/5 2327/11/5 2185/11/5 2183/11/5
f 2186/5/6 2328/5/6 2326/5/6 2184/5/6
f 2327/11/5 2329/11/5 2187/11/5 2185/11/5
f 2188/5/6 2330/5/6 2328/5/6 2186/5/6
f 2329/11/5 2331/11/5 2189/11/5 2187/11/5
f 2190/5/6 2332/5/6 2330/5/6 2188/5/6
f 2331/11/5 2333/11/5 2191/11/5 2189/11/5
f 2192/5/6 2334/5/6 2332/5/6 2190/5/6
f 2333/11/5 2335/11/5 2193/11/5 2191/11/5
f 2194/5/6 2336/5/6 2334/5/6 2192/5/6
f 2335/11/5 2337/11/5 2195/11/5 2193/11/5
f 2196/5/6 2338/5/6 2336/5/6 2194/5/6
f 2337/11/5 2339/11/5 2197/11/5 2195/11/5
f 2198/5/6 2340/5/6 2338/5/6 2196/5/6
f 2339/11/5 2341/11/5 2199/11/5 2197/11/5
f 2342/4/4 2343/4/4 2219/4/4 2222/4/4
f 2343/4/4 2344/4/4 2223/4/4 2219/4/4
f 2345/4/4 2346/4/4 2225/4/4 2228/4/4
f 2346/4/4 2347/4/4 2229/4/4 2225/4/4
f 2348/4/4 2349/4/4 2211/4/4 2210/4/4
f 2349/4/4 2350/4/4 2212/4/4 2211/4/4
f 2350/4/4 2351/4/4 2213/4/4 2212/4/4
f 2351/4/4 2352/4/4 2214/4/4 2213/4/4
f 2215/5/6 2353/5/6 2340/5/6 2198/5/6
f 2341/11/5 2354/11/5 2216/11/5 2199/11/5
f 2217/4/1 2355/4/1 2201/4/1 2200/4/1
f 2355/4/1 2218/4/1 2202/4/1 2201/4/1
f 2221/4/6 2356/4/6 2342/4/6 2222/4/6
f 2344/4/5 2357/4/5 2224/4/5 2223/4/5
f 2227/4/6 2358/4/6 2345/4/6 2228/4/6
f 2347/4/5 2359/4/5 2230/4/5 2229/4/5
f 2231/4/1 2360/4/1 2204/4/1 2203/4/1
f 2360/4/1 2361/4/1 2205/4/1 2204/4/1
f 2361/4/1 2362/4/1 2206/4/1 2205/4/1
f 2362/4/1 2363/4/1 2207/4/1 2206/4/1
f 2363/4/1 2364/4/1 2208/4/1 2207/4/1
f 2364/4/1 2232/4/1 2209/4/1 2208/4/1
f 2233/4/6 2365/4/6 2348/4/6 2210/4/6
f 2352/4/5 2366/4/5 2234/4/5 2214/4/5
f 2235/5/6 2367/5/6 2353/5/6 2215/5/6
f 2368/11/4 2369/11/4 2237/11/4 2236/11/4
f 2354/11/5 2368/11/5 2236/11/5 2216/11/5
f 2369/4/4 2370/4/4 2238/4/4 2237/4/4
f 2370/4/4 2371/4/4 2239/4/4 2238/4/4
f 2371/4/4 2372/4/4 2240/4/4 2239/4/4
f 2240/4/1 2373/4/1 2355/4/1 2217/4/1
f 2372/4/4 2374/4/4 2373/4/4 2240/4/4
f 2373/4/1 2241/4/1 2218/4/1 2355/4/1
f 2374/4/4 2375/4/4 2241/4/4 2373/4/4
f 2375/4/4 2376/4/4 2242/4/4 2241/4/4
f 2376/4/4 2377/4/4 2243/4/4 2242/4/4
f 2243/4/6 2377/4/6 2356/4/6 2221/4/6
f 2378/4/4 2379/4/4 2246/4/4 2245/4/4
f 2357/4/5 2378/4/5 2245/4/5 2224/4/5
f 2379/4/4 2380/4/4 2247/4/4 2246/4/4
f 2247/4/6 2380/4/6 2358/4/6 2227/4/6
f 2381/4/4 2382/4/4 2250/4/4 2249/4/4
f 2359/4/5 2381/4/5 2249/4/5 2230/4/5
f 2382/4/4 2383/4/4 2251/4/4 2250/4/4
f 2251/4/1 2384/4/1 2360/4/1 2231/4/1
f 2383/4/4 2385/4/4 2384/4/4 2251/4/4
f 2384/4/1 2386/4/1 2361/4/1 2360/4/1
f 2385/4/4 2387/4/4 2386/4/4 2384/4/4
f 2386/4/1 2388/4/1 2362/4/1 2361/4/1
f 2387/4/4 2389/4/4 2388/4/4 2386/4/4
f 2388/4/1 2390/4/1 2363/4/1 2362/4/1
f 2389/4/4 2391/4/4 2390/4/4 2388/4/4
f 2390/4/1 2392/4/1 2364/4/1 2363/4/1
f 2391/4/4 2393/4/4 2392/4/4 2390/4/4
f 2392/4/1 2252/4/1 2232/4/1 2364/4/1
f 2393/4/4 2394/4/4 2252/4/4 2392/4/4
f 2394/4/4 2395/4/4 2253/4/4 2252/4/4
f 2395/4/4 2396/4/4 2254/4/4 2253/4/4
f 2396/4/4 2397/4/4 2255/4/4 2254/4/4
f 2397/4/4 2398/4/4 2256/4/4 2255/4/4
f 2256/4/6 2398/4/6 2365/4/6 2233/4/6
f 2399/4/4 2400/4/4 2258/4/4 2257/4/4
f 2366/4/5 2399/4/5 2257/4/5 2234/4/5
f 2400/5/4 2401/5/4 2259/5/4 2258/5/4
f 2259/5/6 2401/5/6 2367/5/6 2235/5/6
f 2260/11/3 2402/11/3 2403/11/3 2261/11/3
f 2403/11/5 2404/11/5 2262/11/5 2261/11/5
f 2263/4/3 2405/4/3 2402/4/3 2260/4/3
f 2264/4/6 2406/4/6 2405/4/6 2263/4/6
f 2267/4/3 2407/4/3 2408/4/3 2268/4/3
f 2408/4/5 2409/4/5 2269/4/5 2268/4/5
f 2272/4/3 2410/4/3 2407/4/3 2267/4/3
f 2275/4/3 2411/4/3 2410/4/3 2272/4/3
f 2278/4/3 2412/4/3 2411/4/3 2275/4/3
f 2281/4/3 2413/4/3 2412/4/3 2278/4/3
f 2282/4/3 2414/4/3 2413/4/3 2281/4/3
f 2283/4/3 2415/4/3 2414/4/3 2282/4/3
f 2284/4/3 2416/4/3 2415/4/3 2283/4/3
f 2417/4/2 2418/4/2 2419/4/2 2416/4/2
f 2285/4/3 2417/4/3 2416/4/3 2284/4/3
f 2420/4/2 2421/4/2 2418/4/2 2417/4/2
f 2286/4/3 2420/4/3 2417/4/3 2285/4/3
f 2422/4/2 2423/4/2 2421/4/2 2420/4/2
f 2287/4/3 2422/4/3 2420/4/3 2286/4/3
f 2424/4/2 2425/4/2 2423/4/2 2422/4/2
f 2288/4/3 2424/4/3 2422/4/3 2287/4/3
f 2426/4/2 2427/4/2 2425/4/2 2424/4/2
f 2289/4/3 2426/4/3 2424/4/3 2288/4/3
f 2428/4/2 2429/4/2 2427/4/2 2426/4/2
f 2290/4/3 2428/4/3 2426/4/3 2289/4/3
f 2293/4/3 2435/4/3 2436/4/3 2294/4/3
f 2436/4/5 2437/4/5 2295/4/5 2294/4/5
f 2296/4/3 2438/4/3 2435/4/3 2293/4/3
f 2297/4/6 2439/4/6 2438/4/6 2296/4/6
f 2298/4/3 2440/4/3 2441/4/3 2299/4/3
f 2441/4/5 2442/4/5 2300/4/5 2299/4/5
f 2301/5/3 2443/5/3 2440/5/3 2298/5/3
f 2302/5/6 2444/5/6 2443/5/6 2301/5/6
f 2404/11/5 2445/11/5 2303/11/5 2262/11/5
f 2304/4/6 2446/4/6 2406/4/6 2264/4/6
f 2409/4/5 2447/4/5 2305/4/5 2269/4/5
f 2418/4/2 2448/4/2 2449/4/2 2419/4/2
f 2421/4/2 2450/4/2 2448/4/2 2418/4/2
f 2423/4/2 2451/4/2 2450/4/2 2421/4/2
f 2425/4/2 2452/4/2 2451/4/2 2423/4/2
f 2427/4/2 2453/4/2 2452/4/2 2425/4/2
f 2429/4/2 2454/4/2 2453/4/2 2427/4/2
f 2437/4/5 2456/4/5 2307/4/5 2295/4/5
f 2308/4/6 2457/4/6 2439/4/6 2297/4/6
f 2442/4/5 2458/4/5 2309/4/5 2300/4/5
f 2310/5/6 2459/5/6 2444/5/6 2302/5/6
f 2445/11/5 2460/11/5 2311/11/5 2303/11/5
f 2312/4/3 2461/4/3 2446/4/3 2304/4/3
f 2313/4/3 2462/4/3 2461/4/3 2312/4/3
f 2314/4/3 2463/4/3 2462/4/3 2313/4/3
f 2305/4/3 2447/4/3 2463/4/3 2314/4/3
f 2316/4/3 2464/4/3 2455/4/3 2315/4/3
f 2317/4/3 2465/4/3 2464/4/3 2316/4/3
f 2318/4/3 2466/4/3 2465/4/3 2317/4/3
f 2307/4/3 2456/4/3 2466/4/3 2318/4/3
f 2319/4/3 2467/4/3 2457/4/3 2308/4/3
f 2309/4/3 2458/4/3 2467/4/3 2319/4/3
f 2320/5/6 2468/5/6 2459/5/6 2310/5/6
f 2460/11/5 2469/11/5 2321/11/5 2311/11/5
f 2322/5/6 2470/5/6 2468/5/6 2320/5/6
f 2469/11/5 2471/11/5 2323/11/5 2321/11/5
f 2324/5/6 2472/5/6 2470/5/6 2322/5/6
f 2471/11/5 2473/11/5 2325/11/5 2323/11/5
f 2326/5/6 2474/5/6 2472/5/6 2324/5/6
f 2473/11/5 2475/11/5 2327/11/5 2325/11/5
f 2328/5/6 2476/5/6 2474/5/6 2326/5/6
f 2475/11/5 2477/11/5 2329/11/5 2327/11/5
f 2330/5/6 2478/5/6 2476/5/6 2328/5/6
f 2477/11/5 2479/11/5 2331/11/5 2329/11/5
f 2332/5/6 2480/5/6 2478/5/6 2330/5/6
f 2479/11/5 2481/11/5 2333/11/5 2331/11/5
f 2334/5/6 2482/5/6 2480/5/6 2332/5/6
f 2481/11/5 2483/11/5 2335/11/5 2333/11/5
f 2336/5/6 2484/5/6 2482/5/6 2334/5/6
f 2483/11/5 2485/11/5 2337/11/5 2335/11/5
f 2338/5/6 2486/5/6 2484/5/6 2336/5/6
f 2485/11/5 2487/11/5 2339/11/5 2337/11/5
f 2340/5/6 2488/5/6 2486/5/6 2338/5/6
f 2487/11/5 2489/11/5 2341/11/5 2339/11/5
f 2490/4/4 2491/4/4 2343/4/4 2342/4/4
f 2491/4/4 2492/4/4 2344/4/4 2343/4/4
f 2493/4/4 2494/4/4 2346/4/4 2345/4/4
f 2494/4/4 2495/4/4 2347/4/4 2346/4/4
f 2496/4/4 2497/4/4 2349/4/4 2348/4/4
f 2497/4/4 2498/4/4 2350/4/4 2349/4/4
f 2498/4/4 2499/4/4 2351/4/4 2350/4/4
f 2499/4/4 2500/4/4 2352/4/4 2351/4/4
f 2353/5/6 2501/5/6 2488/5/6 2340/5/6
f 2489/11/5 2502/11/5 2354/11/5 2341/11/5
f 2503/4/2 2504/4/2 2505/4/2 2506/4/2
f 2507/4/2 2508/4/2 2504/4/2 2503/4/2
f 2356/4/6 2509/4/6 2490/4/6 2342/4/6
f 2492/4/5 2510/4/5 2357/4/5 2344/4/5
f 2358/4/6 2511/4/6 2493/4/6 2345/4/6
f 2495/4/5 2512/4/5 2359/4/5 2347/4/5
f 2513/4/2 2514/4/2 2515/4/2 2516/4/2
f 2517/4/2 2518/4/2 2514/4/2 2513/4/2
f 2519/4/2 2520/4/2 2518/4/2 2517/4/2
f 2521/4/2 2522/4/2 2520/4/2 2519/4/2
f 2365/4/6 2523/4/6 2496/4/6 2348/4/6
f 2500/4/5 2524/4/5 2366/4/5 2352/4/5
f 2367/5/6 2525/5/6 2501/5/6 2353/5/6
f 2526/11/4 2527/11/4 2369/11/4 2368/11/4
f 2502/11/5 2526/11/5 2368/11/5 2354/11/5
f 2527/4/4 2528/4/4 2370/4/4 2369/4/4
f 2528/4/4 2529/4/4 2371/4/4 2370/4/4
f 2529/4/4 2530/4/4 2372/4/4 2371/4/4
f 2504/4/2 2531/4/2 2530/4/2 2505/4/2
f 2530/4/4 2531/4/4 2374/4/4 2372/4/4
f 2508/4/2 2532/4/2 2531/4/2 2504/4/2
f 2531/4/4 2532/4/4 2375/4/4 2374/4/4
f 2532/4/4 2533/4/4 2376/4/4 2375/4/4
f 2533/4/4 2534/4/4 2377/4/4 2376/4/4
f 2377/4/6 2534/4/6 2509/4/6 2356/4/6
f 2535/4/4 2536/4/4 2379/4/4 2378/4/4
f 2510/4/5 2535/4/5 2378/4/5 2357/4/5
f 2536/4/4 2537/4/4 2380/4/4 2379/4/4
f 2380/4/6 2537/4/6 2511/4/6 2358/4/6
f 2538/4/4 2539/4/4 2382/4/4 2381/4/4
f 2512/4/5 2538/4/5 2381/4/5 2359/4/5
f 2539/4/4 2540/4/4 2383/4/4 2382/4/4
f 2514/4/2 2541/4/2 2540/4/2 2515/4/2
f 2540/4/4 2541/4/4 2385/4/4 2383/4/4
f 2518/4/2 2542/4/2 2541/4/2 2514/4/2
f 2541/4/4 2542/4/4 2387/4/4 2385/4/4
f 2520/4/2 2543/4/2 2542/4/2 2518/4/2
f 2542/4/4 2543/4/4 2389/4/4 2387/4/4
f 2522/4/2 2544/4/2 2543/4/2 2520/4/2
f 2543/4/4 2544/4/4 2391/4/4 2389/4/4
f 2544/4/4 2545/4/4 2393/4/4 2391/4/4
f 2545/4/4 2546/4/4 2394/4/4 2393/4/4
f 2546/4/4 2547/4/4 2395/4/4 2394/4/4
f 2547/4/4 2548/4/4 2396/4/4 2395/4/4
f 2548/4/4 2549/4/4 2397/4/4 2396/4/4
f 2549/4/4 2550/4/4 2398/4/4 2397/4/4
f 2398/4/6 2550/4/6 2523/4/6 2365/4/6
f 2551/4/4 2552/4/4 2400/4/4 2399/4/4
f 2524/4/5 2551/4/5 2399/4/5 2366/4/5
f 2552/5/4 2553/5/4 2401/5/4 2400/5/4
f 2401/5/6 2553/5/6 2525/5/6 2367/5/6
f 2402/11/3 2554/11/3 2555/11/3 2403/11/3
f 2555/11/5 2556/11/5 2404/11/5 2403/11/5
f 2405/4/3 2557/4/3 2554/4/3 2402/4/3
f 2406/4/6 2558/4/6 2557/4/6 2405/4/6
f 2407/4/3 2559/4/3 2560/4/3 2408/4/3
f 2560/4/5 2561/4/5 2409/4/5 2408/4/5
f 2410/4/3 2562/4/3 2559/4/3 2407/4/3
f 2411/4/3 2563/4/3 2562/4/3 2410/4/3
f 2412/4/3 2564/4/3 2563/4/3 2411/4/3
f 2413/4/3 2565/4/3 2564/4/3 2412/4/3
f 2414/4/3 2566/4/3 2565/4/3 2413/4/3
f 2415/4/3 2567/4/3 2566/4/3 2414/4/3
f 2416/4/3 2568/4/3 2567/4/3 2415/4/3
f 2419/4/6 2569/4/6 2568/4/6 2416/4/6
f 2430/4/3 2570/4/3 2571/4/3 2428/4/3
f 2571/4/5 2572/4/5 2429/4/5 2428/4/5
f 2435/4/3 2578/4/3 2579/4/3 2436/4/3
f 2579/4/5 2580/4/5 2437/4/5 2436/4/5
f 2438/4/3 2581/4/3 2578/4/3 2435/4/3
f 2439/4/6 2582/4/6 2581/4/6 2438/4/6
f 2440/4/3 2583/4/3 2584/4/3 2441/4/3
f 2584/4/5 2585/4/5 2442/4/5 2441/4/5
f 2443/5/3 2586/5/3 2583/5/3 2440/5/3
f 2444/5/6 2587/5/6 2586/5/6 2443/5/6
f 2556/11/5 2588/11/5 2445/11/5 2404/11/5
f 2446/4/6 2589/4/6 2558/4/6 2406/4/6
f 2561/4/5 2590/4/5 2447/4/5 2409/4/5
f 2449/4/6 2591/4/6 2569/4/6 2419/4/6
f 2572/4/5 2592/4/5 2454/4/5 2429/4/5
f 2580/4/5 2594/4/5 2456/4/5 2437/4/5
f 2457/4/6 2595/4/6 2582/4/6 2439/4/6
f 2585/4/5 2596/4/5 2458/4/5 2442/4/5
f 2459/5/6 2597/5/6 2587/5/6 2444/5/6
f 2588/11/5 2598/11/5 2460/11/5 2445/11/5
f 2461/4/3 2599/4/3 2589/4/3 2446/4/3
f 2462/4/3 2600/4/3 2599/4/3 2461/4/3
f 2463/4/3 2601/4/3 2600/4/3 2462/4/3
f 2447/4/3 2590/4/3 2601/4/3 2463/4/3
f 2448/4/3 2602/4/3 2591/4/3 2449/4/3
f 2450/4/3 2603/4/3 2602/4/3 2448/4/3
f 2451/4/3 2604/4/3 2603/4/3 2450/4/3
f 2452/4/3 2605/4/3 2604/4/3 2451/4/3
f 2453/4/3 2606/4/3 2605/4/3 2452/4/3
f 2454/4/3 2592/4/3 2606/4/3 2453/4/3
f 2465/4/3 2607/4/3 2593/4/3 2464/4/3
f 2466/4/3 2608/4/3 2607/4/3 2465/4/3
f 2456/4/3 2594/4/3 2608/4/3 2466/4/3
f 2467/4/3 2609/4/3 2595/4/3 2457/4/3
f 2458/4/3 2596/4/3 2609/4/3 2467/4/3
f 2468/5/6 2610/5/6 2597/5/6 2459/5/6
f 2598/11/5 2611/11/5 2469/11/5 2460/11/5
f 2470/5/6 2612/5/6 2610/5/6 2468/5/6
f 2611/11/5 2613/11/5 2471/11/5 2469/11/5
f 2472/5/6 2614/5/6 2612/5/6 2470/5/6
f 2613/11/5 2615/11/5 2473/11/5 2471/11/5
f 2474/5/6 2616/5/6 2614/5/6 2472/5/6
f 2615/11/5 2617/11/5 2475/11/5 2473/11/5
f 2476/5/6 2618/5/6 2616/5/6 2474/5/6
f 2617/11/5 2619/11/5 2477/11/5 2475/11/5
f 2478/5/6 2620/5/6 2618/5/6 2476/5/6
f 2619/11/5 2621/11/5 2479/11/5 2477/11/5
f 2480/5/6 2622/5/6 2620/5/6 2478/5/6
f 2621/11/5 2623/11/5 2481/11/5 2479/11/5
f 2482/5/6 2624/5/6 2622/5/6 2480/5/6
f 2623/11/5 2625/11/5 2483/11/5 2481/11/5
f 2484/5/6 2626/5/6 2624/5/6 2482/5/6
f 2625/11/5 2627/11/5 2485/11/5 2483/11/5
f 2486/5/6 2628/5/6 2626/5/6 2484/5/6
f 2627/11/5 2629/11/5 2487/11/5 2485/11/5
f 2488/5/6 2630/5/6 2628/5/6 2486/5/6
f 2629/11/5 2631/11/5 2489/11/5 2487/11/5
f 2632/4/4 2633/4/4 2503/4/4 2506/4/4
f 2633/4/4 2634/4/4 2507/4/4 2503/4/4
f 2635/4/4 2636/4/4 2494/4/4 2493/4/4
f 2636/4/4 2637/4/4 2495/4/4 2494/4/4
f 2638/4/4 2639/4/4 2513/4/4 2516/4/4
f 2639/4/4 2640/4/4 2517/4/4 2513/4/4
f 2640/4/4 2641/4/4 2519/4/4 2517/4/4
f 2641/4/4 2642/4/4 2521/4/4 2519/4/4
f 2643/4/4 2644/4/4 2497/4/4 2496/4/4
f 2644/4/4 2645/4/4 2498/4/4 2497/4/4
f 2501/5/6 2646/5/6 2630/5/6 2488/5/6
f 2631/11/5 2647/11/5 2502/11/5 2489/11/5
f 2505/4/6 2648/4/6 2632/4/6 2506/4/6
f 2634/4/5 2649/4/5 2508/4/5 2507/4/5
f 2509/4/1 2650/4/1 2491/4/1 2490/4/1
f 2650/4/1 2510/4/1 2492/4/1 2491/4/1
f 2511/4/6 2651/4/6 2635/4/6 2493/4/6
f 2637/4/5 2652/4/5 2512/4/5 2495/4/5
f 2515/4/6 2653/4/6 2638/4/6 2516/4/6
f 2642/4/5 2654/4/5 2522/4/5 2521/4/5
f 2523/4/6 2655/4/6 2643/4/6 2496/4/6
f 2656/4/1 2657/4/1 2499/4/1 2498/4/1
f 2645/4/5 2658/4/5 2656/4/5 2498/4/5
f 2657/4/1 2524/4/1 2500/4/1 2499/4/1
f 2525/5/6 2659/5/6 2646/5/6 2501/5/6
f 2660/11/4 2661/11/4 2527/11/4 2526/11/4
f 2647/11/5 2660/11/5 2526/11/5 2502/11/5
f 2661/4/4 2662/4/4 2528/4/4 2527/4/4
f 2662/4/4 2663/4/4 2529/4/4 2528/4/4
f 2663/4/4 2664/4/4 2530/4/4 2529/4/4
f 2530/4/6 2664/4/6 2648/4/6 2505/4/6
f 2665/4/4 2666/4/4 2533/4/4 2532/4/4
f 2649/4/5 2665/4/5 2532/4/5 2508/4/5
f 2666/4/4 2667/4/4 2534/4/4 2533/4/4
f 2534/4/1 2668/4/1 2650/4/1 2509/4/1
f 2667/4/4 2669/4/4 2668/4/4 2534/4/4
f 2668/4/1 2535/4/1 2510/4/1 2650/4/1
f 2669/4/4 2670/4/4 2535/4/4 2668/4/4
f 2670/4/4 2671/4/4 2536/4/4 2535/4/4
f 2671/4/4 2672/4/4 2537/4/4 2536/4/4
f 2537/4/6 2672/4/6 2651/4/6 2511/4/6
f 2673/4/4 2674/4/4 2539/4/4 2538/4/4
f 2652/4/5 2673/4/5 2538/4/5 2512/4/5
f 2674/4/4 2675/4/4 2540/4/4 2539/4/4
f 2540/4/6 2675/4/6 2653/4/6 2515/4/6
f 2676/4/4 2677/4/4 2545/4/4 2544/4/4
f 2654/4/5 2676/4/5 2544/4/5 2522/4/5
f 2677/4/4 2678/4/4 2546/4/4 2545/4/4
f 2678/4/4 2679/4/4 2547/4/4 2546/4/4
f 2679/4/4 2680/4/4 2548/4/4 2547/4/4
f 2680/4/4 2681/4/4 2549/4/4 2548/4/4
f 2681/4/4 2682/4/4 2550/4/4 2549/4/4
f 2550/4/6 2682/4/6 2655/4/6 2523/4/6
f 2683/4/1 2684/4/1 2657/4/1 2656/4/1
f 2685/4/4 2686/4/4 2684/4/4 2683/4/4
f 2658/4/5 2685/4/5 2683/4/5 2656/4/5
f 2684/4/1 2551/4/1 2524/4/1 2657/4/1
f 2686/4/4 2687/4/4 2551/4/4 2684/4/4
f 2687/4/4 2688/4/4 2552/4/4 2551/4/4
f 2688/5/4 2689/5/4 2553/5/4 2552/5/4
f 2553/5/6 2689/5/6 2659/5/6 2525/5/6
f 2554/11/3 2690/11/3 2691/11/3 2555/11/3
f 2691/11/5 2692/11/5 2556/11/5 2555/11/5
f 2557/4/3 2693/4/3 2690/4/3 2554/4/3
f 2558/4/6 2694/4/6 2693/4/6 2557/4/6
f 2559/4/3 2695/4/3 2696/4/3 2560/4/3
f 2696/4/5 2697/4/5 2561/4/5 2560/4/5
f 2562/4/3 2698/4/3 2695/4/3 2559/4/3
f 2699/4/2 2700/4/2 2701/4/2 2698/4/2
f 2563/4/3 2699/4/3 2698/4/3 2562/4/3
f 2702/4/2 2703/4/2 2700/4/2 2699/4/2
f 2564/4/3 2702/4/3 2699/4/3 2563/4/3
f 2565/4/3 2704/4/3 2702/4/3 2564/4/3
f 2566/4/3 2705/4/3 2704/4/3 2565/4/3
f 2567/4/3 2706/4/3 2705/4/3 2566/4/3
f 2568/4/3 2707/4/3 2706/4/3 2567/4/3
f 2569/4/6 2708/4/6 2707/4/6 2568/4/6
f 2570/4/3 2709/4/3 2710/4/3 2571/4/3
f 2710/4/5 2711/4/5 2572/4/5 2571/4/5
f 2573/4/3 2712/4/3 2709/4/3 2570/4/3
f 2718/4/2 2719/4/2 2720/4/2 2721/4/2
f 2578/4/3 2718/4/3 2721/4/3 2579/4/3
f 2721/4/5 2720/4/5 2580/4/5 2579/4/5
f 2722/4/2 2723/4/2 2719/4/2 2718/4/2
f 2581/4/3 2722/4/3 2718/4/3 2578/4/3
f 2582/4/6 2723/4/6 2722/4/6 2581/4/6
f 2583/4/3 2724/4/3 2725/4/3 2584/4/3
f 2725/4/5 2726/4/5 2585/4/5 2584/4/5
f 2586/5/3 2727/5/3 2724/5/3 2583/5/3
f 2587/5/6 2728/5/6 2727/5/6 2586/5/6
f 2692/11/5 2729/11/5 2588/11/5 2556/11/5
f 2589/4/6 2730/4/6 2694/4/6 2558/4/6
f 2697/4/5 2731/4/5 2590/4/5 2561/4/5
f 2700/4/2 2732/4/2 2733/4/2 2701/4/2
f 2703/4/2 2734/4/2 2732/4/2 2700/4/2
f 2591/4/6 2735/4/6 2708/4/6 2569/4/6
f 2711/4/5 2736/4/5 2592/4/5 2572/4/5
f 2719/4/2 2738/4/2 2739/4/2 2720/4/2
f 2720/4/5 2739/4/5 2594/4/5 2580/4/5
f 2723/4/2 2740/4/2 2738/4/2 2719/4/2
f 2595/4/6 2740/4/6 2723/4/6 2582/4/6
f 2726/4/5 2741/4/5 2596/4/5 2585/4/5
f 2597/5/6 2742/5/6 2728/5/6 2587/5/6
f 2729/11/5 2743/11/5 2598/11/5 2588/11/5
f 2599/4/3 2744/4/3 2730/4/3 2589/4/3
f 2600/4/3 2745/4/3 2744/4/3 2599/4/3
f 2746/4/2 2747/4/2 2748/4/2 2745/4/2
f 2601/4/3 2746/4/3 2745/4/3 2600/4/3
f 2731/4/2 2749/4/2 2747/4/2 2746/4/2
f 2590/4/3 2731/4/3 2746/4/3 2601/4/3
f 2732/4/2 2750/4/2 2751/4/2 2733/4/2
f 2734/4/2 2752/4/2 2750/4/2 2732/4/2
f 2753/4/2 2754/4/2 2752/4/2 2734/4/2
f 2755/4/2 2756/4/2 2754/4/2 2753/4/2
f 2602/4/3 2757/4/3 2735/4/3 2591/4/3
f 2603/4/3 2758/4/3 2757/4/3 2602/4/3
f 2759/4/2 2760/4/2 2761/4/2 2758/4/2
f 2604/4/3 2759/4/3 2758/4/3 2603/4/3
f 2762/4/2 2763/4/2 2760/4/2 2759/4/2
f 2605/4/3 2762/4/3 2759/4/3 2604/4/3
f 2764/4/2 2765/4/2 2763/4/2 2762/4/2
f 2606/4/3 2764/4/3 2762/4/3 2605/4/3
f 2736/4/2 2766/4/2 2765/4/2 2764/4/2
f 2592/4/3 2736/4/3 2764/4/3 2606/4/3
f 2767/4/2 2768/4/2 2766/4/2 2736/4/2
f 2769/4/2 2770/4/2 2768/4/2 2767/4/2
f 2774/4/2 2775/4/2 2773/4/2 2737/4/2
f 2608/4/3 2774/4/3 2737/4/3 2607/4/3
f 2739/4/2 2776/4/2 2775/4/2 2774/4/2
f 2594/4/3 2739/4/3 2774/4/3 2608/4/3
f 2609/4/3 2777/4/3 2740/4/3 2595/4/3
f 2596/4/3 2741/4/3 2777/4/3 2609/4/3
f 2610/5/6 2778/5/6 2742/5/6 2597/5/6
f 2743/11/5 2779/11/5 2611/11/5 2598/11/5
f 2747/4/2 2780/4/2 2781/4/2 2748/4/2
f 2749/4/2 2782/4/2 2780/4/2 2747/4/2
f 2750/4/2 2783/4/2 2784/4/2 2751/4/2
f 2752/4/2 2785/4/2 2783/4/2 2750/4/2
f 2754/4/2 2786/4/2 2785/4/2 2752/4/2
f 2756/4/2 2787/4/2 2786/4/2 2754/4/2
f 2760/4/2 2788/4/2 2789/4/2 2761/4/2
f 2763/4/2 2790/4/2 2788/4/2 2760/4/2
f 2765/4/2 2791/4/2 2790/4/2 2763/4/2
f 2766/4/2 2792/4/2 2791/4/2 2765/4/2
f 2768/4/2 2793/4/2 2792/4/2 2766/4/2
f 2770/4/2 2794/4/2 2793/4/2 2768/4/2
f 2772/4/2 2795/4/2 2794/4/2 2770/4/2
f 2773/4/2 2796/4/2 2795/4/2 2772/4/2
f 2775/4/2 2797/4/2 2796/4/2 2773/4/2
f 2776/4/2 2798/4/2 2797/4/2 2775/4/2
f 2612/5/6 2799/5/6 2778/5/6 2610/5/6
f 2779/11/5 2800/11/5 2613/11/5 2611/11/5
f 2783/4/2 2801/4/2 2802/4/2 2784/4/2
f 2785/4/2 2803/4/2 2801/4/2 2783/4/2
f 2804/4/2 2805/4/2 2806/4/2 2787/4/2
f 2807/4/2 2808/4/2 2805/4/2 2804/4/2
f 2793/4/2 2809/4/2 2810/4/2 2792/4/2
f 2794/4/2 2811/4/2 2809/4/2 2793/4/2
f 2795/4/2 2812/4/2 2811/4/2 2794/4/2
f 2796/4/2 2813/4/2 2812/4/2 2795/4/2
f 2614/5/6 2814/5/6 2799/5/6 2612/5/6
f 2800/11/5 2815/11/5 2615/11/5 2613/11/5
f 2801/4/2 2816/4/2 2817/4/2 2802/4/2
f 2803/4/2 2818/4/2 2816/4/2 2801/4/2
f 2805/4/2 2819/4/2 2820/4/2 2806/4/2
f 2808/4/2 2821/4/2 2819/4/2 2805/4/2
f 2809/4/2 2822/4/2 2823/4/2 2810/4/2
f 2811/4/2 2824/4/2 2822/4/2 2809/4/2
f 2812/4/2 2825/4/2 2824/4/2 2811/4/2
f 2813/4/2 2826/4/2 2825/4/2 2812/4/2
f 2616/5/6 2827/5/6 2814/5/6 2614/5/6
f 2815/11/5 2828/11/5 2617/11/5 2615/11/5
f 2829/4/2 2830/4/2 2831/4/2 2832/4/2
f 2833/4/2 2834/4/2 2830/4/2 2829/4/2
f 2835/4/2 2836/4/2 2834/4/2 2833/4/2
f 2837/4/2 2838/4/2 2836/4/2 2835/4/2
f 2839/4/2 2840/4/2 2841/4/2 2821/4/2
f 2842/4/2 2843/4/2 2840/4/2 2839/4/2
f 2825/4/2 2844/4/2 2845/4/2 2824/4/2
f 2826/4/2 2846/4/2 2844/4/2 2825/4/2
f 2847/4/2 2848/4/2 2846/4/2 2826/4/2
f 2849/4/2 2850/4/2 2848/4/2 2847/4/2
f 2618/5/6 2851/5/6 2827/5/6 2616/5/6
f 2828/11/5 2852/11/5 2619/11/5 2617/11/5
f 2830/4/2 2853/4/2 2854/4/2 2831/4/2
f 2834/4/2 2855/4/2 2853/4/2 2830/4/2
f 2836/4/2 2856/4/2 2855/4/2 2834/4/2
f 2838/4/2 2857/4/2 2856/4/2 2836/4/2
f 2840/4/2 2858/4/2 2859/4/2 2841/4/2
f 2843/4/2 2860/4/2 2858/4/2 2840/4/2
f 2844/4/2 2861/4/2 2862/4/2 2845/4/2
f 2846/4/2 2863/4/2 2861/4/2 2844/4/2
f 2848/4/2 2864/4/2 2863/4/2 2846/4/2
f 2850/4/2 2865/4/2 2864/4/2 2848/4/2
f 2620/5/6 2866/5/6 2851/5/6 2618/5/6
f 2852/11/5 2867/11/5 2621/11/5 2619/11/5
f 2856/4/2 2868/4/2 2869/4/2 2855/4/2
f 2857/4/2 2870/4/2 2868/4/2 2856/4/2
f 2871/4/2 2872/4/2 2870/4/2 2857/4/2
f 2873/4/2 2874/4/2 2872/4/2 2871/4/2
f 2858/5/2 2875/5/2 2876/5/2 2859/5/2
f 2860/4/2 2877/4/2 2875/4/2 2858/4/2
f 2878/4/2 2879/4/2 2880/4/2 2881/4/2
f 2862/4/2 2882/4/2 2879/4/2 2878/4/2
f 2861/4/2 2883/4/2 2882/4/2 2862/4/2
f 2863/4/2 2884/4/2 2883/4/2 2861/4/2
f 2864/4/2 2885/4/2 2884/4/2 2863/4/2
f 2865/4/2 2886/4/2 2885/4/2 2864/4/2
f 2622/5/6 2887/5/6 2866/5/6 2620/5/6
f 2867/11/5 2888/11/5 2623/11/5 2621/11/5
f 2868/4/2 2889/4/2 2890/4/2 2869/4/2
f 2870/4/2 2891/4/2 2889/4/2 2868/4/2
f 2872/4/2 2892/4/2 2891/4/2 2870/4/2
f 2874/4/2 2893/4/2 2892/4/2 2872/4/2
f 2875/4/2 2894/4/2 2895/4/2 2876/4/2
f 2877/4/2 2896/4/2 2894/4/2 2875/4/2
f 2879/4/2 2897/4/2 2898/4/2 2880/4/2
f 2882/4/2 2899/4/2 2897/4/2 2879/4/2
f 2883/4/2 2900/4/2 2899/4/2 2882/4/2
f 2884/4/2 2901/4/2 2900/4/2 2883/4/2
f 2885/4/2 2902/4/2 2901/4/2 2884/4/2
f 2886/4/2 2903/4/2 2902/4/2 2885/4/2
f 2624/5/6 2904/5/6 2887/5/6 2622/5/6
f 2888/11/5 2905/11/5 2625/11/5 2623/11/5
f 2906/4/2 2907/4/2 2908/4/2 2909/4/2
f 2890/4/2 2910/4/2 2907/4/2 2906/4/2
f 2911/4/2 2912/4/2 2913/4/2 2893/4/2
f 2914/4/2 2915/4/2 2912/4/2 2911/4/2
f 2902/4/2 2916/4/2 2917/4/2 2901/4/2
f 2903/4/2 2918/4/2 2916/4/2 2902/4/2
f 2919/4/2 2920/4/2 2918/4/2 2903/4/2
f 2921/4/2 2922/4/2 2920/4/2 2919/4/2
f 2626/5/6 2923/5/6 2904/5/6 2624/5/6
f 2905/11/5 2924/11/5 2627/11/5 2625/11/5
f 2907/4/2 2925/4/2 2926/4/2 2908/4/2
f 2910/4/2 2927/4/2 2925/4/2 2907/4/2
f 2912/4/2 2928/4/2 2929/4/2 2913/4/2
f 2915/4/2 2930/4/2 2928/4/2 2912/4/2
f 2916/4/2 2931/4/2 2932/4/2 2917/4/2
f 2918/4/2 2933/4/2 2931/4/2 2916/4/2
f 2920/4/2 2934/4/2 2933/4/2 2918/4/2
f 2922/4/2 2935/4/2 2934/4/2 2920/4/2
f 2628/5/6 2936/5/6 2923/5/6 2626/5/6
f 2924/11/5 2937/11/5 2629/11/5 2627/11/5
f 2925/4/2 2938/4/2 2939/4/2 2926/4/2
f 2927/4/2 2940/4/2 2938/4/2 2925/4/2
f 2941/4/2 2942/4/2 2943/4/2 2930/4/2
f 2944/4/2 2945/4/2 2942/4/2 2941/4/2
f 2946/4/2 2947/4/2 2945/4/2 2944/4/2
f 2948/4/2 2949/4/2 2947/4/2 2946/4/2
f 2630/5/6 2950/5/6 2936/5/6 2628/5/6
f 2937/11/5 2951/11/5 2631/11/5 2629/11/5
f 2938/4/2 2952/4/2 2953/4/2 2939/4/2
f 2940/4/2 2954/4/2 2952/4/2 2938/4/2
f 2954/4/4 2955/4/4 2633/4/4 2632/4/4
f 2955/4/4 2956/4/4 2634/4/4 2633/4/4
f 2942/4/2 2957/4/2 2958/4/2 2943/4/2
f 2945/4/2 2959/4/2 2957/4/2 2942/4/2
f 2947/4/2 2960/4/2 2959/4/2 2945/4/2
f 2959/4/4 2960/4/4 2636/4/4 2635/4/4
f 2949/4/2 2961/4/2 2960/4/2 2947/4/2
f 2960/4/4 2961/4/4 2637/4/4 2636/4/4
f 2962/4/4 2963/4/4 2639/4/4 2638/4/4
f 2963/4/4 2964/4/4 2640/4/4 2639/4/4
f 2964/4/4 2965/4/4 2641/4/4 2640/4/4
f 2965/4/4 2966/4/4 2642/4/4 2641/4/4
f 2967/4/4 2968/4/4 2644/4/4 2643/4/4
f 2968/4/4 2969/4/4 2645/4/4 2644/4/4
f 2646/5/6 2970/5/6 2950/5/6 2630/5/6
f 2951/11/5 2971/11/5 2647/11/5 2631/11/5
f 2952/4/2 2972/4/2 2973/4/2 2953/4/2
f 2954/4/2 2974/4/2 2972/4/2 2952/4/2
f 2648/4/6 2974/4/6 2954/4/6 2632/4/6
f 2956/4/5 2975/4/5 2649/4/5 2634/4/5
f 2976/4/2 2977/4/2 2978/4/2 2979/4/2
f 2958/4/2 2980/4/2 2977/4/2 2976/4/2
f 2651/4/6 2981/4/6 2959/4/6 2635/4/6
f 2982/4/2 2983/4/2 2984/4/2 2961/4/2
f 2961/4/5 2984/4/5 2652/4/5 2637/4/5
f 2962/4/2 2985/4/2 2983/4/2 2982/4/2
f 2653/4/6 2985/4/6 2962/4/6 2638/4/6
f 2986/4/2 2987/4/2 2988/4/2 2966/4/2
f 2966/4/5 2988/4/5 2654/4/5 2642/4/5
f 2989/4/2 2990/4/2 2987/4/2 2986/4/2
f 2655/4/6 2991/4/6 2967/4/6 2643/4/6
f 2992/4/2 2993/4/2 2994/4/2 2969/4/2
f 2969/4/5 2994/4/5 2658/4/5 2645/4/5
f 2995/4/2 2996/4/2 2993/4/2 2992/4/2
f 2659/5/6 2997/5/6 2970/5/6 2646/5/6
f 2998/11/4 2999/11/4 2661/11/4 2660/11/4
f 2971/11/5 2998/11/5 2660/11/5 2647/11/5
f 2999/4/4 3000/4/4 2662/4/4 2661/4/4
f 2972/4/2 3001/4/2 3000/4/2 2973/4/2
f 3000/4/4 3001/4/4 2663/4/4 2662/4/4
f 2974/4/2 3002/4/2 3001/4/2 2972/4/2
f 3001/4/4 3002/4/4 2664/4/4 2663/4/4
f 2664/4/6 3002/4/6 2974/4/6 2648/4/6
f 3003/4/4 3004/4/4 2666/4/4 2665/4/4
f 2975/4/5 3003/4/5 2665/4/5 2649/4/5
f 3004/4/4 3005/4/4 2667/4/4 2666/4/4
f 2977/4/2 3006/4/2 3005/4/2 2978/4/2
f 3005/4/4 3006/4/4 2669/4/4 2667/4/4
f 2980/4/2 3007/4/2 3006/4/2 2977/4/2
f 3006/4/4 3007/4/4 2670/4/4 2669/4/4
f 3007/4/4 3008/4/4 2671/4/4 2670/4/4
f 3008/4/4 3009/4/4 2672/4/4 2671/4/4
f 2672/4/6 3009/4/6 2981/4/6 2651/4/6
f 2983/4/2 3010/4/2 3011/4/2 2984/4/2
f 3011/4/4 3010/4/4 2674/4/4 2673/4/4
f 2984/4/5 3011/4/5 2673/4/5 2652/4/5
f 2985/4/2 3012/4/2 3010/4/2 2983/4/2
f 3010/4/4 3012/4/4 2675/4/4 2674/4/4
f 2675/4/6 3012/4/6 2985/4/6 2653/4/6
f 2987/4/2 3013/4/2 3014/4/2 2988/4/2
f 3014/4/4 3013/4/4 2677/4/4 2676/4/4
f 2988/4/5 3014/4/5 2676/4/5 2654/4/5
f 2990/4/2 3015/4/2 3013/4/2 2987/4/2
f 3013/4/4 3015/4/4 2678/4/4 2677/4/4
f 3015/4/4 3016/4/4 2679/4/4 2678/4/4
f 3016/4/4 3017/4/4 2680/4/4 2679/4/4
f 3017/4/4 3018/4/4 2681/4/4 2680/4/4
f 3018/4/4 3019/4/4 2682/4/4 2681/4/4
f 2682/4/6 3019/4/6 2991/4/6 2655/4/6
f 2993/4/2 3020/4/2 3021/4/2 2994/4/2
f 3021/4/4 3020/4/4 2686/4/4 2685/4/4
f 2994/4/5 3021/4/5 2685/4/5 2658/4/5
f 2996/4/2 3022/4/2 3020/4/2 2993/4/2
f 3020/4/4 3022/4/4 2687/4/4 2686/4/4
f 3022/4/4 3023/4/4 2688/4/4 2687/4/4
f 3023/5/4 3024/5/4 2689/5/4 2688/5/4
f 2689/5/6 3024/5/6 2997/5/6 2659/5/6
f 2690/11/3 3025/11/3 3026/11/3 2691/11/3
f 3026/11/5 3027/11/5 2692/11/5 2691/11/5
f 2693/4/3 3028/4/3 3025/4/3 2690/4/3
f 2694/4/6 3029/4/6 3028/4/6 2693/4/6
f 2695/4/3 3030/4/3 3031/4/3 2696/4/3
f 3031/4/5 3032/4/5 2697/4/5 2696/4/5
f 2698/4/3 3033/4/3 3030/4/3 2695/4/3
f 2701/4/6 3034/4/6 3033/4/6 2698/4/6
f 2704/4/3 3035/4/3 3036/4/3 2702/4/3
f 3036/4/5 3037/4/5 2703/4/5 2702/4/5
f 2705/4/3 3038/4/3 3035/4/3 2704/4/3
f 2706/4/3 3039/4/3 3038/4/3 2705/4/3
f 2707/4/3 3040/4/3 3039/4/3 2706/4/3
f 2708/4/6 3041/4/6 3040/4/6 2707/4/6
f 2709/4/3 3042/4/3 3043/4/3 2710/4/3
f 3043/4/5 3044/4/5 2711/4/5 2710/4/5
f 2712/4/3 3045/4/3 3042/4/3 2709/4/3
f 2713/4/3 3046/4/3 3045/4/3 2712/4/3
f 2716/11/3 3047/11/3 3046/11/3 2713/11/3
f 2717/11/6 3048/11/6 3047/11/6 2716/11/6
f 2723/4/1 3049/4/1 3050/4/1 2722/4/1
f 3050/4/3 3051/4/3 3052/4/3 2722/4/3
f 3052/4/5 3053/4/5 2723/4/5 2722/4/5
f 3049/4/1 2726/4/1 2725/4/1 3050/4/1
f 2725/4/3 3054/4/3 3051/4/3 3050/4/3
f 2724/4/3 3055/4/3 3054/4/3 2725/4/3
f 2727/5/3 3056/5/3 3055/5/3 2724/5/3
f 2728/5/6 3057/5/6 3056/5/6 2727/5/6
f 3027/11/5 3058/11/5 2729/11/5 2692/11/5
f 2730/4/6 3059/4/6 3029/4/6 2694/4/6
f 3032/4/5 3060/4/5 2731/4/5 2697/4/5
f 2733/4/6 3061/4/6 3034/4/6 2701/4/6
f 3062/4/4 3063/4/4 2753/4/4 2734/4/4
f 3037/4/5 3062/4/5 2734/4/5 2703/4/5
f 3063/4/4 3064/4/4 2755/4/4 2753/4/4
f 2735/4/6 3065/4/6 3041/4/6 2708/4/6
f 3066/4/4 3067/4/4 2767/4/4 2736/4/4
f 3044/4/5 3066/4/5 2736/4/5 2711/4/5
f 3067/4/4 3068/4/4 2769/4/4 2767/4/4
f 3068/4/4 3069/4/4 2771/4/4 2769/4/4
f 3069/4/4 3070/4/4 2737/4/4 2771/4/4
f 2737/4/6 3070/4/6 3048/4/6 2717/4/6
f 2740/4/1 2777/4/1 3049/4/1 2723/4/1
f 3053/4/5 3071/4/5 2740/4/5 2723/4/5
f 2777/4/1 2741/4/1 2726/4/1 3049/4/1
f 2742/5/6 3072/5/6 3057/5/6 2728/5/6
f 3058/11/5 3073/11/5 2743/11/5 2729/11/5
f 2744/4/3 3074/4/3 3059/4/3 2730/4/3
f 2745/4/3 3075/4/3 3074/4/3 2744/4/3
f 2748/4/6 3076/4/6 3075/4/6 2745/4/6
f 3060/4/5 3077/4/5 2749/4/5 2731/4/5
f 2751/4/6 3078/4/6 3061/4/6 2733/4/6
f 3064/4/5 3079/4/5 2756/4/5 2755/4/5
f 2757/4/3 3080/4/3 3065/4/3 2735/4/3
f 2758/4/3 3081/4/3 3080/4/3 2757/4/3
f 2761/4/6 3082/4/6 3081/4/6 2758/4/6
f 2738/4/3 3083/4/3 3084/4/3 2739/4/3
f 3084/4/5 3085/4/5 2776/4/5 2739/4/5
f 2740/4/3 3071/4/3 3083/4/3 2738/4/3
f 2778/5/6 3086/5/6 3072/5/6 2742/5/6
f 3073/11/5 3087/11/5 2779/11/5 2743/11/5
f 2781/4/6 3088/4/6 3076/4/6 2748/4/6
f 3077/4/5 3089/4/5 2782/4/5 2749/4/5
f 2784/4/6 3090/4/6 3078/4/6 2751/4/6
f 3091/4/4 3092/4/4 2804/4/4 2787/4/4
f 3079/4/5 3091/4/5 2787/4/5 2756/4/5
f 3092/4/4 3093/4/4 2807/4/4 2804/4/4
f 2789/4/6 3094/4/6 3082/4/6 2761/4/6
f 3085/4/5 3095/4/5 2798/4/5 2776/4/5
f 2799/5/6 3096/5/6 3086/5/6 2778/5/6
f 3087/11/5 3097/11/5 2800/11/5 2779/11/5
f 2780/4/3 3098/4/3 3088/4/3 2781/4/3
f 2782/4/3 3089/4/3 3098/4/3 2780/4/3
f 2802/4/6 3099/4/6 3090/4/6 2784/4/6
f 2786/4/3 3100/4/3 3101/4/3 2785/4/3
f 3101/4/5 3102/4/5 2803/4/5 2785/4/5
f 2787/4/3 3091/4/3 3100/4/3 2786/4/3
f 2806/4/6 3103/4/6 3091/4/6 2787/4/6
f 3093/4/5 3104/4/5 2808/4/5 2807/4/5
f 2788/4/3 3105/4/3 3094/4/3 2789/4/3
f 2790/4/3 3106/4/3 3105/4/3 2788/4/3
f 2791/4/3 3107/4/3 3106/4/3 2790/4/3
f 2792/4/3 3108/4/3 3107/4/3 2791/4/3
f 2810/4/6 3109/4/6 3108/4/6 2792/4/6
f 2797/4/3 3110/4/3 3111/4/3 2796/4/3
f 3111/4/5 3112/4/5 2813/4/5 2796/4/5
f 2798/4/3 3095/4/3 3110/4/3 2797/4/3
f 2814/5/6 3113/5/6 3096/5/6 2799/5/6
f 3097/11/5 3114/11/5 2815/11/5 2800/11/5
f 3115/4/4 3116/4/4 2829/4/4 2832/4/4
f 3116/4/4 3117/4/4 2833/4/4 2829/4/4
f 3117/4/4 3118/4/4 2835/4/4 2833/4/4
f 3118/4/4 3119/4/4 2837/4/4 2835/4/4
f 2817/4/6 3120/4/6 3099/4/6 2802/4/6
f 3102/4/5 3121/4/5 2818/4/5 2803/4/5
f 2820/4/6 3122/4/6 3103/4/6 2806/4/6
f 3123/4/4 3124/4/4 2839/4/4 2821/4/4
f 3104/4/5 3123/4/5 2821/4/5 2808/4/5
f 3124/4/4 3125/4/4 2842/4/4 2839/4/4
f 2823/4/6 3126/4/6 3109/4/6 2810/4/6
f 3127/4/4 3128/4/4 2847/4/4 2826/4/4
f 3112/4/5 3127/4/5 2826/4/5 2813/4/5
f 3128/4/4 3129/4/4 2849/4/4 2847/4/4
f 2827/5/6 3130/5/6 3113/5/6 2814/5/6
f 3114/11/5 3131/11/5 2828/11/5 2815/11/5
f 2831/4/6 3132/4/6 3115/4/6 2832/4/6
f 3119/4/5 3133/4/5 2838/4/5 2837/4/5
f 2816/4/3 3134/4/3 3120/4/3 2817/4/3
f 2818/4/3 3121/4/3 3134/4/3 2816/4/3
f 2819/4/3 3135/4/3 3122/4/3 2820/4/3
f 2821/4/3 3123/4/3 3135/4/3 2819/4/3
f 2841/4/6 3136/4/6 3123/4/6 2821/4/6
f 3125/4/5 3137/4/5 2843/4/5 2842/4/5
f 2822/4/3 3138/4/3 3126/4/3 2823/4/3
f 2824/4/3 3139/4/3 3138/4/3 2822/4/3
f 2845/4/6 3140/4/6 3139/4/6 2824/4/6
f 3129/4/5 3141/4/5 2850/4/5 2849/4/5
f 2851/5/6 3142/5/6 3130/5/6 2827/5/6
f 3131/11/5 3143/11/5 2852/11/5 2828/11/5
f 2854/4/6 3144/4/6 3132/4/6 2831/4/6
f 3145/4/4 3146/4/4 2871/4/4 2857/4/4
f 3133/4/5 3145/4/5 2857/4/5 2838/4/5
f 3146/4/4 3147/4/4 2873/4/4 2871/4/4
f 2859/4/6 3148/4/6 3136/4/6 2841/4/6
f 3137/4/5 3149/4/5 2860/4/5 2843/4/5
f 3150/4/4 3151/4/4 2878/4/4 2881/4/4
f 3151/4/4 3152/4/4 2862/4/4 2878/4/4
f 2862/4/6 3152/4/6 3140/4/6 2845/4/6
f 3141/4/5 3153/4/5 2865/4/5 2850/4/5
f 2866/5/6 3154/5/6 3142/5/6 2851/5/6
f 3143/11/5 3155/11/5 2867/11/5 2852/11/5
f 2853/4/3 3156/4/3 3144/4/3 2854/4/3
f 2855/4/3 3157/4/3 3156/4/3 2853/4/3
f 2869/4/6 3158/4/6 3157/4/6 2855/4/6
f 3147/4/5 3159/4/5 2874/4/5 2873/4/5
f 2876/4/6 3160/4/6 3148/4/6 2859/4/6
f 3149/4/5 3161/4/5 2877/4/5 2860/4/5
f 2880/4/6 3162/4/6 3150/4/6 2881/4/6
f 3153/4/5 3163/4/5 2886/4/5 2865/4/5
f 2887/5/6 3164/5/6 3154/5/6 2866/5/6
f 3155/11/5 3165/11/5 2888/11/5 2867/11/5
f 3166/4/4 3167/4/4 2906/4/4 2909/4/4
f 3167/4/4 3168/4/4 2890/4/4 2906/4/4
f 2890/4/6 3168/4/6 3158/4/6 2869/4/6
f 3169/4/4 3170/4/4 2911/4/4 2893/4/4
f 3159/4/5 3169/4/5 2893/4/5 2874/4/5
f 3170/4/4 3171/4/4 2914/4/4 2911/4/4
f 2895/4/6 3172/4/6 3160/4/6 2876/4/6
f 3161/4/5 3173/4/5 2896/4/5 2877/4/5
f 2898/4/6 3174/4/6 3162/4/6 2880/4/6
f 3175/4/4 3176/4/4 2919/4/4 2903/4/4
f 3163/4/5 3175/4/5 2903/4/5 2886/4/5
f 3176/4/4 3177/4/4 2921/4/4 2919/4/4
f 2904/5/6 3178/5/6 3164/5/6 2887/5/6
f 3165/11/5 3179/11/5 2905/11/5 2888/11/5
f 2908/4/6 3180/4/6 3166/4/6 2909/4/6
f 2889/4/3 3181/4/3 3168/4/3 2890/4/3
f 3168/4/5 3182/4/5 2910/4/5 2890/4/5
f 2891/4/3 3183/4/3 3181/4/3 2889/4/3
f 2892/4/3 3184/4/3 3183/4/3 2891/4/3
f 2893/4/3 3169/4/3 3184/4/3 2892/4/3
f 2913/4/6 3185/4/6 3169/4/6 2893/4/6
f 3171/4/5 3186/4/5 2915/4/5 2914/4/5
f 2894/4/3 3187/4/3 3172/4/3 2895/4/3
f 2896/4/3 3173/4/3 3187/4/3 2894/4/3
f 2897/4/3 3188/4/3 3174/4/3 2898/4/3
f 2899/4/3 3189/4/3 3188/4/3 2897/4/3
f 2900/4/3 3190/4/3 3189/4/3 2899/4/3
f 2901/4/3 3191/4/3 3190/4/3 2900/4/3
f 2917/4/6 3192/4/6 3191/4/6 2901/4/6
f 3177/4/5 3193/4/5 2922/4/5 2921/4/5
f 2923/5/6 3194/5/6 3178/5/6 2904/5/6
f 3179/11/5 3195/11/5 2924/11/5 2905/11/5
f 2926/4/6 3196/4/6 3180/4/6 2908/4/6
f 3182/4/5 3197/4/5 2927/4/5 2910/4/5
f 2929/4/6 3198/4/6 3185/4/6 2913/4/6
f 3199/4/4 3200/4/4 2941/4/4 2930/4/4
f 3186/4/5 3199/4/5 2930/4/5 2915/4/5
f 3200/4/4 3201/4/4 2944/4/4 2941/4/4
f 3201/4/4 3202/4/4 2946/4/4 2944/4/4
f 3202/4/4 3203/4/4 2948/4/4 2946/4/4
f 2932/4/6 3204/4/6 3192/4/6 2917/4/6
f 3193/4/5 3205/4/5 2935/4/5 2922/4/5
f 2936/5/6 3206/5/6 3194/5/6 2923/5/6
f 3195/11/5 3207/11/5 2937/11/5 2924/11/5
f 2939/4/6 3208/4/6 3196/4/6 2926/4/6
f 3197/4/5 3209/4/5 2940/4/5 2927/4/5
f 2928/4/3 3210/4/3 3198/4/3 2929/4/3
f 2930/4/3 3199/4/3 3210/4/3 2928/4/3
f 2943/4/6 3211/4/6 3199/4/6 2930/4/6
f 3203/4/5 3212/4/5 2949/4/5 2948/4/5
f 2931/4/3 3213/4/3 3204/4/3 2932/4/3
f 2933/4/3 3214/4/3 3213/4/3 2931/4/3
f 2934/4/3 3215/4/3 3214/4/3 2933/4/3
f 2935/4/3 3205/4/3 3215/4/3 2934/4/3
f 2950/5/6 3216/5/6 3206/5/6 2936/5/6
f 3207/11/5 3217/11/5 2951/11/5 2937/11/5
f 2953/4/6 3218/4/6 3208/4/6 2939/4/6
f 3219/4/4 3220/4/4 2955/4/4 2954/4/4
f 3209/4/5 3219/4/5 2954/4/5 2940/4/5
f 3220/4/4 3221/4/4 2956/4/4 2955/4/4
f 3222/4/4 3223/4/4 2976/4/4 2979/4/4
f 3223/4/4 3224/4/4 2958/4/4 2976/4/4
f 2958/4/6 3224/4/6 3211/4/6 2943/4/6
f 3225/4/4 3226/4/4 2982/4/4 2961/4/4
f 3212/4/5 3225/4/5 2961/4/5 2949/4/5
f 3226/4/4 3227/4/4 2962/4/4 2982/4/4
f 3227/4/4 3228/4/4 2963/4/4 2962/4/4
f 3228/4/4 3229/4/4 2964/4/4 2963/4/4
f 3230/4/4 3231/4/4 2986/4/4 2966/4/4
f 3231/4/4 3232/4/4 2989/4/4 2986/4/4
f 3233/4/4 3234/4/4 2968/4/4 2967/4/4
f 3234/4/4 3235/4/4 2969/4/4 2968/4/4
f 3235/4/4 3236/4/4 2992/4/4 2969/4/4
f 3236/4/4 3237/4/4 2995/4/4 2992/4/4
f 2970/5/6 3238/5/6 3216/5/6 2950/5/6
f 3217/11/5 3239/11/5 2971/11/5 2951/11/5
f 2973/4/6 3240/4/6 3218/4/6 2953/4/6
f 3221/4/5 3241/4/5 2975/4/5 2956/4/5
f 2978/4/6 3242/4/6 3222/4/6 2979/4/6
f 2957/4/3 3243/4/3 3224/4/3 2958/4/3
f 3224/4/5 3244/4/5 2980/4/5 2958/4/5
f 2959/4/3 3245/4/3 3243/4/3 2957/4/3
f 2981/4/1 3246/4/1 2960/4/1 2959/4/1
f 2960/4/3 3247/4/3 3245/4/3 2959/4/3
f 3246/4/1 2984/4/1 2961/4/1 2960/4/1
f 2961/4/3 3225/4/3 3247/4/3 2960/4/3
f 2984/4/6 3248/4/6 3225/4/6 2961/4/6
f 3249/4/1 3250/4/1 2965/4/1 2964/4/1
f 3229/4/5 3251/4/5 3249/4/5 2964/4/5
f 3250/4/1 2988/4/1 2966/4/1 2965/4/1
f 2988/4/6 3252/4/6 3230/4/6 2966/4/6
f 3232/5/5 3253/5/5 2990/5/5 2989/5/5
f 2991/4/6 3254/4/6 3233/4/6 2967/4/6
f 3237/4/5 3255/4/5 2996/4/5 2995/4/5
f 2997/5/6 3256/5/6 3238/5/6 2970/5/6
f 3257/11/4 3258/11/4 2999/11/4 2998/11/4
f 3239/11/5 3257/11/5 2998/11/5 2971/11/5
f 3258/11/4 3259/11/4 3000/11/4 2999/11/4
f 3000/11/6 3259/11/6 3240/11/6 2973/11/6
f 3260/4/4 3261/4/4 3004/4/4 3003/4/4
f 3241/4/5 3260/4/5 3003/4/5 2975/4/5
f 3261/4/4 3262/4/4 3005/4/4 3004/4/4
f 3005/4/6 3262/4/6 3242/4/6 2978/4/6
f 3263/4/4 3264/4/4 3008/4/4 3007/4/4
f 3244/4/5 3263/4/5 3007/4/5 2980/4/5
f 3264/4/4 3265/4/4 3009/4/4 3008/4/4
f 3009/4/1 3266/4/1 3246/4/1 2981/4/1
f 3265/4/4 3267/4/4 3266/4/4 3009/4/4
f 3266/4/1 3011/4/1 2984/4/1 3246/4/1
f 3267/4/4 3268/4/4 3011/4/4 3266/4/4
f 3011/4/6 3268/4/6 3248/4/6 2984/4/6
f 3269/4/1 3270/4/1 3250/4/1 3249/4/1
f 3271/4/4 3272/4/4 3270/4/4 3269/4/4
f 3251/4/5 3271/4/5 3269/4/5 3249/4/5
f 3270/4/1 3014/4/1 2988/4/1 3250/4/1
f 3272/4/4 3273/4/4 3014/4/4 3270/4/4
f 3014/4/6 3273/4/6 3252/4/6 2988/4/6
f 3274/4/4 3275/4/4 3016/4/4 3015/4/4
f 3253/4/5 3274/4/5 3015/4/5 2990/4/5
f 3275/4/4 3276/4/4 3017/4/4 3016/4/4
f 3276/4/4 3277/4/4 3018/4/4 3017/4/4
f 3277/4/4 3278/4/4 3019/4/4 3018/4/4
f 3019/4/6 3278/4/6 3254/4/6 2991/4/6
f 3279/4/4 3280/4/4 3023/4/4 3022/4/4
f 3255/4/5 3279/4/5 3022/4/5 2996/4/5
f 3280/5/4 3281/5/4 3024/5/4 3023/5/4
f 3024/5/6 3281/5/6 3256/5/6 2997/5/6
f 3282/11/2 3283/11/2 3284/11/2 3285/11/2
f 3025/11/3 3282/11/3 3285/11/3 3026/11/3
f 3285/11/5 3284/11/5 3027/11/5 3026/11/5
f 3286/4/2 3287/4/2 3283/4/2 3282/4/2
f 3028/4/3 3286/4/3 3282/4/3 3025/4/3
f 3029/4/6 3287/4/6 3286/4/6 3028/4/6
f 3288/4/2 3289/4/2 3290/4/2 3291/4/2
f 3030/4/3 3288/4/3 3291/4/3 3031/4/3
f 3291/4/5 3290/4/5 3032/4/5 3031/4/5
f 3292/4/2 3293/4/2 3289/4/2 3288/4/2
f 3033/4/3 3292/4/3 3288/4/3 3030/4/3
f 3034/4/6 3293/4/6 3292/4/6 3033/4/6
f 3294/4/2 3295/4/2 3296/4/2 3297/4/2
f 3035/4/3 3294/4/3 3297/4/3 3036/4/3
f 3297/4/5 3296/4/5 3037/4/5 3036/4/5
f 3298/4/2 3299/4/2 3295/4/2 3294/4/2
f 3038/4/3 3298/4/3 3294/4/3 3035/4/3
f 3300/4/2 3301/4/2 3299/4/2 3298/4/2
f 3039/4/3 3300/4/3 3298/4/3 3038/4/3
f 3302/4/2 3303/4/2 3301/4/2 3300/4/2
f 3040/4/3 3302/4/3 3300/4/3 3039/4/3
f 3041/4/6 3303/4/6 3302/4/6 3040/4/6
f 3304/4/2 3305/4/2 3306/4/2 3307/4/2
f 3042/4/3 3304/4/3 3307/4/3 3043/4/3
f 3307/4/5 3306/4/5 3044/4/5 3043/4/5
f 3308/4/2 3309/4/2 3305/4/2 3304/4/2
f 3045/4/3 3308/4/3 3304/4/3 3042/4/3
f 3310/4/2 3311/4/2 3309/4/2 3308/4/2
f 3046/4/3 3310/4/3 3308/4/3 3045/4/3
f 3312/4/2 3313/4/2 3311/4/2 3310/4/2
f 3047/4/3 3312/4/3 3310/4/3 3046/4/3
f 3048/4/6 3313/4/6 3312/4/6 3047/4/6
f 3314/4/2 3315/4/2 3316/4/2 3317/4/2
f 3051/4/3 3314/4/3 3317/4/3 3052/4/3
f 3317/4/5 3316/4/5 3053/4/5 3052/4/5
f 3318/4/2 3319/4/2 3315/4/2 3314/4/2
f 3054/4/3 3318/4/3 3314/4/3 3051/4/3
f 3320/4/2 3321/4/2 3319/4/2 3318/4/2
f 3055/4/3 3320/4/3 3318/4/3 3054/4/3
f 3322/5/2 3323/5/2 3321/5/2 3320/5/2
f 3056/5/3 3322/5/3 3320/5/3 3055/5/3
f 3057/5/6 3323/5/6 3322/5/6 3056/5/6
f 3283/11/2 3324/11/2 3325/11/2 3284/11/2
f 3284/11/5 3325/11/5 3058/11/5 3027/11/5
f 3287/4/2 3326/4/2 3324/4/2 3283/4/2
f 3059/4/6 3326/4/6 3287/4/6 3029/4/6
f 3289/4/2 3327/4/2 3328/4/2 3290/4/2
f 3290/4/5 3328/4/5 3060/4/5 3032/4/5
f 3293/4/2 3329/4/2 3327/4/2 3289/4/2
f 3061/4/6 3329/4/6 3293/4/6 3034/4/6
f 3295/4/2 3330/4/2 3331/4/2 3296/4/2
f 3331/4/4 3330/4/4 3063/4/4 3062/4/4
f 3296/4/5 3331/4/5 3062/4/5 3037/4/5
f 3299/4/2 3332/4/2 3330/4/2 3295/4/2
f 3330/4/4 3332/4/4 3064/4/4 3063/4/4
f 3301/4/2 3333/4/2 3332/4/2 3299/4/2
f 3303/4/2 3334/4/2 3333/4/2 3301/4/2
f 3065/4/6 3334/4/6 3303/4/6 3041/4/6
f 3305/4/2 3335/4/2 3336/4/2 3306/4/2
f 3336/4/4 3335/4/4 3067/4/4 3066/4/4
f 3306/4/5 3336/4/5 3066/4/5 3044/4/5
f 3309/4/2 3337/4/2 3335/4/2 3305/4/2
f 3335/4/4 3337/4/4 3068/4/4 3067/4/4
f 3311/4/2 3338/4/2 3337/4/2 3309/4/2
f 3337/4/4 3338/4/4 3069/4/4 3068/4/4
f 3313/4/2 3339/4/2 3338/4/2 3311/4/2
f 3338/4/4 3339/4/4 3070/4/4 3069/4/4
f 3070/4/6 3339/4/6 3313/4/6 3048/4/6
f 3315/4/2 3340/4/2 3341/4/2 3316/4/2
f 3316/4/5 3341/4/5 3071/4/5 3053/4/5
f 3319/4/2 3342/4/2 3340/4/2 3315/4/2
f 3321/4/2 3343/4/2 3342/4/2 3319/4/2
f 3323/5/2 3344/5/2 3343/5/2 3321/5/2
f 3072/5/6 3344/5/6 3323/5/6 3057/5/6
f 3324/11/2 3345/11/2 3346/11/2 3325/11/2
f 3325/11/5 3346/11/5 3073/11/5 3058/11/5
f 3326/4/2 3347/4/2 3345/4/2 3324/4/2
f 3348/4/2 3349/4/2 3347/4/2 3326/4/2
f 3074/4/3 3348/4/3 3326/4/3 3059/4/3
f 3350/4/2 3351/4/2 3349/4/2 3348/4/2
f 3075/4/3 3350/4/3 3348/4/3 3074/4/3
f 3076/4/6 3351/4/6 3350/4/6 3075/4/6
f 3327/4/2 3352/4/2 3353/4/2 3328/4/2
f 3328/4/5 3353/4/5 3077/4/5 3060/4/5
f 3329/4/2 3354/4/2 3352/4/2 3327/4/2
f 3078/4/6 3354/4/6 3329/4/6 3061/4/6
f 3333/4/2 3355/4/2 3356/4/2 3332/4/2
f 3332/4/5 3356/4/5 3079/4/5 3064/4/5
f 3334/4/2 3357/4/2 3355/4/2 3333/4/2
f 3358/4/2 3359/4/2 3357/4/2 3334/4/2
f 3080/4/3 3358/4/3 3334/4/3 3065/4/3
f 3360/4/2 3361/4/2 3359/4/2 3358/4/2
f 3081/4/3 3360/4/3 3358/4/3 3080/4/3
f 3082/4/6 3361/4/6 3360/4/6 3081/4/6
f 3362/4/2 3363/4/2 3364/4/2 3365/4/2
f 3083/4/3 3362/4/3 3365/4/3 3084/4/3
f 3365/4/5 3364/4/5 3085/4/5 3084/4/5
f 3341/4/2 3366/4/2 3363/4/2 3362/4/2
f 3071/4/3 3341/4/3 3362/4/3 3083/4/3
f 3340/4/2 3367/4/2 3366/4/2 3341/4/2
f 3342/4/2 3368/4/2 3367/4/2 3340/4/2
f 3343/4/2 3369/4/2 3368/4/2 3342/4/2
f 3344/5/2 3370/5/2 3369/5/2 3343/5/2
f 3086/5/6 3370/5/6 3344/5/6 3072/5/6
f 3345/11/2 3371/11/2 3372/11/2 3346/11/2
f 3346/11/5 3372/11/5 3087/11/5 3073/11/5
f 3347/4/2 3373/4/2 3371/4/2 3345/4/2
f 3349/4/2 3374/4/2 3373/4/2 3347/4/2
f 3351/4/2 3375/4/2 3374/4/2 3349/4/2
f 3088/4/6 3375/4/6 3351/4/6 3076/4/6
f 3352/4/2 3376/4/2 3377/4/2 3353/4/2
f 3353/4/5 3377/4/5 3089/4/5 3077/4/5
f 3354/4/2 3378/4/2 3376/4/2 3352/4/2
f 3090/4/6 3378/4/6 3354/4/6 3078/4/6
f 3355/4/2 3379/4/2 3380/4/2 3356/4/2
f 3380/4/4 3379/4/4 3092/4/4 3091/4/4
f 3356/4/5 3380/4/5 3091/4/5 3079/4/5
f 3357/4/2 3381/4/2 3379/4/2 3355/4/2
f 3379/4/4 3381/4/4 3093/4/4 3092/4/4
f 3359/4/2 3382/4/2 3381/4/2 3357/4/2
f 3361/4/2 3383/4/2 3382/4/2 3359/4/2
f 3094/4/6 3383/4/6 3361/4/6 3082/4/6
f 3363/4/2 3384/4/2 3385/4/2 3364/4/2
f 3364/4/5 3385/4/5 3095/4/5 3085/4/5
f 3366/4/2 3386/4/2 3384/4/2 3363/4/2
f 3367/4/2 3387/4/2 3386/4/2 3366/4/2
f 3368/4/2 3388/4/2 3387/4/2 3367/4/2
f 3369/4/2 3389/4/2 3388/4/2 3368/4/2
f 3370/5/2 3390/5/2 3389/5/2 3369/5/2
f 3096/5/6 3390/5/6 3370/5/6 3086/5/6
f 3371/11/2 3391/11/2 3392/11/2 3372/11/2
f 3372/11/5 3392/11/5 3097/11/5 3087/11/5
f 3373/4/2 3393/4/2 3391/4/2 3371/4/2
f 3374/4/2 3394/4/2 3393/4/2 3373/4/2
f 3375/4/2 3395/4/2 3394/4/2 3374/4/2
f 3396/4/2 3397/4/2 3395/4/2 3375/4/2
f 3098/4/3 3396/4/3 3375/4/3 3088/4/3
f 3377/4/2 3398/4/2 3397/4/2 3396/4/2
f 3089/4/3 3377/4/3 3396/4/3 3098/4/3
f 3376/4/2 3399/4/2 3398/4/2 3377/4/2
f 3378/4/2 3400/4/2 3399/4/2 3376/4/2
f 3099/4/6 3400/4/6 3378/4/6 3090/4/6
f 3401/4/2 3402/4/2 3403/4/2 3404/4/2
f 3100/4/3 3401/4/3 3404/4/3 3101/4/3
f 3404/4/5 3403/4/5 3102/4/5 3101/4/5
f 3380/4/2 3405/4/2 3402/4/2 3401/4/2
f 3091/4/3 3380/4/3 3401/4/3 3100/4/3
f 3103/4/6 3405/4/6 3380/4/6 3091/4/6
f 3382/4/2 3406/4/2 3407/4/2 3381/4/2
f 3381/4/5 3407/4/5 3104/4/5 3093/4/5
f 3383/4/2 3408/4/2 3406/4/2 3382/4/2
f 3409/4/2 3410/4/2 3408/4/2 3383/4/2
f 3105/4/3 3409/4/3 3383/4/3 3094/4/3
f 3411/4/2 3412/4/2 3410/4/2 3409/4/2
f 3106/4/3 3411/4/3 3409/4/3 3105/4/3
f 3413/4/2 3414/4/2 3412/4/2 3411/4/2
f 3107/4/3 3413/4/3 3411/4/3 3106/4/3
f 3415/4/2 3416/4/2 3414/4/2 3413/4/2
f 3108/4/3 3415/4/3 3413/4/3 3107/4/3
f 3109/4/6 3416/4/6 3415/4/6 3108/4/6
f 3417/4/2 3418/4/2 3419/4/2 3420/4/2
f 3110/4/3 3417/4/3 3420/4/3 3111/4/3
f 3420/4/5 3419/4/5 3112/4/5 3111/4/5
f 3385/11/2 3421/11/2 3418/11/2 3417/11/2
f 3095/11/3 3385/11/3 3417/11/3 3110/11/3
f 3384/4/2 3422/4/2 3421/4/2 3385/4/2
f 3386/4/2 3423/4/2 3422/4/2 3384/4/2
f 3387/4/2 3424/4/2 3423/4/2 3386/4/2
f 3388/4/2 3425/4/2 3424/4/2 3387/4/2
f 3389/4/2 3426/4/2 3425/4/2 3388/4/2
f 3390/5/2 3427/5/2 3426/5/2 3389/5/2
f 3113/5/6 3427/5/6 3390/5/6 3096/5/6
f 3391/11/2 3428/11/2 3429/11/2 3392/11/2
f 3392/11/5 3429/11/5 3114/11/5 3097/11/5
f 3393/4/2 3430/4/2 3428/4/2 3391/4/2
f 3394/4/2 3431/4/2 3430/4/2 3393/4/2
f 3430/4/4 3431/4/4 3116/4/4 3115/4/4
f 3395/4/2 3432/4/2 3431/4/2 3394/4/2
f 3431/4/4 3432/4/4 3117/4/4 3116/4/4
f 3397/4/2 3433/4/2 3432/4/2 3395/4/2
f 3432/4/4 3433/4/4 3118/4/4 3117/4/4
f 3398/4/2 3434/4/2 3433/4/2 3397/4/2
f 3433/4/4 3434/4/4 3119/4/4 3118/4/4
f 3399/4/2 3435/4/2 3434/4/2 3398/4/2
f 3400/4/2 3436/4/2 3435/4/2 3399/4/2
f 3120/4/6 3436/4/6 3400/4/6 3099/4/6
f 3402/4/2 3437/4/2 3438/4/2 3403/4/2
f 3403/4/5 3438/4/5 3121/4/5 3102/4/5
f 3405/4/2 3439/4/2 3437/4/2 3402/4/2
f 3122/4/6 3439/4/6 3405/4/6 3103/4/6
f 3406/4/2 3440/4/2 3441/4/2 3407/4/2
f 3441/4/4 3440/4/4 3124/4/4 3123/4/4
f 3407/4/5 3441/4/5 3123/4/5 3104/4/5
f 3408/4/2 3442/4/2 3440/4/2 3406/4/2
f 3440/4/4 3442/4/4 3125/4/4 3124/4/4
f 3410/4/2 3443/4/2 3442/4/2 3408/4/2
f 3412/4/2 3444/4/2 3443/4/2 3410/4/2
f 3414/4/2 3445/4/2 3444/4/2 3412/4/2
f 3416/4/2 3446/4/2 3445/4/2 3414/4/2
f 3126/4/6 3446/4/6 3416/4/6 3109/4/6
f 3418/4/2 3447/4/2 3448/4/2 3419/4/2
f 3448/4/4 3447/4/4 3128/4/4 3127/4/4
f 3419/4/5 3448/4/5 3127/4/5 3112/4/5
f 3421/4/2 3449/4/2 3447/4/2 3418/4/2
f 3447/4/4 3449/4/4 3129/4/4 3128/4/4
f 3422/4/2 3450/4/2 3449/4/2 3421/4/2
f 3423/4/2 3451/4/2 3450/4/2 3422/4/2
f 3424/4/2 3452/4/2 3451/4/2 3423/4/2
f 3425/4/2 3453/4/2 3452/4/2 3424/4/2
f 3426/4/2 3454/4/2 3453/4/2 3425/4/2
f 3427/5/2 3455/5/2 3454/5/2 3426/5/2
f 3130/5/6 3455/5/6 3427/5/6 3113/5/6
f 3428/11/2 3456/11/2 3457/11/2 3429/11/2
f 3429/11/5 3457/11/5 3131/11/5 3114/11/5
f 3430/4/2 3458/4/2 3456/4/2 3428/4/2
f 3132/4/6 3458/4/6 3430/4/6 3115/4/6
f 3435/4/2 3459/4/2 3460/4/2 3434/4/2
f 3434/4/5 3460/4/5 3133/4/5 3119/4/5
f 3436/4/2 3461/4/2 3459/4/2 3435/4/2
f 3462/4/2 3463/4/2 3461/4/2 3436/4/2
f 3134/4/3 3462/4/3 3436/4/3 3120/4/3
f 3438/4/2 3464/4/2 3463/4/2 3462/4/2
f 3121/4/3 3438/4/3 3462/4/3 3134/4/3
f 3437/4/2 3465/4/2 3464/4/2 3438/4/2
f 3439/4/2 3466/4/2 3465/4/2 3437/4/2
f 3467/4/2 3468/4/2 3466/4/2 3439/4/2
f 3135/4/3 3467/4/3 3439/4/3 3122/4/3
f 3441/4/2 3469/4/2 3468/4/2 3467/4/2
f 3123/4/3 3441/4/3 3467/4/3 3135/4/3
f 3136/4/6 3469/4/6 3441/4/6 3123/4/6
f 3443/4/2 3470/4/2 3471/4/2 3442/4/2
f 3442/4/5 3471/4/5 3137/4/5 3125/4/5
f 3444/4/2 3472/4/2 3470/4/2 3443/4/2
f 3445/4/2 3473/4/2 3472/4/2 3444/4/2
f 3446/4/2 3474/4/2 3473/4/2 3445/4/2
f 3475/4/2 3476/4/2 3474/4/2 3446/4/2
f 3138/4/3 3475/4/3 3446/4/3 3126/4/3
f 3477/4/2 3478/4/2 3476/4/2 3475/4/2
f 3139/4/3 3477/4/3 3475/4/3 3138/4/3
f 3140/4/6 3478/4/6 3477/4/6 3139/4/6
f 3450/4/2 3479/4/2 3480/4/2 3449/4/2
f 3449/4/5 3480/4/5 3141/4/5 3129/4/5
f 3451/4/2 3481/4/2 3479/4/2 3450/4/2
f 3452/4/2 3482/4/2 3481/4/2 3451/4/2
f 3453/4/2 3483/4/2 3482/4/2 3452/4/2
f 3454/4/2 3484/4/2 3483/4/2 3453/4/2
f 3455/5/2 3485/5/2 3484/5/2 3454/5/2
f 3142/5/6 3485/5/6 3455/5/6 3130/5/6
f 3456/11/2 3486/11/2 3487/11/2 3457/11/2
f 3457/11/5 3487/11/5 3143/11/5 3131/11/5
f 3458/4/2 3488/4/2 3486/4/2 3456/4/2
f 3144/4/6 3488/4/6 3458/4/6 3132/4/6
f 3459/4/2 3489/4/2 3490/4/2 3460/4/2
f 3490/4/4 3489/4/4 3146/4/4 3145/4/4
f 3460/4/5 3490/4/5 3145/4/5 3133/4/5
f 3461/4/2 3491/4/2 3489/4/2 3459/4/2
f 3489/4/4 3491/4/4 3147/4/4 3146/4/4
f 3463/4/2 3492/4/2 3491/4/2 3461/4/2
f 3464/4/2 3493/4/2 3492/4/2 3463/4/2
f 3465/4/2 3494/4/2 3493/4/2 3464/4/2
f 3466/4/2 3495/4/2 3494/4/2 3465/4/2
f 3468/4/2 3496/4/2 3495/4/2 3466/4/2
f 3469/4/2 3497/4/2 3496/4/2 3468/4/2
f 3148/4/6 3497/4/6 3469/4/6 3136/4/6
f 3470/4/2 3498/4/2 3499/4/2 3471/4/2
f 3471/4/5 3499/4/5 3149/4/5 3137/4/5
f 3472/4/2 3500/4/2 3498/4/2 3470/4/2
f 3473/4/2 3501/4/2 3500/4/2 3472/4/2
f 3474/4/2 3502/4/2 3501/4/2 3473/4/2
f 3476/4/2 3503/4/2 3502/4/2 3474/4/2
f 3502/4/4 3503/4/4 3151/4/4 3150/4/4
f 3478/4/2 3504/4/2 3503/4/2 3476/4/2
f 3503/4/4 3504/4/4 3152/4/4 3151/4/4
f 3152/4/6 3504/4/6 3478/4/6 3140/4/6
f 3479/4/2 3505/4/2 3506/4/2 3480/4/2
f 3480/4/5 3506/4/5 3153/4/5 3141/4/5
f 3481/4/2 3507/4/2 3505/4/2 3479/4/2
f 3482/4/2 3508/4/2 3507/4/2 3481/4/2
f 3483/4/2 3509/4/2 3508/4/2 3482/4/2
f 3484/4/2 3510/4/2 3509/4/2 3483/4/2
f 3485/5/2 3511/5/2 3510/5/2 3484/5/2
f 3154/5/6 3511/5/6 3485/5/6 3142/5/6
f 3486/11/2 3512/11/2 3513/11/2 3487/11/2
f 3487/11/5 3513/11/5 3155/11/5 3143/11/5
f 3488/4/2 3514/4/2 3512/4/2 3486/4/2
f 3515/4/2 3516/4/2 3514/4/2 3488/4/2
f 3156/4/3 3515/4/3 3488/4/3 3144/4/3
f 3517/4/2 3518/4/2 3516/4/2 3515/4/2
f 3157/4/3 3517/4/3 3515/4/3 3156/4/3
f 3158/4/6 3518/4/6 3517/4/6 3157/4/6
f 3492/4/2 3519/4/2 3520/4/2 3491/4/2
f 3491/4/5 3520/4/5 3159/4/5 3147/4/5
f 3493/4/2 3521/4/2 3519/4/2 3492/4/2
f 3494/4/2 3522/4/2 3521/4/2 3493/4/2
f 3495/4/2 3523/4/2 3522/4/2 3494/4/2
f 3496/4/2 3524/4/2 3523/4/2 3495/4/2
f 3497/4/2 3525/4/2 3524/4/2 3496/4/2
f 3160/4/6 3525/4/6 3497/4/6 3148/4/6
f 3498/4/2 3526/4/2 3527/4/2 3499/4/2
f 3499/4/5 3527/4/5 3161/4/5 3149/4/5
f 3500/4/2 3528/4/2 3526/4/2 3498/4/2
f 3501/4/2 3529/4/2 3528/4/2 3500/4/2
f 3502/4/2 3530/4/2 3529/4/2 3501/4/2
f 3162/4/6 3530/4/6 3502/4/6 3150/4/6
f 3505/4/2 3531/4/2 3532/4/2 3506/4/2
f 3506/4/5 3532/4/5 3163/4/5 3153/4/5
f 3507/4/2 3533/4/2 3531/4/2 3505/4/2
f 3508/4/2 3534/4/2 3533/4/2 3507/4/2
f 3509/4/2 3535/4/2 3534/4/2 3508/4/2
f 3510/4/2 3536/4/2 3535/4/2 3509/4/2
f 3511/5/2 3537/5/2 3536/5/2 3510/5/2
f 3164/5/6 3537/5/6 3511/5/6 3154/5/6
f 3512/11/2 3538/11/2 3539/11/2 3513/11/2
f 3513/11/5 3539/11/5 3165/11/5 3155/11/5
f 3514/4/2 3540/4/2 3538/4/2 3512/4/2
f 3516/4/2 3541/4/2 3540/4/2 3514/4/2
f 3540/4/4 3541/4/4 3167/4/4 3166/4/4
f 3518/4/2 3542/4/2 3541/4/2 3516/4/2
f 3541/4/4 3542/4/4 3168/4/4 3167/4/4
f 3168/4/6 3542/4/6 3518/4/6 3158/4/6
f 3519/4/2 3543/4/2 3544/4/2 3520/4/2
f 3544/4/4 3543/4/4 3170/4/4 3169/4/4
f 3520/4/5 3544/4/5 3169/4/5 3159/4/5
f 3521/4/2 3545/4/2 3543/4/2 3519/4/2
f 3543/4/4 3545/4/4 3171/4/4 3170/4/4
f 3522/4/2 3546/4/2 3545/4/2 3521/4/2
f 3523/4/2 3547/4/2 3546/4/2 3522/4/2
f 3524/4/2 3548/4/2 3547/4/2 3523/4/2
f 3525/4/2 3549/4/2 3548/4/2 3524/4/2
f 3172/4/6 3549/4/6 3525/4/6 3160/4/6
f 3526/4/2 3550/4/2 3551/4/2 3527/4/2
f 3527/4/5 3551/4/5 3173/4/5 3161/4/5
f 3528/4/2 3552/4/2 3550/4/2 3526/4/2
f 3529/4/2 3553/4/2 3552/4/2 3528/4/2
f 3530/4/2 3554/4/2 3553/4/2 3529/4/2
f 3174/4/6 3554/4/6 3530/4/6 3162/4/6
f 3531/4/2 3555/4/2 3556/4/2 3532/4/2
f 3556/4/4 3555/4/4 3176/4/4 3175/4/4
f 3532/4/5 3556/4/5 3175/4/5 3163/4/5
f 3533/4/2 3557/4/2 3555/4/2 3531/4/2
f 3555/4/4 3557/4/4 3177/4/4 3176/4/4
f 3534/4/2 3558/4/2 3557/4/2 3533/4/2
f 3535/4/2 3559/4/2 3558/4/2 3534/4/2
f 3536/4/2 3560/4/2 3559/4/2 3535/4/2
f 3537/5/2 3561/5/2 3560/5/2 3536/5/2
f 3178/5/6 3561/5/6 3537/5/6 3164/5/6
f 3538/11/2 3562/11/2 3563/11/2 3539/11/2
f 3539/11/5 3563/11/5 3179/11/5 3165/11/5
f 3540/4/2 3564/4/2 3562/4/2 3538/4/2
f 3180/4/6 3564/4/6 3540/4/6 3166/4/6
f 3565/4/2 3566/4/2 3567/4/2 3542/4/2
f 3181/4/3 3565/4/3 3542/4/3 3168/4/3
f 3542/4/5 3567/4/5 3182/4/5 3168/4/5
f 3568/4/2 3569/4/2 3566/4/2 3565/4/2
f 3183/4/3 3568/4/3 3565/4/3 3181/4/3
f 3570/4/2 3571/4/2 3569/4/2 3568/4/2
f 3184/4/3 3570/4/3 3568/4/3 3183/4/3
f 3544/4/2 3572/4/2 3571/4/2 3570/4/2
f 3169/4/3 3544/4/3 3570/4/3 3184/4/3
f 3185/4/6 3572/4/6 3544/4/6 3169/4/6
f 3546/4/2 3573/4/2 3574/4/2 3545/4/2
f 3545/4/5 3574/4/5 3186/4/5 3171/4/5
f 3547/4/2 3575/4/2 3573/4/2 3546/4/2
f 3548/4/2 3576/4/2 3575/4/2 3547/4/2
f 3549/4/2 3577/4/2 3576/4/2 3548/4/2
f 3578/4/2 3579/4/2 3577/4/2 3549/4/2
f 3187/4/3 3578/4/3 3549/4/3 3172/4/3
f 3551/4/2 3580/4/2 3579/4/2 3578/4/2
f 3173/4/3 3551/4/3 3578/4/3 3187/4/3
f 3550/4/2 3581/4/2 3580/4/2 3551/4/2
f 3552/4/2 3582/4/2 3581/4/2 3550/4/2
f 3553/4/2 3583/4/2 3582/4/2 3552/4/2
f 3554/4/2 3584/4/2 3583/4/2 3553/4/2
f 3585/4/2 3586/4/2 3584/4/2 3554/4/2
f 3188/4/3 3585/4/3 3554/4/3 3174/4/3
f 3587/4/2 3588/4/2 3586/4/2 3585/4/2
f 3189/4/3 3587/4/3 3585/4/3 3188/4/3
f 3589/4/2 3590/4/2 3588/4/2 3587/4/2
f 3190/4/3 3589/4/3 3587/4/3 3189/4/3
f 3591/4/2 3592/4/2 3590/4/2 3589/4/2
f 3191/4/3 3591/4/3 3589/4/3 3190/4/3
f 3192/4/6 3592/4/6 3591/4/6 3191/4/6
f 3558/4/2 3593/4/2 3594/4/2 3557/4/2
f 3557/4/5 3594/4/5 3193/4/5 3177/4/5
f 3559/4/2 3595/4/2 3593/4/2 3558/4/2
f 3560/4/2 3596/4/2 3595/4/2 3559/4/2
f 3561/5/2 3597/5/2 3596/5/2 3560/5/2
f 3194/5/6 3597/5/6 3561/5/6 3178/5/6
f 3562/11/2 3598/11/2 3599/11/2 3563/11/2
f 3563/11/5 3599/11/5 3195/11/5 3179/11/5
f 3564/4/2 3600/4/2 3598/4/2 3562/4/2
f 3196/4/6 3600/4/6 3564/4/6 3180/4/6
f 3566/4/2 3601/4/2 3602/4/2 3567/4/2
f 3567/4/5 3602/4/5 3197/4/5 3182/4/5
f 3569/4/2 3603/4/2 3601/4/2 3566/4/2
f 3571/4/2 3604/4/2 3603/4/2 3569/4/2
f 3572/4/2 3605/4/2 3604/4/2 3571/4/2
f 3198/4/6 3605/4/6 3572/4/6 3185/4/6
f 3573/4/2 3606/4/2 3607/4/2 3574/4/2
f 3607/4/4 3606/4/4 3200/4/4 3199/4/4
f 3574/4/5 3607/4/5 3199/4/5 3186/4/5
f 3575/4/2 3608/4/2 3606/4/2 3573/4/2
f 3606/4/4 3608/4/4 3201/4/4 3200/4/4
f 3576/4/2 3609/4/2 3608/4/2 3575/4/2
f 3608/4/4 3609/4/4 3202/4/4 3201/4/4
f 3577/4/2 3610/4/2 3609/4/2 3576/4/2
f 3609/4/4 3610/4/4 3203/4/4 3202/4/4
f 3579/4/2 3611/4/2 3610/4/2 3577/4/2
f 3580/4/2 3612/4/2 3611/4/2 3579/4/2
f 3581/4/2 3613/4/2 3612/4/2 3580/4/2
f 3582/4/2 3614/4/2 3613/4/2 3581/4/2
f 3583/4/2 3615/4/2 3614/4/2 3582/4/2
f 3584/4/2 3616/4/2 3615/4/2 3583/4/2
f 3586/4/2 3617/4/2 3616/4/2 3584/4/2
f 3588/4/2 3618/4/2 3617/4/2 3586/4/2
f 3590/4/2 3619/4/2 3618/4/2 3588/4/2
f 3592/4/2 3620/4/2 3619/4/2 3590/4/2
f 3204/4/6 3620/4/6 3592/4/6 3192/4/6
f 3593/4/2 3621/4/2 3622/4/2 3594/4/2
f 3594/4/5 3622/4/5 3205/4/5 3193/4/5
f 3595/4/2 3623/4/2 3621/4/2 3593/4/2
f 3596/4/2 3624/4/2 3623/4/2 3595/4/2
f 3597/5/2 3625/5/2 3624/5/2 3596/5/2
f 3206/5/6 3625/5/6 3597/5/6 3194/5/6
f 3598/11/2 3626/11/2 3627/11/2 3599/11/2
f 3599/11/5 3627/11/5 3207/11/5 3195/11/5
f 3600/4/2 3628/4/2 3626/4/2 3598/4/2
f 3208/4/6 3628/4/6 3600/4/6 3196/4/6
f 3601/4/2 3629/4/2 3630/4/2 3602/4/2
f 3602/4/5 3630/4/5 3209/4/5 3197/4/5
f 3603/4/2 3631/4/2 3629/4/2 3601/4/2
f 3604/4/2 3632/4/2 3631/4/2 3603/4/2
f 3605/4/2 3633/4/2 3632/4/2 3604/4/2
f 3634/4/2 3635/4/2 3633/4/2 3605/4/2
f 3210/4/3 3634/4/3 3605/4/3 3198/4/3
f 3607/4/2 3636/4/2 3635/4/2 3634/4/2
f 3199/4/3 3607/4/3 3634/4/3 3210/4/3
f 3211/4/6 3636/4/6 3607/4/6 3199/4/6
f 3611/4/2 3637/4/2 3638/4/2 3610/4/2
f 3610/4/5 3638/4/5 3212/4/5 3203/4/5
f 3612/4/2 3639/4/2 3637/4/2 3611/4/2
f 3613/4/2 3640/4/2 3639/4/2 3612/4/2
f 3614/4/2 3641/4/2 3640/4/2 3613/4/2
f 3615/4/2 3642/4/2 3641/4/2 3614/4/2
f 3616/4/2 3643/4/2 3642/4/2 3615/4/2
f 3617/4/2 3644/4/2 3643/4/2 3616/4/2
f 3618/4/2 3645/4/2 3644/4/2 3617/4/2
f 3619/4/2 3646/4/2 3645/4/2 3618/4/2
f 3620/4/2 3647/4/2 3646/4/2 3619/4/2
f 3648/4/2 3649/4/2 3647/4/2 3620/4/2
f 3213/4/3 3648/4/3 3620/4/3 3204/4/3
f 3650/4/2 3651/4/2 3649/4/2 3648/4/2
f 3214/4/3 3650/4/3 3648/4/3 3213/4/3
f 3652/4/2 3653/4/2 3651/4/2 3650/4/2
f 3215/4/3 3652/4/3 3650/4/3 3214/4/3
f 3622/4/2 3654/4/2 3653/4/2 3652/4/2
f 3205/4/3 3622/4/3 3652/4/3 3215/4/3
f 3621/4/2 3655/4/2 3654/4/2 3622/4/2
f 3623/4/2 3656/4/2 3655/4/2 3621/4/2
f 3624/4/2 3657/4/2 3656/4/2 3623/4/2
f 3625/5/2 3658/5/2 3657/5/2 3624/5/2
f 3216/5/6 3658/5/6 3625/5/6 3206/5/6
f 3626/11/2 3659/11/2 3660/11/2 3627/11/2
f 3627/11/5 3660/11/5 3217/11/5 3207/11/5
f 3628/4/2 3661/4/2 3659/4/2 3626/4/2
f 3218/4/6 3661/4/6 3628/4/6 3208/4/6
f 3629/4/2 3662/4/2 3663/4/2 3630/4/2
f 3663/4/4 3662/4/4 3220/4/4 3219/4/4
f 3630/4/5 3663/4/5 3219/4/5 3209/4/5
f 3631/4/2 3664/4/2 3662/4/2 3629/4/2
f 3662/4/4 3664/4/4 3221/4/4 3220/4/4
f 3632/4/2 3665/4/2 3664/4/2 3631/4/2
f 3633/4/2 3666/4/2 3665/4/2 3632/4/2
f 3635/4/2 3667/4/2 3666/4/2 3633/4/2
f 3666/4/4 3667/4/4 3223/4/4 3222/4/4
f 3636/4/2 3668/4/2 3667/4/2 3635/4/2
f 3667/4/4 3668/4/4 3224/4/4 3223/4/4
f 3224/4/6 3668/4/6 3636/4/6 3211/4/6
f 3637/4/2 3669/4/2 3670/4/2 3638/4/2
f 3670/4/4 3669/4/4 3226/4/4 3225/4/4
f 3638/4/5 3670/4/5 3225/4/5 3212/4/5
f 3639/4/2 3671/4/2 3669/4/2 3637/4/2
f 3669/4/4 3671/4/4 3227/4/4 3226/4/4
f 3640/4/2 3672/4/2 3671/4/2 3639/4/2
f 3671/4/4 3672/4/4 3228/4/4 3227/4/4
f 3641/4/2 3673/4/2 3672/4/2 3640/4/2
f 3672/4/4 3673/4/4 3229/4/4 3228/4/4
f 3642/4/2 3674/4/2 3673/4/2 3641/4/2
f 3643/4/2 3675/4/2 3674/4/2 3642/4/2
f 3644/4/2 3676/4/2 3675/4/2 3643/4/2
f 3675/4/4 3676/4/4 3231/4/4 3230/4/4
f 3645/4/2 3677/4/2 3676/4/2 3644/4/2
f 3676/4/4 3677/4/4 3232/4/4 3231/4/4
f 3646/4/2 3678/4/2 3677/4/2 3645/4/2
f 3647/4/2 3679/4/2 3678/4/2 3646/4/2
f 3649/4/2 3680/4/2 3679/4/2 3647/4/2
f 3651/4/2 3681/4/2 3680/4/2 3649/4/2
f 3653/4/2 3682/4/2 3681/4/2 3651/4/2
f 3681/4/4 3682/4/4 3234/4/4 3233/4/4
f 3654/4/2 3683/4/2 3682/4/2 3653/4/2
f 3682/4/4 3683/4/4 3235/4/4 3234/4/4
f 3655/4/2 3684/4/2 3683/4/2 3654/4/2
f 3683/4/4 3684/4/4 3236/4/4 3235/4/4
f 3656/4/2 3685/4/2 3684/4/2 3655/4/2
f 3684/4/4 3685/4/4 3237/4/4 3236/4/4
f 3657/4/2 3686/4/2 3685/4/2 3656/4/2
f 3658/5/2 3687/5/2 3686/5/2 3657/5/2
f 3238/5/6 3687/5/6 3658/5/6 3216/5/6
f 3659/11/2 3688/11/2 3689/11/2 3660/11/2
f 3660/11/5 3689/11/5 3239/11/5 3217/11/5
f 3661/4/2 3690/4/2 3688/4/2 3659/4/2
f 3240/4/6 3690/4/6 3661/4/6 3218/4/6
f 3665/4/2 3691/4/2 3692/4/2 3664/4/2
f 3664/4/5 3692/4/5 3241/4/5 3221/4/5
f 3666/4/2 3693/4/2 3691/4/2 3665/4/2
f 3242/4/6 3693/4/6 3666/4/6 3222/4/6
f 3694/4/2 3695/4/2 3696/4/2 3668/4/2
f 3243/4/3 3694/4/3 3668/4/3 3224/4/3
f 3668/4/5 3696/4/5 3244/4/5 3224/4/5
f 3697/4/2 3698/4/2 3695/4/2 3694/4/2
f 3245/4/3 3697/4/3 3694/4/3 3243/4/3
f 3699/4/2 3700/4/2 3698/4/2 3697/4/2
f 3247/4/3 3699/4/3 3697/4/3 3245/4/3
f 3670/4/2 3701/4/2 3700/4/2 3699/4/2
f 3225/4/3 3670/4/3 3699/4/3 3247/4/3
f 3248/4/6 3701/4/6 3670/4/6 3225/4/6
f 3674/4/2 3702/4/2 3703/4/2 3673/4/2
f 3673/4/5 3703/4/5 3251/4/5 3229/4/5
f 3675/4/2 3704/4/2 3702/4/2 3674/4/2
f 3252/4/6 3704/4/6 3675/4/6 3230/4/6
f 3678/5/2 3705/5/2 3706/5/2 3677/5/2
f 3677/5/5 3706/5/5 3253/5/5 3232/5/5
f 3679/4/2 3707/4/2 3705/4/2 3678/4/2
f 3680/4/2 3708/4/2 3707/4/2 3679/4/2
f 3681/4/2 3709/4/2 3708/4/2 3680/4/2
f 3254/4/6 3709/4/6 3681/4/6 3233/4/6
f 3686/4/2 3710/4/2 3711/4/2 3685/4/2
f 3685/4/5 3711/4/5 3255/4/5 3237/4/5
f 3687/5/2 3712/5/2 3710/5/2 3686/5/2
f 3256/5/6 3712/5/6 3687/5/6 3238/5/6
f 3688/11/2 3713/11/2 3714/11/2 3689/11/2
f 3714/11/4 3713/11/4 3258/11/4 3257/11/4
f 3689/11/5 3714/11/5 3257/11/5 3239/11/5
f 3690/4/2 3715/4/2 3713/4/2 3688/4/2
f 3713/4/4 3715/4/4 3259/4/4 3258/4/4
f 3259/4/6 3715/4/6 3690/4/6 3240/4/6
f 3691/4/2 3716/4/2 3717/4/2 3692/4/2
f 3717/4/4 3716/4/4 3261/4/4 3260/4/4
f 3692/4/5 3717/4/5 3260/4/5 3241/4/5
f 3693/4/2 3718/4/2 3716/4/2 3691/4/2
f 3716/4/4 3718/4/4 3262/4/4 3261/4/4
f 3262/4/6 3718/4/6 3693/4/6 3242/4/6
f 3695/4/2 3719/4/2 3720/4/2 3696/4/2
f 3720/4/4 3719/4/4 3264/4/4 3263/4/4
f 3696/4/5 3720/4/5 3263/4/5 3244/4/5
f 3698/4/2 3721/4/2 3719/4/2 3695/4/2
f 3719/4/4 3721/4/4 3265/4/4 3264/4/4
f 3700/4/2 3722/4/2 3721/4/2 3698/4/2
f 3721/4/4 3722/4/4 3267/4/4 3265/4/4
f 3701/4/2 3723/4/2 3722/4/2 3700/4/2
f 3722/4/4 3723/4/4 3268/4/4 3267/4/4
f 3268/4/6 3723/4/6 3701/4/6 3248/4/6
f 3702/4/2 3724/4/2 3725/4/2 3703/4/2
f 3725/4/4 3724/4/4 3272/4/4 3271/4/4
f 3703/4/5 3725/4/5 3271/4/5 3251/4/5
f 3704/4/2 3726/4/2 3724/4/2 3702/4/2
f 3724/4/4 3726/4/4 3273/4/4 3272/4/4
f 3273/4/6 3726/4/6 3704/4/6 3252/4/6
f 3705/4/2 3727/4/2 3728/4/2 3706/4/2
f 3728/4/4 3727/4/4 3275/4/4 3274/4/4
f 3706/4/5 3728/4/5 3274/4/5 3253/4/5
f 3707/4/2 3729/4/2 3727/4/2 3705/4/2
f 3727/4/4 3729/4/4 3276/4/4 3275/4/4
f 3708/4/2 3730/4/2 3729/4/2 3707/4/2
f 3729/4/4 3730/4/4 3277/4/4 3276/4/4
f 3709/4/2 3731/4/2 3730/4/2 3708/4/2
f 3730/4/4 3731/4/4 3278/4/4 3277/4/4
f 3278/4/6 3731/4/6 3709/4/6 3254/4/6
f 3710/4/2 3732/4/2 3733/4/2 3711/4/2
f 3733/4/4 3732/4/4 3280/4/4 3279/4/4
f 3711/4/5 3733/4/5 3279/4/5 3255/4/5
f 3712/5/2 3734/5/2 3732/5/2 3710/5/2
f 3732/5/4 3734/5/4 3281/5/4 3280/5/4
f 3281/5/6 3734/5/6 3712/5/6 3256/5/6
g emissive
usemtl emissive
f 1420/19/3 1562/19/3 1561/19/3 1417/19/3
f 1442/20/3 1581/20/3 1580/20/3 1441/20/3
f 1443/18/3 1582/18/3 1581/18/3 1442/18/3
f 1444/19/3 1583/19/3 1582/19/3 1443/19/3
f 1445/20/3 1584/20/3 1583/20/3 1444/20/3
f 1446/18/3 1585/18/3 1584/18/3 1445/18/3
f 1562/19/3 1710/19/3 1709/19/3 1561/19/3
f 1563/20/3 1711/20/3 1710/20/3 1562/20/3
f 1564/18/3 1712/18/3 1711/18/3 1563/18/3
f 1565/19/3 1713/19/3 1712/19/3 1564/19/3
f 1566/20/1 1714/20/1 1715/20/1 1565/20/1
f 1715/20/3 1716/20/3 1713/20/3 1565/20/3
f 1714/18/1 1717/18/1 1718/18/1 1715/18/1
f 1718/18/3 1719/18/3 1716/18/3 1715/18/3
f 1581/20/3 1733/20/3 1732/20/3 1580/20/3
f 1582/18/3 1734/18/3 1733/18/3 1581/18/3
f 1583/19/3 1735/19/3 1734/19/3 1582/19/3
f 1584/20/3 1736/20/3 1735/20/3 1583/20/3
f 1585/18/3 1737/18/3 1736/18/3 1584/18/3
f 1586/19/3 1738/19/3 1737/19/3 1585/19/3
f 1587/20/1 1739/20/1 1740/20/1 1586/20/1
f 1740/20/3 1741/20/3 1738/20/3 1586/20/3
f 1739/18/1 1590/18/1 1589/18/1 1740/18/1
f 1589/18/3 1742/18/3 1741/18/3 1740/18/3
f 1588/19/3 1743/19/3 1742/19/3 1589/19/3
f 1593/19/6 1744/19/6 1743/19/6 1588/19/6
f 1598/20/1 1611/20/1 1714/20/1 1566/20/1
f 1611/18/1 1612/18/1 1717/18/1 1714/18/1
f 1605/20/1 1615/20/1 1739/20/1 1587/20/1
f 1615/18/1 1606/18/1 1590/18/1 1739/18/1
f 1608/19/6 1753/19/6 1744/19/6 1593/19/6
f 1711/20/3 1841/20/3 1840/20/3 1710/20/3
f 1842/18/2 1843/18/2 1844/18/2 1841/18/2
f 1712/18/3 1842/18/3 1841/18/3 1711/18/3
f 1845/19/2 1846/19/2 1843/19/2 1842/19/2
f 1713/19/3 1845/19/3 1842/19/3 1712/19/3
f 1847/20/2 1848/20/2 1846/20/2 1845/20/2
f 1716/20/3 1847/20/3 1845/20/3 1713/20/3
f 1849/18/2 1850/18/2 1848/18/2 1847/18/2
f 1719/18/3 1849/18/3 1847/18/3 1716/18/3
f 1722/19/3 1851/19/3 1849/19/3 1719/19/3
f 1723/20/3 1852/20/3 1851/20/3 1722/20/3
f 1724/18/1 1853/18/1 1854/18/1 1723/18/1
f 1854/18/3 1855/18/3 1852/18/3 1723/18/3
f 1853/19/1 1856/19/1 1857/19/1 1854/19/1
f 1857/19/3 1858/19/3 1855/19/3 1854/19/3
f 1856/20/1 1859/20/1 1860/20/1 1857/20/1
f 1860/20/3 1861/20/3 1858/20/3 1857/20/3
f 1859/20/6 1862/20/6 1861/20/6 1860/20/6
f 1738/19/3 1874/19/3 1873/19/3 1737/19/3
f 1741/20/3 1875/20/3 1874/20/3 1738/20/3
f 1742/18/3 1876/18/3 1875/18/3 1741/18/3
f 1743/19/3 1877/19/3 1876/19/3 1742/19/3
f 1744/19/6 1878/19/6 1877/19/6 1743/19/6
f 1843/18/2 1885/18/2 1886/18/2 1844/18/2
f 1846/19/2 1887/19/2 1885/19/2 1843/19/2
f 1848/20/2 1888/20/2 1887/20/2 1846/20/2
f 1850/18/2 1889/18/2 1888/18/2 1848/18/2
f 1751/18/1 1757/18/1 1853/18/1 1724/18/1
f 1757/19/1 1758/19/1 1856/19/1 1853/19/1
f 1758/20/1 1759/20/1 1859/20/1 1856/20/1
f 1759/20/6 1890/20/6 1862/20/6 1859/20/6
f 1753/19/6 1892/19/6 1878/19/6 1744/19/6
f 1989/19/2 1990/19/2 1991/19/2 1992/19/2
f 1851/19/3 1989/19/3 1992/19/3 1849/19/3
f 1992/19/5 1991/19/5 1850/19/5 1849/19/5
f 1993/20/2 1994/20/2 1990/20/2 1989/20/2
f 1852/20/3 1993/20/3 1989/20/3 1851/20/3
f 1855/18/3 1995/18/3 1993/18/3 1852/18/3
f 1858/19/3 1996/19/3 1995/19/3 1855/19/3
f 1997/20/2 1998/20/2 1999/20/2 1996/20/2
f 1861/20/3 1997/20/3 1996/20/3 1858/20/3
f 1862/18/1 1865/18/1 1864/18/1 1861/18/1
f 1864/18/3 2000/18/3 1997/18/3 1861/18/3
f 1863/19/3 2001/19/3 2000/19/3 1864/19/3
f 1866/18/3 2002/18/3 2001/18/3 1863/18/3
f 1867/18/3 2003/18/3 2002/18/3 1866/18/3
f 1868/19/3 2004/19/3 2003/19/3 1867/19/3
f 1990/19/2 2020/19/2 2021/19/2 1991/19/2
f 1991/19/5 2021/19/5 1889/19/5 1850/19/5
f 1994/20/2 2022/20/2 2020/20/2 1990/20/2
f 1998/20/2 2023/20/2 2024/20/2 1999/20/2
f 1890/18/1 1891/18/1 1865/18/1 1862/18/1
f 2000/18/3 2124/18/3 2125/18/3 1997/18/3
f 2125/18/5 2126/18/5 1998/18/5 1997/18/5
f 2001/19/3 2127/19/3 2124/19/3 2000/19/3
f 2002/20/3 2128/20/3 2127/20/3 2001/20/3
f 2003/19/3 2129/19/3 2128/19/3 2002/19/3
f 2004/19/3 2130/19/3 2129/19/3 2003/19/3
f 2126/18/5 2161/18/5 2023/18/5 1998/18/5
f 2130/20/3 2290/20/3 2289/20/3 2129/20/3
f 2131/20/3 2291/20/3 2290/20/3 2130/20/3
f 2134/20/6 2292/20/6 2291/20/6 2131/20/6
f 2163/20/6 2306/20/6 2292/20/6 2134/20/6
f 2291/18/3 2430/18/3 2428/18/3 2290/18/3
f 2292/18/1 2431/18/1 2432/18/1 2291/18/1
f 2432/18/3 2433/18/3 2430/18/3 2291/18/3
f 2431/18/6 2434/18/6 2433/18/6 2432/18/6
f 2306/18/1 2315/18/1 2431/18/1 2292/18/1
f 2315/18/6 2455/18/6 2434/18/6 2431/18/6
f 2433/19/3 2573/19/3 2570/19/3 2430/19/3
f 2434/19/1 2574/19/1 2575/19/1 2433/19/1
f 2575/19/3 2576/19/3 2573/19/3 2433/19/3
f 2574/19/6 2577/19/6 2576/19/6 2575/19/6
f 2455/19/1 2464/19/1 2574/19/1 2434/19/1
f 2464/19/6 2593/19/6 2577/19/6 2574/19/6
f 2576/20/3 2713/20/3 2712/20/3 2573/20/3
f 2577/20/1 2714/20/1 2715/20/1 2576/20/1
f 2715/20/3 2716/20/3 2713/20/3 2576/20/3
f 2714/20/6 2717/20/6 2716/20/6 2715/20/6
f 2593/20/1 2607/20/1 2714/20/1 2577/20/1
f 2607/20/6 2737/20/6 2717/20/6 2714/20/6
f 2771/20/2 2772/20/2 2770/20/2 2769/20/2
f 2737/20/2 2773/20/2 2772/20/2 2771/20/2
