# Dungine wall_block_cracked; 1 voxel = 1/16 unit; Y-up floor-center origin
mtllib wall_block_cracked.mtl
o wall_block_cracked
s off
v -0.500000 0.000000 -0.437500
v -0.500000 0.062500 -0.437500
v -0.500000 0.062500 -0.500000
v -0.500000 0.000000 -0.500000
v -0.437500 0.062500 -0.500000
v -0.437500 0.000000 -0.500000
v -0.437500 0.000000 -0.437500
v -0.500000 0.125000 -0.437500
v -0.500000 0.125000 -0.500000
v -0.437500 0.125000 -0.500000
v -0.500000 0.187500 -0.437500
v -0.500000 0.187500 -0.500000
v -0.437500 0.187500 -0.500000
v -0.500000 0.250000 -0.437500
v -0.500000 0.250000 -0.500000
v -0.437500 0.250000 -0.500000
v -0.437500 0.250000 -0.437500
v -0.500000 0.312500 -0.437500
v -0.500000 0.375000 -0.437500
v -0.500000 0.375000 -0.500000
v -0.500000 0.312500 -0.500000
v -0.437500 0.375000 -0.500000
v -0.437500 0.312500 -0.500000
v -0.437500 0.312500 -0.437500
v -0.500000 0.437500 -0.437500
v -0.500000 0.437500 -0.500000
v -0.437500 0.437500 -0.500000
v -0.500000 0.500000 -0.437500
v -0.500000 0.500000 -0.500000
v -0.437500 0.500000 -0.500000
v -0.437500 0.500000 -0.437500
v -0.500000 0.562500 -0.437500
v -0.500000 0.625000 -0.437500
v -0.500000 0.625000 -0.500000
v -0.500000 0.562500 -0.500000
v -0.437500 0.625000 -0.500000
v -0.437500 0.562500 -0.500000
v -0.437500 0.562500 -0.437500
v -0.500000 0.687500 -0.437500
v -0.500000 0.687500 -0.500000
v -0.437500 0.687500 -0.500000
v -0.500000 0.750000 -0.437500
v -0.500000 0.750000 -0.500000
v -0.437500 0.750000 -0.500000
v -0.437500 0.750000 -0.437500
v -0.500000 0.812500 -0.437500
v -0.500000 0.875000 -0.437500
v -0.500000 0.875000 -0.500000
v -0.500000 0.812500 -0.500000
v -0.437500 0.875000 -0.500000
v -0.437500 0.812500 -0.500000
v -0.437500 0.812500 -0.437500
v -0.500000 0.937500 -0.437500
v -0.500000 0.937500 -0.500000
v -0.437500 0.937500 -0.500000
v -0.500000 1.000000 -0.437500
v -0.500000 1.000000 -0.500000
v -0.437500 1.000000 -0.500000
v -0.437500 1.000000 -0.437500
v -0.500000 1.062500 -0.437500
v -0.500000 1.125000 -0.437500
v -0.500000 1.125000 -0.500000
v -0.500000 1.062500 -0.500000
v -0.437500 1.125000 -0.500000
v -0.437500 1.062500 -0.500000
v -0.437500 1.062500 -0.437500
v -0.500000 1.187500 -0.437500
v -0.500000 1.187500 -0.500000
v -0.437500 1.187500 -0.500000
v -0.500000 1.250000 -0.437500
v -0.500000 1.250000 -0.500000
v -0.437500 1.250000 -0.500000
v -0.437500 1.250000 -0.437500
v -0.500000 1.312500 -0.437500
v -0.500000 1.375000 -0.437500
v -0.500000 1.375000 -0.500000
v -0.500000 1.312500 -0.500000
v -0.437500 1.375000 -0.500000
v -0.437500 1.312500 -0.500000
v -0.437500 1.312500 -0.437500
v -0.500000 1.437500 -0.437500
v -0.500000 1.437500 -0.500000
v -0.437500 1.437500 -0.500000
v -0.500000 1.500000 -0.437500
v -0.500000 1.500000 -0.500000
v -0.437500 1.500000 -0.500000
v -0.437500 1.500000 -0.437500
v -0.500000 1.562500 -0.437500
v -0.500000 1.625000 -0.437500
v -0.500000 1.625000 -0.500000
v -0.500000 1.562500 -0.500000
v -0.437500 1.625000 -0.500000
v -0.437500 1.562500 -0.500000
v -0.437500 1.562500 -0.437500
v -0.500000 1.687500 -0.437500
v -0.500000 1.687500 -0.500000
v -0.437500 1.687500 -0.500000
v -0.500000 1.750000 -0.437500
v -0.500000 1.750000 -0.500000
v -0.437500 1.750000 -0.500000
v -0.437500 1.750000 -0.437500
v -0.500000 1.812500 -0.437500
v -0.500000 1.875000 -0.437500
v -0.500000 1.875000 -0.500000
v -0.500000 1.812500 -0.500000
v -0.437500 1.875000 -0.500000
v -0.437500 1.812500 -0.500000
v -0.437500 1.812500 -0.437500
v -0.500000 1.937500 -0.437500
v -0.500000 1.937500 -0.500000
v -0.437500 1.937500 -0.500000
v -0.500000 2.000000 -0.437500
v -0.500000 2.000000 -0.500000
v -0.437500 2.000000 -0.500000
v -0.437500 2.000000 -0.437500
v -0.500000 0.000000 -0.375000
v -0.500000 0.062500 -0.375000
v -0.437500 0.000000 -0.375000
v -0.500000 0.125000 -0.375000
v -0.500000 0.187500 -0.375000
v -0.500000 0.250000 -0.375000
v -0.437500 0.250000 -0.375000
v -0.500000 0.312500 -0.375000
v -0.500000 0.375000 -0.375000
v -0.437500 0.312500 -0.375000
v -0.500000 0.437500 -0.375000
v -0.500000 0.500000 -0.375000
v -0.437500 0.500000 -0.375000
v -0.500000 0.562500 -0.375000
v -0.500000 0.625000 -0.375000
v -0.437500 0.562500 -0.375000
v -0.500000 0.687500 -0.375000
v -0.500000 0.750000 -0.375000
v -0.437500 0.750000 -0.375000
v -0.500000 0.812500 -0.375000
v -0.500000 0.875000 -0.375000
v -0.437500 0.812500 -0.375000
v -0.500000 0.937500 -0.375000
v -0.500000 1.000000 -0.375000
v -0.437500 1.000000 -0.375000
v -0.500000 1.062500 -0.375000
v -0.500000 1.125000 -0.375000
v -0.437500 1.062500 -0.375000
v -0.500000 1.187500 -0.375000
v -0.500000 1.250000 -0.375000
v -0.437500 1.250000 -0.375000
v -0.500000 1.312500 -0.375000
v -0.500000 1.375000 -0.375000
v -0.437500 1.312500 -0.375000
v -0.500000 1.437500 -0.375000
v -0.500000 1.500000 -0.375000
v -0.437500 1.500000 -0.375000
v -0.500000 1.562500 -0.375000
v -0.500000 1.625000 -0.375000
v -0.437500 1.562500 -0.375000
v -0.500000 1.687500 -0.375000
v -0.500000 1.750000 -0.375000
v -0.437500 1.750000 -0.375000
v -0.500000 1.812500 -0.375000
v -0.500000 1.875000 -0.375000
v -0.437500 1.812500 -0.375000
v -0.500000 1.937500 -0.375000
v -0.500000 2.000000 -0.375000
v -0.437500 2.000000 -0.375000
v -0.500000 0.000000 -0.312500
v -0.500000 0.062500 -0.312500
v -0.437500 0.000000 -0.312500
v -0.500000 0.125000 -0.312500
v -0.500000 0.187500 -0.312500
v -0.500000 0.250000 -0.312500
v -0.437500 0.250000 -0.312500
v -0.500000 0.312500 -0.312500
v -0.500000 0.375000 -0.312500
v -0.437500 0.312500 -0.312500
v -0.500000 0.437500 -0.312500
v -0.500000 0.500000 -0.312500
v -0.437500 0.500000 -0.312500
v -0.500000 0.562500 -0.312500
v -0.500000 0.625000 -0.312500
v -0.437500 0.562500 -0.312500
v -0.500000 0.687500 -0.312500
v -0.500000 0.750000 -0.312500
v -0.437500 0.750000 -0.312500
v -0.500000 0.812500 -0.312500
v -0.500000 0.875000 -0.312500
v -0.437500 0.812500 -0.312500
v -0.500000 0.937500 -0.312500
v -0.500000 1.000000 -0.312500
v -0.437500 1.000000 -0.312500
v -0.500000 1.062500 -0.312500
v -0.500000 1.125000 -0.312500
v -0.437500 1.062500 -0.312500
v -0.500000 1.187500 -0.312500
v -0.500000 1.250000 -0.312500
v -0.437500 1.250000 -0.312500
v -0.500000 1.312500 -0.312500
v -0.500000 1.375000 -0.312500
v -0.437500 1.312500 -0.312500
v -0.500000 1.437500 -0.312500
v -0.500000 1.500000 -0.312500
v -0.437500 1.500000 -0.312500
v -0.500000 1.562500 -0.312500
v -0.500000 1.625000 -0.312500
v -0.437500 1.562500 -0.312500
v -0.500000 1.687500 -0.312500
v -0.500000 1.750000 -0.312500
v -0.437500 1.750000 -0.312500
v -0.500000 1.812500 -0.312500
v -0.500000 1.875000 -0.312500
v -0.437500 1.812500 -0.312500
v -0.500000 1.937500 -0.312500
v -0.500000 2.000000 -0.312500
v -0.437500 2.000000 -0.312500
v -0.500000 0.000000 -0.250000
v -0.500000 0.062500 -0.250000
v -0.437500 0.000000 -0.250000
v -0.500000 0.125000 -0.250000
v -0.437500 0.062500 -0.250000
v -0.437500 0.125000 -0.250000
v -0.500000 0.187500 -0.250000
v -0.437500 0.187500 -0.250000
v -0.500000 0.250000 -0.250000
v -0.437500 0.250000 -0.250000
v -0.500000 0.312500 -0.250000
v -0.500000 0.375000 -0.250000
v -0.437500 0.312500 -0.250000
v -0.500000 0.437500 -0.250000
v -0.500000 0.500000 -0.250000
v -0.437500 0.500000 -0.250000
v -0.500000 0.562500 -0.250000
v -0.500000 0.625000 -0.250000
v -0.437500 0.562500 -0.250000
v -0.437500 0.625000 -0.250000
v -0.500000 0.687500 -0.250000
v -0.437500 0.687500 -0.250000
v -0.500000 0.750000 -0.250000
v -0.437500 0.750000 -0.250000
v -0.500000 0.812500 -0.250000
v -0.500000 0.875000 -0.250000
v -0.437500 0.812500 -0.250000
v -0.500000 0.937500 -0.250000
v -0.500000 1.000000 -0.250000
v -0.437500 1.000000 -0.250000
v -0.500000 1.062500 -0.250000
v -0.500000 1.125000 -0.250000
v -0.437500 1.062500 -0.250000
v -0.437500 1.125000 -0.250000
v -0.500000 1.187500 -0.250000
v -0.437500 1.187500 -0.250000
v -0.500000 1.250000 -0.250000
v -0.437500 1.250000 -0.250000
v -0.500000 1.312500 -0.250000
v -0.500000 1.375000 -0.250000
v -0.437500 1.312500 -0.250000
v -0.500000 1.437500 -0.250000
v -0.500000 1.500000 -0.250000
v -0.437500 1.500000 -0.250000
v -0.500000 1.562500 -0.250000
v -0.500000 1.625000 -0.250000
v -0.437500 1.562500 -0.250000
v -0.437500 1.625000 -0.250000
v -0.500000 1.687500 -0.250000
v -0.437500 1.687500 -0.250000
v -0.500000 1.750000 -0.250000
v -0.437500 1.750000 -0.250000
v -0.500000 1.812500 -0.250000
v -0.500000 1.875000 -0.250000
v -0.437500 1.812500 -0.250000
v -0.500000 1.937500 -0.250000
v -0.500000 2.000000 -0.250000
v -0.437500 2.000000 -0.250000
v -0.500000 0.000000 -0.187500
v -0.500000 0.062500 -0.187500
v -0.437500 0.000000 -0.187500
v -0.437500 0.062500 -0.187500
v -0.500000 0.312500 -0.187500
v -0.500000 0.375000 -0.187500
v -0.437500 0.312500 -0.187500
v -0.500000 0.437500 -0.187500
v -0.500000 0.500000 -0.187500
v -0.437500 0.500000 -0.187500
v -0.500000 0.812500 -0.187500
v -0.500000 0.875000 -0.187500
v -0.437500 0.812500 -0.187500
v -0.500000 0.937500 -0.187500
v -0.500000 1.000000 -0.187500
v -0.437500 1.000000 -0.187500
v -0.500000 1.312500 -0.187500
v -0.500000 1.375000 -0.187500
v -0.437500 1.312500 -0.187500
v -0.500000 1.437500 -0.187500
v -0.500000 1.500000 -0.187500
v -0.437500 1.500000 -0.187500
v -0.500000 1.812500 -0.187500
v -0.500000 1.875000 -0.187500
v -0.437500 1.812500 -0.187500
v -0.500000 1.937500 -0.187500
v -0.500000 2.000000 -0.187500
v -0.437500 2.000000 -0.187500
v -0.500000 0.000000 -0.125000
v -0.500000 0.062500 -0.125000
v -0.437500 0.000000 -0.125000
v -0.500000 0.125000 -0.125000
v -0.500000 0.125000 -0.187500
v -0.437500 0.125000 -0.187500
v -0.500000 0.187500 -0.125000
v -0.500000 0.187500 -0.187500
v -0.437500 0.187500 -0.187500
v -0.500000 0.250000 -0.125000
v -0.500000 0.250000 -0.187500
v -0.437500 0.250000 -0.187500
v -0.437500 0.250000 -0.125000
v -0.500000 0.312500 -0.125000
v -0.500000 0.375000 -0.125000
v -0.437500 0.312500 -0.125000
v -0.437500 0.375000 -0.125000
v -0.500000 0.437500 -0.125000
v -0.437500 0.437500 -0.125000
v -0.500000 0.500000 -0.125000
v -0.437500 0.500000 -0.125000
v -0.500000 0.562500 -0.125000
v -0.500000 0.625000 -0.125000
v -0.500000 0.625000 -0.187500
v -0.500000 0.562500 -0.187500
v -0.437500 0.625000 -0.187500
v -0.437500 0.562500 -0.187500
v -0.437500 0.562500 -0.125000
v -0.500000 0.687500 -0.125000
v -0.500000 0.687500 -0.187500
v -0.437500 0.687500 -0.187500
v -0.500000 0.750000 -0.125000
v -0.500000 0.750000 -0.187500
v -0.437500 0.750000 -0.187500
v -0.437500 0.750000 -0.125000
v -0.500000 0.812500 -0.125000
v -0.500000 0.875000 -0.125000
v -0.437500 0.812500 -0.125000
v -0.437500 0.875000 -0.125000
v -0.500000 0.937500 -0.125000
v -0.437500 0.937500 -0.125000
v -0.500000 1.000000 -0.125000
v -0.437500 1.000000 -0.125000
v -0.500000 1.062500 -0.125000
v -0.500000 1.125000 -0.125000
v -0.500000 1.125000 -0.187500
v -0.500000 1.062500 -0.187500
v -0.437500 1.125000 -0.187500
v -0.437500 1.062500 -0.187500
v -0.437500 1.062500 -0.125000
v -0.500000 1.187500 -0.125000
v -0.500000 1.187500 -0.187500
v -0.437500 1.187500 -0.187500
v -0.500000 1.250000 -0.125000
v -0.500000 1.250000 -0.187500
v -0.437500 1.250000 -0.187500
v -0.437500 1.250000 -0.125000
v -0.500000 1.312500 -0.125000
v -0.500000 1.375000 -0.125000
v -0.437500 1.312500 -0.125000
v -0.437500 1.375000 -0.125000
v -0.500000 1.437500 -0.125000
v -0.437500 1.437500 -0.125000
v -0.500000 1.500000 -0.125000
v -0.437500 1.500000 -0.125000
v -0.500000 1.562500 -0.125000
v -0.500000 1.625000 -0.125000
v -0.500000 1.625000 -0.187500
v -0.500000 1.562500 -0.187500
v -0.437500 1.625000 -0.187500
v -0.437500 1.562500 -0.187500
v -0.437500 1.562500 -0.125000
v -0.500000 1.687500 -0.125000
v -0.500000 1.687500 -0.187500
v -0.437500 1.687500 -0.187500
v -0.500000 1.750000 -0.125000
v -0.500000 1.750000 -0.187500
v -0.437500 1.750000 -0.187500
v -0.437500 1.750000 -0.125000
v -0.500000 1.812500 -0.125000
v -0.500000 1.875000 -0.125000
v -0.437500 1.812500 -0.125000
v -0.437500 1.875000 -0.125000
v -0.500000 1.937500 -0.125000
v -0.437500 1.937500 -0.125000
v -0.500000 2.000000 -0.125000
v -0.437500 2.000000 -0.125000
v -0.500000 0.000000 -0.062500
v -0.500000 0.062500 -0.062500
v -0.437500 0.000000 -0.062500
v -0.500000 0.125000 -0.062500
v -0.500000 0.187500 -0.062500
v -0.500000 0.250000 -0.062500
v -0.437500 0.250000 -0.062500
v -0.500000 0.562500 -0.062500
v -0.500000 0.625000 -0.062500
v -0.437500 0.562500 -0.062500
v -0.500000 0.687500 -0.062500
v -0.500000 0.750000 -0.062500
v -0.437500 0.750000 -0.062500
v -0.500000 1.062500 -0.062500
v -0.500000 1.125000 -0.062500
v -0.437500 1.062500 -0.062500
v -0.500000 1.187500 -0.062500
v -0.500000 1.250000 -0.062500
v -0.437500 1.250000 -0.062500
v -0.500000 1.562500 -0.062500
v -0.500000 1.625000 -0.062500
v -0.437500 1.562500 -0.062500
v -0.500000 1.687500 -0.062500
v -0.500000 1.750000 -0.062500
v -0.437500 1.750000 -0.062500
v -0.500000 0.000000 0.000000
v -0.500000 0.062500 0.000000
v -0.437500 0.000000 0.000000
v -0.500000 0.125000 0.000000
v -0.500000 0.187500 0.000000
v -0.500000 0.250000 0.000000
v -0.437500 0.250000 0.000000
v -0.500000 0.312500 0.000000
v -0.500000 0.375000 0.000000
v -0.500000 0.375000 -0.062500
v -0.500000 0.312500 -0.062500
v -0.437500 0.375000 -0.062500
v -0.437500 0.312500 -0.062500
v -0.437500 0.312500 0.000000
v -0.500000 0.437500 0.000000
v -0.500000 0.437500 -0.062500
v -0.437500 0.437500 -0.062500
v -0.500000 0.500000 0.000000
v -0.500000 0.500000 -0.062500
v -0.437500 0.500000 -0.062500
v -0.437500 0.500000 0.000000
v -0.500000 0.562500 0.000000
v -0.500000 0.625000 0.000000
v -0.437500 0.562500 0.000000
v -0.500000 0.687500 0.000000
v -0.500000 0.750000 0.000000
v -0.437500 0.750000 0.000000
v -0.500000 0.812500 0.000000
v -0.500000 0.875000 0.000000
v -0.500000 0.875000 -0.062500
v -0.500000 0.812500 -0.062500
v -0.437500 0.875000 -0.062500
v -0.437500 0.812500 -0.062500
v -0.437500 0.812500 0.000000
v -0.500000 0.937500 0.000000
v -0.500000 0.937500 -0.062500
v -0.437500 0.937500 -0.062500
v -0.500000 1.000000 0.000000
v -0.500000 1.000000 -0.062500
v -0.437500 1.000000 -0.062500
v -0.437500 1.000000 0.000000
v -0.500000 1.062500 0.000000
v -0.500000 1.125000 0.000000
v -0.437500 1.062500 0.000000
v -0.500000 1.187500 0.000000
v -0.500000 1.250000 0.000000
v -0.437500 1.250000 0.000000
v -0.500000 1.312500 0.000000
v -0.500000 1.375000 0.000000
v -0.500000 1.375000 -0.062500
v -0.500000 1.312500 -0.062500
v -0.437500 1.375000 -0.062500
v -0.437500 1.312500 -0.062500
v -0.437500 1.312500 0.000000
v -0.500000 1.437500 0.000000
v -0.500000 1.437500 -0.062500
v -0.437500 1.437500 -0.062500
v -0.500000 1.500000 0.000000
v -0.500000 1.500000 -0.062500
v -0.437500 1.500000 -0.062500
v -0.437500 1.500000 0.000000
v -0.500000 1.562500 0.000000
v -0.500000 1.625000 0.000000
v -0.437500 1.562500 0.000000
v -0.500000 1.687500 0.000000
v -0.500000 1.750000 0.000000
v -0.437500 1.750000 0.000000
v -0.500000 1.812500 0.000000
v -0.500000 1.875000 0.000000
v -0.500000 1.875000 -0.062500
v -0.500000 1.812500 -0.062500
v -0.437500 1.875000 -0.062500
v -0.437500 1.812500 -0.062500
v -0.437500 1.812500 0.000000
v -0.500000 1.937500 0.000000
v -0.500000 1.937500 -0.062500
v -0.437500 1.937500 -0.062500
v -0.500000 2.000000 0.000000
v -0.500000 2.000000 -0.062500
v -0.437500 2.000000 -0.062500
v -0.437500 2.000000 0.000000
v -0.500000 0.000000 0.062500
v -0.500000 0.062500 0.062500
v -0.437500 0.000000 0.062500
v -0.500000 0.125000 0.062500
v -0.500000 0.187500 0.062500
v -0.500000 0.250000 0.062500
v -0.437500 0.250000 0.062500
v -0.500000 0.312500 0.062500
v -0.500000 0.375000 0.062500
v -0.437500 0.312500 0.062500
v -0.500000 0.437500 0.062500
v -0.500000 0.500000 0.062500
v -0.437500 0.500000 0.062500
v -0.500000 0.562500 0.062500
v -0.500000 0.625000 0.062500
v -0.437500 0.562500 0.062500
v -0.500000 0.687500 0.062500
v -0.500000 0.750000 0.062500
v -0.437500 0.750000 0.062500
v -0.500000 0.812500 0.062500
v -0.500000 0.875000 0.062500
v -0.437500 0.812500 0.062500
v -0.500000 0.937500 0.062500
v -0.500000 1.000000 0.062500
v -0.437500 1.000000 0.062500
v -0.500000 1.062500 0.062500
v -0.500000 1.125000 0.062500
v -0.437500 1.062500 0.062500
v -0.500000 1.187500 0.062500
v -0.500000 1.250000 0.062500
v -0.437500 1.250000 0.062500
v -0.500000 1.312500 0.062500
v -0.500000 1.375000 0.062500
v -0.437500 1.312500 0.062500
v -0.500000 1.437500 0.062500
v -0.500000 1.500000 0.062500
v -0.437500 1.500000 0.062500
v -0.500000 1.562500 0.062500
v -0.500000 1.625000 0.062500
v -0.437500 1.562500 0.062500
v -0.500000 1.687500 0.062500
v -0.500000 1.750000 0.062500
v -0.437500 1.750000 0.062500
v -0.500000 1.812500 0.062500
v -0.500000 1.875000 0.062500
v -0.437500 1.812500 0.062500
v -0.500000 1.937500 0.062500
v -0.500000 2.000000 0.062500
v -0.437500 2.000000 0.062500
v -0.500000 0.000000 0.125000
v -0.500000 0.062500 0.125000
v -0.437500 0.000000 0.125000
v -0.500000 0.125000 0.125000
v -0.500000 0.187500 0.125000
v -0.500000 0.250000 0.125000
v -0.437500 0.250000 0.125000
v -0.500000 0.312500 0.125000
v -0.500000 0.375000 0.125000
v -0.437500 0.312500 0.125000
v -0.500000 0.437500 0.125000
v -0.500000 0.500000 0.125000
v -0.437500 0.500000 0.125000
v -0.500000 0.562500 0.125000
v -0.500000 0.625000 0.125000
v -0.437500 0.562500 0.125000
v -0.500000 0.687500 0.125000
v -0.500000 0.750000 0.125000
v -0.437500 0.750000 0.125000
v -0.500000 0.812500 0.125000
v -0.500000 0.875000 0.125000
v -0.437500 0.812500 0.125000
v -0.500000 0.937500 0.125000
v -0.500000 1.000000 0.125000
v -0.437500 1.000000 0.125000
v -0.500000 1.062500 0.125000
v -0.500000 1.125000 0.125000
v -0.437500 1.062500 0.125000
v -0.500000 1.187500 0.125000
v -0.500000 1.250000 0.125000
v -0.437500 1.250000 0.125000
v -0.500000 1.312500 0.125000
v -0.500000 1.375000 0.125000
v -0.437500 1.312500 0.125000
v -0.500000 1.437500 0.125000
v -0.500000 1.500000 0.125000
v -0.437500 1.500000 0.125000
v -0.500000 1.562500 0.125000
v -0.500000 1.625000 0.125000
v -0.437500 1.562500 0.125000
v -0.500000 1.687500 0.125000
v -0.500000 1.750000 0.125000
v -0.437500 1.750000 0.125000
v -0.500000 1.812500 0.125000
v -0.500000 1.875000 0.125000
v -0.437500 1.812500 0.125000
v -0.500000 1.937500 0.125000
v -0.500000 2.000000 0.125000
v -0.437500 2.000000 0.125000
v -0.500000 0.000000 0.187500
v -0.500000 0.062500 0.187500
v -0.437500 0.000000 0.187500
v -0.500000 0.125000 0.187500
v -0.500000 0.187500 0.187500
v -0.500000 0.250000 0.187500
v -0.437500 0.250000 0.187500
v -0.500000 0.312500 0.187500
v -0.500000 0.375000 0.187500
v -0.437500 0.312500 0.187500
v -0.500000 0.437500 0.187500
v -0.500000 0.500000 0.187500
v -0.437500 0.500000 0.187500
v -0.500000 0.562500 0.187500
v -0.500000 0.625000 0.187500
v -0.437500 0.562500 0.187500
v -0.500000 0.687500 0.187500
v -0.500000 0.750000 0.187500
v -0.437500 0.750000 0.187500
v -0.500000 0.812500 0.187500
v -0.500000 0.875000 0.187500
v -0.437500 0.812500 0.187500
v -0.500000 0.937500 0.187500
v -0.500000 1.000000 0.187500
v -0.437500 1.000000 0.187500
v -0.500000 1.062500 0.187500
v -0.500000 1.125000 0.187500
v -0.437500 1.062500 0.187500
v -0.500000 1.187500 0.187500
v -0.500000 1.250000 0.187500
v -0.437500 1.250000 0.187500
v -0.500000 1.312500 0.187500
v -0.500000 1.375000 0.187500
v -0.437500 1.312500 0.187500
v -0.500000 1.437500 0.187500
v -0.500000 1.500000 0.187500
v -0.437500 1.500000 0.187500
v -0.500000 1.562500 0.187500
v -0.500000 1.625000 0.187500
v -0.437500 1.562500 0.187500
v -0.500000 1.687500 0.187500
v -0.500000 1.750000 0.187500
v -0.437500 1.750000 0.187500
v -0.500000 1.812500 0.187500
v -0.500000 1.875000 0.187500
v -0.437500 1.812500 0.187500
v -0.500000 1.937500 0.187500
v -0.500000 2.000000 0.187500
v -0.437500 2.000000 0.187500
v -0.500000 0.000000 0.250000
v -0.500000 0.062500 0.250000
v -0.437500 0.000000 0.250000
v -0.500000 0.125000 0.250000
v -0.437500 0.062500 0.250000
v -0.437500 0.125000 0.250000
v -0.500000 0.187500 0.250000
v -0.437500 0.187500 0.250000
v -0.500000 0.250000 0.250000
v -0.437500 0.250000 0.250000
v -0.500000 0.312500 0.250000
v -0.500000 0.375000 0.250000
v -0.437500 0.312500 0.250000
v -0.500000 0.437500 0.250000
v -0.500000 0.500000 0.250000
v -0.437500 0.500000 0.250000
v -0.500000 0.562500 0.250000
v -0.500000 0.625000 0.250000
v -0.437500 0.562500 0.250000
v -0.437500 0.625000 0.250000
v -0.500000 0.687500 0.250000
v -0.437500 0.687500 0.250000
v -0.500000 0.750000 0.250000
v -0.437500 0.750000 0.250000
v -0.500000 0.812500 0.250000
v -0.500000 0.875000 0.250000
v -0.437500 0.812500 0.250000
v -0.500000 0.937500 0.250000
v -0.500000 1.000000 0.250000
v -0.437500 1.000000 0.250000
v -0.500000 1.062500 0.250000
v -0.500000 1.125000 0.250000
v -0.437500 1.062500 0.250000
v -0.437500 1.125000 0.250000
v -0.500000 1.187500 0.250000
v -0.437500 1.187500 0.250000
v -0.500000 1.250000 0.250000
v -0.437500 1.250000 0.250000
v -0.500000 1.312500 0.250000
v -0.500000 1.375000 0.250000
v -0.437500 1.312500 0.250000
v -0.500000 1.437500 0.250000
v -0.500000 1.500000 0.250000
v -0.437500 1.500000 0.250000
v -0.500000 1.562500 0.250000
v -0.500000 1.625000 0.250000
v -0.437500 1.562500 0.250000
v -0.437500 1.625000 0.250000
v -0.500000 1.687500 0.250000
v -0.437500 1.687500 0.250000
v -0.500000 1.750000 0.250000
v -0.437500 1.750000 0.250000
v -0.500000 1.812500 0.250000
v -0.500000 1.875000 0.250000
v -0.437500 1.812500 0.250000
v -0.500000 1.937500 0.250000
v -0.500000 2.000000 0.250000
v -0.437500 2.000000 0.250000
v -0.500000 0.000000 0.312500
v -0.500000 0.062500 0.312500
v -0.437500 0.000000 0.312500
v -0.437500 0.062500 0.312500
v -0.500000 0.312500 0.312500
v -0.500000 0.375000 0.312500
v -0.437500 0.312500 0.312500
v -0.500000 0.437500 0.312500
v -0.500000 0.500000 0.312500
v -0.437500 0.500000 0.312500
v -0.500000 0.812500 0.312500
v -0.500000 0.875000 0.312500
v -0.437500 0.812500 0.312500
v -0.500000 0.937500 0.312500
v -0.500000 1.000000 0.312500
v -0.437500 1.000000 0.312500
v -0.500000 1.312500 0.312500
v -0.500000 1.375000 0.312500
v -0.437500 1.312500 0.312500
v -0.500000 1.437500 0.312500
v -0.500000 1.500000 0.312500
v -0.437500 1.500000 0.312500
v -0.500000 1.812500 0.312500
v -0.500000 1.875000 0.312500
v -0.437500 1.812500 0.312500
v -0.500000 1.937500 0.312500
v -0.500000 2.000000 0.312500
v -0.437500 2.000000 0.312500
v -0.500000 0.000000 0.375000
v -0.500000 0.062500 0.375000
v -0.437500 0.000000 0.375000
v -0.500000 0.125000 0.375000
v -0.500000 0.125000 0.312500
v -0.437500 0.125000 0.312500
v -0.500000 0.187500 0.375000
v -0.500000 0.187500 0.312500
v -0.437500 0.187500 0.312500
v -0.500000 0.250000 0.375000
v -0.500000 0.250000 0.312500
v -0.437500 0.250000 0.312500
v -0.437500 0.250000 0.375000
v -0.500000 0.312500 0.375000
v -0.500000 0.375000 0.375000
v -0.437500 0.312500 0.375000
v -0.437500 0.375000 0.375000
v -0.500000 0.437500 0.375000
v -0.437500 0.437500 0.375000
v -0.500000 0.500000 0.375000
v -0.437500 0.500000 0.375000
v -0.500000 0.562500 0.375000
v -0.500000 0.625000 0.375000
v -0.500000 0.625000 0.312500
v -0.500000 0.562500 0.312500
v -0.437500 0.625000 0.312500
v -0.437500 0.562500 0.312500
v -0.437500 0.562500 0.375000
v -0.500000 0.687500 0.375000
v -0.500000 0.687500 0.312500
v -0.437500 0.687500 0.312500
v -0.500000 0.750000 0.375000
v -0.500000 0.750000 0.312500
v -0.437500 0.750000 0.312500
v -0.437500 0.750000 0.375000
v -0.500000 0.812500 0.375000
v -0.500000 0.875000 0.375000
v -0.437500 0.812500 0.375000
v -0.437500 0.875000 0.375000
v -0.500000 0.937500 0.375000
v -0.437500 0.937500 0.375000
v -0.500000 1.000000 0.375000
v -0.437500 1.000000 0.375000
v -0.500000 1.062500 0.375000
v -0.500000 1.125000 0.375000
v -0.500000 1.125000 0.312500
v -0.500000 1.062500 0.312500
v -0.437500 1.125000 0.312500
v -0.437500 1.062500 0.312500
v -0.437500 1.062500 0.375000
v -0.500000 1.187500 0.375000
v -0.500000 1.187500 0.312500
v -0.437500 1.187500 0.312500
v -0.500000 1.250000 0.375000
v -0.500000 1.250000 0.312500
v -0.437500 1.250000 0.312500
v -0.437500 1.250000 0.375000
v -0.500000 1.312500 0.375000
v -0.500000 1.375000 0.375000
v -0.437500 1.312500 0.375000
v -0.437500 1.375000 0.375000
v -0.500000 1.437500 0.375000
v -0.437500 1.437500 0.375000
v -0.500000 1.500000 0.375000
v -0.437500 1.500000 0.375000
v -0.500000 1.562500 0.375000
v -0.500000 1.625000 0.375000
v -0.500000 1.625000 0.312500
v -0.500000 1.562500 0.312500
v -0.437500 1.625000 0.312500
v -0.437500 1.562500 0.312500
v -0.437500 1.562500 0.375000
v -0.500000 1.687500 0.375000
v -0.500000 1.687500 0.312500
v -0.437500 1.687500 0.312500
v -0.500000 1.750000 0.375000
v -0.500000 1.750000 0.312500
v -0.437500 1.750000 0.312500
v -0.437500 1.750000 0.375000
v -0.500000 1.812500 0.375000
v -0.500000 1.875000 0.375000
v -0.437500 1.812500 0.375000
v -0.437500 1.875000 0.375000
v -0.500000 1.937500 0.375000
v -0.437500 1.937500 0.375000
v -0.500000 2.000000 0.375000
v -0.437500 2.000000 0.375000
v -0.500000 0.000000 0.437500
v -0.500000 0.062500 0.437500
v -0.437500 0.000000 0.437500
v -0.500000 0.125000 0.437500
v -0.500000 0.187500 0.437500
v -0.500000 0.250000 0.437500
v -0.437500 0.250000 0.437500
v -0.500000 0.562500 0.437500
v -0.500000 0.625000 0.437500
v -0.437500 0.562500 0.437500
v -0.500000 0.687500 0.437500
v -0.500000 0.750000 0.437500
v -0.437500 0.750000 0.437500
v -0.500000 1.062500 0.437500
v -0.500000 1.125000 0.437500
v -0.437500 1.062500 0.437500
v -0.500000 1.187500 0.437500
v -0.500000 1.250000 0.437500
v -0.437500 1.250000 0.437500
v -0.500000 1.562500 0.437500
v -0.500000 1.625000 0.437500
v -0.437500 1.562500 0.437500
v -0.500000 1.687500 0.437500
v -0.500000 1.750000 0.437500
v -0.437500 1.750000 0.437500
v -0.500000 0.000000 0.500000
v -0.500000 0.062500 0.500000
v -0.437500 0.000000 0.500000
v -0.437500 0.062500 0.500000
v -0.500000 0.125000 0.500000
v -0.437500 0.125000 0.500000
v -0.500000 0.187500 0.500000
v -0.437500 0.187500 0.500000
v -0.500000 0.250000 0.500000
v -0.437500 0.250000 0.500000
v -0.500000 0.312500 0.500000
v -0.500000 0.375000 0.500000
v -0.500000 0.375000 0.437500
v -0.500000 0.312500 0.437500
v -0.437500 0.375000 0.437500
v -0.437500 0.312500 0.437500
v -0.437500 0.312500 0.500000
v -0.437500 0.375000 0.500000
v -0.500000 0.437500 0.500000
v -0.500000 0.437500 0.437500
v -0.437500 0.437500 0.437500
v -0.437500 0.437500 0.500000
v -0.500000 0.500000 0.500000
v -0.500000 0.500000 0.437500
v -0.437500 0.500000 0.437500
v -0.437500 0.500000 0.500000
v -0.500000 0.562500 0.500000
v -0.500000 0.625000 0.500000
v -0.437500 0.562500 0.500000
v -0.437500 0.625000 0.500000
v -0.500000 0.687500 0.500000
v -0.437500 0.687500 0.500000
v -0.500000 0.750000 0.500000
v -0.437500 0.750000 0.500000
v -0.500000 0.812500 0.500000
v -0.500000 0.875000 0.500000
v -0.500000 0.875000 0.437500
v -0.500000 0.812500 0.437500
v -0.437500 0.875000 0.437500
v -0.437500 0.812500 0.437500
v -0.437500 0.812500 0.500000
v -0.437500 0.875000 0.500000
v -0.500000 0.937500 0.500000
v -0.500000 0.937500 0.437500
v -0.437500 0.937500 0.437500
v -0.437500 0.937500 0.500000
v -0.500000 1.000000 0.500000
v -0.500000 1.000000 0.437500
v -0.437500 1.000000 0.437500
v -0.437500 1.000000 0.500000
v -0.500000 1.062500 0.500000
v -0.500000 1.125000 0.500000
v -0.437500 1.062500 0.500000
v -0.437500 1.125000 0.500000
v -0.500000 1.187500 0.500000
v -0.437500 1.187500 0.500000
v -0.500000 1.250000 0.500000
v -0.437500 1.250000 0.500000
v -0.500000 1.312500 0.500000
v -0.500000 1.375000 0.500000
v -0.500000 1.375000 0.437500
v -0.500000 1.312500 0.437500
v -0.437500 1.375000 0.437500
v -0.437500 1.312500 0.437500
v -0.437500 1.312500 0.500000
v -0.437500 1.375000 0.500000
v -0.500000 1.437500 0.500000
v -0.500000 1.437500 0.437500
v -0.437500 1.437500 0.437500
v -0.437500 1.437500 0.500000
v -0.500000 1.500000 0.500000
v -0.500000 1.500000 0.437500
v -0.437500 1.500000 0.437500
v -0.437500 1.500000 0.500000
v -0.500000 1.562500 0.500000
v -0.500000 1.625000 0.500000
v -0.437500 1.562500 0.500000
v -0.437500 1.625000 0.500000
v -0.500000 1.687500 0.500000
v -0.437500 1.687500 0.500000
v -0.500000 1.750000 0.500000
v -0.437500 1.750000 0.500000
v -0.500000 1.812500 0.500000
v -0.500000 1.875000 0.500000
v -0.500000 1.875000 0.437500
v -0.500000 1.812500 0.437500
v -0.437500 1.875000 0.437500
v -0.437500 1.812500 0.437500
v -0.437500 1.812500 0.500000
v -0.437500 1.875000 0.500000
v -0.500000 1.937500 0.500000
v -0.500000 1.937500 0.437500
v -0.437500 1.937500 0.437500
v -0.437500 1.937500 0.500000
v -0.500000 2.000000 0.500000
v -0.500000 2.000000 0.437500
v -0.437500 2.000000 0.437500
v -0.437500 2.000000 0.500000
v -0.375000 0.062500 -0.500000
v -0.375000 0.000000 -0.500000
v -0.375000 0.000000 -0.437500
v -0.375000 0.125000 -0.500000
v -0.375000 0.187500 -0.500000
v -0.375000 0.250000 -0.500000
v -0.375000 0.250000 -0.437500
v -0.375000 0.375000 -0.500000
v -0.375000 0.312500 -0.500000
v -0.375000 0.312500 -0.437500
v -0.375000 0.437500 -0.500000
v -0.375000 0.500000 -0.500000
v -0.375000 0.500000 -0.437500
v -0.375000 0.625000 -0.500000
v -0.375000 0.562500 -0.500000
v -0.375000 0.562500 -0.437500
v -0.375000 0.687500 -0.500000
v -0.375000 0.750000 -0.500000
v -0.375000 0.750000 -0.437500
v -0.375000 0.875000 -0.500000
v -0.375000 0.812500 -0.500000
v -0.375000 0.812500 -0.437500
v -0.375000 0.937500 -0.500000
v -0.375000 1.000000 -0.500000
v -0.375000 1.000000 -0.437500
v -0.375000 1.125000 -0.500000
v -0.375000 1.062500 -0.500000
v -0.375000 1.062500 -0.437500
v -0.375000 1.187500 -0.500000
v -0.375000 1.250000 -0.500000
v -0.375000 1.250000 -0.437500
v -0.375000 1.375000 -0.500000
v -0.375000 1.312500 -0.500000
v -0.375000 1.312500 -0.437500
v -0.375000 1.437500 -0.500000
v -0.375000 1.500000 -0.500000
v -0.375000 1.500000 -0.437500
v -0.375000 1.625000 -0.500000
v -0.375000 1.562500 -0.500000
v -0.375000 1.562500 -0.437500
v -0.375000 1.687500 -0.500000
v -0.375000 1.750000 -0.500000
v -0.375000 1.750000 -0.437500
v -0.375000 1.875000 -0.500000
v -0.375000 1.812500 -0.500000
v -0.375000 1.812500 -0.437500
v -0.375000 1.937500 -0.500000
v -0.375000 2.000000 -0.500000
v -0.375000 2.000000 -0.437500
v -0.375000 0.000000 -0.375000
v -0.375000 2.000000 -0.375000
v -0.375000 0.000000 -0.312500
v -0.375000 2.000000 -0.312500
v -0.375000 0.000000 -0.250000
v -0.375000 2.000000 -0.250000
v -0.375000 0.000000 -0.187500
v -0.375000 2.000000 -0.187500
v -0.375000 0.000000 -0.125000
v -0.375000 2.000000 -0.125000
v -0.375000 0.000000 -0.062500
v -0.375000 2.000000 -0.062500
v -0.375000 0.000000 0.000000
v -0.375000 2.000000 0.000000
v -0.375000 0.000000 0.062500
v -0.375000 2.000000 0.062500
v -0.375000 0.000000 0.125000
v -0.375000 2.000000 0.125000
v -0.375000 0.000000 0.187500
v -0.375000 2.000000 0.187500
v -0.375000 0.000000 0.250000
v -0.375000 2.000000 0.250000
v -0.375000 0.000000 0.312500
v -0.375000 2.000000 0.312500
v -0.375000 0.000000 0.375000
v -0.375000 2.000000 0.375000
v -0.375000 0.000000 0.437500
v -0.375000 0.250000 0.437500
v -0.375000 0.312500 0.437500
v -0.375000 0.500000 0.437500
v -0.375000 0.562500 0.437500
v -0.375000 0.750000 0.437500
v -0.375000 0.812500 0.437500
v -0.375000 1.000000 0.437500
v -0.375000 1.062500 0.437500
v -0.375000 1.250000 0.437500
v -0.375000 1.312500 0.437500
v -0.375000 1.500000 0.437500
v -0.375000 1.562500 0.437500
v -0.375000 1.750000 0.437500
v -0.375000 1.812500 0.437500
v -0.375000 2.000000 0.437500
v -0.375000 0.000000 0.500000
v -0.375000 0.062500 0.500000
v -0.375000 0.125000 0.500000
v -0.375000 0.187500 0.500000
v -0.375000 0.250000 0.500000
v -0.375000 0.312500 0.500000
v -0.375000 0.375000 0.500000
v -0.375000 0.437500 0.500000
v -0.375000 0.500000 0.500000
v -0.375000 0.562500 0.500000
v -0.375000 0.625000 0.500000
v -0.375000 0.687500 0.500000
v -0.375000 0.750000 0.500000
v -0.375000 0.812500 0.500000
v -0.375000 0.875000 0.500000
v -0.375000 0.937500 0.500000
v -0.375000 1.000000 0.500000
v -0.375000 1.062500 0.500000
v -0.375000 1.125000 0.500000
v -0.375000 1.187500 0.500000
v -0.375000 1.250000 0.500000
v -0.375000 1.312500 0.500000
v -0.375000 1.375000 0.500000
v -0.375000 1.437500 0.500000
v -0.375000 1.500000 0.500000
v -0.375000 1.562500 0.500000
v -0.375000 1.625000 0.500000
v -0.375000 1.687500 0.500000
v -0.375000 1.750000 0.500000
v -0.375000 1.812500 0.500000
v -0.375000 1.875000 0.500000
v -0.375000 1.937500 0.500000
v -0.375000 2.000000 0.500000
v -0.312500 0.062500 -0.500000
v -0.312500 0.000000 -0.500000
v -0.312500 0.000000 -0.437500
v -0.312500 0.125000 -0.500000
v -0.312500 0.187500 -0.500000
v -0.312500 0.250000 -0.500000
v -0.312500 0.250000 -0.437500
v -0.312500 0.375000 -0.500000
v -0.312500 0.312500 -0.500000
v -0.312500 0.312500 -0.437500
v -0.312500 0.437500 -0.500000
v -0.312500 0.500000 -0.500000
v -0.312500 0.500000 -0.437500
v -0.312500 0.625000 -0.500000
v -0.312500 0.562500 -0.500000
v -0.312500 0.562500 -0.437500
v -0.312500 0.687500 -0.500000
v -0.312500 0.750000 -0.500000
v -0.312500 0.750000 -0.437500
v -0.312500 0.875000 -0.500000
v -0.312500 0.812500 -0.500000
v -0.312500 0.812500 -0.437500
v -0.312500 0.937500 -0.500000
v -0.312500 1.000000 -0.500000
v -0.312500 1.000000 -0.437500
v -0.312500 1.125000 -0.500000
v -0.312500 1.062500 -0.500000
v -0.312500 1.062500 -0.437500
v -0.312500 1.187500 -0.500000
v -0.312500 1.250000 -0.500000
v -0.312500 1.250000 -0.437500
v -0.312500 1.375000 -0.500000
v -0.312500 1.312500 -0.500000
v -0.312500 1.312500 -0.437500
v -0.312500 1.437500 -0.500000
v -0.312500 1.500000 -0.500000
v -0.312500 1.500000 -0.437500
v -0.312500 1.625000 -0.500000
v -0.312500 1.562500 -0.500000
v -0.312500 1.562500 -0.437500
v -0.312500 1.687500 -0.500000
v -0.312500 1.750000 -0.500000
v -0.312500 1.750000 -0.437500
v -0.312500 1.875000 -0.500000
v -0.312500 1.812500 -0.500000
v -0.312500 1.812500 -0.437500
v -0.312500 1.937500 -0.500000
v -0.312500 2.000000 -0.500000
v -0.312500 2.000000 -0.437500
v -0.312500 0.000000 -0.375000
v -0.312500 2.000000 -0.375000
v -0.312500 0.000000 -0.312500
v -0.312500 2.000000 -0.312500
v -0.312500 0.000000 -0.250000
v -0.312500 2.000000 -0.250000
v -0.312500 0.000000 -0.187500
v -0.312500 2.000000 -0.187500
v -0.312500 0.000000 -0.125000
v -0.312500 2.000000 -0.125000
v -0.312500 0.000000 -0.062500
v -0.312500 2.000000 -0.062500
v -0.312500 0.000000 0.000000
v -0.312500 2.000000 0.000000
v -0.312500 0.000000 0.062500
v -0.312500 2.000000 0.062500
v -0.312500 0.000000 0.125000
v -0.312500 2.000000 0.125000
v -0.312500 0.000000 0.187500
v -0.312500 2.000000 0.187500
v -0.312500 0.000000 0.250000
v -0.312500 2.000000 0.250000
v -0.312500 0.000000 0.312500
v -0.312500 2.000000 0.312500
v -0.312500 0.000000 0.375000
v -0.312500 2.000000 0.375000
v -0.312500 0.000000 0.437500
v -0.312500 0.250000 0.437500
v -0.312500 0.312500 0.437500
v -0.312500 0.500000 0.437500
v -0.312500 0.562500 0.437500
v -0.312500 0.750000 0.437500
v -0.312500 0.812500 0.437500
v -0.312500 1.000000 0.437500
v -0.312500 1.062500 0.437500
v -0.312500 1.250000 0.437500
v -0.312500 1.312500 0.437500
v -0.312500 1.500000 0.437500
v -0.312500 1.562500 0.437500
v -0.312500 1.750000 0.437500
v -0.312500 1.812500 0.437500
v -0.312500 2.000000 0.437500
v -0.312500 0.000000 0.500000
v -0.312500 0.062500 0.500000
v -0.312500 0.125000 0.500000
v -0.312500 0.187500 0.500000
v -0.312500 0.250000 0.500000
v -0.312500 0.312500 0.500000
v -0.312500 0.375000 0.500000
v -0.312500 0.437500 0.500000
v -0.312500 0.500000 0.500000
v -0.312500 0.562500 0.500000
v -0.312500 0.625000 0.500000
v -0.312500 0.687500 0.500000
v -0.312500 0.750000 0.500000
v -0.312500 0.812500 0.500000
v -0.312500 0.875000 0.500000
v -0.312500 0.937500 0.500000
v -0.312500 1.000000 0.500000
v -0.312500 1.062500 0.500000
v -0.312500 1.125000 0.500000
v -0.312500 1.187500 0.500000
v -0.312500 1.250000 0.500000
v -0.312500 1.312500 0.500000
v -0.312500 1.375000 0.500000
v -0.312500 1.437500 0.500000
v -0.312500 1.500000 0.500000
v -0.312500 1.562500 0.500000
v -0.312500 1.625000 0.500000
v -0.312500 1.687500 0.500000
v -0.312500 1.750000 0.500000
v -0.312500 1.812500 0.500000
v -0.312500 1.875000 0.500000
v -0.312500 1.937500 0.500000
v -0.312500 2.000000 0.500000
v -0.250000 0.062500 -0.500000
v -0.250000 0.000000 -0.500000
v -0.250000 0.000000 -0.437500
v -0.250000 0.125000 -0.500000
v -0.250000 0.125000 -0.437500
v -0.250000 0.062500 -0.437500
v -0.250000 0.187500 -0.500000
v -0.250000 0.187500 -0.437500
v -0.250000 0.250000 -0.500000
v -0.250000 0.250000 -0.437500
v -0.250000 0.375000 -0.500000
v -0.250000 0.312500 -0.500000
v -0.250000 0.312500 -0.437500
v -0.250000 0.437500 -0.500000
v -0.250000 0.500000 -0.500000
v -0.250000 0.500000 -0.437500
v -0.250000 0.625000 -0.500000
v -0.250000 0.625000 -0.437500
v -0.250000 0.562500 -0.437500
v -0.250000 0.562500 -0.500000
v -0.250000 0.687500 -0.500000
v -0.250000 0.687500 -0.437500
v -0.250000 0.750000 -0.500000
v -0.250000 0.750000 -0.437500
v -0.250000 0.875000 -0.500000
v -0.250000 0.812500 -0.500000
v -0.250000 0.812500 -0.437500
v -0.250000 0.937500 -0.500000
v -0.250000 1.000000 -0.500000
v -0.250000 1.000000 -0.437500
v -0.250000 1.125000 -0.500000
v -0.250000 1.125000 -0.437500
v -0.250000 1.062500 -0.437500
v -0.250000 1.062500 -0.500000
v -0.250000 1.187500 -0.500000
v -0.250000 1.187500 -0.437500
v -0.250000 1.250000 -0.500000
v -0.250000 1.250000 -0.437500
v -0.250000 1.375000 -0.500000
v -0.250000 1.312500 -0.500000
v -0.250000 1.312500 -0.437500
v -0.250000 1.437500 -0.500000
v -0.250000 1.500000 -0.500000
v -0.250000 1.500000 -0.437500
v -0.250000 1.625000 -0.500000
v -0.250000 1.625000 -0.437500
v -0.250000 1.562500 -0.437500
v -0.250000 1.562500 -0.500000
v -0.250000 1.687500 -0.500000
v -0.250000 1.687500 -0.437500
v -0.250000 1.750000 -0.500000
v -0.250000 1.750000 -0.437500
v -0.250000 1.875000 -0.500000
v -0.250000 1.812500 -0.500000
v -0.250000 1.812500 -0.437500
v -0.250000 1.937500 -0.500000
v -0.250000 2.000000 -0.500000
v -0.250000 2.000000 -0.437500
v -0.250000 0.000000 -0.375000
v -0.250000 2.000000 -0.375000
v -0.250000 0.000000 -0.312500
v -0.250000 2.000000 -0.312500
v -0.250000 0.000000 -0.250000
v -0.250000 2.000000 -0.250000
v -0.250000 0.000000 -0.187500
v -0.250000 2.000000 -0.187500
v -0.250000 0.000000 -0.125000
v -0.250000 2.000000 -0.125000
v -0.250000 0.000000 -0.062500
v -0.250000 2.000000 -0.062500
v -0.250000 0.000000 0.000000
v -0.250000 2.000000 0.000000
v -0.250000 0.000000 0.062500
v -0.250000 2.000000 0.062500
v -0.250000 0.000000 0.125000
v -0.250000 2.000000 0.125000
v -0.250000 0.000000 0.187500
v -0.250000 2.000000 0.187500
v -0.250000 0.000000 0.250000
v -0.250000 2.000000 0.250000
v -0.250000 0.000000 0.312500
v -0.250000 2.000000 0.312500
v -0.250000 0.000000 0.375000
v -0.250000 2.000000 0.375000
v -0.250000 0.000000 0.437500
v -0.250000 0.250000 0.437500
v -0.250000 0.312500 0.437500
v -0.250000 0.500000 0.437500
v -0.250000 0.562500 0.437500
v -0.250000 0.750000 0.437500
v -0.250000 0.812500 0.437500
v -0.250000 1.000000 0.437500
v -0.250000 1.062500 0.437500
v -0.250000 1.250000 0.437500
v -0.250000 1.312500 0.437500
v -0.250000 1.500000 0.437500
v -0.250000 1.562500 0.437500
v -0.250000 1.750000 0.437500
v -0.250000 1.812500 0.437500
v -0.250000 2.000000 0.437500
v -0.250000 0.000000 0.500000
v -0.250000 0.062500 0.500000
v -0.250000 0.125000 0.437500
v -0.250000 0.125000 0.500000
v -0.250000 0.062500 0.437500
v -0.250000 0.187500 0.437500
v -0.250000 0.187500 0.500000
v -0.250000 0.250000 0.500000
v -0.250000 0.312500 0.500000
v -0.250000 0.375000 0.500000
v -0.250000 0.437500 0.500000
v -0.250000 0.500000 0.500000
v -0.250000 0.625000 0.437500
v -0.250000 0.625000 0.500000
v -0.250000 0.562500 0.500000
v -0.250000 0.687500 0.437500
v -0.250000 0.687500 0.500000
v -0.250000 0.750000 0.500000
v -0.250000 0.812500 0.500000
v -0.250000 0.875000 0.500000
v -0.250000 0.937500 0.500000
v -0.250000 1.000000 0.500000
v -0.250000 1.125000 0.437500
v -0.250000 1.125000 0.500000
v -0.250000 1.062500 0.500000
v -0.250000 1.187500 0.437500
v -0.250000 1.187500 0.500000
v -0.250000 1.250000 0.500000
v -0.250000 1.312500 0.500000
v -0.250000 1.375000 0.500000
v -0.250000 1.437500 0.500000
v -0.250000 1.500000 0.500000
v -0.250000 1.625000 0.437500
v -0.250000 1.625000 0.500000
v -0.250000 1.562500 0.500000
v -0.250000 1.687500 0.437500
v -0.250000 1.687500 0.500000
v -0.250000 1.750000 0.500000
v -0.250000 1.812500 0.500000
v -0.250000 1.875000 0.500000
v -0.250000 1.937500 0.500000
v -0.250000 2.000000 0.500000
v -0.187500 0.062500 -0.500000
v -0.187500 0.000000 -0.500000
v -0.187500 0.000000 -0.437500
v -0.187500 0.062500 -0.437500
v -0.187500 0.375000 -0.500000
v -0.187500 0.312500 -0.500000
v -0.187500 0.312500 -0.437500
v -0.187500 0.437500 -0.500000
v -0.187500 0.500000 -0.500000
v -0.187500 0.500000 -0.437500
v -0.187500 0.875000 -0.500000
v -0.187500 0.812500 -0.500000
v -0.187500 0.812500 -0.437500
v -0.187500 0.937500 -0.500000
v -0.187500 1.000000 -0.500000
v -0.187500 1.000000 -0.437500
v -0.187500 1.375000 -0.500000
v -0.187500 1.312500 -0.500000
v -0.187500 1.312500 -0.437500
v -0.187500 1.437500 -0.500000
v -0.187500 1.500000 -0.500000
v -0.187500 1.500000 -0.437500
v -0.187500 1.875000 -0.500000
v -0.187500 1.812500 -0.500000
v -0.187500 1.812500 -0.437500
v -0.187500 1.937500 -0.500000
v -0.187500 2.000000 -0.500000
v -0.187500 2.000000 -0.437500
v -0.187500 0.000000 -0.375000
v -0.187500 0.125000 -0.437500
v -0.187500 0.187500 -0.437500
v -0.187500 0.250000 -0.437500
v -0.187500 0.562500 -0.437500
v -0.187500 0.625000 -0.437500
v -0.187500 0.687500 -0.437500
v -0.187500 0.750000 -0.437500
v -0.187500 1.062500 -0.437500
v -0.187500 1.125000 -0.437500
v -0.187500 1.187500 -0.437500
v -0.187500 1.250000 -0.437500
v -0.187500 1.562500 -0.437500
v -0.187500 1.625000 -0.437500
v -0.187500 1.687500 -0.437500
v -0.187500 1.750000 -0.437500
v -0.187500 2.000000 -0.375000
v -0.187500 0.000000 -0.312500
v -0.187500 2.000000 -0.312500
v -0.187500 0.000000 -0.250000
v -0.187500 2.000000 -0.250000
v -0.187500 0.000000 -0.187500
v -0.187500 2.000000 -0.187500
v -0.187500 0.000000 -0.125000
v -0.187500 2.000000 -0.125000
v -0.187500 0.000000 -0.062500
v -0.187500 2.000000 -0.062500
v -0.187500 0.000000 0.000000
v -0.187500 2.000000 0.000000
v -0.187500 0.000000 0.062500
v -0.187500 2.000000 0.062500
v -0.187500 0.000000 0.125000
v -0.187500 2.000000 0.125000
v -0.187500 0.000000 0.187500
v -0.187500 2.000000 0.187500
v -0.187500 0.000000 0.250000
v -0.187500 2.000000 0.250000
v -0.187500 0.000000 0.312500
v -0.187500 2.000000 0.312500
v -0.187500 0.000000 0.375000
v -0.187500 2.000000 0.375000
v -0.187500 0.000000 0.437500
v -0.187500 0.062500 0.437500
v -0.187500 0.125000 0.437500
v -0.187500 0.187500 0.437500
v -0.187500 0.250000 0.437500
v -0.187500 0.312500 0.437500
v -0.187500 0.500000 0.437500
v -0.187500 0.562500 0.437500
v -0.187500 0.625000 0.437500
v -0.187500 0.687500 0.437500
v -0.187500 0.750000 0.437500
v -0.187500 0.812500 0.437500
v -0.187500 1.000000 0.437500
v -0.187500 1.062500 0.437500
v -0.187500 1.125000 0.437500
v -0.187500 1.187500 0.437500
v -0.187500 1.250000 0.437500
v -0.187500 1.312500 0.437500
v -0.187500 1.500000 0.437500
v -0.187500 1.562500 0.437500
v -0.187500 1.625000 0.437500
v -0.187500 1.687500 0.437500
v -0.187500 1.750000 0.437500
v -0.187500 1.812500 0.437500
v -0.187500 2.000000 0.437500
v -0.187500 0.000000 0.500000
v -0.187500 0.062500 0.500000
v -0.187500 0.312500 0.500000
v -0.187500 0.375000 0.500000
v -0.187500 0.437500 0.500000
v -0.187500 0.500000 0.500000
v -0.187500 0.812500 0.500000
v -0.187500 0.875000 0.500000
v -0.187500 0.937500 0.500000
v -0.187500 1.000000 0.500000
v -0.187500 1.312500 0.500000
v -0.187500 1.375000 0.500000
v -0.187500 1.437500 0.500000
v -0.187500 1.500000 0.500000
v -0.187500 1.812500 0.500000
v -0.187500 1.875000 0.500000
v -0.187500 1.937500 0.500000
v -0.187500 2.000000 0.500000
v -0.125000 0.062500 -0.500000
v -0.125000 0.000000 -0.500000
v -0.125000 0.000000 -0.437500
v -0.187500 0.125000 -0.500000
v -0.125000 0.125000 -0.500000
v -0.187500 0.187500 -0.500000
v -0.125000 0.187500 -0.500000
v -0.187500 0.250000 -0.500000
v -0.125000 0.250000 -0.500000
v -0.125000 0.250000 -0.437500
v -0.125000 0.375000 -0.500000
v -0.125000 0.375000 -0.437500
v -0.125000 0.312500 -0.437500
v -0.125000 0.312500 -0.500000
v -0.125000 0.437500 -0.500000
v -0.125000 0.437500 -0.437500
v -0.125000 0.500000 -0.500000
v -0.125000 0.500000 -0.437500
v -0.187500 0.625000 -0.500000
v -0.187500 0.562500 -0.500000
v -0.125000 0.625000 -0.500000
v -0.125000 0.562500 -0.500000
v -0.125000 0.562500 -0.437500
v -0.187500 0.687500 -0.500000
v -0.125000 0.687500 -0.500000
v -0.187500 0.750000 -0.500000
v -0.125000 0.750000 -0.500000
v -0.125000 0.750000 -0.437500
v -0.125000 0.875000 -0.500000
v -0.125000 0.875000 -0.437500
v -0.125000 0.812500 -0.437500
v -0.125000 0.812500 -0.500000
v -0.125000 0.937500 -0.500000
v -0.125000 0.937500 -0.437500
v -0.125000 1.000000 -0.500000
v -0.125000 1.000000 -0.437500
v -0.187500 1.125000 -0.500000
v -0.187500 1.062500 -0.500000
v -0.125000 1.125000 -0.500000
v -0.125000 1.062500 -0.500000
v -0.125000 1.062500 -0.437500
v -0.187500 1.187500 -0.500000
v -0.125000 1.187500 -0.500000
v -0.187500 1.250000 -0.500000
v -0.125000 1.250000 -0.500000
v -0.125000 1.250000 -0.437500
v -0.125000 1.375000 -0.500000
v -0.125000 1.375000 -0.437500
v -0.125000 1.312500 -0.437500
v -0.125000 1.312500 -0.500000
v -0.125000 1.437500 -0.500000
v -0.125000 1.437500 -0.437500
v -0.125000 1.500000 -0.500000
v -0.125000 1.500000 -0.437500
v -0.187500 1.625000 -0.500000
v -0.187500 1.562500 -0.500000
v -0.125000 1.625000 -0.500000
v -0.125000 1.562500 -0.500000
v -0.125000 1.562500 -0.437500
v -0.187500 1.687500 -0.500000
v -0.125000 1.687500 -0.500000
v -0.187500 1.750000 -0.500000
v -0.125000 1.750000 -0.500000
v -0.125000 1.750000 -0.437500
v -0.125000 1.875000 -0.500000
v -0.125000 1.875000 -0.437500
v -0.125000 1.812500 -0.437500
v -0.125000 1.812500 -0.500000
v -0.125000 1.937500 -0.500000
v -0.125000 1.937500 -0.437500
v -0.125000 2.000000 -0.500000
v -0.125000 2.000000 -0.437500
v -0.125000 0.000000 -0.375000
v -0.125000 2.000000 -0.375000
v -0.125000 0.000000 -0.312500
v -0.125000 2.000000 -0.312500
v -0.125000 0.000000 -0.250000
v -0.125000 2.000000 -0.250000
v -0.125000 0.000000 -0.187500
v -0.125000 2.000000 -0.187500
v -0.125000 0.000000 -0.125000
v -0.125000 2.000000 -0.125000
v -0.125000 0.000000 -0.062500
v -0.125000 2.000000 -0.062500
v -0.125000 0.000000 0.000000
v -0.125000 2.000000 0.000000
v -0.125000 0.000000 0.062500
v -0.125000 2.000000 0.062500
v -0.125000 0.000000 0.125000
v -0.125000 2.000000 0.125000
v -0.125000 0.000000 0.187500
v -0.125000 2.000000 0.187500
v -0.125000 0.000000 0.250000
v -0.125000 2.000000 0.250000
v -0.125000 0.000000 0.312500
v -0.125000 2.000000 0.312500
v -0.125000 0.000000 0.375000
v -0.125000 2.000000 0.375000
v -0.125000 0.000000 0.437500
v -0.125000 0.250000 0.437500
v -0.125000 0.312500 0.437500
v -0.125000 0.500000 0.437500
v -0.125000 0.562500 0.437500
v -0.125000 0.750000 0.437500
v -0.125000 0.812500 0.437500
v -0.125000 1.000000 0.437500
v -0.125000 1.062500 0.437500
v -0.125000 1.250000 0.437500
v -0.125000 1.312500 0.437500
v -0.125000 1.500000 0.437500
v -0.125000 1.562500 0.437500
v -0.125000 1.750000 0.437500
v -0.125000 1.812500 0.437500
v -0.125000 2.000000 0.437500
v -0.125000 0.000000 0.500000
v -0.125000 0.062500 0.500000
v -0.187500 0.125000 0.500000
v -0.125000 0.125000 0.500000
v -0.187500 0.187500 0.500000
v -0.125000 0.187500 0.500000
v -0.187500 0.250000 0.500000
v -0.125000 0.250000 0.500000
v -0.125000 0.375000 0.437500
v -0.125000 0.375000 0.500000
v -0.125000 0.312500 0.500000
v -0.125000 0.437500 0.437500
v -0.125000 0.437500 0.500000
v -0.125000 0.500000 0.500000
v -0.187500 0.562500 0.500000
v -0.187500 0.625000 0.500000
v -0.125000 0.562500 0.500000
v -0.125000 0.625000 0.500000
v -0.187500 0.687500 0.500000
v -0.125000 0.687500 0.500000
v -0.187500 0.750000 0.500000
v -0.125000 0.750000 0.500000
v -0.125000 0.875000 0.437500
v -0.125000 0.875000 0.500000
v -0.125000 0.812500 0.500000
v -0.125000 0.937500 0.437500
v -0.125000 0.937500 0.500000
v -0.125000 1.000000 0.500000
v -0.187500 1.062500 0.500000
v -0.187500 1.125000 0.500000
v -0.125000 1.062500 0.500000
v -0.125000 1.125000 0.500000
v -0.187500 1.187500 0.500000
v -0.125000 1.187500 0.500000
v -0.187500 1.250000 0.500000
v -0.125000 1.250000 0.500000
v -0.125000 1.375000 0.437500
v -0.125000 1.375000 0.500000
v -0.125000 1.312500 0.500000
v -0.125000 1.437500 0.437500
v -0.125000 1.437500 0.500000
v -0.125000 1.500000 0.500000
v -0.187500 1.562500 0.500000
v -0.187500 1.625000 0.500000
v -0.125000 1.562500 0.500000
v -0.125000 1.625000 0.500000
v -0.187500 1.687500 0.500000
v -0.125000 1.687500 0.500000
v -0.187500 1.750000 0.500000
v -0.125000 1.750000 0.500000
v -0.125000 1.875000 0.437500
v -0.125000 1.875000 0.500000
v -0.125000 1.812500 0.500000
v -0.125000 1.937500 0.437500
v -0.125000 1.937500 0.500000
v -0.125000 2.000000 0.500000
v -0.062500 0.062500 -0.500000
v -0.062500 0.000000 -0.500000
v -0.062500 0.000000 -0.437500
v -0.062500 0.125000 -0.500000
v -0.062500 0.187500 -0.500000
v -0.062500 0.250000 -0.500000
v -0.062500 0.250000 -0.437500
v -0.062500 0.625000 -0.500000
v -0.062500 0.562500 -0.500000
v -0.062500 0.562500 -0.437500
v -0.062500 0.687500 -0.500000
v -0.062500 0.750000 -0.500000
v -0.062500 0.750000 -0.437500
v -0.062500 1.125000 -0.500000
v -0.062500 1.125000 -0.437500
v -0.062500 1.062500 -0.437500
v -0.062500 1.062500 -0.500000
v -0.062500 1.187500 -0.500000
v -0.062500 1.187500 -0.437500
v -0.062500 1.250000 -0.500000
v -0.062500 1.250000 -0.437500
v -0.062500 1.625000 -0.500000
v -0.062500 1.562500 -0.500000
v -0.062500 1.562500 -0.437500
v -0.062500 1.687500 -0.500000
v -0.062500 1.750000 -0.500000
v -0.062500 1.750000 -0.437500
v -0.062500 0.000000 -0.375000
v -0.062500 0.312500 -0.437500
v -0.062500 0.375000 -0.437500
v -0.062500 0.437500 -0.437500
v -0.062500 0.500000 -0.437500
v -0.062500 0.812500 -0.437500
v -0.062500 0.875000 -0.437500
v -0.062500 0.937500 -0.437500
v -0.062500 1.000000 -0.437500
v -0.062500 1.000000 -0.375000
v -0.062500 0.937500 -0.375000
v -0.062500 1.062500 -0.375000
v -0.062500 1.125000 -0.375000
v -0.062500 1.187500 -0.375000
v -0.062500 1.250000 -0.375000
v -0.062500 1.312500 -0.437500
v -0.062500 1.375000 -0.437500
v -0.062500 1.437500 -0.437500
v -0.062500 1.500000 -0.437500
v -0.062500 1.812500 -0.437500
v -0.062500 1.875000 -0.437500
v -0.062500 1.937500 -0.437500
v -0.062500 2.000000 -0.437500
v -0.062500 2.000000 -0.375000
v -0.062500 0.000000 -0.312500
v -0.062500 1.000000 -0.312500
v -0.062500 0.937500 -0.312500
v -0.062500 1.062500 -0.312500
v -0.062500 1.125000 -0.312500
v -0.062500 1.187500 -0.312500
v -0.062500 1.250000 -0.312500
v -0.062500 2.000000 -0.312500
v -0.062500 0.000000 -0.250000
v -0.062500 2.000000 -0.250000
v -0.062500 0.000000 -0.187500
v -0.062500 2.000000 -0.187500
v -0.062500 0.000000 -0.125000
v -0.062500 2.000000 -0.125000
v -0.062500 0.000000 -0.062500
v -0.062500 2.000000 -0.062500
v -0.062500 0.000000 0.000000
v -0.062500 2.000000 0.000000
v -0.062500 0.000000 0.062500
v -0.062500 2.000000 0.062500
v -0.062500 0.000000 0.125000
v -0.062500 2.000000 0.125000
v -0.062500 0.000000 0.187500
v -0.062500 2.000000 0.187500
v -0.062500 0.000000 0.250000
v -0.062500 2.000000 0.250000
v -0.062500 0.000000 0.312500
v -0.062500 2.000000 0.312500
v -0.062500 0.000000 0.375000
v -0.062500 2.000000 0.375000
v -0.062500 0.000000 0.437500
v -0.062500 0.250000 0.437500
v -0.062500 0.312500 0.437500
v -0.062500 0.375000 0.437500
v -0.062500 0.437500 0.437500
v -0.062500 0.500000 0.437500
v -0.062500 0.562500 0.437500
v -0.062500 0.750000 0.437500
v -0.062500 0.812500 0.437500
v -0.062500 0.875000 0.437500
v -0.062500 0.937500 0.437500
v -0.062500 1.000000 0.437500
v -0.062500 1.062500 0.437500
v -0.062500 1.250000 0.437500
v -0.062500 1.312500 0.437500
v -0.062500 1.375000 0.437500
v -0.062500 1.437500 0.437500
v -0.062500 1.500000 0.437500
v -0.062500 1.562500 0.437500
v -0.062500 1.750000 0.437500
v -0.062500 1.812500 0.437500
v -0.062500 1.875000 0.437500
v -0.062500 1.937500 0.437500
v -0.062500 2.000000 0.437500
v -0.062500 0.000000 0.500000
v -0.062500 0.062500 0.500000
v -0.062500 0.125000 0.500000
v -0.062500 0.187500 0.500000
v -0.062500 0.250000 0.500000
v -0.062500 0.562500 0.500000
v -0.062500 0.625000 0.500000
v -0.062500 0.687500 0.500000
v -0.062500 0.750000 0.500000
v -0.062500 1.062500 0.500000
v -0.062500 1.125000 0.500000
v -0.062500 1.187500 0.500000
v -0.062500 1.250000 0.500000
v -0.062500 1.562500 0.500000
v -0.062500 1.625000 0.500000
v -0.062500 1.687500 0.500000
v -0.062500 1.750000 0.500000
v 0.000000 0.062500 -0.500000
v 0.000000 0.000000 -0.500000
v 0.000000 0.000000 -0.437500
v 0.000000 0.125000 -0.500000
v 0.000000 0.187500 -0.500000
v 0.000000 0.250000 -0.500000
v 0.000000 0.250000 -0.437500
v -0.062500 0.375000 -0.500000
v -0.062500 0.312500 -0.500000
v 0.000000 0.375000 -0.500000
v 0.000000 0.312500 -0.500000
v 0.000000 0.312500 -0.437500
v -0.062500 0.437500 -0.500000
v 0.000000 0.437500 -0.500000
v -0.062500 0.500000 -0.500000
v 0.000000 0.500000 -0.500000
v 0.000000 0.500000 -0.437500
v 0.000000 0.437500 -0.437500
v 0.000000 0.625000 -0.500000
v 0.000000 0.625000 -0.437500
v 0.000000 0.562500 -0.437500
v 0.000000 0.562500 -0.500000
v 0.000000 0.687500 -0.500000
v 0.000000 0.750000 -0.500000
v 0.000000 0.750000 -0.437500
v -0.062500 0.875000 -0.500000
v -0.062500 0.812500 -0.500000
v 0.000000 0.875000 -0.500000
v 0.000000 0.812500 -0.500000
v 0.000000 0.812500 -0.437500
v -0.062500 0.937500 -0.500000
v 0.000000 0.937500 -0.500000
v 0.000000 0.937500 -0.437500
v -0.062500 1.375000 -0.500000
v -0.062500 1.312500 -0.500000
v 0.000000 1.375000 -0.500000
v 0.000000 1.375000 -0.437500
v 0.000000 1.312500 -0.437500
v 0.000000 1.312500 -0.500000
v -0.062500 1.437500 -0.500000
v 0.000000 1.437500 -0.500000
v 0.000000 1.437500 -0.437500
v -0.062500 1.500000 -0.500000
v 0.000000 1.500000 -0.500000
v 0.000000 1.500000 -0.437500
v 0.000000 1.625000 -0.500000
v 0.000000 1.562500 -0.500000
v 0.000000 1.562500 -0.437500
v 0.000000 1.687500 -0.500000
v 0.000000 1.750000 -0.500000
v 0.000000 1.750000 -0.437500
v -0.062500 1.875000 -0.500000
v -0.062500 1.812500 -0.500000
v 0.000000 1.875000 -0.500000
v 0.000000 1.812500 -0.500000
v 0.000000 1.812500 -0.437500
v -0.062500 1.937500 -0.500000
v 0.000000 1.937500 -0.500000
v -0.062500 2.000000 -0.500000
v 0.000000 2.000000 -0.500000
v 0.000000 2.000000 -0.437500
v 0.000000 0.000000 -0.375000
v 0.000000 0.500000 -0.375000
v 0.000000 0.437500 -0.375000
v 0.000000 0.562500 -0.375000
v 0.000000 0.625000 -0.375000
v 0.000000 0.937500 -0.375000
v 0.000000 1.312500 -0.375000
v 0.000000 1.250000 -0.375000
v 0.000000 1.250000 -0.437500
v 0.000000 1.375000 -0.375000
v 0.000000 1.437500 -0.375000
v 0.000000 1.500000 -0.375000
v 0.000000 1.562500 -0.375000
v 0.000000 2.000000 -0.375000
v 0.000000 0.000000 -0.312500
v 0.000000 0.500000 -0.312500
v 0.000000 0.437500 -0.312500
v 0.000000 0.562500 -0.312500
v 0.000000 0.625000 -0.312500
v 0.000000 0.937500 -0.312500
v 0.000000 1.312500 -0.312500
v 0.000000 1.250000 -0.312500
v 0.000000 1.375000 -0.312500
v 0.000000 1.437500 -0.312500
v 0.000000 1.500000 -0.312500
v 0.000000 1.562500 -0.312500
v 0.000000 2.000000 -0.312500
v 0.000000 0.000000 -0.250000
v 0.000000 1.000000 -0.312500
v 0.000000 1.062500 -0.312500
v 0.000000 1.125000 -0.312500
v 0.000000 1.187500 -0.312500
v 0.000000 2.000000 -0.250000
v 0.000000 0.000000 -0.187500
v 0.000000 2.000000 -0.187500
v 0.000000 0.000000 -0.125000
v 0.000000 2.000000 -0.125000
v 0.000000 0.000000 -0.062500
v 0.000000 2.000000 -0.062500
v 0.000000 0.000000 0.000000
v 0.000000 2.000000 0.000000
v 0.000000 0.000000 0.062500
v 0.000000 2.000000 0.062500
v 0.000000 0.000000 0.125000
v 0.000000 2.000000 0.125000
v 0.000000 0.000000 0.187500
v 0.000000 2.000000 0.187500
v 0.000000 0.000000 0.250000
v 0.000000 2.000000 0.250000
v 0.000000 0.000000 0.312500
v 0.000000 2.000000 0.312500
v 0.000000 0.000000 0.375000
v 0.000000 2.000000 0.375000
v 0.000000 0.000000 0.437500
v 0.000000 0.250000 0.437500
v 0.000000 0.312500 0.437500
v 0.000000 0.500000 0.437500
v 0.000000 0.562500 0.437500
v 0.000000 0.750000 0.437500
v 0.000000 0.812500 0.437500
v 0.000000 1.000000 0.437500
v 0.000000 1.062500 0.437500
v 0.000000 1.250000 0.437500
v 0.000000 1.312500 0.437500
v 0.000000 1.500000 0.437500
v 0.000000 1.562500 0.437500
v 0.000000 1.750000 0.437500
v 0.000000 1.812500 0.437500
v 0.000000 2.000000 0.437500
v 0.000000 0.000000 0.500000
v 0.000000 0.062500 0.500000
v 0.000000 0.125000 0.500000
v 0.000000 0.187500 0.500000
v 0.000000 0.250000 0.500000
v -0.062500 0.312500 0.500000
v -0.062500 0.375000 0.500000
v 0.000000 0.312500 0.500000
v 0.000000 0.375000 0.500000
v -0.062500 0.437500 0.500000
v 0.000000 0.437500 0.500000
v -0.062500 0.500000 0.500000
v 0.000000 0.500000 0.500000
v 0.000000 0.562500 0.500000
v 0.000000 0.625000 0.500000
v 0.000000 0.687500 0.500000
v 0.000000 0.750000 0.500000
v -0.062500 0.812500 0.500000
v -0.062500 0.875000 0.500000
v 0.000000 0.812500 0.500000
v 0.000000 0.875000 0.500000
v -0.062500 0.937500 0.500000
v 0.000000 0.937500 0.500000
v -0.062500 1.000000 0.500000
v 0.000000 1.000000 0.500000
v 0.000000 1.062500 0.500000
v 0.000000 1.125000 0.500000
v 0.000000 1.187500 0.500000
v 0.000000 1.250000 0.500000
v -0.062500 1.312500 0.500000
v -0.062500 1.375000 0.500000
v 0.000000 1.312500 0.500000
v 0.000000 1.375000 0.500000
v -0.062500 1.437500 0.500000
v 0.000000 1.437500 0.500000
v -0.062500 1.500000 0.500000
v 0.000000 1.500000 0.500000
v 0.000000 1.562500 0.500000
v 0.000000 1.625000 0.500000
v 0.000000 1.687500 0.500000
v 0.000000 1.750000 0.500000
v -0.062500 1.812500 0.500000
v -0.062500 1.875000 0.500000
v 0.000000 1.812500 0.500000
v 0.000000 1.875000 0.500000
v -0.062500 1.937500 0.500000
v 0.000000 1.937500 0.500000
v -0.062500 2.000000 0.500000
v 0.000000 2.000000 0.500000
v 0.062500 0.062500 -0.500000
v 0.062500 0.000000 -0.500000
v 0.062500 0.000000 -0.437500
v 0.062500 0.125000 -0.500000
v 0.062500 0.187500 -0.500000
v 0.062500 0.250000 -0.500000
v 0.062500 0.250000 -0.437500
v 0.062500 0.375000 -0.500000
v 0.062500 0.312500 -0.500000
v 0.062500 0.312500 -0.437500
v 0.062500 0.437500 -0.500000
v 0.062500 0.437500 -0.437500
v 0.062500 0.687500 -0.500000
v 0.062500 0.687500 -0.437500
v 0.062500 0.625000 -0.437500
v 0.062500 0.625000 -0.500000
v 0.062500 0.750000 -0.500000
v 0.062500 0.750000 -0.437500
v 0.062500 0.875000 -0.500000
v 0.062500 0.875000 -0.437500
v 0.062500 0.812500 -0.437500
v 0.062500 0.812500 -0.500000
v 0.062500 0.937500 -0.500000
v 0.062500 0.937500 -0.437500
v 0.062500 1.625000 -0.500000
v 0.062500 1.625000 -0.437500
v 0.062500 1.562500 -0.437500
v 0.062500 1.562500 -0.500000
v 0.062500 1.687500 -0.500000
v 0.062500 1.687500 -0.437500
v 0.062500 1.750000 -0.500000
v 0.062500 1.750000 -0.437500
v 0.062500 1.875000 -0.500000
v 0.062500 1.875000 -0.437500
v 0.062500 1.812500 -0.437500
v 0.062500 1.812500 -0.500000
v 0.062500 1.937500 -0.500000
v 0.062500 2.000000 -0.500000
v 0.062500 2.000000 -0.437500
v 0.062500 0.000000 -0.375000
v 0.062500 0.437500 -0.375000
v 0.062500 0.687500 -0.375000
v 0.062500 0.625000 -0.375000
v 0.062500 0.750000 -0.375000
v 0.062500 0.812500 -0.375000
v 0.062500 0.875000 -0.375000
v 0.062500 0.937500 -0.375000
v 0.062500 1.625000 -0.375000
v 0.062500 1.562500 -0.375000
v 0.062500 1.687500 -0.375000
v 0.062500 1.750000 -0.375000
v 0.062500 1.812500 -0.375000
v 0.062500 1.875000 -0.375000
v 0.062500 2.000000 -0.375000
v 0.062500 0.000000 -0.312500
v 0.062500 0.437500 -0.312500
v 0.062500 0.687500 -0.312500
v 0.062500 0.625000 -0.312500
v 0.062500 0.750000 -0.312500
v 0.062500 0.812500 -0.312500
v 0.062500 0.875000 -0.312500
v 0.062500 0.937500 -0.312500
v 0.062500 1.625000 -0.312500
v 0.062500 1.562500 -0.312500
v 0.062500 1.687500 -0.312500
v 0.062500 1.750000 -0.312500
v 0.062500 1.812500 -0.312500
v 0.062500 1.875000 -0.312500
v 0.062500 2.000000 -0.312500
v 0.062500 0.000000 -0.250000
v 0.062500 0.500000 -0.312500
v 0.062500 0.562500 -0.312500
v 0.062500 1.000000 -0.312500
v 0.062500 1.062500 -0.312500
v 0.062500 1.125000 -0.312500
v 0.062500 1.187500 -0.312500
v 0.062500 1.250000 -0.312500
v 0.062500 1.312500 -0.312500
v 0.062500 1.375000 -0.312500
v 0.062500 1.437500 -0.312500
v 0.062500 1.500000 -0.312500
v 0.062500 2.000000 -0.250000
v 0.062500 0.000000 -0.187500
v 0.062500 2.000000 -0.187500
v 0.062500 0.000000 -0.125000
v 0.062500 2.000000 -0.125000
v 0.062500 0.000000 -0.062500
v 0.062500 2.000000 -0.062500
v 0.062500 0.000000 0.000000
v 0.062500 2.000000 0.000000
v 0.062500 0.000000 0.062500
v 0.062500 2.000000 0.062500
v 0.062500 0.000000 0.125000
v 0.062500 2.000000 0.125000
v 0.062500 0.000000 0.187500
v 0.062500 2.000000 0.187500
v 0.062500 0.000000 0.250000
v 0.062500 2.000000 0.250000
v 0.062500 0.000000 0.312500
v 0.062500 2.000000 0.312500
v 0.062500 0.000000 0.375000
v 0.062500 2.000000 0.375000
v 0.062500 0.000000 0.437500
v 0.062500 0.250000 0.437500
v 0.062500 0.312500 0.437500
v 0.062500 0.500000 0.437500
v 0.062500 0.562500 0.437500
v 0.062500 0.750000 0.437500
v 0.062500 0.812500 0.437500
v 0.062500 1.000000 0.437500
v 0.062500 1.062500 0.437500
v 0.062500 1.250000 0.437500
v 0.062500 1.312500 0.437500
v 0.062500 1.500000 0.437500
v 0.062500 1.562500 0.437500
v 0.062500 1.750000 0.437500
v 0.062500 1.812500 0.437500
v 0.062500 2.000000 0.437500
v 0.062500 0.000000 0.500000
v 0.062500 0.062500 0.500000
v 0.062500 0.125000 0.500000
v 0.062500 0.187500 0.500000
v 0.062500 0.250000 0.500000
v 0.062500 0.312500 0.500000
v 0.062500 0.375000 0.500000
v 0.062500 0.437500 0.500000
v 0.062500 0.500000 0.500000
v 0.062500 0.562500 0.500000
v 0.062500 0.625000 0.500000
v 0.062500 0.687500 0.500000
v 0.062500 0.750000 0.500000
v 0.062500 0.812500 0.500000
v 0.062500 0.875000 0.500000
v 0.062500 0.937500 0.500000
v 0.062500 1.000000 0.500000
v 0.062500 1.062500 0.500000
v 0.062500 1.125000 0.500000
v 0.062500 1.187500 0.500000
v 0.062500 1.250000 0.500000
v 0.062500 1.312500 0.500000
v 0.062500 1.375000 0.500000
v 0.062500 1.437500 0.500000
v 0.062500 1.500000 0.500000
v 0.062500 1.562500 0.500000
v 0.062500 1.625000 0.500000
v 0.062500 1.687500 0.500000
v 0.062500 1.750000 0.500000
v 0.062500 1.812500 0.500000
v 0.062500 1.875000 0.500000
v 0.062500 1.937500 0.500000
v 0.062500 2.000000 0.500000
v 0.125000 0.062500 -0.500000
v 0.125000 0.000000 -0.500000
v 0.125000 0.000000 -0.437500
v 0.125000 0.125000 -0.500000
v 0.125000 0.187500 -0.500000
v 0.125000 0.250000 -0.500000
v 0.125000 0.250000 -0.437500
v 0.125000 0.375000 -0.500000
v 0.125000 0.312500 -0.500000
v 0.125000 0.312500 -0.437500
v 0.125000 0.437500 -0.500000
v 0.125000 0.437500 -0.437500
v 0.062500 1.000000 -0.437500
v 0.062500 1.000000 -0.500000
v 0.125000 1.000000 -0.500000
v 0.125000 0.937500 -0.500000
v 0.125000 0.937500 -0.437500
v 0.125000 1.000000 -0.437500
v 0.062500 1.062500 -0.437500
v 0.062500 1.125000 -0.437500
v 0.062500 1.125000 -0.500000
v 0.062500 1.062500 -0.500000
v 0.125000 1.125000 -0.500000
v 0.125000 1.062500 -0.500000
v 0.125000 1.062500 -0.437500
v 0.062500 1.187500 -0.437500
v 0.062500 1.187500 -0.500000
v 0.125000 1.187500 -0.500000
v 0.062500 1.250000 -0.437500
v 0.062500 1.250000 -0.500000
v 0.125000 1.250000 -0.500000
v 0.125000 1.250000 -0.437500
v 0.125000 1.937500 -0.500000
v 0.125000 1.875000 -0.500000
v 0.125000 1.875000 -0.437500
v 0.125000 2.000000 -0.500000
v 0.125000 2.000000 -0.437500
v 0.125000 0.000000 -0.375000
v 0.125000 0.437500 -0.375000
v 0.062500 1.000000 -0.375000
v 0.125000 0.937500 -0.375000
v 0.062500 1.062500 -0.375000
v 0.062500 1.125000 -0.375000
v 0.062500 1.187500 -0.375000
v 0.062500 1.250000 -0.375000
v 0.125000 1.250000 -0.375000
v 0.125000 1.875000 -0.375000
v 0.125000 2.000000 -0.375000
v 0.125000 0.000000 -0.312500
v 0.125000 0.437500 -0.312500
v 0.125000 0.937500 -0.312500
v 0.125000 1.250000 -0.312500
v 0.125000 1.875000 -0.312500
v 0.125000 2.000000 -0.312500
v 0.125000 0.000000 -0.250000
v 0.125000 0.500000 -0.312500
v 0.125000 0.562500 -0.312500
v 0.125000 0.625000 -0.312500
v 0.125000 0.687500 -0.312500
v 0.125000 0.750000 -0.312500
v 0.125000 0.812500 -0.312500
v 0.125000 0.875000 -0.312500
v 0.125000 1.312500 -0.312500
v 0.125000 1.375000 -0.312500
v 0.125000 1.437500 -0.312500
v 0.125000 1.500000 -0.312500
v 0.125000 1.562500 -0.312500
v 0.125000 1.625000 -0.312500
v 0.125000 1.687500 -0.312500
v 0.125000 1.750000 -0.312500
v 0.125000 1.812500 -0.312500
v 0.125000 2.000000 -0.250000
v 0.125000 0.000000 -0.187500
v 0.125000 2.000000 -0.187500
v 0.125000 0.000000 -0.125000
v 0.125000 2.000000 -0.125000
v 0.125000 0.000000 -0.062500
v 0.125000 2.000000 -0.062500
v 0.125000 0.000000 0.000000
v 0.125000 2.000000 0.000000
v 0.125000 0.000000 0.062500
v 0.125000 2.000000 0.062500
v 0.125000 0.000000 0.125000
v 0.125000 2.000000 0.125000
v 0.125000 0.000000 0.187500
v 0.125000 2.000000 0.187500
v 0.125000 0.000000 0.250000
v 0.125000 2.000000 0.250000
v 0.125000 0.000000 0.312500
v 0.125000 2.000000 0.312500
v 0.125000 0.000000 0.375000
v 0.125000 2.000000 0.375000
v 0.125000 0.000000 0.437500
v 0.125000 0.250000 0.437500
v 0.125000 0.312500 0.437500
v 0.125000 0.500000 0.437500
v 0.125000 0.562500 0.437500
v 0.125000 0.750000 0.437500
v 0.125000 0.812500 0.437500
v 0.125000 1.000000 0.437500
v 0.125000 1.062500 0.437500
v 0.125000 1.250000 0.437500
v 0.125000 1.312500 0.437500
v 0.125000 1.500000 0.437500
v 0.125000 1.562500 0.437500
v 0.125000 1.750000 0.437500
v 0.125000 1.812500 0.437500
v 0.125000 2.000000 0.437500
v 0.125000 0.000000 0.500000
v 0.125000 0.062500 0.500000
v 0.125000 0.125000 0.500000
v 0.125000 0.187500 0.500000
v 0.125000 0.250000 0.500000
v 0.125000 0.312500 0.500000
v 0.125000 0.375000 0.500000
v 0.125000 0.437500 0.500000
v 0.125000 0.500000 0.500000
v 0.125000 0.562500 0.500000
v 0.125000 0.625000 0.500000
v 0.125000 0.687500 0.500000
v 0.125000 0.750000 0.500000
v 0.125000 0.812500 0.500000
v 0.125000 0.875000 0.500000
v 0.125000 0.937500 0.500000
v 0.125000 1.000000 0.500000
v 0.125000 1.062500 0.500000
v 0.125000 1.125000 0.500000
v 0.125000 1.187500 0.500000
v 0.125000 1.250000 0.500000
v 0.125000 1.312500 0.500000
v 0.125000 1.375000 0.500000
v 0.125000 1.437500 0.500000
v 0.125000 1.500000 0.500000
v 0.125000 1.562500 0.500000
v 0.125000 1.625000 0.500000
v 0.125000 1.687500 0.500000
v 0.125000 1.750000 0.500000
v 0.125000 1.812500 0.500000
v 0.125000 1.875000 0.500000
v 0.125000 1.937500 0.500000
v 0.125000 2.000000 0.500000
v 0.187500 0.062500 -0.500000
v 0.187500 0.000000 -0.500000
v 0.187500 0.000000 -0.437500
v 0.187500 0.125000 -0.500000
v 0.187500 0.187500 -0.500000
v 0.187500 0.250000 -0.500000
v 0.187500 0.250000 -0.437500
v 0.187500 0.375000 -0.500000
v 0.187500 0.312500 -0.500000
v 0.187500 0.312500 -0.437500
v 0.187500 0.437500 -0.500000
v 0.125000 0.500000 -0.437500
v 0.125000 0.500000 -0.500000
v 0.187500 0.500000 -0.500000
v 0.187500 0.500000 -0.437500
v 0.125000 0.562500 -0.437500
v 0.125000 0.625000 -0.437500
v 0.125000 0.625000 -0.500000
v 0.125000 0.562500 -0.500000
v 0.187500 0.625000 -0.500000
v 0.187500 0.562500 -0.500000
v 0.187500 0.562500 -0.437500
v 0.187500 0.625000 -0.437500
v 0.187500 1.000000 -0.500000
v 0.187500 0.937500 -0.500000
v 0.187500 0.937500 -0.437500
v 0.187500 1.000000 -0.437500
v 0.187500 1.125000 -0.500000
v 0.187500 1.062500 -0.500000
v 0.187500 1.062500 -0.437500
v 0.187500 1.187500 -0.500000
v 0.187500 1.250000 -0.500000
v 0.187500 1.250000 -0.437500
v 0.125000 1.312500 -0.437500
v 0.125000 1.375000 -0.437500
v 0.125000 1.375000 -0.500000
v 0.125000 1.312500 -0.500000
v 0.187500 1.375000 -0.500000
v 0.187500 1.312500 -0.500000
v 0.187500 1.312500 -0.437500
v 0.125000 1.437500 -0.437500
v 0.125000 1.437500 -0.500000
v 0.187500 1.437500 -0.500000
v 0.125000 1.500000 -0.437500
v 0.125000 1.500000 -0.500000
v 0.187500 1.500000 -0.500000
v 0.187500 1.500000 -0.437500
v 0.187500 1.937500 -0.500000
v 0.187500 1.875000 -0.500000
v 0.187500 1.875000 -0.437500
v 0.187500 2.000000 -0.500000
v 0.187500 2.000000 -0.437500
v 0.187500 0.000000 -0.375000
v 0.125000 0.500000 -0.375000
v 0.125000 0.562500 -0.375000
v 0.125000 0.625000 -0.375000
v 0.187500 0.625000 -0.375000
v 0.187500 0.937500 -0.375000
v 0.125000 1.312500 -0.375000
v 0.125000 1.375000 -0.375000
v 0.125000 1.437500 -0.375000
v 0.125000 1.500000 -0.375000
v 0.125000 1.562500 -0.375000
v 0.125000 1.562500 -0.437500
v 0.187500 1.562500 -0.437500
v 0.187500 1.562500 -0.375000
v 0.187500 1.875000 -0.375000
v 0.187500 2.000000 -0.375000
v 0.187500 0.000000 -0.312500
v 0.187500 0.625000 -0.312500
v 0.187500 0.937500 -0.312500
v 0.187500 1.562500 -0.312500
v 0.187500 1.875000 -0.312500
v 0.187500 2.000000 -0.312500
v 0.187500 0.000000 -0.250000
v 0.187500 0.687500 -0.312500
v 0.187500 0.750000 -0.312500
v 0.187500 0.812500 -0.312500
v 0.187500 0.875000 -0.312500
v 0.187500 1.625000 -0.312500
v 0.187500 1.687500 -0.312500
v 0.187500 1.750000 -0.312500
v 0.187500 1.812500 -0.312500
v 0.187500 2.000000 -0.250000
v 0.187500 0.000000 -0.187500
v 0.187500 2.000000 -0.187500
v 0.187500 0.000000 -0.125000
v 0.187500 2.000000 -0.125000
v 0.187500 0.000000 -0.062500
v 0.187500 2.000000 -0.062500
v 0.187500 0.000000 0.000000
v 0.187500 2.000000 0.000000
v 0.187500 0.000000 0.062500
v 0.187500 2.000000 0.062500
v 0.187500 0.000000 0.125000
v 0.187500 2.000000 0.125000
v 0.187500 0.000000 0.187500
v 0.187500 2.000000 0.187500
v 0.187500 0.000000 0.250000
v 0.187500 2.000000 0.250000
v 0.187500 0.000000 0.312500
v 0.187500 2.000000 0.312500
v 0.187500 0.000000 0.375000
v 0.187500 2.000000 0.375000
v 0.187500 0.000000 0.437500
v 0.187500 0.250000 0.437500
v 0.187500 0.312500 0.437500
v 0.187500 0.500000 0.437500
v 0.187500 0.562500 0.437500
v 0.187500 0.750000 0.437500
v 0.187500 0.812500 0.437500
v 0.187500 1.000000 0.437500
v 0.187500 1.062500 0.437500
v 0.187500 1.250000 0.437500
v 0.187500 1.312500 0.437500
v 0.187500 1.500000 0.437500
v 0.187500 1.562500 0.437500
v 0.187500 1.750000 0.437500
v 0.187500 1.812500 0.437500
v 0.187500 2.000000 0.437500
v 0.187500 0.000000 0.500000
v 0.187500 0.062500 0.500000
v 0.187500 0.125000 0.500000
v 0.187500 0.187500 0.500000
v 0.187500 0.250000 0.500000
v 0.187500 0.312500 0.500000
v 0.187500 0.375000 0.500000
v 0.187500 0.437500 0.500000
v 0.187500 0.500000 0.500000
v 0.187500 0.562500 0.500000
v 0.187500 0.625000 0.500000
v 0.187500 0.687500 0.500000
v 0.187500 0.750000 0.500000
v 0.187500 0.812500 0.500000
v 0.187500 0.875000 0.500000
v 0.187500 0.937500 0.500000
v 0.187500 1.000000 0.500000
v 0.187500 1.062500 0.500000
v 0.187500 1.125000 0.500000
v 0.187500 1.187500 0.500000
v 0.187500 1.250000 0.500000
v 0.187500 1.312500 0.500000
v 0.187500 1.375000 0.500000
v 0.187500 1.437500 0.500000
v 0.187500 1.500000 0.500000
v 0.187500 1.562500 0.500000
v 0.187500 1.625000 0.500000
v 0.187500 1.687500 0.500000
v 0.187500 1.750000 0.500000
v 0.187500 1.812500 0.500000
v 0.187500 1.875000 0.500000
v 0.187500 1.937500 0.500000
v 0.187500 2.000000 0.500000
v 0.250000 0.062500 -0.500000
v 0.250000 0.000000 -0.500000
v 0.250000 0.000000 -0.437500
v 0.250000 0.125000 -0.500000
v 0.250000 0.125000 -0.437500
v 0.250000 0.062500 -0.437500
v 0.250000 0.187500 -0.500000
v 0.250000 0.187500 -0.437500
v 0.250000 0.250000 -0.500000
v 0.250000 0.250000 -0.437500
v 0.250000 0.375000 -0.500000
v 0.250000 0.312500 -0.500000
v 0.250000 0.312500 -0.437500
v 0.250000 0.437500 -0.500000
v 0.250000 0.500000 -0.500000
v 0.250000 0.500000 -0.437500
v 0.250000 0.625000 -0.500000
v 0.250000 0.625000 -0.437500
v 0.250000 0.562500 -0.437500
v 0.250000 0.562500 -0.500000
v 0.187500 0.687500 -0.437500
v 0.187500 0.687500 -0.500000
v 0.250000 0.687500 -0.500000
v 0.250000 0.687500 -0.437500
v 0.187500 0.750000 -0.437500
v 0.187500 0.750000 -0.500000
v 0.250000 0.750000 -0.500000
v 0.250000 0.750000 -0.437500
v 0.187500 0.812500 -0.437500
v 0.187500 0.875000 -0.437500
v 0.187500 0.875000 -0.500000
v 0.187500 0.812500 -0.500000
v 0.250000 0.875000 -0.500000
v 0.250000 0.812500 -0.500000
v 0.250000 0.812500 -0.437500
v 0.250000 0.937500 -0.500000
v 0.250000 1.000000 -0.500000
v 0.250000 1.000000 -0.437500
v 0.250000 1.125000 -0.500000
v 0.250000 1.125000 -0.437500
v 0.250000 1.062500 -0.437500
v 0.250000 1.062500 -0.500000
v 0.250000 1.187500 -0.500000
v 0.250000 1.187500 -0.437500
v 0.250000 1.250000 -0.500000
v 0.250000 1.250000 -0.437500
v 0.250000 1.375000 -0.500000
v 0.250000 1.312500 -0.500000
v 0.250000 1.312500 -0.437500
v 0.250000 1.437500 -0.500000
v 0.250000 1.500000 -0.500000
v 0.250000 1.500000 -0.437500
v 0.187500 1.625000 -0.437500
v 0.187500 1.625000 -0.500000
v 0.187500 1.562500 -0.500000
v 0.250000 1.625000 -0.500000
v 0.250000 1.625000 -0.437500
v 0.250000 1.562500 -0.437500
v 0.250000 1.562500 -0.500000
v 0.187500 1.687500 -0.437500
v 0.187500 1.687500 -0.500000
v 0.250000 1.687500 -0.500000
v 0.250000 1.687500 -0.437500
v 0.187500 1.750000 -0.437500
v 0.187500 1.750000 -0.500000
v 0.250000 1.750000 -0.500000
v 0.250000 1.750000 -0.437500
v 0.187500 1.812500 -0.437500
v 0.187500 1.812500 -0.500000
v 0.250000 1.875000 -0.500000
v 0.250000 1.812500 -0.500000
v 0.250000 1.812500 -0.437500
v 0.250000 1.937500 -0.500000
v 0.250000 2.000000 -0.500000
v 0.250000 2.000000 -0.437500
v 0.250000 0.000000 -0.375000
v 0.187500 0.687500 -0.375000
v 0.187500 0.750000 -0.375000
v 0.187500 0.812500 -0.375000
v 0.187500 0.875000 -0.375000
v 0.187500 1.625000 -0.375000
v 0.187500 1.687500 -0.375000
v 0.187500 1.750000 -0.375000
v 0.187500 1.812500 -0.375000
v 0.250000 2.000000 -0.375000
v 0.250000 0.000000 -0.312500
v 0.250000 2.000000 -0.312500
v 0.250000 0.000000 -0.250000
v 0.250000 2.000000 -0.250000
v 0.250000 0.000000 -0.187500
v 0.250000 2.000000 -0.187500
v 0.250000 0.000000 -0.125000
v 0.250000 2.000000 -0.125000
v 0.250000 0.000000 -0.062500
v 0.250000 2.000000 -0.062500
v 0.250000 0.000000 0.000000
v 0.250000 2.000000 0.000000
v 0.250000 0.000000 0.062500
v 0.250000 2.000000 0.062500
v 0.250000 0.000000 0.125000
v 0.250000 2.000000 0.125000
v 0.250000 0.000000 0.187500
v 0.250000 2.000000 0.187500
v 0.250000 0.000000 0.250000
v 0.250000 2.000000 0.250000
v 0.250000 0.000000 0.312500
v 0.250000 2.000000 0.312500
v 0.250000 0.000000 0.375000
v 0.250000 2.000000 0.375000
v 0.250000 0.000000 0.437500
v 0.250000 0.250000 0.437500
v 0.250000 0.312500 0.437500
v 0.250000 0.500000 0.437500
v 0.250000 0.562500 0.437500
v 0.250000 0.750000 0.437500
v 0.250000 0.812500 0.437500
v 0.250000 1.000000 0.437500
v 0.250000 1.062500 0.437500
v 0.250000 1.250000 0.437500
v 0.250000 1.312500 0.437500
v 0.250000 1.500000 0.437500
v 0.250000 1.562500 0.437500
v 0.250000 1.750000 0.437500
v 0.250000 1.812500 0.437500
v 0.250000 2.000000 0.437500
v 0.250000 0.000000 0.500000
v 0.250000 0.062500 0.500000
v 0.250000 0.125000 0.437500
v 0.250000 0.125000 0.500000
v 0.250000 0.062500 0.437500
v 0.250000 0.187500 0.437500
v 0.250000 0.187500 0.500000
v 0.250000 0.250000 0.500000
v 0.250000 0.312500 0.500000
v 0.250000 0.375000 0.500000
v 0.250000 0.437500 0.500000
v 0.250000 0.500000 0.500000
v 0.250000 0.625000 0.437500
v 0.250000 0.625000 0.500000
v 0.250000 0.562500 0.500000
v 0.250000 0.687500 0.437500
v 0.250000 0.687500 0.500000
v 0.250000 0.750000 0.500000
v 0.250000 0.812500 0.500000
v 0.250000 0.875000 0.500000
v 0.250000 0.937500 0.500000
v 0.250000 1.000000 0.500000
v 0.250000 1.125000 0.437500
v 0.250000 1.125000 0.500000
v 0.250000 1.062500 0.500000
v 0.250000 1.187500 0.437500
v 0.250000 1.187500 0.500000
v 0.250000 1.250000 0.500000
v 0.250000 1.312500 0.500000
v 0.250000 1.375000 0.500000
v 0.250000 1.437500 0.500000
v 0.250000 1.500000 0.500000
v 0.250000 1.625000 0.437500
v 0.250000 1.625000 0.500000
v 0.250000 1.562500 0.500000
v 0.250000 1.687500 0.437500
v 0.250000 1.687500 0.500000
v 0.250000 1.750000 0.500000
v 0.250000 1.812500 0.500000
v 0.250000 1.875000 0.500000
v 0.250000 1.937500 0.500000
v 0.250000 2.000000 0.500000
v 0.312500 0.062500 -0.500000
v 0.312500 0.000000 -0.500000
v 0.312500 0.000000 -0.437500
v 0.312500 0.062500 -0.437500
v 0.312500 0.375000 -0.500000
v 0.312500 0.312500 -0.500000
v 0.312500 0.312500 -0.437500
v 0.312500 0.437500 -0.500000
v 0.312500 0.500000 -0.500000
v 0.312500 0.500000 -0.437500
v 0.312500 0.875000 -0.500000
v 0.312500 0.812500 -0.500000
v 0.312500 0.812500 -0.437500
v 0.312500 0.937500 -0.500000
v 0.312500 1.000000 -0.500000
v 0.312500 1.000000 -0.437500
v 0.312500 1.375000 -0.500000
v 0.312500 1.312500 -0.500000
v 0.312500 1.312500 -0.437500
v 0.312500 1.437500 -0.500000
v 0.312500 1.500000 -0.500000
v 0.312500 1.500000 -0.437500
v 0.312500 1.875000 -0.500000
v 0.312500 1.875000 -0.437500
v 0.312500 1.812500 -0.437500
v 0.312500 1.812500 -0.500000
v 0.312500 1.937500 -0.500000
v 0.312500 1.937500 -0.437500
v 0.312500 2.000000 -0.500000
v 0.312500 2.000000 -0.437500
v 0.312500 0.000000 -0.375000
v 0.312500 0.125000 -0.437500
v 0.312500 0.187500 -0.437500
v 0.312500 0.250000 -0.437500
v 0.312500 0.562500 -0.437500
v 0.312500 0.625000 -0.437500
v 0.312500 0.687500 -0.437500
v 0.312500 0.750000 -0.437500
v 0.312500 1.062500 -0.437500
v 0.312500 1.125000 -0.437500
v 0.312500 1.187500 -0.437500
v 0.312500 1.250000 -0.437500
v 0.312500 1.562500 -0.437500
v 0.312500 1.625000 -0.437500
v 0.312500 1.687500 -0.437500
v 0.312500 1.750000 -0.437500
v 0.312500 1.875000 -0.375000
v 0.312500 1.812500 -0.375000
v 0.312500 1.937500 -0.375000
v 0.312500 2.000000 -0.375000
v 0.312500 0.000000 -0.312500
v 0.312500 1.875000 -0.312500
v 0.312500 1.812500 -0.312500
v 0.312500 1.937500 -0.312500
v 0.312500 2.000000 -0.312500
v 0.312500 0.000000 -0.250000
v 0.312500 2.000000 -0.250000
v 0.312500 0.000000 -0.187500
v 0.312500 2.000000 -0.187500
v 0.312500 0.000000 -0.125000
v 0.312500 2.000000 -0.125000
v 0.312500 0.000000 -0.062500
v 0.312500 2.000000 -0.062500
v 0.312500 0.000000 0.000000
v 0.312500 2.000000 0.000000
v 0.312500 0.000000 0.062500
v 0.312500 2.000000 0.062500
v 0.312500 0.000000 0.125000
v 0.312500 2.000000 0.125000
v 0.312500 0.000000 0.187500
v 0.312500 2.000000 0.187500
v 0.312500 0.000000 0.250000
v 0.312500 2.000000 0.250000
v 0.312500 0.000000 0.312500
v 0.312500 2.000000 0.312500
v 0.312500 0.000000 0.375000
v 0.312500 2.000000 0.375000
v 0.312500 0.000000 0.437500
v 0.312500 0.062500 0.437500
v 0.312500 0.125000 0.437500
v 0.312500 0.187500 0.437500
v 0.312500 0.250000 0.437500
v 0.312500 0.312500 0.437500
v 0.312500 0.500000 0.437500
v 0.312500 0.562500 0.437500
v 0.312500 0.625000 0.437500
v 0.312500 0.687500 0.437500
v 0.312500 0.750000 0.437500
v 0.312500 0.812500 0.437500
v 0.312500 1.000000 0.437500
v 0.312500 1.062500 0.437500
v 0.312500 1.125000 0.437500
v 0.312500 1.187500 0.437500
v 0.312500 1.250000 0.437500
v 0.312500 1.312500 0.437500
v 0.312500 1.500000 0.437500
v 0.312500 1.562500 0.437500
v 0.312500 1.625000 0.437500
v 0.312500 1.687500 0.437500
v 0.312500 1.750000 0.437500
v 0.312500 1.812500 0.437500
v 0.312500 2.000000 0.437500
v 0.312500 0.000000 0.500000
v 0.312500 0.062500 0.500000
v 0.312500 0.312500 0.500000
v 0.312500 0.375000 0.500000
v 0.312500 0.437500 0.500000
v 0.312500 0.500000 0.500000
v 0.312500 0.812500 0.500000
v 0.312500 0.875000 0.500000
v 0.312500 0.937500 0.500000
v 0.312500 1.000000 0.500000
v 0.312500 1.312500 0.500000
v 0.312500 1.375000 0.500000
v 0.312500 1.437500 0.500000
v 0.312500 1.500000 0.500000
v 0.312500 1.812500 0.500000
v 0.312500 1.875000 0.500000
v 0.312500 1.937500 0.500000
v 0.312500 2.000000 0.500000
v 0.375000 0.062500 -0.500000
v 0.375000 0.000000 -0.500000
v 0.375000 0.000000 -0.437500
v 0.312500 0.125000 -0.500000
v 0.375000 0.125000 -0.500000
v 0.312500 0.187500 -0.500000
v 0.375000 0.187500 -0.500000
v 0.312500 0.250000 -0.500000
v 0.375000 0.250000 -0.500000
v 0.375000 0.250000 -0.437500
v 0.375000 0.375000 -0.500000
v 0.375000 0.375000 -0.437500
v 0.375000 0.312500 -0.437500
v 0.375000 0.312500 -0.500000
v 0.375000 0.437500 -0.500000
v 0.375000 0.437500 -0.437500
v 0.375000 0.500000 -0.500000
v 0.375000 0.500000 -0.437500
v 0.312500 0.625000 -0.500000
v 0.312500 0.562500 -0.500000
v 0.375000 0.625000 -0.500000
v 0.375000 0.562500 -0.500000
v 0.375000 0.562500 -0.437500
v 0.312500 0.687500 -0.500000
v 0.375000 0.687500 -0.500000
v 0.312500 0.750000 -0.500000
v 0.375000 0.750000 -0.500000
v 0.375000 0.750000 -0.437500
v 0.375000 0.875000 -0.500000
v 0.375000 0.875000 -0.437500
v 0.375000 0.812500 -0.437500
v 0.375000 0.812500 -0.500000
v 0.375000 0.937500 -0.500000
v 0.375000 0.937500 -0.437500
v 0.375000 1.000000 -0.500000
v 0.375000 1.000000 -0.437500
v 0.312500 1.125000 -0.500000
v 0.312500 1.062500 -0.500000
v 0.375000 1.125000 -0.500000
v 0.375000 1.062500 -0.500000
v 0.375000 1.062500 -0.437500
v 0.312500 1.187500 -0.500000
v 0.375000 1.187500 -0.500000
v 0.312500 1.250000 -0.500000
v 0.375000 1.250000 -0.500000
v 0.375000 1.250000 -0.437500
v 0.375000 1.375000 -0.500000
v 0.375000 1.375000 -0.437500
v 0.375000 1.312500 -0.437500
v 0.375000 1.312500 -0.500000
v 0.375000 1.437500 -0.500000
v 0.375000 1.437500 -0.437500
v 0.375000 1.500000 -0.500000
v 0.375000 1.500000 -0.437500
v 0.312500 1.625000 -0.500000
v 0.312500 1.562500 -0.500000
v 0.375000 1.625000 -0.500000
v 0.375000 1.562500 -0.500000
v 0.375000 1.562500 -0.437500
v 0.312500 1.687500 -0.500000
v 0.375000 1.687500 -0.500000
v 0.312500 1.750000 -0.500000
v 0.375000 1.750000 -0.500000
v 0.375000 1.750000 -0.437500
v 0.375000 0.000000 -0.375000
v 0.375000 1.812500 -0.437500
v 0.375000 1.812500 -0.375000
v 0.375000 0.000000 -0.312500
v 0.375000 1.812500 -0.312500
v 0.375000 0.000000 -0.250000
v 0.375000 1.875000 -0.312500
v 0.375000 1.937500 -0.312500
v 0.375000 2.000000 -0.312500
v 0.375000 2.000000 -0.250000
v 0.375000 0.000000 -0.187500
v 0.375000 2.000000 -0.187500
v 0.375000 0.000000 -0.125000
v 0.375000 2.000000 -0.125000
v 0.375000 0.000000 -0.062500
v 0.375000 2.000000 -0.062500
v 0.375000 0.000000 0.000000
v 0.375000 2.000000 0.000000
v 0.375000 0.000000 0.062500
v 0.375000 2.000000 0.062500
v 0.375000 0.000000 0.125000
v 0.375000 2.000000 0.125000
v 0.375000 0.000000 0.187500
v 0.375000 2.000000 0.187500
v 0.375000 0.000000 0.250000
v 0.375000 2.000000 0.250000
v 0.375000 0.000000 0.312500
v 0.375000 2.000000 0.312500
v 0.375000 0.000000 0.375000
v 0.375000 2.000000 0.375000
v 0.375000 0.000000 0.437500
v 0.375000 0.250000 0.437500
v 0.375000 0.312500 0.437500
v 0.375000 0.500000 0.437500
v 0.375000 0.562500 0.437500
v 0.375000 0.750000 0.437500
v 0.375000 0.812500 0.437500
v 0.375000 1.000000 0.437500
v 0.375000 1.062500 0.437500
v 0.375000 1.250000 0.437500
v 0.375000 1.312500 0.437500
v 0.375000 1.500000 0.437500
v 0.375000 1.562500 0.437500
v 0.375000 1.750000 0.437500
v 0.375000 1.812500 0.437500
v 0.375000 2.000000 0.437500
v 0.375000 0.000000 0.500000
v 0.375000 0.062500 0.500000
v 0.312500 0.125000 0.500000
v 0.375000 0.125000 0.500000
v 0.312500 0.187500 0.500000
v 0.375000 0.187500 0.500000
v 0.312500 0.250000 0.500000
v 0.375000 0.250000 0.500000
v 0.375000 0.375000 0.437500
v 0.375000 0.375000 0.500000
v 0.375000 0.312500 0.500000
v 0.375000 0.437500 0.437500
v 0.375000 0.437500 0.500000
v 0.375000 0.500000 0.500000
v 0.312500 0.562500 0.500000
v 0.312500 0.625000 0.500000
v 0.375000 0.562500 0.500000
v 0.375000 0.625000 0.500000
v 0.312500 0.687500 0.500000
v 0.375000 0.687500 0.500000
v 0.312500 0.750000 0.500000
v 0.375000 0.750000 0.500000
v 0.375000 0.875000 0.437500
v 0.375000 0.875000 0.500000
v 0.375000 0.812500 0.500000
v 0.375000 0.937500 0.437500
v 0.375000 0.937500 0.500000
v 0.375000 1.000000 0.500000
v 0.312500 1.062500 0.500000
v 0.312500 1.125000 0.500000
v 0.375000 1.062500 0.500000
v 0.375000 1.125000 0.500000
v 0.312500 1.187500 0.500000
v 0.375000 1.187500 0.500000
v 0.312500 1.250000 0.500000
v 0.375000 1.250000 0.500000
v 0.375000 1.375000 0.437500
v 0.375000 1.375000 0.500000
v 0.375000 1.312500 0.500000
v 0.375000 1.437500 0.437500
v 0.375000 1.437500 0.500000
v 0.375000 1.500000 0.500000
v 0.312500 1.562500 0.500000
v 0.312500 1.625000 0.500000
v 0.375000 1.562500 0.500000
v 0.375000 1.625000 0.500000
v 0.312500 1.687500 0.500000
v 0.375000 1.687500 0.500000
v 0.312500 1.750000 0.500000
v 0.375000 1.750000 0.500000
v 0.375000 1.875000 0.437500
v 0.375000 1.875000 0.500000
v 0.375000 1.812500 0.500000
v 0.375000 1.937500 0.437500
v 0.375000 1.937500 0.500000
v 0.375000 2.000000 0.500000
v 0.437500 0.062500 -0.500000
v 0.437500 0.000000 -0.500000
v 0.437500 0.000000 -0.437500
v 0.437500 0.125000 -0.500000
v 0.437500 0.187500 -0.500000
v 0.437500 0.250000 -0.500000
v 0.437500 0.250000 -0.437500
v 0.437500 0.625000 -0.500000
v 0.437500 0.562500 -0.500000
v 0.437500 0.562500 -0.437500
v 0.437500 0.687500 -0.500000
v 0.437500 0.750000 -0.500000
v 0.437500 0.750000 -0.437500
v 0.437500 1.125000 -0.500000
v 0.437500 1.062500 -0.500000
v 0.437500 1.062500 -0.437500
v 0.437500 1.187500 -0.500000
v 0.437500 1.250000 -0.500000
v 0.437500 1.250000 -0.437500
v 0.437500 1.625000 -0.500000
v 0.437500 1.562500 -0.500000
v 0.437500 1.562500 -0.437500
v 0.437500 1.687500 -0.500000
v 0.437500 1.750000 -0.500000
v 0.437500 1.750000 -0.437500
v 0.437500 0.000000 -0.375000
v 0.437500 0.312500 -0.437500
v 0.437500 0.312500 -0.375000
v 0.437500 0.250000 -0.375000
v 0.437500 0.375000 -0.437500
v 0.437500 0.437500 -0.437500
v 0.437500 0.500000 -0.437500
v 0.437500 0.562500 -0.375000
v 0.437500 0.500000 -0.375000
v 0.437500 0.812500 -0.437500
v 0.437500 0.812500 -0.375000
v 0.437500 0.750000 -0.375000
v 0.437500 0.875000 -0.437500
v 0.437500 0.937500 -0.437500
v 0.437500 1.000000 -0.437500
v 0.437500 1.062500 -0.375000
v 0.437500 1.000000 -0.375000
v 0.437500 1.312500 -0.437500
v 0.437500 1.312500 -0.375000
v 0.437500 1.250000 -0.375000
v 0.437500 1.375000 -0.437500
v 0.437500 1.437500 -0.437500
v 0.437500 1.500000 -0.437500
v 0.437500 1.562500 -0.375000
v 0.437500 1.500000 -0.375000
v 0.437500 1.812500 -0.437500
v 0.437500 1.812500 -0.375000
v 0.437500 1.750000 -0.375000
v 0.437500 0.000000 -0.312500
v 0.437500 0.312500 -0.312500
v 0.437500 0.250000 -0.312500
v 0.437500 0.562500 -0.312500
v 0.437500 0.500000 -0.312500
v 0.437500 0.812500 -0.312500
v 0.437500 0.750000 -0.312500
v 0.437500 1.062500 -0.312500
v 0.437500 1.000000 -0.312500
v 0.437500 1.312500 -0.312500
v 0.437500 1.250000 -0.312500
v 0.437500 1.562500 -0.312500
v 0.437500 1.500000 -0.312500
v 0.437500 1.812500 -0.312500
v 0.437500 1.750000 -0.312500
v 0.437500 0.000000 -0.250000
v 0.437500 0.312500 -0.250000
v 0.437500 0.250000 -0.250000
v 0.437500 0.562500 -0.250000
v 0.437500 0.500000 -0.250000
v 0.437500 0.812500 -0.250000
v 0.437500 0.750000 -0.250000
v 0.437500 1.062500 -0.250000
v 0.437500 1.000000 -0.250000
v 0.437500 1.312500 -0.250000
v 0.437500 1.250000 -0.250000
v 0.437500 1.562500 -0.250000
v 0.437500 1.500000 -0.250000
v 0.437500 1.812500 -0.250000
v 0.437500 1.750000 -0.250000
v 0.437500 1.875000 -0.312500
v 0.437500 1.937500 -0.312500
v 0.437500 2.000000 -0.312500
v 0.437500 2.000000 -0.250000
v 0.437500 0.000000 -0.187500
v 0.437500 0.125000 -0.250000
v 0.437500 0.125000 -0.187500
v 0.437500 0.062500 -0.187500
v 0.437500 0.062500 -0.250000
v 0.437500 0.187500 -0.250000
v 0.437500 0.187500 -0.187500
v 0.437500 0.250000 -0.187500
v 0.437500 0.312500 -0.187500
v 0.437500 0.562500 -0.187500
v 0.437500 0.500000 -0.187500
v 0.437500 0.625000 -0.250000
v 0.437500 0.625000 -0.187500
v 0.437500 0.687500 -0.250000
v 0.437500 0.687500 -0.187500
v 0.437500 0.750000 -0.187500
v 0.437500 0.812500 -0.187500
v 0.437500 1.062500 -0.187500
v 0.437500 1.000000 -0.187500
v 0.437500 1.125000 -0.250000
v 0.437500 1.125000 -0.187500
v 0.437500 1.187500 -0.250000
v 0.437500 1.187500 -0.187500
v 0.437500 1.250000 -0.187500
v 0.437500 1.312500 -0.187500
v 0.437500 1.562500 -0.187500
v 0.437500 1.500000 -0.187500
v 0.437500 1.625000 -0.250000
v 0.437500 1.625000 -0.187500
v 0.437500 1.687500 -0.250000
v 0.437500 1.687500 -0.187500
v 0.437500 1.750000 -0.187500
v 0.437500 1.812500 -0.187500
v 0.437500 2.000000 -0.187500
v 0.437500 0.000000 -0.125000
v 0.437500 0.312500 -0.125000
v 0.437500 0.250000 -0.125000
v 0.437500 0.562500 -0.125000
v 0.437500 0.500000 -0.125000
v 0.437500 0.812500 -0.125000
v 0.437500 0.750000 -0.125000
v 0.437500 1.062500 -0.125000
v 0.437500 1.000000 -0.125000
v 0.437500 1.312500 -0.125000
v 0.437500 1.250000 -0.125000
v 0.437500 1.562500 -0.125000
v 0.437500 1.500000 -0.125000
v 0.437500 1.812500 -0.125000
v 0.437500 1.750000 -0.125000
v 0.437500 2.000000 -0.125000
v 0.437500 0.000000 -0.062500
v 0.437500 0.312500 -0.062500
v 0.437500 0.250000 -0.062500
v 0.437500 0.375000 -0.125000
v 0.437500 0.375000 -0.062500
v 0.437500 0.437500 -0.125000
v 0.437500 0.437500 -0.062500
v 0.437500 0.500000 -0.062500
v 0.437500 0.562500 -0.062500
v 0.437500 0.812500 -0.062500
v 0.437500 0.750000 -0.062500
v 0.437500 0.875000 -0.125000
v 0.437500 0.875000 -0.062500
v 0.437500 0.937500 -0.125000
v 0.437500 0.937500 -0.062500
v 0.437500 1.000000 -0.062500
v 0.437500 1.062500 -0.062500
v 0.437500 1.312500 -0.062500
v 0.437500 1.250000 -0.062500
v 0.437500 1.375000 -0.125000
v 0.437500 1.375000 -0.062500
v 0.437500 1.437500 -0.125000
v 0.437500 1.437500 -0.062500
v 0.437500 1.500000 -0.062500
v 0.437500 1.562500 -0.062500
v 0.437500 1.812500 -0.062500
v 0.437500 1.750000 -0.062500
v 0.437500 1.875000 -0.125000
v 0.437500 1.875000 -0.062500
v 0.437500 1.937500 -0.125000
v 0.437500 1.937500 -0.062500
v 0.437500 2.000000 -0.062500
v 0.437500 0.000000 0.000000
v 0.437500 0.312500 0.000000
v 0.437500 0.250000 0.000000
v 0.437500 0.562500 0.000000
v 0.437500 0.500000 0.000000
v 0.437500 0.812500 0.000000
v 0.437500 0.750000 0.000000
v 0.437500 1.062500 0.000000
v 0.437500 1.000000 0.000000
v 0.437500 1.312500 0.000000
v 0.437500 1.250000 0.000000
v 0.437500 1.562500 0.000000
v 0.437500 1.500000 0.000000
v 0.437500 1.812500 0.000000
v 0.437500 1.750000 0.000000
v 0.437500 2.000000 0.000000
v 0.437500 0.000000 0.062500
v 0.437500 0.312500 0.062500
v 0.437500 0.250000 0.062500
v 0.437500 0.562500 0.062500
v 0.437500 0.500000 0.062500
v 0.437500 0.812500 0.062500
v 0.437500 0.750000 0.062500
v 0.437500 1.062500 0.062500
v 0.437500 1.000000 0.062500
v 0.437500 1.312500 0.062500
v 0.437500 1.250000 0.062500
v 0.437500 1.562500 0.062500
v 0.437500 1.500000 0.062500
v 0.437500 1.812500 0.062500
v 0.437500 1.750000 0.062500
v 0.437500 2.000000 0.062500
v 0.437500 0.000000 0.125000
v 0.437500 0.312500 0.125000
v 0.437500 0.250000 0.125000
v 0.437500 0.562500 0.125000
v 0.437500 0.500000 0.125000
v 0.437500 0.812500 0.125000
v 0.437500 0.750000 0.125000
v 0.437500 1.062500 0.125000
v 0.437500 1.000000 0.125000
v 0.437500 1.312500 0.125000
v 0.437500 1.250000 0.125000
v 0.437500 1.562500 0.125000
v 0.437500 1.500000 0.125000
v 0.437500 1.812500 0.125000
v 0.437500 1.750000 0.125000
v 0.437500 2.000000 0.125000
v 0.437500 0.000000 0.187500
v 0.437500 0.312500 0.187500
v 0.437500 0.250000 0.187500
v 0.437500 0.562500 0.187500
v 0.437500 0.500000 0.187500
v 0.437500 0.812500 0.187500
v 0.437500 0.750000 0.187500
v 0.437500 1.062500 0.187500
v 0.437500 1.000000 0.187500
v 0.437500 1.312500 0.187500
v 0.437500 1.250000 0.187500
v 0.437500 1.562500 0.187500
v 0.437500 1.500000 0.187500
v 0.437500 1.812500 0.187500
v 0.437500 1.750000 0.187500
v 0.437500 2.000000 0.187500
v 0.437500 0.000000 0.250000
v 0.437500 0.312500 0.250000
v 0.437500 0.250000 0.250000
v 0.437500 0.562500 0.250000
v 0.437500 0.500000 0.250000
v 0.437500 0.812500 0.250000
v 0.437500 0.750000 0.250000
v 0.437500 1.062500 0.250000
v 0.437500 1.000000 0.250000
v 0.437500 1.312500 0.250000
v 0.437500 1.250000 0.250000
v 0.437500 1.562500 0.250000
v 0.437500 1.500000 0.250000
v 0.437500 1.812500 0.250000
v 0.437500 1.750000 0.250000
v 0.437500 2.000000 0.250000
v 0.437500 0.000000 0.312500
v 0.437500 0.125000 0.250000
v 0.437500 0.125000 0.312500
v 0.437500 0.062500 0.312500
v 0.437500 0.062500 0.250000
v 0.437500 0.187500 0.250000
v 0.437500 0.187500 0.312500
v 0.437500 0.250000 0.312500
v 0.437500 0.312500 0.312500
v 0.437500 0.562500 0.312500
v 0.437500 0.500000 0.312500
v 0.437500 0.625000 0.250000
v 0.437500 0.625000 0.312500
v 0.437500 0.687500 0.250000
v 0.437500 0.687500 0.312500
v 0.437500 0.750000 0.312500
v 0.437500 0.812500 0.312500
v 0.437500 1.062500 0.312500
v 0.437500 1.000000 0.312500
v 0.437500 1.125000 0.250000
v 0.437500 1.125000 0.312500
v 0.437500 1.187500 0.250000
v 0.437500 1.187500 0.312500
v 0.437500 1.250000 0.312500
v 0.437500 1.312500 0.312500
v 0.437500 1.562500 0.312500
v 0.437500 1.500000 0.312500
v 0.437500 1.625000 0.250000
v 0.437500 1.625000 0.312500
v 0.437500 1.687500 0.250000
v 0.437500 1.687500 0.312500
v 0.437500 1.750000 0.312500
v 0.437500 1.812500 0.312500
v 0.437500 2.000000 0.312500
v 0.437500 0.000000 0.375000
v 0.437500 0.312500 0.375000
v 0.437500 0.250000 0.375000
v 0.437500 0.562500 0.375000
v 0.437500 0.500000 0.375000
v 0.437500 0.812500 0.375000
v 0.437500 0.750000 0.375000
v 0.437500 1.062500 0.375000
v 0.437500 1.000000 0.375000
v 0.437500 1.312500 0.375000
v 0.437500 1.250000 0.375000
v 0.437500 1.562500 0.375000
v 0.437500 1.500000 0.375000
v 0.437500 1.812500 0.375000
v 0.437500 1.750000 0.375000
v 0.437500 2.000000 0.375000
v 0.437500 0.000000 0.437500
v 0.437500 0.312500 0.437500
v 0.437500 0.250000 0.437500
v 0.437500 0.375000 0.375000
v 0.437500 0.375000 0.437500
v 0.437500 0.437500 0.375000
v 0.437500 0.437500 0.437500
v 0.437500 0.500000 0.437500
v 0.437500 0.562500 0.437500
v 0.437500 0.812500 0.437500
v 0.437500 0.750000 0.437500
v 0.437500 0.875000 0.375000
v 0.437500 0.875000 0.437500
v 0.437500 0.937500 0.375000
v 0.437500 0.937500 0.437500
v 0.437500 1.000000 0.437500
v 0.437500 1.062500 0.437500
v 0.437500 1.312500 0.437500
v 0.437500 1.250000 0.437500
v 0.437500 1.375000 0.375000
v 0.437500 1.375000 0.437500
v 0.437500 1.437500 0.375000
v 0.437500 1.437500 0.437500
v 0.437500 1.500000 0.437500
v 0.437500 1.562500 0.437500
v 0.437500 1.812500 0.437500
v 0.437500 1.750000 0.437500
v 0.437500 1.875000 0.375000
v 0.437500 1.875000 0.437500
v 0.437500 1.937500 0.375000
v 0.437500 1.937500 0.437500
v 0.437500 2.000000 0.437500
v 0.437500 0.000000 0.500000
v 0.437500 0.062500 0.500000
v 0.437500 0.125000 0.500000
v 0.437500 0.187500 0.500000
v 0.437500 0.250000 0.500000
v 0.437500 0.562500 0.500000
v 0.437500 0.625000 0.500000
v 0.437500 0.687500 0.500000
v 0.437500 0.750000 0.500000
v 0.437500 1.062500 0.500000
v 0.437500 1.125000 0.500000
v 0.437500 1.187500 0.500000
v 0.437500 1.250000 0.500000
v 0.437500 1.562500 0.500000
v 0.437500 1.625000 0.500000
v 0.437500 1.687500 0.500000
v 0.437500 1.750000 0.500000
v 0.500000 0.062500 -0.500000
v 0.500000 0.062500 -0.437500
v 0.500000 0.000000 -0.437500
v 0.500000 0.000000 -0.500000
v 0.500000 0.125000 -0.500000
v 0.500000 0.125000 -0.437500
v 0.500000 0.187500 -0.500000
v 0.500000 0.187500 -0.437500
v 0.500000 0.250000 -0.500000
v 0.500000 0.250000 -0.437500
v 0.437500 0.375000 -0.500000
v 0.437500 0.312500 -0.500000
v 0.500000 0.375000 -0.500000
v 0.500000 0.375000 -0.437500
v 0.500000 0.312500 -0.437500
v 0.500000 0.312500 -0.500000
v 0.437500 0.437500 -0.500000
v 0.500000 0.437500 -0.500000
v 0.500000 0.437500 -0.437500
v 0.437500 0.500000 -0.500000
v 0.500000 0.500000 -0.500000
v 0.500000 0.500000 -0.437500
v 0.500000 0.625000 -0.500000
v 0.500000 0.625000 -0.437500
v 0.500000 0.562500 -0.437500
v 0.500000 0.562500 -0.500000
v 0.500000 0.687500 -0.500000
v 0.500000 0.687500 -0.437500
v 0.500000 0.750000 -0.500000
v 0.500000 0.750000 -0.437500
v 0.437500 0.875000 -0.500000
v 0.437500 0.812500 -0.500000
v 0.500000 0.875000 -0.500000
v 0.500000 0.875000 -0.437500
v 0.500000 0.812500 -0.437500
v 0.500000 0.812500 -0.500000
v 0.437500 0.937500 -0.500000
v 0.500000 0.937500 -0.500000
v 0.500000 0.937500 -0.437500
v 0.437500 1.000000 -0.500000
v 0.500000 1.000000 -0.500000
v 0.500000 1.000000 -0.437500
v 0.500000 1.125000 -0.500000
v 0.500000 1.125000 -0.437500
v 0.500000 1.062500 -0.437500
v 0.500000 1.062500 -0.500000
v 0.500000 1.187500 -0.500000
v 0.500000 1.187500 -0.437500
v 0.500000 1.250000 -0.500000
v 0.500000 1.250000 -0.437500
v 0.437500 1.375000 -0.500000
v 0.437500 1.312500 -0.500000
v 0.500000 1.375000 -0.500000
v 0.500000 1.375000 -0.437500
v 0.500000 1.312500 -0.437500
v 0.500000 1.312500 -0.500000
v 0.437500 1.437500 -0.500000
v 0.500000 1.437500 -0.500000
v 0.500000 1.437500 -0.437500
v 0.437500 1.500000 -0.500000
v 0.500000 1.500000 -0.500000
v 0.500000 1.500000 -0.437500
v 0.500000 1.625000 -0.500000
v 0.500000 1.625000 -0.437500
v 0.500000 1.562500 -0.437500
v 0.500000 1.562500 -0.500000
v 0.500000 1.687500 -0.500000
v 0.500000 1.687500 -0.437500
v 0.500000 1.750000 -0.500000
v 0.500000 1.750000 -0.437500
v 0.500000 0.062500 -0.375000
v 0.500000 0.000000 -0.375000
v 0.500000 0.125000 -0.375000
v 0.500000 0.187500 -0.375000
v 0.500000 0.250000 -0.375000
v 0.500000 0.375000 -0.375000
v 0.500000 0.312500 -0.375000
v 0.500000 0.437500 -0.375000
v 0.500000 0.500000 -0.375000
v 0.500000 0.625000 -0.375000
v 0.500000 0.562500 -0.375000
v 0.500000 0.687500 -0.375000
v 0.500000 0.750000 -0.375000
v 0.500000 0.875000 -0.375000
v 0.500000 0.812500 -0.375000
v 0.500000 0.937500 -0.375000
v 0.500000 1.000000 -0.375000
v 0.500000 1.125000 -0.375000
v 0.500000 1.062500 -0.375000
v 0.500000 1.187500 -0.375000
v 0.500000 1.250000 -0.375000
v 0.500000 1.375000 -0.375000
v 0.500000 1.312500 -0.375000
v 0.500000 1.437500 -0.375000
v 0.500000 1.500000 -0.375000
v 0.500000 1.625000 -0.375000
v 0.500000 1.562500 -0.375000
v 0.500000 1.687500 -0.375000
v 0.500000 1.750000 -0.375000
v 0.500000 0.062500 -0.312500
v 0.500000 0.000000 -0.312500
v 0.500000 0.125000 -0.312500
v 0.500000 0.187500 -0.312500
v 0.500000 0.250000 -0.312500
v 0.500000 0.375000 -0.312500
v 0.500000 0.312500 -0.312500
v 0.500000 0.437500 -0.312500
v 0.500000 0.500000 -0.312500
v 0.500000 0.625000 -0.312500
v 0.500000 0.562500 -0.312500
v 0.500000 0.687500 -0.312500
v 0.500000 0.750000 -0.312500
v 0.500000 0.875000 -0.312500
v 0.500000 0.812500 -0.312500
v 0.500000 0.937500 -0.312500
v 0.500000 1.000000 -0.312500
v 0.500000 1.125000 -0.312500
v 0.500000 1.062500 -0.312500
v 0.500000 1.187500 -0.312500
v 0.500000 1.250000 -0.312500
v 0.500000 1.375000 -0.312500
v 0.500000 1.312500 -0.312500
v 0.500000 1.437500 -0.312500
v 0.500000 1.500000 -0.312500
v 0.500000 1.625000 -0.312500
v 0.500000 1.562500 -0.312500
v 0.500000 1.687500 -0.312500
v 0.500000 1.750000 -0.312500
v 0.500000 0.062500 -0.250000
v 0.500000 0.000000 -0.250000
v 0.500000 0.125000 -0.250000
v 0.500000 0.187500 -0.250000
v 0.500000 0.250000 -0.250000
v 0.500000 0.375000 -0.250000
v 0.500000 0.312500 -0.250000
v 0.500000 0.437500 -0.250000
v 0.500000 0.500000 -0.250000
v 0.500000 0.625000 -0.250000
v 0.500000 0.562500 -0.250000
v 0.500000 0.687500 -0.250000
v 0.500000 0.750000 -0.250000
v 0.500000 0.875000 -0.250000
v 0.500000 0.812500 -0.250000
v 0.500000 0.937500 -0.250000
v 0.500000 1.000000 -0.250000
v 0.500000 1.125000 -0.250000
v 0.500000 1.062500 -0.250000
v 0.500000 1.187500 -0.250000
v 0.500000 1.250000 -0.250000
v 0.500000 1.375000 -0.250000
v 0.500000 1.312500 -0.250000
v 0.500000 1.437500 -0.250000
v 0.500000 1.500000 -0.250000
v 0.500000 1.625000 -0.250000
v 0.500000 1.562500 -0.250000
v 0.500000 1.687500 -0.250000
v 0.500000 1.750000 -0.250000
v 0.500000 1.875000 -0.312500
v 0.500000 1.875000 -0.250000
v 0.500000 1.812500 -0.250000
v 0.500000 1.812500 -0.312500
v 0.500000 1.937500 -0.312500
v 0.500000 1.937500 -0.250000
v 0.500000 2.000000 -0.312500
v 0.500000 2.000000 -0.250000
v 0.500000 0.062500 -0.187500
v 0.500000 0.000000 -0.187500
v 0.500000 0.375000 -0.187500
v 0.500000 0.312500 -0.187500
v 0.500000 0.437500 -0.187500
v 0.500000 0.500000 -0.187500
v 0.500000 0.875000 -0.187500
v 0.500000 0.812500 -0.187500
v 0.500000 0.937500 -0.187500
v 0.500000 1.000000 -0.187500
v 0.500000 1.375000 -0.187500
v 0.500000 1.312500 -0.187500
v 0.500000 1.437500 -0.187500
v 0.500000 1.500000 -0.187500
v 0.500000 1.875000 -0.187500
v 0.500000 1.812500 -0.187500
v 0.500000 1.937500 -0.187500
v 0.500000 2.000000 -0.187500
v 0.500000 0.062500 -0.125000
v 0.500000 0.000000 -0.125000
v 0.500000 0.125000 -0.187500
v 0.500000 0.125000 -0.125000
v 0.500000 0.187500 -0.187500
v 0.500000 0.187500 -0.125000
v 0.500000 0.250000 -0.187500
v 0.500000 0.250000 -0.125000
v 0.500000 0.375000 -0.125000
v 0.500000 0.312500 -0.125000
v 0.500000 0.437500 -0.125000
v 0.500000 0.500000 -0.125000
v 0.500000 0.625000 -0.187500
v 0.500000 0.625000 -0.125000
v 0.500000 0.562500 -0.125000
v 0.500000 0.562500 -0.187500
v 0.500000 0.687500 -0.187500
v 0.500000 0.687500 -0.125000
v 0.500000 0.750000 -0.187500
v 0.500000 0.750000 -0.125000
v 0.500000 0.875000 -0.125000
v 0.500000 0.812500 -0.125000
v 0.500000 0.937500 -0.125000
v 0.500000 1.000000 -0.125000
v 0.500000 1.125000 -0.187500
v 0.500000 1.125000 -0.125000
v 0.500000 1.062500 -0.125000
v 0.500000 1.062500 -0.187500
v 0.500000 1.187500 -0.187500
v 0.500000 1.187500 -0.125000
v 0.500000 1.250000 -0.187500
v 0.500000 1.250000 -0.125000
v 0.500000 1.375000 -0.125000
v 0.500000 1.312500 -0.125000
v 0.500000 1.437500 -0.125000
v 0.500000 1.500000 -0.125000
v 0.500000 1.625000 -0.187500
v 0.500000 1.625000 -0.125000
v 0.500000 1.562500 -0.125000
v 0.500000 1.562500 -0.187500
v 0.500000 1.687500 -0.187500
v 0.500000 1.687500 -0.125000
v 0.500000 1.750000 -0.187500
v 0.500000 1.750000 -0.125000
v 0.500000 1.875000 -0.125000
v 0.500000 1.812500 -0.125000
v 0.500000 1.937500 -0.125000
v 0.500000 2.000000 -0.125000
v 0.500000 0.062500 -0.062500
v 0.500000 0.000000 -0.062500
v 0.500000 0.125000 -0.062500
v 0.500000 0.187500 -0.062500
v 0.500000 0.250000 -0.062500
v 0.500000 0.625000 -0.062500
v 0.500000 0.562500 -0.062500
v 0.500000 0.687500 -0.062500
v 0.500000 0.750000 -0.062500
v 0.500000 1.125000 -0.062500
v 0.500000 1.062500 -0.062500
v 0.500000 1.187500 -0.062500
v 0.500000 1.250000 -0.062500
v 0.500000 1.625000 -0.062500
v 0.500000 1.562500 -0.062500
v 0.500000 1.687500 -0.062500
v 0.500000 1.750000 -0.062500
v 0.500000 0.062500 0.000000
v 0.500000 0.000000 0.000000
v 0.500000 0.125000 0.000000
v 0.500000 0.187500 0.000000
v 0.500000 0.250000 0.000000
v 0.500000 0.375000 -0.062500
v 0.500000 0.375000 0.000000
v 0.500000 0.312500 0.000000
v 0.500000 0.312500 -0.062500
v 0.500000 0.437500 -0.062500
v 0.500000 0.437500 0.000000
v 0.500000 0.500000 -0.062500
v 0.500000 0.500000 0.000000
v 0.500000 0.625000 0.000000
v 0.500000 0.562500 0.000000
v 0.500000 0.687500 0.000000
v 0.500000 0.750000 0.000000
v 0.500000 0.875000 -0.062500
v 0.500000 0.875000 0.000000
v 0.500000 0.812500 0.000000
v 0.500000 0.812500 -0.062500
v 0.500000 0.937500 -0.062500
v 0.500000 0.937500 0.000000
v 0.500000 1.000000 -0.062500
v 0.500000 1.000000 0.000000
v 0.500000 1.125000 0.000000
v 0.500000 1.062500 0.000000
v 0.500000 1.187500 0.000000
v 0.500000 1.250000 0.000000
v 0.500000 1.375000 -0.062500
v 0.500000 1.375000 0.000000
v 0.500000 1.312500 0.000000
v 0.500000 1.312500 -0.062500
v 0.500000 1.437500 -0.062500
v 0.500000 1.437500 0.000000
v 0.500000 1.500000 -0.062500
v 0.500000 1.500000 0.000000
v 0.500000 1.625000 0.000000
v 0.500000 1.562500 0.000000
v 0.500000 1.687500 0.000000
v 0.500000 1.750000 0.000000
v 0.500000 1.875000 -0.062500
v 0.500000 1.875000 0.000000
v 0.500000 1.812500 0.000000
v 0.500000 1.812500 -0.062500
v 0.500000 1.937500 -0.062500
v 0.500000 1.937500 0.000000
v 0.500000 2.000000 -0.062500
v 0.500000 2.000000 0.000000
v 0.500000 0.062500 0.062500
v 0.500000 0.000000 0.062500
v 0.500000 0.125000 0.062500
v 0.500000 0.187500 0.062500
v 0.500000 0.250000 0.062500
v 0.500000 0.375000 0.062500
v 0.500000 0.312500 0.062500
v 0.500000 0.437500 0.062500
v 0.500000 0.500000 0.062500
v 0.500000 0.625000 0.062500
v 0.500000 0.562500 0.062500
v 0.500000 0.687500 0.062500
v 0.500000 0.750000 0.062500
v 0.500000 0.875000 0.062500
v 0.500000 0.812500 0.062500
v 0.500000 0.937500 0.062500
v 0.500000 1.000000 0.062500
v 0.500000 1.125000 0.062500
v 0.500000 1.062500 0.062500
v 0.500000 1.187500 0.062500
v 0.500000 1.250000 0.062500
v 0.500000 1.375000 0.062500
v 0.500000 1.312500 0.062500
v 0.500000 1.437500 0.062500
v 0.500000 1.500000 0.062500
v 0.500000 1.625000 0.062500
v 0.500000 1.562500 0.062500
v 0.500000 1.687500 0.062500
v 0.500000 1.750000 0.062500
v 0.500000 1.875000 0.062500
v 0.500000 1.812500 0.062500
v 0.500000 1.937500 0.062500
v 0.500000 2.000000 0.062500
v 0.500000 0.062500 0.125000
v 0.500000 0.000000 0.125000
v 0.500000 0.125000 0.125000
v 0.500000 0.187500 0.125000
v 0.500000 0.250000 0.125000
v 0.500000 0.375000 0.125000
v 0.500000 0.312500 0.125000
v 0.500000 0.437500 0.125000
v 0.500000 0.500000 0.125000
v 0.500000 0.625000 0.125000
v 0.500000 0.562500 0.125000
v 0.500000 0.687500 0.125000
v 0.500000 0.750000 0.125000
v 0.500000 0.875000 0.125000
v 0.500000 0.812500 0.125000
v 0.500000 0.937500 0.125000
v 0.500000 1.000000 0.125000
v 0.500000 1.125000 0.125000
v 0.500000 1.062500 0.125000
v 0.500000 1.187500 0.125000
v 0.500000 1.250000 0.125000
v 0.500000 1.375000 0.125000
v 0.500000 1.312500 0.125000
v 0.500000 1.437500 0.125000
v 0.500000 1.500000 0.125000
v 0.500000 1.625000 0.125000
v 0.500000 1.562500 0.125000
v 0.500000 1.687500 0.125000
v 0.500000 1.750000 0.125000
v 0.500000 1.875000 0.125000
v 0.500000 1.812500 0.125000
v 0.500000 1.937500 0.125000
v 0.500000 2.000000 0.125000
v 0.500000 0.062500 0.187500
v 0.500000 0.000000 0.187500
v 0.500000 0.125000 0.187500
v 0.500000 0.187500 0.187500
v 0.500000 0.250000 0.187500
v 0.500000 0.375000 0.187500
v 0.500000 0.312500 0.187500
v 0.500000 0.437500 0.187500
v 0.500000 0.500000 0.187500
v 0.500000 0.625000 0.187500
v 0.500000 0.562500 0.187500
v 0.500000 0.687500 0.187500
v 0.500000 0.750000 0.187500
v 0.500000 0.875000 0.187500
v 0.500000 0.812500 0.187500
v 0.500000 0.937500 0.187500
v 0.500000 1.000000 0.187500
v 0.500000 1.125000 0.187500
v 0.500000 1.062500 0.187500
v 0.500000 1.187500 0.187500
v 0.500000 1.250000 0.187500
v 0.500000 1.375000 0.187500
v 0.500000 1.312500 0.187500
v 0.500000 1.437500 0.187500
v 0.500000 1.500000 0.187500
v 0.500000 1.625000 0.187500
v 0.500000 1.562500 0.187500
v 0.500000 1.687500 0.187500
v 0.500000 1.750000 0.187500
v 0.500000 1.875000 0.187500
v 0.500000 1.812500 0.187500
v 0.500000 1.937500 0.187500
v 0.500000 2.000000 0.187500
v 0.500000 0.062500 0.250000
v 0.500000 0.000000 0.250000
v 0.500000 0.125000 0.250000
v 0.500000 0.187500 0.250000
v 0.500000 0.250000 0.250000
v 0.500000 0.375000 0.250000
v 0.500000 0.312500 0.250000
v 0.500000 0.437500 0.250000
v 0.500000 0.500000 0.250000
v 0.500000 0.625000 0.250000
v 0.500000 0.562500 0.250000
v 0.500000 0.687500 0.250000
v 0.500000 0.750000 0.250000
v 0.500000 0.875000 0.250000
v 0.500000 0.812500 0.250000
v 0.500000 0.937500 0.250000
v 0.500000 1.000000 0.250000
v 0.500000 1.125000 0.250000
v 0.500000 1.062500 0.250000
v 0.500000 1.187500 0.250000
v 0.500000 1.250000 0.250000
v 0.500000 1.375000 0.250000
v 0.500000 1.312500 0.250000
v 0.500000 1.437500 0.250000
v 0.500000 1.500000 0.250000
v 0.500000 1.625000 0.250000
v 0.500000 1.562500 0.250000
v 0.500000 1.687500 0.250000
v 0.500000 1.750000 0.250000
v 0.500000 1.875000 0.250000
v 0.500000 1.812500 0.250000
v 0.500000 1.937500 0.250000
v 0.500000 2.000000 0.250000
v 0.500000 0.062500 0.312500
v 0.500000 0.000000 0.312500
v 0.500000 0.375000 0.312500
v 0.500000 0.312500 0.312500
v 0.500000 0.437500 0.312500
v 0.500000 0.500000 0.312500
v 0.500000 0.875000 0.312500
v 0.500000 0.812500 0.312500
v 0.500000 0.937500 0.312500
v 0.500000 1.000000 0.312500
v 0.500000 1.375000 0.312500
v 0.500000 1.312500 0.312500
v 0.500000 1.437500 0.312500
v 0.500000 1.500000 0.312500
v 0.500000 1.875000 0.312500
v 0.500000 1.812500 0.312500
v 0.500000 1.937500 0.312500
v 0.500000 2.000000 0.312500
v 0.500000 0.062500 0.375000
v 0.500000 0.000000 0.375000
v 0.500000 0.125000 0.312500
v 0.500000 0.125000 0.375000
v 0.500000 0.187500 0.312500
v 0.500000 0.187500 0.375000
v 0.500000 0.250000 0.312500
v 0.500000 0.250000 0.375000
v 0.500000 0.375000 0.375000
v 0.500000 0.312500 0.375000
v 0.500000 0.437500 0.375000
v 0.500000 0.500000 0.375000
v 0.500000 0.625000 0.312500
v 0.500000 0.625000 0.375000
v 0.500000 0.562500 0.375000
v 0.500000 0.562500 0.312500
v 0.500000 0.687500 0.312500
v 0.500000 0.687500 0.375000
v 0.500000 0.750000 0.312500
v 0.500000 0.750000 0.375000
v 0.500000 0.875000 0.375000
v 0.500000 0.812500 0.375000
v 0.500000 0.937500 0.375000
v 0.500000 1.000000 0.375000
v 0.500000 1.125000 0.312500
v 0.500000 1.125000 0.375000
v 0.500000 1.062500 0.375000
v 0.500000 1.062500 0.312500
v 0.500000 1.187500 0.312500
v 0.500000 1.187500 0.375000
v 0.500000 1.250000 0.312500
v 0.500000 1.250000 0.375000
v 0.500000 1.375000 0.375000
v 0.500000 1.312500 0.375000
v 0.500000 1.437500 0.375000
v 0.500000 1.500000 0.375000
v 0.500000 1.625000 0.312500
v 0.500000 1.625000 0.375000
v 0.500000 1.562500 0.375000
v 0.500000 1.562500 0.312500
v 0.500000 1.687500 0.312500
v 0.500000 1.687500 0.375000
v 0.500000 1.750000 0.312500
v 0.500000 1.750000 0.375000
v 0.500000 1.875000 0.375000
v 0.500000 1.812500 0.375000
v 0.500000 1.937500 0.375000
v 0.500000 2.000000 0.375000
v 0.500000 0.062500 0.437500
v 0.500000 0.000000 0.437500
v 0.500000 0.125000 0.437500
v 0.500000 0.187500 0.437500
v 0.500000 0.250000 0.437500
v 0.500000 0.625000 0.437500
v 0.500000 0.562500 0.437500
v 0.500000 0.687500 0.437500
v 0.500000 0.750000 0.437500
v 0.500000 1.125000 0.437500
v 0.500000 1.062500 0.437500
v 0.500000 1.187500 0.437500
v 0.500000 1.250000 0.437500
v 0.500000 1.625000 0.437500
v 0.500000 1.562500 0.437500
v 0.500000 1.687500 0.437500
v 0.500000 1.750000 0.437500
v 0.500000 0.062500 0.500000
v 0.500000 0.000000 0.500000
v 0.500000 0.125000 0.500000
v 0.500000 0.187500 0.500000
v 0.500000 0.250000 0.500000
v 0.437500 0.312500 0.500000
v 0.437500 0.375000 0.500000
v 0.500000 0.375000 0.437500
v 0.500000 0.375000 0.500000
v 0.500000 0.312500 0.500000
v 0.500000 0.312500 0.437500
v 0.437500 0.437500 0.500000
v 0.500000 0.437500 0.437500
v 0.500000 0.437500 0.500000
v 0.437500 0.500000 0.500000
v 0.500000 0.500000 0.437500
v 0.500000 0.500000 0.500000
v 0.500000 0.625000 0.500000
v 0.500000 0.562500 0.500000
v 0.500000 0.687500 0.500000
v 0.500000 0.750000 0.500000
v 0.437500 0.812500 0.500000
v 0.437500 0.875000 0.500000
v 0.500000 0.875000 0.437500
v 0.500000 0.875000 0.500000
v 0.500000 0.812500 0.500000
v 0.500000 0.812500 0.437500
v 0.437500 0.937500 0.500000
v 0.500000 0.937500 0.437500
v 0.500000 0.937500 0.500000
v 0.437500 1.000000 0.500000
v 0.500000 1.000000 0.437500
v 0.500000 1.000000 0.500000
v 0.500000 1.125000 0.500000
v 0.500000 1.062500 0.500000
v 0.500000 1.187500 0.500000
v 0.500000 1.250000 0.500000
v 0.437500 1.312500 0.500000
v 0.437500 1.375000 0.500000
v 0.500000 1.375000 0.437500
v 0.500000 1.375000 0.500000
v 0.500000 1.312500 0.500000
v 0.500000 1.312500 0.437500
v 0.437500 1.437500 0.500000
v 0.500000 1.437500 0.437500
v 0.500000 1.437500 0.500000
v 0.437500 1.500000 0.500000
v 0.500000 1.500000 0.437500
v 0.500000 1.500000 0.500000
v 0.500000 1.625000 0.500000
v 0.500000 1.562500 0.500000
v 0.500000 1.687500 0.500000
v 0.500000 1.750000 0.500000
v 0.437500 1.812500 0.500000
v 0.437500 1.875000 0.500000
v 0.500000 1.875000 0.437500
v 0.500000 1.875000 0.500000
v 0.500000 1.812500 0.500000
v 0.500000 1.812500 0.437500
v 0.437500 1.937500 0.500000
v 0.500000 1.937500 0.437500
v 0.500000 1.937500 0.500000
v 0.437500 2.000000 0.500000
v 0.500000 2.000000 0.437500
v 0.500000 2.000000 0.500000
vt 0.03125000 0.96875000
vt 0.09375000 0.96875000
vt 0.15625000 0.96875000
vt 0.21875000 0.96875000
vt 0.28125000 0.96875000
vt 0.34375000 0.96875000
vt 0.40625000 0.96875000
vt 0.46875000 0.96875000
vt 0.53125000 0.96875000
vt 0.59375000 0.96875000
vt 0.65625000 0.96875000
vt 0.71875000 0.96875000
vt 0.78125000 0.96875000
vt 0.84375000 0.96875000
vt 0.90625000 0.96875000
vt 0.96875000 0.96875000
vt 0.03125000 0.90625000
vt 0.09375000 0.90625000
vt 0.15625000 0.90625000
vt 0.21875000 0.90625000
vt 0.28125000 0.90625000
vt 0.34375000 0.90625000
vt 0.40625000 0.90625000
vt 0.46875000 0.90625000
vt 0.53125000 0.90625000
vt 0.59375000 0.90625000
vt 0.65625000 0.90625000
vt 0.71875000 0.90625000
vt 0.78125000 0.90625000
vt 0.84375000 0.90625000
vt 0.90625000 0.90625000
vt 0.96875000 0.90625000
vt 0.03125000 0.84375000
vt 0.09375000 0.84375000
vt 0.15625000 0.84375000
vt 0.21875000 0.84375000
vt 0.28125000 0.84375000
vt 0.34375000 0.84375000
vt 0.40625000 0.84375000
vt 0.46875000 0.84375000
vt 0.53125000 0.84375000
vt 0.59375000 0.84375000
vt 0.65625000 0.84375000
vt 0.71875000 0.84375000
vt 0.78125000 0.84375000
vt 0.84375000 0.84375000
vt 0.90625000 0.84375000
vt 0.96875000 0.84375000
vt 0.03125000 0.78125000
vt 0.09375000 0.78125000
vt 0.15625000 0.78125000
vt 0.21875000 0.78125000
vt 0.28125000 0.78125000
vt 0.34375000 0.78125000
vt 0.40625000 0.78125000
vt 0.46875000 0.78125000
vt 0.53125000 0.78125000
vt 0.59375000 0.78125000
vt 0.65625000 0.78125000
vt 0.71875000 0.78125000
vt 0.78125000 0.78125000
vt 0.84375000 0.78125000
vt 0.90625000 0.78125000
vt 0.96875000 0.78125000
vt 0.03125000 0.71875000
vt 0.09375000 0.71875000
vt 0.15625000 0.71875000
vt 0.21875000 0.71875000
vt 0.28125000 0.71875000
vt 0.34375000 0.71875000
vt 0.40625000 0.71875000
vt 0.46875000 0.71875000
vt 0.53125000 0.71875000
vt 0.59375000 0.71875000
vt 0.65625000 0.71875000
vt 0.71875000 0.71875000
vt 0.78125000 0.71875000
vt 0.84375000 0.71875000
vt 0.90625000 0.71875000
vt 0.96875000 0.71875000
vt 0.03125000 0.65625000
vt 0.09375000 0.65625000
vt 0.15625000 0.65625000
vt 0.21875000 0.65625000
vt 0.28125000 0.65625000
vt 0.34375000 0.65625000
vt 0.40625000 0.65625000
vt 0.46875000 0.65625000
vt 0.53125000 0.65625000
vt 0.59375000 0.65625000
vt 0.65625000 0.65625000
vt 0.71875000 0.65625000
vt 0.78125000 0.65625000
vt 0.84375000 0.65625000
vt 0.90625000 0.65625000
vt 0.96875000 0.65625000
vt 0.03125000 0.59375000
vt 0.09375000 0.59375000
vt 0.15625000 0.59375000
vt 0.21875000 0.59375000
vt 0.28125000 0.59375000
vt 0.34375000 0.59375000
vt 0.40625000 0.59375000
vt 0.46875000 0.59375000
vt 0.53125000 0.59375000
vt 0.59375000 0.59375000
vt 0.65625000 0.59375000
vt 0.71875000 0.59375000
vt 0.78125000 0.59375000
vt 0.84375000 0.59375000
vt 0.90625000 0.59375000
vt 0.96875000 0.59375000
vt 0.03125000 0.53125000
vt 0.09375000 0.53125000
vt 0.15625000 0.53125000
vt 0.21875000 0.53125000
vt 0.28125000 0.53125000
vt 0.34375000 0.53125000
vt 0.40625000 0.53125000
vt 0.46875000 0.53125000
vt 0.53125000 0.53125000
vt 0.59375000 0.53125000
vt 0.65625000 0.53125000
vt 0.71875000 0.53125000
vt 0.78125000 0.53125000
vt 0.84375000 0.53125000
vt 0.90625000 0.53125000
vt 0.96875000 0.53125000
vt 0.03125000 0.46875000
vt 0.09375000 0.46875000
vt 0.15625000 0.46875000
vt 0.21875000 0.46875000
vt 0.28125000 0.46875000
vt 0.34375000 0.46875000
vt 0.40625000 0.46875000
vt 0.46875000 0.46875000
vt 0.53125000 0.46875000
vt 0.59375000 0.46875000
vt 0.65625000 0.46875000
vt 0.71875000 0.46875000
vt 0.78125000 0.46875000
vt 0.84375000 0.46875000
vt 0.90625000 0.46875000
vt 0.96875000 0.46875000
vt 0.03125000 0.40625000
vt 0.09375000 0.40625000
vt 0.15625000 0.40625000
vt 0.21875000 0.40625000
vt 0.28125000 0.40625000
vt 0.34375000 0.40625000
vt 0.40625000 0.40625000
vt 0.46875000 0.40625000
vt 0.53125000 0.40625000
vt 0.59375000 0.40625000
vt 0.65625000 0.40625000
vt 0.71875000 0.40625000
vt 0.78125000 0.40625000
vt 0.84375000 0.40625000
vt 0.90625000 0.40625000
vt 0.96875000 0.40625000
vt 0.03125000 0.34375000
vt 0.09375000 0.34375000
vt 0.15625000 0.34375000
vt 0.21875000 0.34375000
vt 0.28125000 0.34375000
vt 0.34375000 0.34375000
vt 0.40625000 0.34375000
vt 0.46875000 0.34375000
vt 0.53125000 0.34375000
vt 0.59375000 0.34375000
vt 0.65625000 0.34375000
vt 0.71875000 0.34375000
vt 0.78125000 0.34375000
vt 0.84375000 0.34375000
vt 0.90625000 0.34375000
vt 0.96875000 0.34375000
vt 0.03125000 0.28125000
vt 0.09375000 0.28125000
vt 0.15625000 0.28125000
vt 0.21875000 0.28125000
vt 0.28125000 0.28125000
vt 0.34375000 0.28125000
vt 0.40625000 0.28125000
vt 0.46875000 0.28125000
vt 0.53125000 0.28125000
vt 0.59375000 0.28125000
vt 0.65625000 0.28125000
vt 0.71875000 0.28125000
vt 0.78125000 0.28125000
vt 0.84375000 0.28125000
vt 0.90625000 0.28125000
vt 0.96875000 0.28125000
vt 0.03125000 0.21875000
vt 0.09375000 0.21875000
vt 0.15625000 0.21875000
vt 0.21875000 0.21875000
vt 0.28125000 0.21875000
vt 0.34375000 0.21875000
vt 0.40625000 0.21875000
vt 0.46875000 0.21875000
vt 0.53125000 0.21875000
vt 0.59375000 0.21875000
vt 0.65625000 0.21875000
vt 0.71875000 0.21875000
vt 0.78125000 0.21875000
vt 0.84375000 0.21875000
vt 0.90625000 0.21875000
vt 0.96875000 0.21875000
vt 0.03125000 0.15625000
vt 0.09375000 0.15625000
vt 0.15625000 0.15625000
vt 0.21875000 0.15625000
vt 0.28125000 0.15625000
vt 0.34375000 0.15625000
vt 0.40625000 0.15625000
vt 0.46875000 0.15625000
vt 0.53125000 0.15625000
vt 0.59375000 0.15625000
vt 0.65625000 0.15625000
vt 0.71875000 0.15625000
vt 0.78125000 0.15625000
vt 0.84375000 0.15625000
vt 0.90625000 0.15625000
vt 0.96875000 0.15625000
vt 0.03125000 0.09375000
vt 0.09375000 0.09375000
vt 0.15625000 0.09375000
vt 0.21875000 0.09375000
vt 0.28125000 0.09375000
vt 0.34375000 0.09375000
vt 0.40625000 0.09375000
vt 0.46875000 0.09375000
vt 0.53125000 0.09375000
vt 0.59375000 0.09375000
vt 0.65625000 0.09375000
vt 0.71875000 0.09375000
vt 0.78125000 0.09375000
vt 0.84375000 0.09375000
vt 0.90625000 0.09375000
vt 0.96875000 0.09375000
vt 0.03125000 0.03125000
vt 0.09375000 0.03125000
vt 0.15625000 0.03125000
vt 0.21875000 0.03125000
vt 0.28125000 0.03125000
vt 0.34375000 0.03125000
vt 0.40625000 0.03125000
vt 0.46875000 0.03125000
vt 0.53125000 0.03125000
vt 0.59375000 0.03125000
vt 0.65625000 0.03125000
vt 0.71875000 0.03125000
vt 0.78125000 0.03125000
vt 0.84375000 0.03125000
vt 0.90625000 0.03125000
vt 0.96875000 0.03125000
vn -1 0 0
vn 1 0 0
vn 0 0 -1
vn 0 0 1
vn 0 -1 0
vn 0 1 0
g palette
usemtl palette
f 1/11/1 2/11/1 3/11/1 4/11/1
f 3/11/3 5/11/3 6/11/3 4/11/3
f 6/11/5 7/11/5 1/11/5 4/11/5
f 2/4/1 8/4/1 9/4/1 3/4/1
f 9/4/3 10/4/3 5/4/3 3/4/3
f 8/4/1 11/4/1 12/4/1 9/4/1
f 12/4/3 13/4/3 10/4/3 9/4/3
f 11/4/1 14/4/1 15/4/1 12/4/1
f 15/4/3 16/4/3 13/4/3 12/4/3
f 14/4/6 17/4/6 16/4/6 15/4/6
f 18/4/1 19/4/1 20/4/1 21/4/1
f 20/4/3 22/4/3 23/4/3 21/4/3
f 23/4/5 24/4/5 18/4/5 21/4/5
f 19/4/1 25/4/1 26/4/1 20/4/1
f 26/4/3 27/4/3 22/4/3 20/4/3
f 25/4/1 28/4/1 29/4/1 26/4/1
f 29/4/3 30/4/3 27/4/3 26/4/3
f 28/4/6 31/4/6 30/4/6 29/4/6
f 32/4/1 33/4/1 34/4/1 35/4/1
f 34/4/3 36/4/3 37/4/3 35/4/3
f 37/4/5 38/4/5 32/4/5 35/4/5
f 33/4/1 39/4/1 40/4/1 34/4/1
f 40/4/3 41/4/3 36/4/3 34/4/3
f 39/4/1 42/4/1 43/4/1 40/4/1
f 43/4/3 44/4/3 41/4/3 40/4/3
f 42/4/6 45/4/6 44/4/6 43/4/6
f 46/4/1 47/4/1 48/4/1 49/4/1
f 48/4/3 50/4/3 51/4/3 49/4/3
f 51/4/5 52/4/5 46/4/5 49/4/5
f 47/4/1 53/4/1 54/4/1 48/4/1
f 54/4/3 55/4/3 50/4/3 48/4/3
f 53/4/1 56/4/1 57/4/1 54/4/1
f 57/4/3 58/4/3 55/4/3 54/4/3
f 56/4/6 59/4/6 58/4/6 57/4/6
f 60/4/1 61/4/1 62/4/1 63/4/1
f 62/4/3 64/4/3 65/4/3 63/4/3
f 65/4/5 66/4/5 60/4/5 63/4/5
f 61/4/1 67/4/1 68/4/1 62/4/1
f 68/4/3 69/4/3 64/4/3 62/4/3
f 67/4/1 70/4/1 71/4/1 68/4/1
f 71/4/3 72/4/3 69/4/3 68/4/3
f 70/4/6 73/4/6 72/4/6 71/4/6
f 74/4/1 75/4/1 76/4/1 77/4/1
f 76/4/3 78/4/3 79/4/3 77/4/3
f 79/4/5 80/4/5 74/4/5 77/4/5
f 75/4/1 81/4/1 82/4/1 76/4/1
f 82/4/3 83/4/3 78/4/3 76/4/3
f 81/4/1 84/4/1 85/4/1 82/4/1
f 85/4/3 86/4/3 83/4/3 82/4/3
f 84/4/6 87/4/6 86/4/6 85/4/6
f 88/4/1 89/4/1 90/4/1 91/4/1
f 90/4/3 92/4/3 93/4/3 91/4/3
f 93/4/5 94/4/5 88/4/5 91/4/5
f 89/4/1 95/4/1 96/4/1 90/4/1
f 96/4/3 97/4/3 92/4/3 90/4/3
f 95/4/1 98/4/1 99/4/1 96/4/1
f 99/4/3 100/4/3 97/4/3 96/4/3
f 98/4/6 101/4/6 100/4/6 99/4/6
f 102/4/1 103/4/1 104/4/1 105/4/1
f 104/4/3 106/4/3 107/4/3 105/4/3
f 107/4/5 108/4/5 102/4/5 105/4/5
f 103/4/1 109/4/1 110/4/1 104/4/1
f 110/4/3 111/4/3 106/4/3 104/4/3
f 109/5/1 112/5/1 113/5/1 110/5/1
f 113/5/3 114/5/3 111/5/3 110/5/3
f 112/5/6 115/5/6 114/5/6 113/5/6
f 116/11/1 117/11/1 2/11/1 1/11/1
f 7/11/5 118/11/5 116/11/5 1/11/5
f 117/4/1 119/4/1 8/4/1 2/4/1
f 119/4/1 120/4/1 11/4/1 8/4/1
f 120/4/1 121/4/1 14/4/1 11/4/1
f 121/4/6 122/4/6 17/4/6 14/4/6
f 123/4/1 124/4/1 19/4/1 18/4/1
f 24/4/5 125/4/5 123/4/5 18/4/5
f 124/4/1 126/4/1 25/4/1 19/4/1
f 126/4/1 127/4/1 28/4/1 25/4/1
f 127/4/6 128/4/6 31/4/6 28/4/6
f 129/4/1 130/4/1 33/4/1 32/4/1
f 38/4/5 131/4/5 129/4/5 32/4/5
f 130/4/1 132/4/1 39/4/1 33/4/1
f 132/4/1 133/4/1 42/4/1 39/4/1
f 133/4/6 134/4/6 45/4/6 42/4/6
f 135/4/1 136/4/1 47/4/1 46/4/1
f 52/4/5 137/4/5 135/4/5 46/4/5
f 136/4/1 138/4/1 53/4/1 47/4/1
f 138/4/1 139/4/1 56/4/1 53/4/1
f 139/4/6 140/4/6 59/4/6 56/4/6
f 141/4/1 142/4/1 61/4/1 60/4/1
f 66/4/5 143/4/5 141/4/5 60/4/5
f 142/4/1 144/4/1 67/4/1 61/4/1
f 144/4/1 145/4/1 70/4/1 67/4/1
f 145/4/6 146/4/6 73/4/6 70/4/6
f 147/4/1 148/4/1 75/4/1 74/4/1
f 80/4/5 149/4/5 147/4/5 74/4/5
f 148/4/1 150/4/1 81/4/1 75/4/1
f 150/4/1 151/4/1 84/4/1 81/4/1
f 151/4/6 152/4/6 87/4/6 84/4/6
f 153/4/1 154/4/1 89/4/1 88/4/1
f 94/4/5 155/4/5 153/4/5 88/4/5
f 154/4/1 156/4/1 95/4/1 89/4/1
f 156/4/1 157/4/1 98/4/1 95/4/1
f 157/4/6 158/4/6 101/4/6 98/4/6
f 159/4/1 160/4/1 103/4/1 102/4/1
f 108/4/5 161/4/5 159/4/5 102/4/5
f 160/4/1 162/4/1 109/4/1 103/4/1
f 162/5/1 163/5/1 112/5/1 109/5/1
f 163/5/6 164/5/6 115/5/6 112/5/6
f 165/11/1 166/11/1 117/11/1 116/11/1
f 118/11/5 167/11/5 165/11/5 116/11/5
f 166/4/1 168/4/1 119/4/1 117/4/1
f 168/4/1 169/4/1 120/4/1 119/4/1
f 169/4/1 170/4/1 121/4/1 120/4/1
f 170/4/6 171/4/6 122/4/6 121/4/6
f 172/4/1 173/4/1 124/4/1 123/4/1
f 125/4/5 174/4/5 172/4/5 123/4/5
f 173/4/1 175/4/1 126/4/1 124/4/1
f 175/4/1 176/4/1 127/4/1 126/4/1
f 176/4/6 177/4/6 128/4/6 127/4/6
f 178/4/1 179/4/1 130/4/1 129/4/1
f 131/4/5 180/4/5 178/4/5 129/4/5
f 179/4/1 181/4/1 132/4/1 130/4/1
f 181/4/1 182/4/1 133/4/1 132/4/1
f 182/4/6 183/4/6 134/4/6 133/4/6
f 184/4/1 185/4/1 136/4/1 135/4/1
f 137/4/5 186/4/5 184/4/5 135/4/5
f 185/4/1 187/4/1 138/4/1 136/4/1
f 187/4/1 188/4/1 139/4/1 138/4/1
f 188/4/6 189/4/6 140/4/6 139/4/6
f 190/4/1 191/4/1 142/4/1 141/4/1
f 143/4/5 192/4/5 190/4/5 141/4/5
f 191/4/1 193/4/1 144/4/1 142/4/1
f 193/4/1 194/4/1 145/4/1 144/4/1
f 194/4/6 195/4/6 146/4/6 145/4/6
f 196/4/1 197/4/1 148/4/1 147/4/1
f 149/4/5 198/4/5 196/4/5 147/4/5
f 197/4/1 199/4/1 150/4/1 148/4/1
f 199/4/1 200/4/1 151/4/1 150/4/1
f 200/4/6 201/4/6 152/4/6 151/4/6
f 202/4/1 203/4/1 154/4/1 153/4/1
f 155/4/5 204/4/5 202/4/5 153/4/5
f 203/4/1 205/4/1 156/4/1 154/4/1
f 205/4/1 206/4/1 157/4/1 156/4/1
f 206/4/6 207/4/6 158/4/6 157/4/6
f 208/4/1 209/4/1 160/4/1 159/4/1
f 161/4/5 210/4/5 208/4/5 159/4/5
f 209/4/1 211/4/1 162/4/1 160/4/1
f 211/5/1 212/5/1 163/5/1 162/5/1
f 212/5/6 213/5/6 164/5/6 163/5/6
f 214/11/1 215/11/1 166/11/1 165/11/1
f 167/11/5 216/11/5 214/11/5 165/11/5
f 215/4/1 217/4/1 168/4/1 166/4/1
f 218/4/4 219/4/4 217/4/4 215/4/4
f 217/4/1 220/4/1 169/4/1 168/4/1
f 219/4/4 221/4/4 220/4/4 217/4/4
f 220/4/1 222/4/1 170/4/1 169/4/1
f 221/4/4 223/4/4 222/4/4 220/4/4
f 222/4/6 223/4/6 171/4/6 170/4/6
f 224/4/1 225/4/1 173/4/1 172/4/1
f 174/4/5 226/4/5 224/4/5 172/4/5
f 225/4/1 227/4/1 175/4/1 173/4/1
f 227/4/1 228/4/1 176/4/1 175/4/1
f 228/4/6 229/4/6 177/4/6 176/4/6
f 230/4/1 231/4/1 179/4/1 178/4/1
f 232/4/4 233/4/4 231/4/4 230/4/4
f 180/4/5 232/4/5 230/4/5 178/4/5
f 231/4/1 234/4/1 181/4/1 179/4/1
f 233/4/4 235/4/4 234/4/4 231/4/4
f 234/4/1 236/4/1 182/4/1 181/4/1
f 235/4/4 237/4/4 236/4/4 234/4/4
f 236/4/6 237/4/6 183/4/6 182/4/6
f 238/4/1 239/4/1 185/4/1 184/4/1
f 186/4/5 240/4/5 238/4/5 184/4/5
f 239/4/1 241/4/1 187/4/1 185/4/1
f 241/4/1 242/4/1 188/4/1 187/4/1
f 242/4/6 243/4/6 189/4/6 188/4/6
f 244/4/1 245/4/1 191/4/1 190/4/1
f 246/4/4 247/4/4 245/4/4 244/4/4
f 192/4/5 246/4/5 244/4/5 190/4/5
f 245/4/1 248/4/1 193/4/1 191/4/1
f 247/4/4 249/4/4 248/4/4 245/4/4
f 248/4/1 250/4/1 194/4/1 193/4/1
f 249/4/4 251/4/4 250/4/4 248/4/4
f 250/4/6 251/4/6 195/4/6 194/4/6
f 252/4/1 253/4/1 197/4/1 196/4/1
f 198/4/5 254/4/5 252/4/5 196/4/5
f 253/4/1 255/4/1 199/4/1 197/4/1
f 255/4/1 256/4/1 200/4/1 199/4/1
f 256/4/6 257/4/6 201/4/6 200/4/6
f 258/4/1 259/4/1 203/4/1 202/4/1
f 260/4/4 261/4/4 259/4/4 258/4/4
f 204/4/5 260/4/5 258/4/5 202/4/5
f 259/4/1 262/4/1 205/4/1 203/4/1
f 261/4/4 263/4/4 262/4/4 259/4/4
f 262/4/1 264/4/1 206/4/1 205/4/1
f 263/4/4 265/4/4 264/4/4 262/4/4
f 264/4/6 265/4/6 207/4/6 206/4/6
f 266/4/1 267/4/1 209/4/1 208/4/1
f 210/4/5 268/4/5 266/4/5 208/4/5
f 267/4/1 269/4/1 211/4/1 209/4/1
f 269/5/1 270/5/1 212/5/1 211/5/1
f 270/5/6 271/5/6 213/5/6 212/5/6
f 272/11/1 273/11/1 215/11/1 214/11/1
f 216/11/5 274/11/5 272/11/5 214/11/5
f 273/11/6 275/11/6 218/11/6 215/11/6
f 276/4/1 277/4/1 225/4/1 224/4/1
f 226/4/5 278/4/5 276/4/5 224/4/5
f 277/4/1 279/4/1 227/4/1 225/4/1
f 279/4/1 280/4/1 228/4/1 227/4/1
f 280/4/6 281/4/6 229/4/6 228/4/6
f 282/4/1 283/4/1 239/4/1 238/4/1
f 240/4/5 284/4/5 282/4/5 238/4/5
f 283/4/1 285/4/1 241/4/1 239/4/1
f 285/4/1 286/4/1 242/4/1 241/4/1
f 286/4/6 287/4/6 243/4/6 242/4/6
f 288/4/1 289/4/1 253/4/1 252/4/1
f 254/4/5 290/4/5 288/4/5 252/4/5
f 289/4/1 291/4/1 255/4/1 253/4/1
f 291/4/1 292/4/1 256/4/1 255/4/1
f 292/4/6 293/4/6 257/4/6 256/4/6
f 294/4/1 295/4/1 267/4/1 266/4/1
f 268/4/5 296/4/5 294/4/5 266/4/5
f 295/4/1 297/4/1 269/4/1 267/4/1
f 297/5/1 298/5/1 270/5/1 269/5/1
f 298/5/6 299/5/6 271/5/6 270/5/6
f 300/11/1 301/11/1 273/11/1 272/11/1
f 274/11/5 302/11/5 300/11/5 272/11/5
f 301/4/1 303/4/1 304/4/1 273/4/1
f 304/4/3 305/4/3 275/4/3 273/4/3
f 303/4/1 306/4/1 307/4/1 304/4/1
f 307/4/3 308/4/3 305/4/3 304/4/3
f 306/4/1 309/4/1 310/4/1 307/4/1
f 310/4/3 311/4/3 308/4/3 307/4/3
f 309/4/6 312/4/6 311/4/6 310/4/6
f 313/4/1 314/4/1 277/4/1 276/4/1
f 315/4/4 316/4/4 314/4/4 313/4/4
f 278/4/5 315/4/5 313/4/5 276/4/5
f 314/4/1 317/4/1 279/4/1 277/4/1
f 316/4/4 318/4/4 317/4/4 314/4/4
f 317/4/1 319/4/1 280/4/1 279/4/1
f 318/4/4 320/4/4 319/4/4 317/4/4
f 319/4/6 320/4/6 281/4/6 280/4/6
f 321/4/1 322/4/1 323/4/1 324/4/1
f 323/4/3 325/4/3 326/4/3 324/4/3
f 326/4/5 327/4/5 321/4/5 324/4/5
f 322/4/1 328/4/1 329/4/1 323/4/1
f 329/4/3 330/4/3 325/4/3 323/4/3
f 328/4/1 331/4/1 332/4/1 329/4/1
f 332/4/3 333/4/3 330/4/3 329/4/3
f 331/4/6 334/4/6 333/4/6 332/4/6
f 335/4/1 336/4/1 283/4/1 282/4/1
f 337/4/4 338/4/4 336/4/4 335/4/4
f 284/4/5 337/4/5 335/4/5 282/4/5
f 336/4/1 339/4/1 285/4/1 283/4/1
f 338/4/4 340/4/4 339/4/4 336/4/4
f 339/4/1 341/4/1 286/4/1 285/4/1
f 340/4/4 342/4/4 341/4/4 339/4/4
f 341/4/6 342/4/6 287/4/6 286/4/6
f 343/4/1 344/4/1 345/4/1 346/4/1
f 345/4/3 347/4/3 348/4/3 346/4/3
f 348/4/5 349/4/5 343/4/5 346/4/5
f 344/4/1 350/4/1 351/4/1 345/4/1
f 351/4/3 352/4/3 347/4/3 345/4/3
f 350/4/1 353/4/1 354/4/1 351/4/1
f 354/4/3 355/4/3 352/4/3 351/4/3
f 353/4/6 356/4/6 355/4/6 354/4/6
f 357/4/1 358/4/1 289/4/1 288/4/1
f 359/4/4 360/4/4 358/4/4 357/4/4
f 290/4/5 359/4/5 357/4/5 288/4/5
f 358/4/1 361/4/1 291/4/1 289/4/1
f 360/4/4 362/4/4 361/4/4 358/4/4
f 361/4/1 363/4/1 292/4/1 291/4/1
f 362/4/4 364/4/4 363/4/4 361/4/4
f 363/4/6 364/4/6 293/4/6 292/4/6
f 365/4/1 366/4/1 367/4/1 368/4/1
f 367/4/3 369/4/3 370/4/3 368/4/3
f 370/4/5 371/4/5 365/4/5 368/4/5
f 366/4/1 372/4/1 373/4/1 367/4/1
f 373/4/3 374/4/3 369/4/3 367/4/3
f 372/4/1 375/4/1 376/4/1 373/4/1
f 376/4/3 377/4/3 374/4/3 373/4/3
f 375/4/6 378/4/6 377/4/6 376/4/6
f 379/4/1 380/4/1 295/4/1 294/4/1
f 381/4/4 382/4/4 380/4/4 379/4/4
f 296/4/5 381/4/5 379/4/5 294/4/5
f 380/4/1 383/4/1 297/4/1 295/4/1
f 382/4/4 384/4/4 383/4/4 380/4/4
f 383/5/1 385/5/1 298/5/1 297/5/1
f 384/5/4 386/5/4 385/5/4 383/5/4
f 385/5/6 386/5/6 299/5/6 298/5/6
f 387/11/1 388/11/1 301/11/1 300/11/1
f 302/11/5 389/11/5 387/11/5 300/11/5
f 388/4/1 390/4/1 303/4/1 301/4/1
f 390/4/1 391/4/1 306/4/1 303/4/1
f 391/4/1 392/4/1 309/4/1 306/4/1
f 392/4/6 393/4/6 312/4/6 309/4/6
f 394/4/1 395/4/1 322/4/1 321/4/1
f 327/4/5 396/4/5 394/4/5 321/4/5
f 395/4/1 397/4/1 328/4/1 322/4/1
f 397/4/1 398/4/1 331/4/1 328/4/1
f 398/4/6 399/4/6 334/4/6 331/4/6
f 400/4/1 401/4/1 344/4/1 343/4/1
f 349/4/5 402/4/5 400/4/5 343/4/5
f 401/4/1 403/4/1 350/4/1 344/4/1
f 403/4/1 404/4/1 353/4/1 350/4/1
f 404/4/6 405/4/6 356/4/6 353/4/6
f 406/4/1 407/4/1 366/4/1 365/4/1
f 371/4/5 408/4/5 406/4/5 365/4/5
f 407/4/1 409/4/1 372/4/1 366/4/1
f 409/4/1 410/4/1 375/4/1 372/4/1
f 410/4/6 411/4/6 378/4/6 375/4/6
f 412/11/1 413/11/1 388/11/1 387/11/1
f 389/11/5 414/11/5 412/11/5 387/11/5
f 413/4/1 415/4/1 390/4/1 388/4/1
f 415/4/1 416/4/1 391/4/1 390/4/1
f 416/4/1 417/4/1 392/4/1 391/4/1
f 417/4/6 418/4/6 393/4/6 392/4/6
f 419/4/1 420/4/1 421/4/1 422/4/1
f 421/4/3 423/4/3 424/4/3 422/4/3
f 424/4/5 425/4/5 419/4/5 422/4/5
f 420/4/1 426/4/1 427/4/1 421/4/1
f 427/4/3 428/4/3 423/4/3 421/4/3
f 426/4/1 429/4/1 430/4/1 427/4/1
f 430/4/3 431/4/3 428/4/3 427/4/3
f 429/4/6 432/4/6 431/4/6 430/4/6
f 433/4/1 434/4/1 395/4/1 394/4/1
f 396/4/5 435/4/5 433/4/5 394/4/5
f 434/4/1 436/4/1 397/4/1 395/4/1
f 436/4/1 437/4/1 398/4/1 397/4/1
f 437/4/6 438/4/6 399/4/6 398/4/6
f 439/4/1 440/4/1 441/4/1 442/4/1
f 441/4/3 443/4/3 444/4/3 442/4/3
f 444/4/5 445/4/5 439/4/5 442/4/5
f 440/4/1 446/4/1 447/4/1 441/4/1
f 447/4/3 448/4/3 443/4/3 441/4/3
f 446/4/1 449/4/1 450/4/1 447/4/1
f 450/4/3 451/4/3 448/4/3 447/4/3
f 449/4/6 452/4/6 451/4/6 450/4/6
f 453/4/1 454/4/1 401/4/1 400/4/1
f 402/4/5 455/4/5 453/4/5 400/4/5
f 454/4/1 456/4/1 403/4/1 401/4/1
f 456/4/1 457/4/1 404/4/1 403/4/1
f 457/4/6 458/4/6 405/4/6 404/4/6
f 459/4/1 460/4/1 461/4/1 462/4/1
f 461/4/3 463/4/3 464/4/3 462/4/3
f 464/4/5 465/4/5 459/4/5 462/4/5
f 460/4/1 466/4/1 467/4/1 461/4/1
f 467/4/3 468/4/3 463/4/3 461/4/3
f 466/4/1 469/4/1 470/4/1 467/4/1
f 470/4/3 471/4/3 468/4/3 467/4/3
f 469/4/6 472/4/6 471/4/6 470/4/6
f 473/4/1 474/4/1 407/4/1 406/4/1
f 408/4/5 475/4/5 473/4/5 406/4/5
f 474/4/1 476/4/1 409/4/1 407/4/1
f 476/4/1 477/4/1 410/4/1 409/4/1
f 477/4/6 478/4/6 411/4/6 410/4/6
f 479/4/1 480/4/1 481/4/1 482/4/1
f 481/4/3 483/4/3 484/4/3 482/4/3
f 484/4/5 485/4/5 479/4/5 482/4/5
f 480/4/1 486/4/1 487/4/1 481/4/1
f 487/4/3 488/4/3 483/4/3 481/4/3
f 486/5/1 489/5/1 490/5/1 487/5/1
f 490/5/3 491/5/3 488/5/3 487/5/3
f 489/5/6 492/5/6 491/5/6 490/5/6
f 493/11/1 494/11/1 413/11/1 412/11/1
f 414/11/5 495/11/5 493/11/5 412/11/5
f 494/4/1 496/4/1 415/4/1 413/4/1
f 496/4/1 497/4/1 416/4/1 415/4/1
f 497/4/1 498/4/1 417/4/1 416/4/1
f 498/4/6 499/4/6 418/4/6 417/4/6
f 500/4/1 501/4/1 420/4/1 419/4/1
f 425/4/5 502/4/5 500/4/5 419/4/5
f 501/4/1 503/4/1 426/4/1 420/4/1
f 503/4/1 504/4/1 429/4/1 426/4/1
f 504/4/6 505/4/6 432/4/6 429/4/6
f 506/4/1 507/4/1 434/4/1 433/4/1
f 435/4/5 508/4/5 506/4/5 433/4/5
f 507/4/1 509/4/1 436/4/1 434/4/1
f 509/4/1 510/4/1 437/4/1 436/4/1
f 510/4/6 511/4/6 438/4/6 437/4/6
f 512/4/1 513/4/1 440/4/1 439/4/1
f 445/4/5 514/4/5 512/4/5 439/4/5
f 513/4/1 515/4/1 446/4/1 440/4/1
f 515/4/1 516/4/1 449/4/1 446/4/1
f 516/4/6 517/4/6 452/4/6 449/4/6
f 518/4/1 519/4/1 454/4/1 453/4/1
f 455/4/5 520/4/5 518/4/5 453/4/5
f 519/4/1 521/4/1 456/4/1 454/4/1
f 521/4/1 522/4/1 457/4/1 456/4/1
f 522/4/6 523/4/6 458/4/6 457/4/6
f 524/4/1 525/4/1 460/4/1 459/4/1
f 465/4/5 526/4/5 524/4/5 459/4/5
f 525/4/1 527/4/1 466/4/1 460/4/1
f 527/4/1 528/4/1 469/4/1 466/4/1
f 528/4/6 529/4/6 472/4/6 469/4/6
f 530/4/1 531/4/1 474/4/1 473/4/1
f 475/4/5 532/4/5 530/4/5 473/4/5
f 531/4/1 533/4/1 476/4/1 474/4/1
f 533/4/1 534/4/1 477/4/1 476/4/1
f 534/4/6 535/4/6 478/4/6 477/4/6
f 536/4/1 537/4/1 480/4/1 479/4/1
f 485/4/5 538/4/5 536/4/5 479/4/5
f 537/4/1 539/4/1 486/4/1 480/4/1
f 539/5/1 540/5/1 489/5/1 486/5/1
f 540/5/6 541/5/6 492/5/6 489/5/6
f 542/11/1 543/11/1 494/11/1 493/11/1
f 495/11/5 544/11/5 542/11/5 493/11/5
f 543/4/1 545/4/1 496/4/1 494/4/1
f 545/4/1 546/4/1 497/4/1 496/4/1
f 546/4/1 547/4/1 498/4/1 497/4/1
f 547/4/6 548/4/6 499/4/6 498/4/6
f 549/4/1 550/4/1 501/4/1 500/4/1
f 502/4/5 551/4/5 549/4/5 500/4/5
f 550/4/1 552/4/1 503/4/1 501/4/1
f 552/4/1 553/4/1 504/4/1 503/4/1
f 553/4/6 554/4/6 505/4/6 504/4/6
f 555/4/1 556/4/1 507/4/1 506/4/1
f 508/4/5 557/4/5 555/4/5 506/4/5
f 556/4/1 558/4/1 509/4/1 507/4/1
f 558/4/1 559/4/1 510/4/1 509/4/1
f 559/4/6 560/4/6 511/4/6 510/4/6
f 561/4/1 562/4/1 513/4/1 512/4/1
f 514/4/5 563/4/5 561/4/5 512/4/5
f 562/4/1 564/4/1 515/4/1 513/4/1
f 564/4/1 565/4/1 516/4/1 515/4/1
f 565/4/6 566/4/6 517/4/6 516/4/6
f 567/4/1 568/4/1 519/4/1 518/4/1
f 520/4/5 569/4/5 567/4/5 518/4/5
f 568/4/1 570/4/1 521/4/1 519/4/1
f 570/4/1 571/4/1 522/4/1 521/4/1
f 571/4/6 572/4/6 523/4/6 522/4/6
f 573/4/1 574/4/1 525/4/1 524/4/1
f 526/4/5 575/4/5 573/4/5 524/4/5
f 574/4/1 576/4/1 527/4/1 525/4/1
f 576/4/1 577/4/1 528/4/1 527/4/1
f 577/4/6 578/4/6 529/4/6 528/4/6
f 579/4/1 580/4/1 531/4/1 530/4/1
f 532/4/5 581/4/5 579/4/5 530/4/5
f 580/4/1 582/4/1 533/4/1 531/4/1
f 582/4/1 583/4/1 534/4/1 533/4/1
f 583/4/6 584/4/6 535/4/6 534/4/6
f 585/4/1 586/4/1 537/4/1 536/4/1
f 538/4/5 587/4/5 585/4/5 536/4/5
f 586/4/1 588/4/1 539/4/1 537/4/1
f 588/5/1 589/5/1 540/5/1 539/5/1
f 589/5/6 590/5/6 541/5/6 540/5/6
f 591/11/1 592/11/1 543/11/1 542/11/1
f 544/11/5 593/11/5 591/11/5 542/11/5
f 592/4/1 594/4/1 545/4/1 543/4/1
f 594/4/1 595/4/1 546/4/1 545/4/1
f 595/4/1 596/4/1 547/4/1 546/4/1
f 596/4/6 597/4/6 548/4/6 547/4/6
f 598/4/1 599/4/1 550/4/1 549/4/1
f 551/4/5 600/4/5 598/4/5 549/4/5
f 599/4/1 601/4/1 552/4/1 550/4/1
f 601/4/1 602/4/1 553/4/1 552/4/1
f 602/4/6 603/4/6 554/4/6 553/4/6
f 604/4/1 605/4/1 556/4/1 555/4/1
f 557/4/5 606/4/5 604/4/5 555/4/5
f 605/4/1 607/4/1 558/4/1 556/4/1
f 607/4/1 608/4/1 559/4/1 558/4/1
f 608/4/6 609/4/6 560/4/6 559/4/6
f 610/4/1 611/4/1 562/4/1 561/4/1
f 563/4/5 612/4/5 610/4/5 561/4/5
f 611/4/1 613/4/1 564/4/1 562/4/1
f 613/4/1 614/4/1 565/4/1 564/4/1
f 614/4/6 615/4/6 566/4/6 565/4/6
f 616/4/1 617/4/1 568/4/1 567/4/1
f 569/4/5 618/4/5 616/4/5 567/4/5
f 617/4/1 619/4/1 570/4/1 568/4/1
f 619/4/1 620/4/1 571/4/1 570/4/1
f 620/4/6 621/4/6 572/4/6 571/4/6
f 622/4/1 623/4/1 574/4/1 573/4/1
f 575/4/5 624/4/5 622/4/5 573/4/5
f 623/4/1 625/4/1 576/4/1 574/4/1
f 625/4/1 626/4/1 577/4/1 576/4/1
f 626/4/6 627/4/6 578/4/6 577/4/6
f 628/4/1 629/4/1 580/4/1 579/4/1
f 581/4/5 630/4/5 628/4/5 579/4/5
f 629/4/1 631/4/1 582/4/1 580/4/1
f 631/4/1 632/4/1 583/4/1 582/4/1
f 632/4/6 633/4/6 584/4/6 583/4/6
f 634/4/1 635/4/1 586/4/1 585/4/1
f 587/4/5 636/4/5 634/4/5 585/4/5
f 635/4/1 637/4/1 588/4/1 586/4/1
f 637/5/1 638/5/1 589/5/1 588/5/1
f 638/5/6 639/5/6 590/5/6 589/5/6
f 640/11/1 641/11/1 592/11/1 591/11/1
f 593/11/5 642/11/5 640/11/5 591/11/5
f 641/4/1 643/4/1 594/4/1 592/4/1
f 644/4/4 645/4/4 643/4/4 641/4/4
f 643/4/1 646/4/1 595/4/1 594/4/1
f 645/4/4 647/4/4 646/4/4 643/4/4
f 646/4/1 648/4/1 596/4/1 595/4/1
f 647/4/4 649/4/4 648/4/4 646/4/4
f 648/4/6 649/4/6 597/4/6 596/4/6
f 650/4/1 651/4/1 599/4/1 598/4/1
f 600/4/5 652/4/5 650/4/5 598/4/5
f 651/4/1 653/4/1 601/4/1 599/4/1
f 653/4/1 654/4/1 602/4/1 601/4/1
f 654/4/6 655/4/6 603/4/6 602/4/6
f 656/4/1 657/4/1 605/4/1 604/4/1
f 658/4/4 659/4/4 657/4/4 656/4/4
f 606/4/5 658/4/5 656/4/5 604/4/5
f 657/4/1 660/4/1 607/4/1 605/4/1
f 659/4/4 661/4/4 660/4/4 657/4/4
f 660/4/1 662/4/1 608/4/1 607/4/1
f 661/4/4 663/4/4 662/4/4 660/4/4
f 662/4/6 663/4/6 609/4/6 608/4/6
f 664/4/1 665/4/1 611/4/1 610/4/1
f 612/4/5 666/4/5 664/4/5 610/4/5
f 665/4/1 667/4/1 613/4/1 611/4/1
f 667/4/1 668/4/1 614/4/1 613/4/1
f 668/4/6 669/4/6 615/4/6 614/4/6
f 670/4/1 671/4/1 617/4/1 616/4/1
f 672/4/4 673/4/4 671/4/4 670/4/4
f 618/4/5 672/4/5 670/4/5 616/4/5
f 671/4/1 674/4/1 619/4/1 617/4/1
f 673/4/4 675/4/4 674/4/4 671/4/4
f 674/4/1 676/4/1 620/4/1 619/4/1
f 675/4/4 677/4/4 676/4/4 674/4/4
f 676/4/6 677/4/6 621/4/6 620/4/6
f 678/4/1 679/4/1 623/4/1 622/4/1
f 624/4/5 680/4/5 678/4/5 622/4/5
f 679/4/1 681/4/1 625/4/1 623/4/1
f 681/4/1 682/4/1 626/4/1 625/4/1
f 682/4/6 683/4/6 627/4/6 626/4/6
f 684/4/1 685/4/1 629/4/1 628/4/1
f 686/4/4 687/4/4 685/4/4 684/4/4
f 630/4/5 686/4/5 684/4/5 628/4/5
f 685/4/1 688/4/1 631/4/1 629/4/1
f 687/4/4 689/4/4 688/4/4 685/4/4
f 688/4/1 690/4/1 632/4/1 631/4/1
f 689/4/4 691/4/4 690/4/4 688/4/4
f 690/4/6 691/4/6 633/4/6 632/4/6
f 692/4/1 693/4/1 635/4/1 634/4/1
f 636/4/5 694/4/5 692/4/5 634/4/5
f 693/4/1 695/4/1 637/4/1 635/4/1
f 695/5/1 696/5/1 638/5/1 637/5/1
f 696/5/6 697/5/6 639/5/6 638/5/6
f 698/11/1 699/11/1 641/11/1 640/11/1
f 642/11/5 700/11/5 698/11/5 640/11/5
f 699/11/6 701/11/6 644/11/6 641/11/6
f 702/4/1 703/4/1 651/4/1 650/4/1
f 652/4/5 704/4/5 702/4/5 650/4/5
f 703/4/1 705/4/1 653/4/1 651/4/1
f 705/4/1 706/4/1 654/4/1 653/4/1
f 706/4/6 707/4/6 655/4/6 654/4/6
f 708/4/1 709/4/1 665/4/1 664/4/1
f 666/4/5 710/4/5 708/4/5 664/4/5
f 709/4/1 711/4/1 667/4/1 665/4/1
f 711/4/1 712/4/1 668/4/1 667/4/1
f 712/4/6 713/4/6 669/4/6 668/4/6
f 714/4/1 715/4/1 679/4/1 678/4/1
f 680/4/5 716/4/5 714/4/5 678/4/5
f 715/4/1 717/4/1 681/4/1 679/4/1
f 717/4/1 718/4/1 682/4/1 681/4/1
f 718/4/6 719/4/6 683/4/6 682/4/6
f 720/4/1 721/4/1 693/4/1 692/4/1
f 694/4/5 722/4/5 720/4/5 692/4/5
f 721/4/1 723/4/1 695/4/1 693/4/1
f 723/5/1 724/5/1 696/5/1 695/5/1
f 724/5/6 725/5/6 697/5/6 696/5/6
f 726/11/1 727/11/1 699/11/1 698/11/1
f 700/11/5 728/11/5 726/11/5 698/11/5
f 727/4/1 729/4/1 730/4/1 699/4/1
f 730/4/3 731/4/3 701/4/3 699/4/3
f 729/4/1 732/4/1 733/4/1 730/4/1
f 733/4/3 734/4/3 731/4/3 730/4/3
f 732/4/1 735/4/1 736/4/1 733/4/1
f 736/4/3 737/4/3 734/4/3 733/4/3
f 735/4/6 738/4/6 737/4/6 736/4/6
f 739/4/1 740/4/1 703/4/1 702/4/1
f 741/4/4 742/4/4 740/4/4 739/4/4
f 704/4/5 741/4/5 739/4/5 702/4/5
f 740/4/1 743/4/1 705/4/1 703/4/1
f 742/4/4 744/4/4 743/4/4 740/4/4
f 743/4/1 745/4/1 706/4/1 705/4/1
f 744/4/4 746/4/4 745/4/4 743/4/4
f 745/4/6 746/4/6 707/4/6 706/4/6
f 747/4/1 748/4/1 749/4/1 750/4/1
f 749/4/3 751/4/3 752/4/3 750/4/3
f 752/4/5 753/4/5 747/4/5 750/4/5
f 748/4/1 754/4/1 755/4/1 749/4/1
f 755/4/3 756/4/3 751/4/3 749/4/3
f 754/4/1 757/4/1 758/4/1 755/4/1
f 758/4/3 759/4/3 756/4/3 755/4/3
f 757/4/6 760/4/6 759/4/6 758/4/6
f 761/4/1 762/4/1 709/4/1 708/4/1
f 763/4/4 764/4/4 762/4/4 761/4/4
f 710/4/5 763/4/5 761/4/5 708/4/5
f 762/4/1 765/4/1 711/4/1 709/4/1
f 764/4/4 766/4/4 765/4/4 762/4/4
f 765/4/1 767/4/1 712/4/1 711/4/1
f 766/4/4 768/4/4 767/4/4 765/4/4
f 767/4/6 768/4/6 713/4/6 712/4/6
f 769/4/1 770/4/1 771/4/1 772/4/1
f 771/4/3 773/4/3 774/4/3 772/4/3
f 774/4/5 775/4/5 769/4/5 772/4/5
f 770/4/1 776/4/1 777/4/1 771/4/1
f 777/4/3 778/4/3 773/4/3 771/4/3
f 776/4/1 779/4/1 780/4/1 777/4/1
f 780/4/3 781/4/3 778/4/3 777/4/3
f 779/4/6 782/4/6 781/4/6 780/4/6
f 783/4/1 784/4/1 715/4/1 714/4/1
f 785/4/4 786/4/4 784/4/4 783/4/4
f 716/4/5 785/4/5 783/4/5 714/4/5
f 784/4/1 787/4/1 717/4/1 715/4/1
f 786/4/4 788/4/4 787/4/4 784/4/4
f 787/4/1 789/4/1 718/4/1 717/4/1
f 788/4/4 790/4/4 789/4/4 787/4/4
f 789/4/6 790/4/6 719/4/6 718/4/6
f 791/4/1 792/4/1 793/4/1 794/4/1
f 793/4/3 795/4/3 796/4/3 794/4/3
f 796/4/5 797/4/5 791/4/5 794/4/5
f 792/4/1 798/4/1 799/4/1 793/4/1
f 799/4/3 800/4/3 795/4/3 793/4/3
f 798/4/1 801/4/1 802/4/1 799/4/1
f 802/4/3 803/4/3 800/4/3 799/4/3
f 801/4/6 804/4/6 803/4/6 802/4/6
f 805/4/1 806/4/1 721/4/1 720/4/1
f 807/4/4 808/4/4 806/4/4 805/4/4
f 722/4/5 807/4/5 805/4/5 720/4/5
f 806/4/1 809/4/1 723/4/1 721/4/1
f 808/4/4 810/4/4 809/4/4 806/4/4
f 809/5/1 811/5/1 724/5/1 723/5/1
f 810/5/4 812/5/4 811/5/4 809/5/4
f 811/5/6 812/5/6 725/5/6 724/5/6
f 813/11/1 814/11/1 727/11/1 726/11/1
f 728/11/5 815/11/5 813/11/5 726/11/5
f 814/4/1 816/4/1 729/4/1 727/4/1
f 816/4/1 817/4/1 732/4/1 729/4/1
f 817/4/1 818/4/1 735/4/1 732/4/1
f 818/4/6 819/4/6 738/4/6 735/4/6
f 820/4/1 821/4/1 748/4/1 747/4/1
f 753/4/5 822/4/5 820/4/5 747/4/5
f 821/4/1 823/4/1 754/4/1 748/4/1
f 823/4/1 824/4/1 757/4/1 754/4/1
f 824/4/6 825/4/6 760/4/6 757/4/6
f 826/4/1 827/4/1 770/4/1 769/4/1
f 775/4/5 828/4/5 826/4/5 769/4/5
f 827/4/1 829/4/1 776/4/1 770/4/1
f 829/4/1 830/4/1 779/4/1 776/4/1
f 830/4/6 831/4/6 782/4/6 779/4/6
f 832/4/1 833/4/1 792/4/1 791/4/1
f 797/4/5 834/4/5 832/4/5 791/4/5
f 833/4/1 835/4/1 798/4/1 792/4/1
f 835/4/1 836/4/1 801/4/1 798/4/1
f 836/4/6 837/4/6 804/4/6 801/4/6
f 838/11/1 839/11/1 814/11/1 813/11/1
f 840/11/4 841/11/4 839/11/4 838/11/4
f 815/11/5 840/11/5 838/11/5 813/11/5
f 839/4/1 842/4/1 816/4/1 814/4/1
f 841/4/4 843/4/4 842/4/4 839/4/4
f 842/4/1 844/4/1 817/4/1 816/4/1
f 843/4/4 845/4/4 844/4/4 842/4/4
f 844/4/1 846/4/1 818/4/1 817/4/1
f 845/4/4 847/4/4 846/4/4 844/4/4
f 846/4/6 847/4/6 819/4/6 818/4/6
f 848/4/1 849/4/1 850/4/1 851/4/1
f 850/4/3 852/4/3 853/4/3 851/4/3
f 854/4/4 855/4/4 849/4/4 848/4/4
f 853/4/5 854/4/5 848/4/5 851/4/5
f 849/4/1 856/4/1 857/4/1 850/4/1
f 857/4/3 858/4/3 852/4/3 850/4/3
f 855/4/4 859/4/4 856/4/4 849/4/4
f 856/4/1 860/4/1 861/4/1 857/4/1
f 861/4/3 862/4/3 858/4/3 857/4/3
f 859/4/4 863/4/4 860/4/4 856/4/4
f 860/4/6 863/4/6 862/4/6 861/4/6
f 864/4/1 865/4/1 821/4/1 820/4/1
f 866/4/4 867/4/4 865/4/4 864/4/4
f 822/4/5 866/4/5 864/4/5 820/4/5
f 865/4/1 868/4/1 823/4/1 821/4/1
f 867/4/4 869/4/4 868/4/4 865/4/4
f 868/4/1 870/4/1 824/4/1 823/4/1
f 869/4/4 871/4/4 870/4/4 868/4/4
f 870/4/6 871/4/6 825/4/6 824/4/6
f 872/4/1 873/4/1 874/4/1 875/4/1
f 874/4/3 876/4/3 877/4/3 875/4/3
f 878/4/4 879/4/4 873/4/4 872/4/4
f 877/4/5 878/4/5 872/4/5 875/4/5
f 873/4/1 880/4/1 881/4/1 874/4/1
f 881/4/3 882/4/3 876/4/3 874/4/3
f 879/4/4 883/4/4 880/4/4 873/4/4
f 880/4/1 884/4/1 885/4/1 881/4/1
f 885/4/3 886/4/3 882/4/3 881/4/3
f 883/4/4 887/4/4 884/4/4 880/4/4
f 884/4/6 887/4/6 886/4/6 885/4/6
f 888/4/1 889/4/1 827/4/1 826/4/1
f 890/4/4 891/4/4 889/4/4 888/4/4
f 828/4/5 890/4/5 888/4/5 826/4/5
f 889/4/1 892/4/1 829/4/1 827/4/1
f 891/4/4 893/4/4 892/4/4 889/4/4
f 892/4/1 894/4/1 830/4/1 829/4/1
f 893/4/4 895/4/4 894/4/4 892/4/4
f 894/4/6 895/4/6 831/4/6 830/4/6
f 896/4/1 897/4/1 898/4/1 899/4/1
f 898/4/3 900/4/3 901/4/3 899/4/3
f 902/4/4 903/4/4 897/4/4 896/4/4
f 901/4/5 902/4/5 896/4/5 899/4/5
f 897/4/1 904/4/1 905/4/1 898/4/1
f 905/4/3 906/4/3 900/4/3 898/4/3
f 903/4/4 907/4/4 904/4/4 897/4/4
f 904/4/1 908/4/1 909/4/1 905/4/1
f 909/4/3 910/4/3 906/4/3 905/4/3
f 907/4/4 911/4/4 908/4/4 904/4/4
f 908/4/6 911/4/6 910/4/6 909/4/6
f 912/4/1 913/4/1 833/4/1 832/4/1
f 914/4/4 915/4/4 913/4/4 912/4/4
f 834/4/5 914/4/5 912/4/5 832/4/5
f 913/4/1 916/4/1 835/4/1 833/4/1
f 915/4/4 917/4/4 916/4/4 913/4/4
f 916/4/1 918/4/1 836/4/1 835/4/1
f 917/4/4 919/4/4 918/4/4 916/4/4
f 918/4/6 919/4/6 837/4/6 836/4/6
f 920/4/1 921/4/1 922/4/1 923/4/1
f 922/4/3 924/4/3 925/4/3 923/4/3
f 926/4/4 927/4/4 921/4/4 920/4/4
f 925/4/5 926/4/5 920/4/5 923/4/5
f 921/4/1 928/4/1 929/4/1 922/4/1
f 929/4/3 930/4/3 924/4/3 922/4/3
f 927/4/4 931/4/4 928/4/4 921/4/4
f 928/5/1 932/5/1 933/5/1 929/5/1
f 933/5/3 934/5/3 930/5/3 929/5/3
f 931/5/4 935/5/4 932/5/4 928/5/4
f 932/5/6 935/5/6 934/5/6 933/5/6
f 5/11/3 936/11/3 937/11/3 6/11/3
f 937/11/5 938/11/5 7/11/5 6/11/5
f 10/4/3 939/4/3 936/4/3 5/4/3
f 13/4/3 940/4/3 939/4/3 10/4/3
f 16/4/3 941/4/3 940/4/3 13/4/3
f 17/4/6 942/4/6 941/4/6 16/4/6
f 22/4/3 943/4/3 944/4/3 23/4/3
f 944/4/5 945/4/5 24/4/5 23/4/5
f 27/4/3 946/4/3 943/4/3 22/4/3
f 30/4/3 947/4/3 946/4/3 27/4/3
f 31/4/6 948/4/6 947/4/6 30/4/6
f 36/4/3 949/4/3 950/4/3 37/4/3
f 950/4/5 951/4/5 38/4/5 37/4/5
f 41/4/3 952/4/3 949/4/3 36/4/3
f 44/4/3 953/4/3 952/4/3 41/4/3
f 45/4/6 954/4/6 953/4/6 44/4/6
f 50/4/3 955/4/3 956/4/3 51/4/3
f 956/4/5 957/4/5 52/4/5 51/4/5
f 55/4/3 958/4/3 955/4/3 50/4/3
f 58/4/3 959/4/3 958/4/3 55/4/3
f 59/4/6 960/4/6 959/4/6 58/4/6
f 64/4/3 961/4/3 962/4/3 65/4/3
f 962/4/5 963/4/5 66/4/5 65/4/5
f 69/4/3 964/4/3 961/4/3 64/4/3
f 72/4/3 965/4/3 964/4/3 69/4/3
f 73/4/6 966/4/6 965/4/6 72/4/6
f 78/4/3 967/4/3 968/4/3 79/4/3
f 968/4/5 969/4/5 80/4/5 79/4/5
f 83/4/3 970/4/3 967/4/3 78/4/3
f 86/4/3 971/4/3 970/4/3 83/4/3
f 87/4/6 972/4/6 971/4/6 86/4/6
f 92/4/3 973/4/3 974/4/3 93/4/3
f 974/4/5 975/4/5 94/4/5 93/4/5
f 97/4/3 976/4/3 973/4/3 92/4/3
f 100/4/3 977/4/3 976/4/3 97/4/3
f 101/4/6 978/4/6 977/4/6 100/4/6
f 106/4/3 979/4/3 980/4/3 107/4/3
f 980/4/5 981/4/5 108/4/5 107/4/5
f 111/4/3 982/4/3 979/4/3 106/4/3
f 114/5/3 983/5/3 982/5/3 111/5/3
f 115/5/6 984/5/6 983/5/6 114/5/6
f 938/11/5 985/11/5 118/11/5 7/11/5
f 122/4/1 125/4/1 24/4/1 17/4/1
f 24/4/3 945/4/3 942/4/3 17/4/3
f 128/4/1 131/4/1 38/4/1 31/4/1
f 38/4/3 951/4/3 948/4/3 31/4/3
f 134/4/1 137/4/1 52/4/1 45/4/1
f 52/4/3 957/4/3 954/4/3 45/4/3
f 140/4/1 143/4/1 66/4/1 59/4/1
f 66/4/3 963/4/3 960/4/3 59/4/3
f 146/4/1 149/4/1 80/4/1 73/4/1
f 80/4/3 969/4/3 966/4/3 73/4/3
f 152/4/1 155/4/1 94/4/1 87/4/1
f 94/4/3 975/4/3 972/4/3 87/4/3
f 158/4/1 161/4/1 108/4/1 101/4/1
f 108/4/3 981/4/3 978/4/3 101/4/3
f 164/5/6 986/5/6 984/5/6 115/5/6
f 985/11/5 987/11/5 167/11/5 118/11/5
f 171/4/1 174/4/1 125/4/1 122/4/1
f 177/4/1 180/4/1 131/4/1 128/4/1
f 183/4/1 186/4/1 137/4/1 134/4/1
f 189/4/1 192/4/1 143/4/1 140/4/1
f 195/4/1 198/4/1 149/4/1 146/4/1
f 201/4/1 204/4/1 155/4/1 152/4/1
f 207/4/1 210/4/1 161/4/1 158/4/1
f 213/5/6 988/5/6 986/5/6 164/5/6
f 987/11/5 989/11/5 216/11/5 167/11/5
f 223/4/1 226/4/1 174/4/1 171/4/1
f 229/4/1 232/4/1 180/4/1 177/4/1
f 237/4/1 240/4/1 186/4/1 183/4/1
f 243/4/1 246/4/1 192/4/1 189/4/1
f 251/4/1 254/4/1 198/4/1 195/4/1
f 257/4/1 260/4/1 204/4/1 201/4/1
f 265/4/1 268/4/1 210/4/1 207/4/1
f 271/5/6 990/5/6 988/5/6 213/5/6
f 989/11/5 991/11/5 274/11/5 216/11/5
f 275/4/1 305/4/1 219/4/1 218/4/1
f 305/4/1 308/4/1 221/4/1 219/4/1
f 308/4/1 311/4/1 223/4/1 221/4/1
f 311/4/1 278/4/1 226/4/1 223/4/1
f 281/4/1 326/4/1 232/4/1 229/4/1
f 326/4/1 325/4/1 233/4/1 232/4/1
f 325/4/1 330/4/1 235/4/1 233/4/1
f 330/4/1 333/4/1 237/4/1 235/4/1
f 333/4/1 284/4/1 240/4/1 237/4/1
f 287/4/1 348/4/1 246/4/1 243/4/1
f 348/4/1 347/4/1 247/4/1 246/4/1
f 347/4/1 352/4/1 249/4/1 247/4/1
f 352/4/1 355/4/1 251/4/1 249/4/1
f 355/4/1 290/4/1 254/4/1 251/4/1
f 293/4/1 370/4/1 260/4/1 257/4/1
f 370/4/1 369/4/1 261/4/1 260/4/1
f 369/4/1 374/4/1 263/4/1 261/4/1
f 374/4/1 377/4/1 265/4/1 263/4/1
f 377/4/1 296/4/1 268/4/1 265/4/1
f 299/5/6 992/5/6 990/5/6 271/5/6
f 991/11/5 993/11/5 302/11/5 274/11/5
f 312/4/1 315/4/1 278/4/1 311/4/1
f 320/4/1 327/4/1 326/4/1 281/4/1
f 334/4/1 337/4/1 284/4/1 333/4/1
f 342/4/1 349/4/1 348/4/1 287/4/1
f 356/4/1 359/4/1 290/4/1 355/4/1
f 364/4/1 371/4/1 370/4/1 293/4/1
f 378/4/1 381/4/1 296/4/1 377/4/1
f 386/5/6 994/5/6 992/5/6 299/5/6
f 993/11/5 995/11/5 389/11/5 302/11/5
f 393/4/1 424/4/1 315/4/1 312/4/1
f 424/5/1 423/5/1 316/5/1 315/5/1
f 423/4/1 428/4/1 318/4/1 316/4/1
f 428/4/1 431/4/1 320/4/1 318/4/1
f 431/4/1 396/4/1 327/4/1 320/4/1
f 399/4/1 444/4/1 337/4/1 334/4/1
f 444/4/1 443/4/1 338/4/1 337/4/1
f 443/4/1 448/4/1 340/4/1 338/4/1
f 448/4/1 451/4/1 342/4/1 340/4/1
f 451/4/1 402/4/1 349/4/1 342/4/1
f 405/4/1 464/4/1 359/4/1 356/4/1
f 464/4/1 463/4/1 360/4/1 359/4/1
f 463/4/1 468/4/1 362/4/1 360/4/1
f 468/4/1 471/4/1 364/4/1 362/4/1
f 471/4/1 408/4/1 371/4/1 364/4/1
f 411/4/1 484/4/1 381/4/1 378/4/1
f 484/4/1 483/4/1 382/4/1 381/4/1
f 483/4/1 488/4/1 384/4/1 382/4/1
f 488/5/1 491/5/1 386/5/1 384/5/1
f 491/5/6 996/5/6 994/5/6 386/5/6
f 995/11/5 997/11/5 414/11/5 389/11/5
f 418/4/1 425/4/1 424/4/1 393/4/1
f 432/4/1 435/4/1 396/4/1 431/4/1
f 438/4/1 445/4/1 444/4/1 399/4/1
f 452/4/1 455/4/1 402/4/1 451/4/1
f 458/4/1 465/4/1 464/4/1 405/4/1
f 472/4/1 475/4/1 408/4/1 471/4/1
f 478/4/1 485/4/1 484/4/1 411/4/1
f 492/5/6 998/5/6 996/5/6 491/5/6
f 997/11/5 999/11/5 495/11/5 414/11/5
f 499/4/1 502/4/1 425/4/1 418/4/1
f 505/4/1 508/4/1 435/4/1 432/4/1
f 511/4/1 514/4/1 445/4/1 438/4/1
f 517/4/1 520/4/1 455/4/1 452/4/1
f 523/4/1 526/4/1 465/4/1 458/4/1
f 529/4/1 532/4/1 475/4/1 472/4/1
f 535/4/1 538/4/1 485/4/1 478/4/1
f 541/5/6 1000/5/6 998/5/6 492/5/6
f 999/11/5 1001/11/5 544/11/5 495/11/5
f 548/4/1 551/4/1 502/4/1 499/4/1
f 554/4/1 557/4/1 508/4/1 505/4/1
f 560/4/1 563/4/1 514/4/1 511/4/1
f 566/4/1 569/4/1 520/4/1 517/4/1
f 572/4/1 575/4/1 526/4/1 523/4/1
f 578/4/1 581/4/1 532/4/1 529/4/1
f 584/4/1 587/4/1 538/4/1 535/4/1
f 590/5/6 1002/5/6 1000/5/6 541/5/6
f 1001/11/5 1003/11/5 593/11/5 544/11/5
f 597/4/1 600/4/1 551/4/1 548/4/1
f 603/4/1 606/4/1 557/4/1 554/4/1
f 609/4/1 612/4/1 563/4/1 560/4/1
f 615/4/1 618/4/1 569/4/1 566/4/1
f 621/4/1 624/4/1 575/4/1 572/4/1
f 627/4/1 630/4/1 581/4/1 578/4/1
f 633/4/1 636/4/1 587/4/1 584/4/1
f 639/5/6 1004/5/6 1002/5/6 590/5/6
f 1003/11/5 1005/11/5 642/11/5 593/11/5
f 649/4/1 652/4/1 600/4/1 597/4/1
f 655/4/1 658/4/1 606/4/1 603/4/1
f 663/4/1 666/4/1 612/4/1 609/4/1
f 669/4/1 672/4/1 618/4/1 615/4/1
f 677/4/1 680/4/1 624/4/1 621/4/1
f 683/4/1 686/4/1 630/4/1 627/4/1
f 691/4/1 694/4/1 636/4/1 633/4/1
f 697/5/6 1006/5/6 1004/5/6 639/5/6
f 1005/11/5 1007/11/5 700/11/5 642/11/5
f 701/4/1 731/4/1 645/4/1 644/4/1
f 731/4/1 734/4/1 647/4/1 645/4/1
f 734/4/1 737/4/1 649/4/1 647/4/1
f 737/4/1 704/4/1 652/4/1 649/4/1
f 707/4/1 752/4/1 658/4/1 655/4/1
f 752/4/1 751/4/1 659/4/1 658/4/1
f 751/4/1 756/4/1 661/4/1 659/4/1
f 756/4/1 759/4/1 663/4/1 661/4/1
f 759/4/1 710/4/1 666/4/1 663/4/1
f 713/4/1 774/4/1 672/4/1 669/4/1
f 774/4/1 773/4/1 673/4/1 672/4/1
f 773/4/1 778/4/1 675/4/1 673/4/1
f 778/4/1 781/4/1 677/4/1 675/4/1
f 781/4/1 716/4/1 680/4/1 677/4/1
f 719/4/1 796/4/1 686/4/1 683/4/1
f 796/4/1 795/4/1 687/4/1 686/4/1
f 795/4/1 800/4/1 689/4/1 687/4/1
f 800/4/1 803/4/1 691/4/1 689/4/1
f 803/4/1 722/4/1 694/4/1 691/4/1
f 725/5/6 1008/5/6 1006/5/6 697/5/6
f 1007/11/5 1009/11/5 728/11/5 700/11/5
f 738/4/1 741/4/1 704/4/1 737/4/1
f 746/4/1 753/4/1 752/4/1 707/4/1
f 760/4/1 763/4/1 710/4/1 759/4/1
f 768/4/1 775/4/1 774/4/1 713/4/1
f 782/4/1 785/4/1 716/4/1 781/4/1
f 790/4/1 797/4/1 796/4/1 719/4/1
f 804/4/1 807/4/1 722/4/1 803/4/1
f 812/5/6 1010/5/6 1008/5/6 725/5/6
f 1009/11/5 1011/11/5 815/11/5 728/11/5
f 819/4/1 853/4/1 741/4/1 738/4/1
f 1012/4/4 1013/4/4 853/4/4 819/4/4
f 853/4/1 852/4/1 742/4/1 741/4/1
f 852/4/1 858/4/1 744/4/1 742/4/1
f 858/4/1 862/4/1 746/4/1 744/4/1
f 862/4/1 822/4/1 753/4/1 746/4/1
f 1014/4/4 1015/4/4 822/4/4 862/4/4
f 825/4/1 877/4/1 763/4/1 760/4/1
f 1016/4/4 1017/4/4 877/4/4 825/4/4
f 877/4/1 876/4/1 764/4/1 763/4/1
f 876/4/1 882/4/1 766/4/1 764/4/1
f 882/4/1 886/4/1 768/4/1 766/4/1
f 886/4/1 828/4/1 775/4/1 768/4/1
f 1018/4/4 1019/4/4 828/4/4 886/4/4
f 831/4/1 901/4/1 785/4/1 782/4/1
f 1020/4/4 1021/4/4 901/4/4 831/4/4
f 901/4/1 900/4/1 786/4/1 785/4/1
f 900/4/1 906/4/1 788/4/1 786/4/1
f 906/4/1 910/4/1 790/4/1 788/4/1
f 910/4/1 834/4/1 797/4/1 790/4/1
f 1022/4/4 1023/4/4 834/4/4 910/4/4
f 837/4/1 925/4/1 807/4/1 804/4/1
f 1024/4/4 1025/4/4 925/4/4 837/4/4
f 925/4/1 924/4/1 808/4/1 807/4/1
f 924/4/1 930/4/1 810/4/1 808/4/1
f 930/5/1 934/5/1 812/5/1 810/5/1
f 934/5/6 1026/5/6 1010/5/6 812/5/6
f 1027/11/4 1028/11/4 841/11/4 840/11/4
f 1011/11/5 1027/11/5 840/11/5 815/11/5
f 1028/4/4 1029/4/4 843/4/4 841/4/4
f 1029/4/4 1030/4/4 845/4/4 843/4/4
f 1030/4/4 1031/4/4 847/4/4 845/4/4
f 847/4/6 1031/4/6 1012/4/6 819/4/6
f 1032/4/4 1033/4/4 855/4/4 854/4/4
f 1013/4/5 1032/4/5 854/4/5 853/4/5
f 1033/4/4 1034/4/4 859/4/4 855/4/4
f 1034/4/4 1035/4/4 863/4/4 859/4/4
f 863/4/6 1035/4/6 1014/4/6 862/4/6
f 1036/4/4 1037/4/4 867/4/4 866/4/4
f 1015/4/5 1036/4/5 866/4/5 822/4/5
f 1037/4/4 1038/4/4 869/4/4 867/4/4
f 1038/4/4 1039/4/4 871/4/4 869/4/4
f 871/4/6 1039/4/6 1016/4/6 825/4/6
f 1040/4/4 1041/4/4 879/4/4 878/4/4
f 1017/4/5 1040/4/5 878/4/5 877/4/5
f 1041/4/4 1042/4/4 883/4/4 879/4/4
f 1042/4/4 1043/4/4 887/4/4 883/4/4
f 887/4/6 1043/4/6 1018/4/6 886/4/6
f 1044/4/4 1045/4/4 891/4/4 890/4/4
f 1019/4/5 1044/4/5 890/4/5 828/4/5
f 1045/4/4 1046/4/4 893/4/4 891/4/4
f 1046/4/4 1047/4/4 895/4/4 893/4/4
f 895/4/6 1047/4/6 1020/4/6 831/4/6
f 1048/4/4 1049/4/4 903/4/4 902/4/4
f 1021/4/5 1048/4/5 902/4/5 901/4/5
f 1049/4/4 1050/4/4 907/4/4 903/4/4
f 1050/4/4 1051/4/4 911/4/4 907/4/4
f 911/4/6 1051/4/6 1022/4/6 910/4/6
f 1052/4/4 1053/4/4 915/4/4 914/4/4
f 1023/4/5 1052/4/5 914/4/5 834/4/5
f 1053/4/4 1054/4/4 917/4/4 915/4/4
f 1054/4/4 1055/4/4 919/4/4 917/4/4
f 919/4/6 1055/4/6 1024/4/6 837/4/6
f 1056/4/4 1057/4/4 927/4/4 926/4/4
f 1025/4/5 1056/4/5 926/4/5 925/4/5
f 1057/4/4 1058/4/4 931/4/4 927/4/4
f 1058/5/4 1059/5/4 935/5/4 931/5/4
f 935/5/6 1059/5/6 1026/5/6 934/5/6
f 936/11/3 1060/11/3 1061/11/3 937/11/3
f 1061/11/5 1062/11/5 938/11/5 937/11/5
f 939/4/3 1063/4/3 1060/4/3 936/4/3
f 940/4/3 1064/4/3 1063/4/3 939/4/3
f 941/4/3 1065/4/3 1064/4/3 940/4/3
f 942/4/6 1066/4/6 1065/4/6 941/4/6
f 943/4/3 1067/4/3 1068/4/3 944/4/3
f 1068/4/5 1069/4/5 945/4/5 944/4/5
f 946/4/3 1070/4/3 1067/4/3 943/4/3
f 947/4/3 1071/4/3 1070/4/3 946/4/3
f 948/4/6 1072/4/6 1071/4/6 947/4/6
f 949/4/3 1073/4/3 1074/4/3 950/4/3
f 1074/4/5 1075/4/5 951/4/5 950/4/5
f 952/4/3 1076/4/3 1073/4/3 949/4/3
f 953/4/3 1077/4/3 1076/4/3 952/4/3
f 954/4/6 1078/4/6 1077/4/6 953/4/6
f 955/4/3 1079/4/3 1080/4/3 956/4/3
f 1080/4/5 1081/4/5 957/4/5 956/4/5
f 958/4/3 1082/4/3 1079/4/3 955/4/3
f 959/4/3 1083/4/3 1082/4/3 958/4/3
f 960/4/6 1084/4/6 1083/4/6 959/4/6
f 961/4/3 1085/4/3 1086/4/3 962/4/3
f 1086/4/5 1087/4/5 963/4/5 962/4/5
f 964/4/3 1088/4/3 1085/4/3 961/4/3
f 965/4/3 1089/4/3 1088/4/3 964/4/3
f 966/4/6 1090/4/6 1089/4/6 965/4/6
f 967/4/3 1091/4/3 1092/4/3 968/4/3
f 1092/4/5 1093/4/5 969/4/5 968/4/5
f 970/4/3 1094/4/3 1091/4/3 967/4/3
f 971/4/3 1095/4/3 1094/4/3 970/4/3
f 972/4/6 1096/4/6 1095/4/6 971/4/6
f 973/4/3 1097/4/3 1098/4/3 974/4/3
f 1098/4/5 1099/4/5 975/4/5 974/4/5
f 976/4/3 1100/4/3 1097/4/3 973/4/3
f 977/4/3 1101/4/3 1100/4/3 976/4/3
f 978/4/6 1102/4/6 1101/4/6 977/4/6
f 979/4/3 1103/4/3 1104/4/3 980/4/3
f 1104/4/5 1105/4/5 981/4/5 980/4/5
f 982/4/3 1106/4/3 1103/4/3 979/4/3
f 983/5/3 1107/5/3 1106/5/3 982/5/3
f 984/5/6 1108/5/6 1107/5/6 983/5/6
f 1062/11/5 1109/11/5 985/11/5 938/11/5
f 945/4/3 1069/4/3 1066/4/3 942/4/3
f 951/4/3 1075/4/3 1072/4/3 948/4/3
f 957/4/3 1081/4/3 1078/4/3 954/4/3
f 963/4/3 1087/4/3 1084/4/3 960/4/3
f 969/4/3 1093/4/3 1090/4/3 966/4/3
f 975/4/3 1099/4/3 1096/4/3 972/4/3
f 981/4/3 1105/4/3 1102/4/3 978/4/3
f 986/5/6 1110/5/6 1108/5/6 984/5/6
f 1109/11/5 1111/11/5 987/11/5 985/11/5
f 988/5/6 1112/5/6 1110/5/6 986/5/6
f 1111/11/5 1113/11/5 989/11/5 987/11/5
f 990/5/6 1114/5/6 1112/5/6 988/5/6
f 1113/11/5 1115/11/5 991/11/5 989/11/5
f 992/5/6 1116/5/6 1114/5/6 990/5/6
f 1115/11/5 1117/11/5 993/11/5 991/11/5
f 994/5/6 1118/5/6 1116/5/6 992/5/6
f 1117/11/5 1119/11/5 995/11/5 993/11/5
f 996/5/6 1120/5/6 1118/5/6 994/5/6
f 1119/11/5 1121/11/5 997/11/5 995/11/5
f 998/5/6 1122/5/6 1120/5/6 996/5/6
f 1121/11/5 1123/11/5 999/11/5 997/11/5
f 1000/5/6 1124/5/6 1122/5/6 998/5/6
f 1123/11/5 1125/11/5 1001/11/5 999/11/5
f 1002/5/6 1126/5/6 1124/5/6 1000/5/6
f 1125/11/5 1127/11/5 1003/11/5 1001/11/5
f 1004/5/6 1128/5/6 1126/5/6 1002/5/6
f 1127/11/5 1129/11/5 1005/11/5 1003/11/5
f 1006/5/6 1130/5/6 1128/5/6 1004/5/6
f 1129/11/5 1131/11/5 1007/11/5 1005/11/5
f 1008/5/6 1132/5/6 1130/5/6 1006/5/6
f 1131/11/5 1133/11/5 1009/11/5 1007/11/5
f 1010/5/6 1134/5/6 1132/5/6 1008/5/6
f 1133/11/5 1135/11/5 1011/11/5 1009/11/5
f 1136/4/4 1137/4/4 1013/4/4 1012/4/4
f 1138/4/4 1139/4/4 1015/4/4 1014/4/4
f 1140/4/4 1141/4/4 1017/4/4 1016/4/4
f 1142/4/4 1143/4/4 1019/4/4 1018/4/4
f 1144/4/4 1145/4/4 1021/4/4 1020/4/4
f 1146/4/4 1147/4/4 1023/4/4 1022/4/4
f 1148/4/4 1149/4/4 1025/4/4 1024/4/4
f 1026/5/6 1150/5/6 1134/5/6 1010/5/6
f 1151/11/4 1152/11/4 1028/11/4 1027/11/4
f 1135/11/5 1151/11/5 1027/11/5 1011/11/5
f 1152/5/4 1153/5/4 1029/5/4 1028/5/4
f 1153/4/4 1154/4/4 1030/4/4 1029/4/4
f 1154/4/4 1155/4/4 1031/4/4 1030/4/4
f 1031/4/6 1155/4/6 1136/4/6 1012/4/6
f 1156/4/4 1157/4/4 1033/4/4 1032/4/4
f 1137/4/5 1156/4/5 1032/4/5 1013/4/5
f 1157/4/4 1158/4/4 1034/4/4 1033/4/4
f 1158/4/4 1159/4/4 1035/4/4 1034/4/4
f 1035/4/6 1159/4/6 1138/4/6 1014/4/6
f 1160/4/4 1161/4/4 1037/4/4 1036/4/4
f 1139/4/5 1160/4/5 1036/4/5 1015/4/5
f 1161/4/4 1162/4/4 1038/4/4 1037/4/4
f 1162/4/4 1163/4/4 1039/4/4 1038/4/4
f 1039/4/6 1163/4/6 1140/4/6 1016/4/6
f 1164/4/4 1165/4/4 1041/4/4 1040/4/4
f 1141/4/5 1164/4/5 1040/4/5 1017/4/5
f 1165/4/4 1166/4/4 1042/4/4 1041/4/4
f 1166/4/4 1167/4/4 1043/4/4 1042/4/4
f 1043/4/6 1167/4/6 1142/4/6 1018/4/6
f 1168/4/4 1169/4/4 1045/4/4 1044/4/4
f 1143/4/5 1168/4/5 1044/4/5 1019/4/5
f 1169/4/4 1170/4/4 1046/4/4 1045/4/4
f 1170/4/4 1171/4/4 1047/4/4 1046/4/4
f 1047/4/6 1171/4/6 1144/4/6 1020/4/6
f 1172/4/4 1173/4/4 1049/4/4 1048/4/4
f 1145/4/5 1172/4/5 1048/4/5 1021/4/5
f 1173/4/4 1174/4/4 1050/4/4 1049/4/4
f 1174/4/4 1175/4/4 1051/4/4 1050/4/4
f 1051/4/6 1175/4/6 1146/4/6 1022/4/6
f 1176/4/4 1177/4/4 1053/4/4 1052/4/4
f 1147/4/5 1176/4/5 1052/4/5 1023/4/5
f 1177/4/4 1178/4/4 1054/4/4 1053/4/4
f 1178/4/4 1179/4/4 1055/4/4 1054/4/4
f 1055/4/6 1179/4/6 1148/4/6 1024/4/6
f 1180/4/4 1181/4/4 1057/4/4 1056/4/4
f 1149/4/5 1180/4/5 1056/4/5 1025/4/5
f 1181/4/4 1182/4/4 1058/4/4 1057/4/4
f 1182/5/4 1183/5/4 1059/5/4 1058/5/4
f 1059/5/6 1183/5/6 1150/5/6 1026/5/6
f 1060/11/3 1184/11/3 1185/11/3 1061/11/3
f 1185/11/5 1186/11/5 1062/11/5 1061/11/5
f 1187/4/2 1188/4/2 1189/4/2 1184/4/2
f 1063/4/3 1187/4/3 1184/4/3 1060/4/3
f 1190/4/2 1191/4/2 1188/4/2 1187/4/2
f 1064/4/3 1190/4/3 1187/4/3 1063/4/3
f 1192/4/2 1193/4/2 1191/4/2 1190/4/2
f 1065/4/3 1192/4/3 1190/4/3 1064/4/3
f 1066/4/6 1193/4/6 1192/4/6 1065/4/6
f 1067/4/3 1194/4/3 1195/4/3 1068/4/3
f 1195/4/5 1196/4/5 1069/4/5 1068/4/5
f 1070/4/3 1197/4/3 1194/4/3 1067/4/3
f 1071/4/3 1198/4/3 1197/4/3 1070/4/3
f 1072/4/6 1199/4/6 1198/4/6 1071/4/6
f 1200/4/2 1201/4/2 1202/4/2 1203/4/2
f 1073/4/3 1200/4/3 1203/4/3 1074/4/3
f 1203/4/5 1202/4/5 1075/4/5 1074/4/5
f 1204/4/2 1205/4/2 1201/4/2 1200/4/2
f 1076/4/3 1204/4/3 1200/4/3 1073/4/3
f 1206/4/2 1207/4/2 1205/4/2 1204/4/2
f 1077/4/3 1206/4/3 1204/4/3 1076/4/3
f 1078/4/6 1207/4/6 1206/4/6 1077/4/6
f 1079/4/3 1208/4/3 1209/4/3 1080/4/3
f 1209/4/5 1210/4/5 1081/4/5 1080/4/5
f 1082/4/3 1211/4/3 1208/4/3 1079/4/3
f 1083/4/3 1212/4/3 1211/4/3 1082/4/3
f 1084/4/6 1213/4/6 1212/4/6 1083/4/6
f 1214/4/2 1215/4/2 1216/4/2 1217/4/2
f 1085/4/3 1214/4/3 1217/4/3 1086/4/3
f 1217/4/5 1216/4/5 1087/4/5 1086/4/5
f 1218/4/2 1219/4/2 1215/4/2 1214/4/2
f 1088/4/3 1218/4/3 1214/4/3 1085/4/3
f 1220/4/2 1221/4/2 1219/4/2 1218/4/2
f 1089/4/3 1220/4/3 1218/4/3 1088/4/3
f 1090/4/6 1221/4/6 1220/4/6 1089/4/6
f 1091/4/3 1222/4/3 1223/4/3 1092/4/3
f 1223/4/5 1224/4/5 1093/4/5 1092/4/5
f 1094/4/3 1225/4/3 1222/4/3 1091/4/3
f 1095/4/3 1226/4/3 1225/4/3 1094/4/3
f 1096/4/6 1227/4/6 1226/4/6 1095/4/6
f 1228/4/2 1229/4/2 1230/4/2 1231/4/2
f 1097/4/3 1228/4/3 1231/4/3 1098/4/3
f 1231/4/5 1230/4/5 1099/4/5 1098/4/5
f 1232/4/2 1233/4/2 1229/4/2 1228/4/2
f 1100/4/3 1232/4/3 1228/4/3 1097/4/3
f 1234/4/2 1235/4/2 1233/4/2 1232/4/2
f 1101/4/3 1234/4/3 1232/4/3 1100/4/3
f 1102/4/6 1235/4/6 1234/4/6 1101/4/6
f 1103/4/3 1236/4/3 1237/4/3 1104/4/3
f 1237/4/5 1238/4/5 1105/4/5 1104/4/5
f 1106/4/3 1239/4/3 1236/4/3 1103/4/3
f 1107/5/3 1240/5/3 1239/5/3 1106/5/3
f 1108/5/6 1241/5/6 1240/5/6 1107/5/6
f 1186/11/5 1242/11/5 1109/11/5 1062/11/5
f 1069/4/3 1196/4/3 1193/4/3 1066/4/3
f 1075/4/3 1202/4/3 1199/4/3 1072/4/3
f 1081/4/3 1210/4/3 1207/4/3 1078/4/3
f 1087/4/3 1216/4/3 1213/4/3 1084/4/3
f 1093/4/3 1224/4/3 1221/4/3 1090/4/3
f 1099/4/3 1230/4/3 1227/4/3 1096/4/3
f 1105/4/3 1238/4/3 1235/4/3 1102/4/3
f 1110/5/6 1243/5/6 1241/5/6 1108/5/6
f 1242/11/5 1244/11/5 1111/11/5 1109/11/5
f 1112/5/6 1245/5/6 1243/5/6 1110/5/6
f 1244/11/5 1246/11/5 1113/11/5 1111/11/5
f 1114/5/6 1247/5/6 1245/5/6 1112/5/6
f 1246/11/5 1248/11/5 1115/11/5 1113/11/5
f 1116/5/6 1249/5/6 1247/5/6 1114/5/6
f 1248/11/5 1250/11/5 1117/11/5 1115/11/5
f 1118/5/6 1251/5/6 1249/5/6 1116/5/6
f 1250/11/5 1252/11/5 1119/11/5 1117/11/5
f 1120/5/6 1253/5/6 1251/5/6 1118/5/6
f 1252/11/5 1254/11/5 1121/11/5 1119/11/5
f 1122/5/6 1255/5/6 1253/5/6 1120/5/6
f 1254/11/5 1256/11/5 1123/11/5 1121/11/5
f 1124/5/6 1257/5/6 1255/5/6 1122/5/6
f 1256/11/5 1258/11/5 1125/11/5 1123/11/5
f 1126/5/6 1259/5/6 1257/5/6 1124/5/6
f 1258/11/5 1260/11/5 1127/11/5 1125/11/5
f 1128/5/6 1261/5/6 1259/5/6 1126/5/6
f 1260/11/5 1262/11/5 1129/11/5 1127/11/5
f 1130/5/6 1263/5/6 1261/5/6 1128/5/6
f 1262/11/5 1264/11/5 1131/11/5 1129/11/5
f 1132/5/6 1265/5/6 1263/5/6 1130/5/6
f 1264/11/5 1266/11/5 1133/11/5 1131/11/5
f 1134/5/6 1267/5/6 1265/5/6 1132/5/6
f 1266/11/5 1268/11/5 1135/11/5 1133/11/5
f 1269/4/4 1270/4/4 1137/4/4 1136/4/4
f 1271/4/4 1272/4/4 1139/4/4 1138/4/4
f 1273/4/4 1274/4/4 1141/4/4 1140/4/4
f 1275/4/4 1276/4/4 1143/4/4 1142/4/4
f 1277/4/4 1278/4/4 1145/4/4 1144/4/4
f 1279/4/4 1280/4/4 1147/4/4 1146/4/4
f 1281/4/4 1282/4/4 1149/4/4 1148/4/4
f 1150/5/6 1283/5/6 1267/5/6 1134/5/6
f 1284/5/4 1285/5/4 1152/5/4 1151/5/4
f 1268/5/5 1284/5/5 1151/5/5 1135/5/5
f 1286/4/2 1287/4/2 1285/4/2 1288/4/2
f 1285/4/4 1287/4/4 1153/4/4 1152/4/4
f 1289/4/2 1290/4/2 1287/4/2 1286/4/2
f 1287/4/4 1290/4/4 1154/4/4 1153/4/4
f 1269/4/2 1291/4/2 1290/4/2 1289/4/2
f 1290/4/4 1291/4/4 1155/4/4 1154/4/4
f 1155/4/6 1291/4/6 1269/4/6 1136/4/6
f 1292/4/4 1293/4/4 1157/4/4 1156/4/4
f 1270/4/5 1292/4/5 1156/4/5 1137/4/5
f 1293/4/4 1294/4/4 1158/4/4 1157/4/4
f 1294/4/4 1295/4/4 1159/4/4 1158/4/4
f 1159/4/6 1295/4/6 1271/4/6 1138/4/6
f 1296/4/2 1297/4/2 1298/4/2 1272/4/2
f 1298/4/4 1297/4/4 1161/4/4 1160/4/4
f 1272/4/5 1298/4/5 1160/4/5 1139/4/5
f 1299/4/2 1300/4/2 1297/4/2 1296/4/2
f 1297/4/4 1300/4/4 1162/4/4 1161/4/4
f 1273/4/2 1301/4/2 1300/4/2 1299/4/2
f 1300/4/4 1301/4/4 1163/4/4 1162/4/4
f 1163/4/6 1301/4/6 1273/4/6 1140/4/6
f 1302/4/4 1303/4/4 1165/4/4 1164/4/4
f 1274/4/5 1302/4/5 1164/4/5 1141/4/5
f 1303/4/4 1304/4/4 1166/4/4 1165/4/4
f 1304/4/4 1305/4/4 1167/4/4 1166/4/4
f 1167/4/6 1305/4/6 1275/4/6 1142/4/6
f 1306/4/2 1307/4/2 1308/4/2 1276/4/2
f 1308/4/4 1307/4/4 1169/4/4 1168/4/4
f 1276/4/5 1308/4/5 1168/4/5 1143/4/5
f 1309/4/2 1310/4/2 1307/4/2 1306/4/2
f 1307/4/4 1310/4/4 1170/4/4 1169/4/4
f 1277/4/2 1311/4/2 1310/4/2 1309/4/2
f 1310/4/4 1311/4/4 1171/4/4 1170/4/4
f 1171/4/6 1311/4/6 1277/4/6 1144/4/6
f 1312/4/4 1313/4/4 1173/4/4 1172/4/4
f 1278/4/5 1312/4/5 1172/4/5 1145/4/5
f 1313/4/4 1314/4/4 1174/4/4 1173/4/4
f 1314/4/4 1315/4/4 1175/4/4 1174/4/4
f 1175/4/6 1315/4/6 1279/4/6 1146/4/6
f 1316/4/2 1317/4/2 1318/4/2 1280/4/2
f 1318/4/4 1317/4/4 1177/4/4 1176/4/4
f 1280/4/5 1318/4/5 1176/4/5 1147/4/5
f 1319/4/2 1320/4/2 1317/4/2 1316/4/2
f 1317/4/4 1320/4/4 1178/4/4 1177/4/4
f 1281/4/2 1321/4/2 1320/4/2 1319/4/2
f 1320/4/4 1321/4/4 1179/4/4 1178/4/4
f 1179/4/6 1321/4/6 1281/4/6 1148/4/6
f 1322/4/4 1323/4/4 1181/4/4 1180/4/4
f 1282/4/5 1322/4/5 1180/4/5 1149/4/5
f 1323/4/4 1324/4/4 1182/4/4 1181/4/4
f 1324/5/4 1325/5/4 1183/5/4 1182/5/4
f 1183/5/6 1325/5/6 1283/5/6 1150/5/6
f 1184/11/3 1326/11/3 1327/11/3 1185/11/3
f 1327/11/5 1328/11/5 1186/11/5 1185/11/5
f 1189/11/6 1329/11/6 1326/11/6 1184/11/6
f 1194/4/3 1330/4/3 1331/4/3 1195/4/3
f 1331/4/5 1332/4/5 1196/4/5 1195/4/5
f 1197/4/3 1333/4/3 1330/4/3 1194/4/3
f 1198/4/3 1334/4/3 1333/4/3 1197/4/3
f 1199/4/6 1335/4/6 1334/4/6 1198/4/6
f 1208/4/3 1336/4/3 1337/4/3 1209/4/3
f 1337/4/5 1338/4/5 1210/4/5 1209/4/5
f 1211/4/3 1339/4/3 1336/4/3 1208/4/3
f 1212/4/3 1340/4/3 1339/4/3 1211/4/3
f 1213/4/6 1341/4/6 1340/4/6 1212/4/6
f 1222/4/3 1342/4/3 1343/4/3 1223/4/3
f 1343/4/5 1344/4/5 1224/4/5 1223/4/5
f 1225/4/3 1345/4/3 1342/4/3 1222/4/3
f 1226/4/3 1346/4/3 1345/4/3 1225/4/3
f 1227/4/6 1347/4/6 1346/4/6 1226/4/6
f 1236/4/3 1348/4/3 1349/4/3 1237/4/3
f 1349/4/5 1350/4/5 1238/4/5 1237/4/5
f 1239/4/3 1351/4/3 1348/4/3 1236/4/3
f 1240/5/3 1352/5/3 1351/5/3 1239/5/3
f 1241/5/6 1353/5/6 1352/5/6 1240/5/6
f 1328/11/5 1354/11/5 1242/11/5 1186/11/5
f 1188/4/3 1355/4/3 1329/4/3 1189/4/3
f 1191/4/3 1356/4/3 1355/4/3 1188/4/3
f 1193/4/3 1357/4/3 1356/4/3 1191/4/3
f 1196/4/3 1332/4/3 1357/4/3 1193/4/3
f 1202/4/3 1358/4/3 1335/4/3 1199/4/3
f 1201/4/3 1359/4/3 1358/4/3 1202/4/3
f 1205/4/3 1360/4/3 1359/4/3 1201/4/3
f 1207/4/3 1361/4/3 1360/4/3 1205/4/3
f 1210/4/3 1338/4/3 1361/4/3 1207/4/3
f 1216/4/3 1362/4/3 1341/4/3 1213/4/3
f 1215/4/3 1363/4/3 1362/4/3 1216/4/3
f 1219/4/3 1364/4/3 1363/4/3 1215/4/3
f 1221/5/3 1365/5/3 1364/5/3 1219/5/3
f 1224/4/3 1344/4/3 1365/4/3 1221/4/3
f 1230/4/3 1366/4/3 1347/4/3 1227/4/3
f 1229/4/3 1367/4/3 1366/4/3 1230/4/3
f 1233/4/3 1368/4/3 1367/4/3 1229/4/3
f 1235/4/3 1369/4/3 1368/4/3 1233/4/3
f 1238/4/3 1350/4/3 1369/4/3 1235/4/3
f 1243/5/6 1370/5/6 1353/5/6 1241/5/6
f 1354/11/5 1371/11/5 1244/11/5 1242/11/5
f 1245/5/6 1372/5/6 1370/5/6 1243/5/6
f 1371/11/5 1373/11/5 1246/11/5 1244/11/5
f 1247/5/6 1374/5/6 1372/5/6 1245/5/6
f 1373/11/5 1375/11/5 1248/11/5 1246/11/5
f 1249/5/6 1376/5/6 1374/5/6 1247/5/6
f 1375/11/5 1377/11/5 1250/11/5 1248/11/5
f 1251/5/6 1378/5/6 1376/5/6 1249/5/6
f 1377/11/5 1379/11/5 1252/11/5 1250/11/5
f 1253/5/6 1380/5/6 1378/5/6 1251/5/6
f 1379/11/5 1381/11/5 1254/11/5 1252/11/5
f 1255/5/6 1382/5/6 1380/5/6 1253/5/6
f 1381/11/5 1383/11/5 1256/11/5 1254/11/5
f 1257/5/6 1384/5/6 1382/5/6 1255/5/6
f 1383/11/5 1385/11/5 1258/11/5 1256/11/5
f 1259/5/6 1386/5/6 1384/5/6 1257/5/6
f 1385/11/5 1387/11/5 1260/11/5 1258/11/5
f 1261/5/6 1388/5/6 1386/5/6 1259/5/6
f 1387/11/5 1389/11/5 1262/11/5 1260/11/5
f 1263/5/6 1390/5/6 1388/5/6 1261/5/6
f 1389/11/5 1391/11/5 1264/11/5 1262/11/5
f 1265/5/6 1392/5/6 1390/5/6 1263/5/6
f 1391/11/5 1393/11/5 1266/11/5 1264/11/5
f 1267/5/6 1394/5/6 1392/5/6 1265/5/6
f 1393/11/5 1395/11/5 1268/11/5 1266/11/5
f 1396/4/4 1397/4/4 1286/4/4 1288/4/4
f 1397/4/4 1398/4/4 1289/4/4 1286/4/4
f 1398/4/4 1399/4/4 1269/4/4 1289/4/4
f 1399/4/4 1400/4/4 1270/4/4 1269/4/4
f 1401/4/4 1402/4/4 1272/4/4 1271/4/4
f 1402/4/4 1403/4/4 1296/4/4 1272/4/4
f 1403/4/4 1404/4/4 1299/4/4 1296/4/4
f 1404/4/4 1405/4/4 1273/4/4 1299/4/4
f 1405/4/4 1406/4/4 1274/4/4 1273/4/4
f 1407/4/4 1408/4/4 1276/4/4 1275/4/4
f 1408/4/4 1409/4/4 1306/4/4 1276/4/4
f 1409/4/4 1410/4/4 1309/4/4 1306/4/4
f 1410/4/4 1411/4/4 1277/4/4 1309/4/4
f 1411/4/4 1412/4/4 1278/4/4 1277/4/4
f 1413/4/4 1414/4/4 1280/4/4 1279/4/4
f 1414/4/4 1415/4/4 1316/4/4 1280/4/4
f 1415/4/4 1416/4/4 1319/4/4 1316/4/4
f 1416/4/4 1417/4/4 1281/4/4 1319/4/4
f 1417/4/4 1418/4/4 1282/4/4 1281/4/4
f 1283/5/6 1419/5/6 1394/5/6 1267/5/6
f 1420/11/4 1421/11/4 1285/11/4 1284/11/4
f 1395/11/5 1420/11/5 1284/11/5 1268/11/5
f 1285/11/6 1421/11/6 1396/11/6 1288/11/6
f 1422/4/4 1423/4/4 1293/4/4 1292/4/4
f 1400/4/5 1422/4/5 1292/4/5 1270/4/5
f 1423/4/4 1424/4/4 1294/4/4 1293/4/4
f 1424/4/4 1425/4/4 1295/4/4 1294/4/4
f 1295/4/6 1425/4/6 1401/4/6 1271/4/6
f 1426/5/4 1427/5/4 1303/5/4 1302/5/4
f 1406/5/5 1426/5/5 1302/5/5 1274/5/5
f 1427/4/4 1428/4/4 1304/4/4 1303/4/4
f 1428/4/4 1429/4/4 1305/4/4 1304/4/4
f 1305/4/6 1429/4/6 1407/4/6 1275/4/6
f 1430/4/4 1431/4/4 1313/4/4 1312/4/4
f 1412/4/5 1430/4/5 1312/4/5 1278/4/5
f 1431/4/4 1432/4/4 1314/4/4 1313/4/4
f 1432/4/4 1433/4/4 1315/4/4 1314/4/4
f 1315/4/6 1433/4/6 1413/4/6 1279/4/6
f 1434/4/4 1435/4/4 1323/4/4 1322/4/4
f 1418/4/5 1434/4/5 1322/4/5 1282/4/5
f 1435/4/4 1436/4/4 1324/4/4 1323/4/4
f 1436/5/4 1437/5/4 1325/5/4 1324/5/4
f 1325/5/6 1437/5/6 1419/5/6 1283/5/6
f 1326/11/3 1438/11/3 1439/11/3 1327/11/3
f 1439/11/5 1440/11/5 1328/11/5 1327/11/5
f 1329/4/1 1355/4/1 1441/4/1 1326/4/1
f 1441/4/3 1442/4/3 1438/4/3 1326/4/3
f 1355/4/1 1356/4/1 1443/4/1 1441/4/1
f 1443/4/3 1444/4/3 1442/4/3 1441/4/3
f 1356/4/1 1357/4/1 1445/4/1 1443/4/1
f 1445/4/3 1446/4/3 1444/4/3 1443/4/3
f 1357/4/6 1447/4/6 1446/4/6 1445/4/6
f 1448/4/2 1449/4/2 1450/4/2 1451/4/2
f 1330/4/3 1448/4/3 1451/4/3 1331/4/3
f 1451/4/5 1450/4/5 1332/4/5 1331/4/5
f 1452/4/2 1453/4/2 1449/4/2 1448/4/2
f 1333/4/3 1452/4/3 1448/4/3 1330/4/3
f 1454/4/2 1455/4/2 1453/4/2 1452/4/2
f 1334/4/3 1454/4/3 1452/4/3 1333/4/3
f 1335/4/6 1455/4/6 1454/4/6 1334/4/6
f 1358/4/1 1359/4/1 1456/4/1 1457/4/1
f 1456/4/3 1458/4/3 1459/4/3 1457/4/3
f 1459/4/5 1460/4/5 1358/4/5 1457/4/5
f 1359/4/1 1360/4/1 1461/4/1 1456/4/1
f 1461/4/3 1462/4/3 1458/4/3 1456/4/3
f 1360/4/1 1361/4/1 1463/4/1 1461/4/1
f 1463/4/3 1464/4/3 1462/4/3 1461/4/3
f 1361/4/6 1465/4/6 1464/4/6 1463/4/6
f 1466/4/2 1467/4/2 1468/4/2 1469/4/2
f 1336/4/3 1466/4/3 1469/4/3 1337/4/3
f 1469/4/5 1468/4/5 1338/4/5 1337/4/5
f 1470/4/2 1471/4/2 1467/4/2 1466/4/2
f 1339/4/3 1470/4/3 1466/4/3 1336/4/3
f 1472/4/2 1473/4/2 1471/4/2 1470/4/2
f 1340/4/3 1472/4/3 1470/4/3 1339/4/3
f 1341/4/6 1473/4/6 1472/4/6 1340/4/6
f 1362/4/1 1363/4/1 1474/4/1 1475/4/1
f 1474/4/3 1476/4/3 1477/4/3 1475/4/3
f 1477/4/5 1478/4/5 1362/4/5 1475/4/5
f 1363/4/1 1364/4/1 1479/4/1 1474/4/1
f 1479/4/3 1480/4/3 1476/4/3 1474/4/3
f 1364/4/1 1365/4/1 1481/4/1 1479/4/1
f 1481/4/3 1482/4/3 1480/4/3 1479/4/3
f 1365/4/6 1483/4/6 1482/4/6 1481/4/6
f 1484/4/2 1485/4/2 1486/4/2 1487/4/2
f 1342/4/3 1484/4/3 1487/4/3 1343/4/3
f 1487/4/5 1486/4/5 1344/4/5 1343/4/5
f 1488/4/2 1489/4/2 1485/4/2 1484/4/2
f 1345/4/3 1488/4/3 1484/4/3 1342/4/3
f 1490/4/2 1491/4/2 1489/4/2 1488/4/2
f 1346/4/3 1490/4/3 1488/4/3 1345/4/3
f 1347/4/6 1491/4/6 1490/4/6 1346/4/6
f 1366/4/1 1367/4/1 1492/4/1 1493/4/1
f 1492/4/3 1494/4/3 1495/4/3 1493/4/3
f 1495/4/5 1496/4/5 1366/4/5 1493/4/5
f 1367/4/1 1368/4/1 1497/4/1 1492/4/1
f 1497/4/3 1498/4/3 1494/4/3 1492/4/3
f 1368/4/1 1369/4/1 1499/4/1 1497/4/1
f 1499/4/3 1500/4/3 1498/4/3 1497/4/3
f 1369/4/6 1501/4/6 1500/4/6 1499/4/6
f 1502/4/2 1503/4/2 1504/4/2 1505/4/2
f 1348/4/3 1502/4/3 1505/4/3 1349/4/3
f 1505/4/5 1504/4/5 1350/4/5 1349/4/5
f 1506/4/2 1507/4/2 1503/4/2 1502/4/2
f 1351/4/3 1506/4/3 1502/4/3 1348/4/3
f 1508/5/2 1509/5/2 1507/5/2 1506/5/2
f 1352/5/3 1508/5/3 1506/5/3 1351/5/3
f 1353/5/6 1509/5/6 1508/5/6 1352/5/6
f 1440/11/5 1510/11/5 1354/11/5 1328/11/5
f 1332/4/3 1450/4/3 1447/4/3 1357/4/3
f 1358/4/3 1460/4/3 1455/4/3 1335/4/3
f 1338/4/3 1468/4/3 1465/4/3 1361/4/3
f 1362/4/3 1478/4/3 1473/4/3 1341/4/3
f 1344/4/3 1486/4/3 1483/4/3 1365/4/3
f 1366/4/3 1496/4/3 1491/4/3 1347/4/3
f 1350/4/3 1504/4/3 1501/4/3 1369/4/3
f 1370/5/6 1511/5/6 1509/5/6 1353/5/6
f 1510/11/5 1512/11/5 1371/11/5 1354/11/5
f 1372/5/6 1513/5/6 1511/5/6 1370/5/6
f 1512/11/5 1514/11/5 1373/11/5 1371/11/5
f 1374/5/6 1515/5/6 1513/5/6 1372/5/6
f 1514/11/5 1516/11/5 1375/11/5 1373/11/5
f 1376/5/6 1517/5/6 1515/5/6 1374/5/6
f 1516/11/5 1518/11/5 1377/11/5 1375/11/5
f 1378/5/6 1519/5/6 1517/5/6 1376/5/6
f 1518/11/5 1520/11/5 1379/11/5 1377/11/5
f 1380/5/6 1521/5/6 1519/5/6 1378/5/6
f 1520/11/5 1522/11/5 1381/11/5 1379/11/5
f 1382/11/6 1523/11/6 1521/11/6 1380/11/6
f 1522/11/5 1524/11/5 1383/11/5 1381/11/5
f 1384/5/6 1525/5/6 1523/5/6 1382/5/6
f 1524/11/5 1526/11/5 1385/11/5 1383/11/5
f 1386/5/6 1527/5/6 1525/5/6 1384/5/6
f 1526/11/5 1528/11/5 1387/11/5 1385/11/5
f 1388/5/6 1529/5/6 1527/5/6 1386/5/6
f 1528/11/5 1530/11/5 1389/11/5 1387/11/5
f 1390/5/6 1531/5/6 1529/5/6 1388/5/6
f 1530/11/5 1532/11/5 1391/11/5 1389/11/5
f 1392/5/6 1533/5/6 1531/5/6 1390/5/6
f 1532/11/5 1534/11/5 1393/11/5 1391/11/5
f 1394/5/6 1535/5/6 1533/5/6 1392/5/6
f 1534/11/5 1536/11/5 1395/11/5 1393/11/5
f 1537/4/4 1538/4/4 1400/4/4 1399/4/4
f 1539/4/4 1540/4/4 1402/4/4 1401/4/4
f 1541/4/4 1542/4/4 1406/4/4 1405/4/4
f 1543/4/4 1544/4/4 1408/4/4 1407/4/4
f 1545/4/4 1546/4/4 1412/4/4 1411/4/4
f 1547/4/4 1548/4/4 1414/4/4 1413/4/4
f 1549/4/4 1550/4/4 1418/4/4 1417/4/4
f 1419/5/6 1551/5/6 1535/5/6 1394/5/6
f 1552/11/4 1553/11/4 1421/11/4 1420/11/4
f 1536/11/5 1552/11/5 1420/11/5 1395/11/5
f 1421/4/1 1554/4/1 1397/4/1 1396/4/1
f 1553/4/4 1555/4/4 1554/4/4 1421/4/4
f 1554/4/1 1556/4/1 1398/4/1 1397/4/1
f 1555/4/4 1557/4/4 1556/4/4 1554/4/4
f 1556/4/1 1558/4/1 1399/4/1 1398/4/1
f 1557/4/4 1559/4/4 1558/4/4 1556/4/4
f 1558/4/6 1559/4/6 1537/4/6 1399/4/6
f 1560/4/2 1561/4/2 1562/4/2 1538/4/2
f 1562/4/4 1561/4/4 1423/4/4 1422/4/4
f 1538/4/5 1562/4/5 1422/4/5 1400/4/5
f 1563/4/2 1564/4/2 1561/4/2 1560/4/2
f 1561/4/4 1564/4/4 1424/4/4 1423/4/4
f 1539/4/2 1565/4/2 1564/4/2 1563/4/2
f 1564/4/4 1565/4/4 1425/4/4 1424/4/4
f 1425/4/6 1565/4/6 1539/4/6 1401/4/6
f 1566/4/1 1567/4/1 1403/4/1 1402/4/1
f 1568/4/4 1569/4/4 1567/4/4 1566/4/4
f 1540/4/5 1568/4/5 1566/4/5 1402/4/5
f 1567/4/1 1570/4/1 1404/4/1 1403/4/1
f 1569/4/4 1571/4/4 1570/4/4 1567/4/4
f 1570/4/1 1572/4/1 1405/4/1 1404/4/1
f 1571/4/4 1573/4/4 1572/4/4 1570/4/4
f 1572/4/6 1573/4/6 1541/4/6 1405/4/6
f 1574/4/2 1575/4/2 1576/4/2 1542/4/2
f 1576/4/4 1575/4/4 1427/4/4 1426/4/4
f 1542/4/5 1576/4/5 1426/4/5 1406/4/5
f 1577/4/2 1578/4/2 1575/4/2 1574/4/2
f 1575/4/4 1578/4/4 1428/4/4 1427/4/4
f 1543/4/2 1579/4/2 1578/4/2 1577/4/2
f 1578/4/4 1579/4/4 1429/4/4 1428/4/4
f 1429/4/6 1579/4/6 1543/4/6 1407/4/6
f 1580/4/1 1581/4/1 1409/4/1 1408/4/1
f 1582/4/4 1583/4/4 1581/4/4 1580/4/4
f 1544/4/5 1582/4/5 1580/4/5 1408/4/5
f 1581/4/1 1584/4/1 1410/4/1 1409/4/1
f 1583/4/4 1585/4/4 1584/4/4 1581/4/4
f 1584/4/1 1586/4/1 1411/4/1 1410/4/1
f 1585/4/4 1587/4/4 1586/4/4 1584/4/4
f 1586/4/6 1587/4/6 1545/4/6 1411/4/6
f 1588/4/2 1589/4/2 1590/4/2 1546/4/2
f 1590/4/4 1589/4/4 1431/4/4 1430/4/4
f 1546/4/5 1590/4/5 1430/4/5 1412/4/5
f 1591/4/2 1592/4/2 1589/4/2 1588/4/2
f 1589/4/4 1592/4/4 1432/4/4 1431/4/4
f 1547/4/2 1593/4/2 1592/4/2 1591/4/2
f 1592/4/4 1593/4/4 1433/4/4 1432/4/4
f 1433/4/6 1593/4/6 1547/4/6 1413/4/6
f 1594/4/1 1595/4/1 1415/4/1 1414/4/1
f 1596/4/4 1597/4/4 1595/4/4 1594/4/4
f 1548/4/5 1596/4/5 1594/4/5 1414/4/5
f 1595/4/1 1598/4/1 1416/4/1 1415/4/1
f 1597/4/4 1599/4/4 1598/4/4 1595/4/4
f 1598/4/1 1600/4/1 1417/4/1 1416/4/1
f 1599/4/4 1601/4/4 1600/4/4 1598/4/4
f 1600/4/6 1601/4/6 1549/4/6 1417/4/6
f 1602/4/2 1603/4/2 1604/4/2 1550/4/2
f 1604/4/4 1603/4/4 1435/4/4 1434/4/4
f 1550/4/5 1604/4/5 1434/4/5 1418/4/5
f 1605/4/2 1606/4/2 1603/4/2 1602/4/2
f 1603/4/4 1606/4/4 1436/4/4 1435/4/4
f 1551/5/2 1607/5/2 1606/5/2 1605/5/2
f 1606/5/4 1607/5/4 1437/5/4 1436/5/4
f 1437/5/6 1607/5/6 1551/5/6 1419/5/6
f 1438/11/3 1608/11/3 1609/11/3 1439/11/3
f 1609/11/5 1610/11/5 1440/11/5 1439/11/5
f 1442/4/3 1611/4/3 1608/4/3 1438/4/3
f 1444/4/3 1612/4/3 1611/4/3 1442/4/3
f 1446/4/3 1613/4/3 1612/4/3 1444/4/3
f 1447/4/6 1614/4/6 1613/4/6 1446/4/6
f 1458/4/3 1615/4/3 1616/4/3 1459/4/3
f 1616/4/5 1617/4/5 1460/4/5 1459/4/5
f 1462/4/3 1618/4/3 1615/4/3 1458/4/3
f 1464/4/3 1619/4/3 1618/4/3 1462/4/3
f 1465/4/6 1620/4/6 1619/4/6 1464/4/6
f 1621/4/2 1622/4/2 1623/4/2 1624/4/2
f 1476/4/3 1621/4/3 1624/4/3 1477/4/3
f 1624/4/5 1623/4/5 1478/4/5 1477/4/5
f 1625/4/2 1626/4/2 1622/4/2 1621/4/2
f 1480/4/3 1625/4/3 1621/4/3 1476/4/3
f 1627/4/2 1628/4/2 1626/4/2 1625/4/2
f 1482/4/3 1627/4/3 1625/4/3 1480/4/3
f 1483/4/6 1628/4/6 1627/4/6 1482/4/6
f 1494/4/3 1629/4/3 1630/4/3 1495/4/3
f 1630/4/5 1631/4/5 1496/4/5 1495/4/5
f 1498/4/3 1632/4/3 1629/4/3 1494/4/3
f 1500/4/3 1633/4/3 1632/4/3 1498/4/3
f 1501/4/6 1634/4/6 1633/4/6 1500/4/6
f 1610/11/5 1635/11/5 1510/11/5 1440/11/5
f 1450/4/3 1636/4/3 1614/4/3 1447/4/3
f 1449/4/3 1637/4/3 1636/4/3 1450/4/3
f 1453/4/3 1638/4/3 1637/4/3 1449/4/3
f 1455/4/3 1639/4/3 1638/4/3 1453/4/3
f 1460/4/3 1617/4/3 1639/4/3 1455/4/3
f 1468/4/3 1640/4/3 1620/4/3 1465/4/3
f 1467/4/3 1641/4/3 1640/4/3 1468/4/3
f 1471/4/3 1642/4/3 1641/4/3 1467/4/3
f 1643/4/2 1644/4/2 1645/4/2 1642/4/2
f 1473/4/3 1643/4/3 1642/4/3 1471/4/3
f 1623/4/2 1646/4/2 1644/4/2 1643/4/2
f 1478/4/3 1623/4/3 1643/4/3 1473/4/3
f 1622/4/2 1647/4/2 1646/4/2 1623/4/2
f 1626/4/2 1648/4/2 1647/4/2 1622/4/2
f 1628/4/2 1649/4/2 1648/4/2 1626/4/2
f 1486/4/3 1650/4/3 1628/4/3 1483/4/3
f 1485/4/3 1651/4/3 1650/4/3 1486/4/3
f 1489/4/3 1652/4/3 1651/4/3 1485/4/3
f 1491/4/3 1653/4/3 1652/4/3 1489/4/3
f 1496/4/3 1631/4/3 1653/4/3 1491/4/3
f 1504/4/3 1654/4/3 1634/4/3 1501/4/3
f 1503/4/3 1655/4/3 1654/4/3 1504/4/3
f 1507/4/3 1656/4/3 1655/4/3 1503/4/3
f 1509/5/3 1657/5/3 1656/5/3 1507/5/3
f 1511/5/6 1658/5/6 1657/5/6 1509/5/6
f 1635/11/5 1659/11/5 1512/11/5 1510/11/5
f 1644/4/2 1660/4/2 1661/4/2 1645/4/2
f 1646/4/2 1662/4/2 1660/4/2 1644/4/2
f 1647/4/2 1663/4/2 1662/4/2 1646/4/2
f 1648/4/2 1664/4/2 1663/4/2 1647/4/2
f 1649/4/2 1665/4/2 1664/4/2 1648/4/2
f 1513/5/6 1666/5/6 1658/5/6 1511/5/6
f 1659/11/5 1667/11/5 1514/11/5 1512/11/5
f 1515/5/6 1668/5/6 1666/5/6 1513/5/6
f 1667/11/5 1669/11/5 1516/11/5 1514/11/5
f 1517/5/6 1670/5/6 1668/5/6 1515/5/6
f 1669/11/5 1671/11/5 1518/11/5 1516/11/5
f 1519/5/6 1672/5/6 1670/5/6 1517/5/6
f 1671/11/5 1673/11/5 1520/11/5 1518/11/5
f 1521/5/6 1674/5/6 1672/5/6 1519/5/6
f 1673/11/5 1675/11/5 1522/11/5 1520/11/5
f 1523/5/6 1676/5/6 1674/5/6 1521/5/6
f 1675/11/5 1677/11/5 1524/11/5 1522/11/5
f 1525/5/6 1678/5/6 1676/5/6 1523/5/6
f 1677/11/5 1679/11/5 1526/11/5 1524/11/5
f 1527/5/6 1680/5/6 1678/5/6 1525/5/6
f 1679/11/5 1681/11/5 1528/11/5 1526/11/5
f 1529/5/6 1682/5/6 1680/5/6 1527/5/6
f 1681/11/5 1683/11/5 1530/11/5 1528/11/5
f 1531/5/6 1684/5/6 1682/5/6 1529/5/6
f 1683/11/5 1685/11/5 1532/11/5 1530/11/5
f 1533/5/6 1686/5/6 1684/5/6 1531/5/6
f 1685/11/5 1687/11/5 1534/11/5 1532/11/5
f 1535/5/6 1688/5/6 1686/5/6 1533/5/6
f 1687/11/5 1689/11/5 1536/11/5 1534/11/5
f 1690/4/4 1691/4/4 1538/4/4 1537/4/4
f 1691/4/4 1692/4/4 1560/4/4 1538/4/4
f 1692/4/4 1693/4/4 1563/4/4 1560/4/4
f 1693/4/4 1694/4/4 1539/4/4 1563/4/4
f 1694/4/4 1695/4/4 1540/4/4 1539/4/4
f 1696/4/4 1697/4/4 1542/4/4 1541/4/4
f 1697/4/4 1698/4/4 1574/4/4 1542/4/4
f 1698/4/4 1699/4/4 1577/4/4 1574/4/4
f 1699/4/4 1700/4/4 1543/4/4 1577/4/4
f 1700/4/4 1701/4/4 1544/4/4 1543/4/4
f 1702/4/4 1703/4/4 1546/4/4 1545/4/4
f 1703/4/4 1704/4/4 1588/4/4 1546/4/4
f 1704/4/4 1705/4/4 1591/4/4 1588/4/4
f 1705/4/4 1706/4/4 1547/4/4 1591/4/4
f 1706/4/4 1707/4/4 1548/4/4 1547/4/4
f 1708/4/4 1709/4/4 1550/4/4 1549/4/4
f 1709/4/4 1710/4/4 1602/4/4 1550/4/4
f 1710/4/4 1711/4/4 1605/4/4 1602/4/4
f 1711/5/4 1712/5/4 1551/5/4 1605/5/4
f 1551/5/6 1712/5/6 1688/5/6 1535/5/6
f 1713/11/4 1714/11/4 1553/11/4 1552/11/4
f 1689/11/5 1713/11/5 1552/11/5 1536/11/5
f 1714/4/4 1715/4/4 1555/4/4 1553/4/4
f 1715/4/4 1716/4/4 1557/4/4 1555/4/4
f 1716/4/4 1717/4/4 1559/4/4 1557/4/4
f 1559/4/6 1717/4/6 1690/4/6 1537/4/6
f 1718/4/4 1719/4/4 1569/4/4 1568/4/4
f 1695/4/5 1718/4/5 1568/4/5 1540/4/5
f 1719/4/4 1720/4/4 1571/4/4 1569/4/4
f 1720/4/4 1721/4/4 1573/4/4 1571/4/4
f 1573/4/6 1721/4/6 1696/4/6 1541/4/6
f 1722/4/4 1723/4/4 1583/4/4 1582/4/4
f 1701/4/5 1722/4/5 1582/4/5 1544/4/5
f 1723/4/4 1724/4/4 1585/4/4 1583/4/4
f 1724/4/4 1725/4/4 1587/4/4 1585/4/4
f 1587/4/6 1725/4/6 1702/4/6 1545/4/6
f 1726/4/4 1727/4/4 1597/4/4 1596/4/4
f 1707/4/5 1726/4/5 1596/4/5 1548/4/5
f 1727/4/4 1728/4/4 1599/4/4 1597/4/4
f 1728/4/4 1729/4/4 1601/4/4 1599/4/4
f 1601/4/6 1729/4/6 1708/4/6 1549/4/6
f 1608/11/3 1730/11/3 1731/11/3 1609/11/3
f 1731/11/5 1732/11/5 1610/11/5 1609/11/5
f 1611/4/3 1733/4/3 1730/4/3 1608/4/3
f 1612/4/3 1734/4/3 1733/4/3 1611/4/3
f 1613/4/3 1735/4/3 1734/4/3 1612/4/3
f 1614/4/6 1736/4/6 1735/4/6 1613/4/6
f 1636/4/1 1637/4/1 1737/4/1 1738/4/1
f 1737/4/3 1739/4/3 1740/4/3 1738/4/3
f 1740/4/5 1741/4/5 1636/4/5 1738/4/5
f 1637/4/1 1638/4/1 1742/4/1 1737/4/1
f 1742/4/3 1743/4/3 1739/4/3 1737/4/3
f 1638/4/1 1639/4/1 1744/4/1 1742/4/1
f 1745/4/2 1746/4/2 1747/4/2 1743/4/2
f 1744/4/3 1745/4/3 1743/4/3 1742/4/3
f 1639/4/6 1746/4/6 1745/4/6 1744/4/6
f 1748/4/2 1749/4/2 1750/4/2 1751/4/2
f 1615/4/3 1748/4/3 1751/4/3 1616/4/3
f 1751/4/5 1750/4/5 1617/4/5 1616/4/5
f 1618/4/3 1752/4/3 1748/4/3 1615/4/3
f 1619/4/3 1753/4/3 1752/4/3 1618/4/3
f 1620/4/6 1754/4/6 1753/4/6 1619/4/6
f 1640/4/1 1641/4/1 1755/4/1 1756/4/1
f 1755/4/3 1757/4/3 1758/4/3 1756/4/3
f 1758/4/5 1759/4/5 1640/4/5 1756/4/5
f 1641/4/1 1642/4/1 1760/4/1 1755/4/1
f 1760/4/3 1761/4/3 1757/4/3 1755/4/3
f 1642/4/6 1762/4/6 1761/4/6 1760/4/6
f 1650/4/1 1651/4/1 1763/4/1 1764/4/1
f 1765/4/2 1766/4/2 1767/4/2 1768/4/2
f 1763/4/3 1765/4/3 1768/4/3 1764/4/3
f 1768/4/5 1767/4/5 1650/4/5 1764/4/5
f 1651/4/1 1652/4/1 1769/4/1 1763/4/1
f 1770/4/2 1771/4/2 1766/4/2 1765/4/2
f 1769/4/3 1770/4/3 1765/4/3 1763/4/3
f 1652/4/1 1653/4/1 1772/4/1 1769/4/1
f 1773/4/2 1774/4/2 1771/4/2 1770/4/2
f 1772/4/3 1773/4/3 1770/4/3 1769/4/3
f 1653/4/6 1774/4/6 1773/4/6 1772/4/6
f 1629/4/3 1775/4/3 1776/4/3 1630/4/3
f 1776/4/5 1777/4/5 1631/4/5 1630/4/5
f 1632/4/3 1778/4/3 1775/4/3 1629/4/3
f 1633/4/3 1779/4/3 1778/4/3 1632/4/3
f 1634/4/6 1780/4/6 1779/4/6 1633/4/6
f 1654/4/1 1655/4/1 1781/4/1 1782/4/1
f 1781/4/3 1783/4/3 1784/4/3 1782/4/3
f 1784/4/5 1785/4/5 1654/4/5 1782/4/5
f 1655/4/1 1656/4/1 1786/4/1 1781/4/1
f 1786/4/3 1787/4/3 1783/4/3 1781/4/3
f 1656/5/1 1657/5/1 1788/5/1 1786/5/1
f 1788/5/3 1789/5/3 1787/5/3 1786/5/3
f 1657/5/6 1790/5/6 1789/5/6 1788/5/6
f 1732/11/5 1791/11/5 1635/11/5 1610/11/5
f 1636/4/3 1741/4/3 1736/4/3 1614/4/3
f 1746/4/2 1792/4/2 1793/4/2 1747/4/2
f 1750/4/2 1794/4/2 1792/4/2 1746/4/2
f 1617/4/3 1750/4/3 1746/4/3 1639/4/3
f 1749/4/2 1795/4/2 1794/4/2 1750/4/2
f 1640/4/3 1759/4/3 1754/4/3 1620/4/3
f 1645/4/6 1796/4/6 1762/4/6 1642/4/6
f 1767/4/2 1797/4/2 1798/4/2 1799/4/2
f 1650/4/3 1767/4/3 1799/4/3 1628/4/3
f 1799/4/5 1798/4/5 1649/4/5 1628/4/5
f 1766/4/2 1800/4/2 1797/4/2 1767/4/2
f 1771/4/2 1801/4/2 1800/4/2 1766/4/2
f 1774/4/2 1802/4/2 1801/4/2 1771/4/2
f 1777/4/2 1803/4/2 1802/4/2 1774/4/2
f 1631/4/3 1777/4/3 1774/4/3 1653/4/3
f 1654/5/3 1785/5/3 1780/5/3 1634/5/3
f 1658/5/6 1804/5/6 1790/5/6 1657/5/6
f 1791/11/5 1805/11/5 1659/11/5 1635/11/5
f 1792/4/2 1806/4/2 1807/4/2 1793/4/2
f 1794/4/2 1808/4/2 1806/4/2 1792/4/2
f 1795/4/2 1809/4/2 1808/4/2 1794/4/2
f 1661/4/6 1810/4/6 1796/4/6 1645/4/6
f 1797/4/2 1811/4/2 1812/4/2 1798/4/2
f 1798/4/5 1812/4/5 1665/4/5 1649/4/5
f 1800/4/2 1813/4/2 1811/4/2 1797/4/2
f 1801/4/2 1814/4/2 1813/4/2 1800/4/2
f 1802/4/2 1815/4/2 1814/4/2 1801/4/2
f 1803/4/2 1816/4/2 1815/4/2 1802/4/2
f 1666/5/6 1817/5/6 1804/5/6 1658/5/6
f 1805/11/5 1818/11/5 1667/11/5 1659/11/5
f 1660/4/3 1819/4/3 1810/4/3 1661/4/3
f 1662/4/3 1820/4/3 1819/4/3 1660/4/3
f 1663/4/3 1821/4/3 1820/4/3 1662/4/3
f 1664/4/3 1822/4/3 1821/4/3 1663/4/3
f 1665/4/3 1812/4/3 1822/4/3 1664/4/3
f 1668/5/6 1823/5/6 1817/5/6 1666/5/6
f 1818/11/5 1824/11/5 1669/11/5 1667/11/5
f 1670/5/6 1825/5/6 1823/5/6 1668/5/6
f 1824/11/5 1826/11/5 1671/11/5 1669/11/5
f 1672/5/6 1827/5/6 1825/5/6 1670/5/6
f 1826/11/5 1828/11/5 1673/11/5 1671/11/5
f 1674/5/6 1829/5/6 1827/5/6 1672/5/6
f 1828/11/5 1830/11/5 1675/11/5 1673/11/5
f 1676/5/6 1831/5/6 1829/5/6 1674/5/6
f 1830/11/5 1832/11/5 1677/11/5 1675/11/5
f 1678/5/6 1833/5/6 1831/5/6 1676/5/6
f 1832/11/5 1834/11/5 1679/11/5 1677/11/5
f 1680/5/6 1835/5/6 1833/5/6 1678/5/6
f 1834/11/5 1836/11/5 1681/11/5 1679/11/5
f 1682/5/6 1837/5/6 1835/5/6 1680/5/6
f 1836/11/5 1838/11/5 1683/11/5 1681/11/5
f 1684/5/6 1839/5/6 1837/5/6 1682/5/6
f 1838/11/5 1840/11/5 1685/11/5 1683/11/5
f 1686/5/6 1841/5/6 1839/5/6 1684/5/6
f 1840/11/5 1842/11/5 1687/11/5 1685/11/5
f 1688/5/6 1843/5/6 1841/5/6 1686/5/6
f 1842/11/5 1844/11/5 1689/11/5 1687/11/5
f 1845/4/4 1846/4/4 1691/4/4 1690/4/4
f 1847/4/4 1848/4/4 1695/4/4 1694/4/4
f 1849/4/4 1850/4/4 1697/4/4 1696/4/4
f 1851/4/4 1852/4/4 1701/4/4 1700/4/4
f 1853/4/4 1854/4/4 1703/4/4 1702/4/4
f 1855/4/4 1856/4/4 1707/4/4 1706/4/4
f 1857/4/4 1858/4/4 1709/4/4 1708/4/4
f 1712/5/6 1859/5/6 1843/5/6 1688/5/6
f 1860/11/4 1861/11/4 1714/11/4 1713/11/4
f 1844/11/5 1860/11/5 1713/11/5 1689/11/5
f 1861/4/4 1862/4/4 1715/4/4 1714/4/4
f 1862/4/4 1863/4/4 1716/4/4 1715/4/4
f 1863/4/4 1864/4/4 1717/4/4 1716/4/4
f 1717/4/6 1864/4/6 1845/4/6 1690/4/6
f 1865/4/1 1866/4/1 1692/4/1 1691/4/1
f 1867/4/4 1868/4/4 1866/4/4 1865/4/4
f 1846/4/5 1867/4/5 1865/4/5 1691/4/5
f 1866/4/1 1869/4/1 1693/4/1 1692/4/1
f 1868/4/4 1870/4/4 1869/4/4 1866/4/4
f 1869/4/1 1871/4/1 1694/4/1 1693/4/1
f 1870/4/4 1872/4/4 1871/4/4 1869/4/4
f 1871/4/6 1872/4/6 1847/4/6 1694/4/6
f 1873/4/4 1874/4/4 1719/4/4 1718/4/4
f 1848/4/5 1873/4/5 1718/4/5 1695/4/5
f 1874/4/4 1875/4/4 1720/4/4 1719/4/4
f 1875/4/4 1876/4/4 1721/4/4 1720/4/4
f 1721/4/6 1876/4/6 1849/4/6 1696/4/6
f 1877/4/1 1878/4/1 1698/4/1 1697/4/1
f 1879/4/4 1880/4/4 1878/4/4 1877/4/4
f 1850/4/5 1879/4/5 1877/4/5 1697/4/5
f 1878/4/1 1881/4/1 1699/4/1 1698/4/1
f 1880/4/4 1882/4/4 1881/4/4 1878/4/4
f 1881/4/1 1883/4/1 1700/4/1 1699/4/1
f 1882/4/4 1884/4/4 1883/4/4 1881/4/4
f 1883/4/6 1884/4/6 1851/4/6 1700/4/6
f 1885/4/4 1886/4/4 1723/4/4 1722/4/4
f 1852/4/5 1885/4/5 1722/4/5 1701/4/5
f 1886/4/4 1887/4/4 1724/4/4 1723/4/4
f 1887/4/4 1888/4/4 1725/4/4 1724/4/4
f 1725/4/6 1888/4/6 1853/4/6 1702/4/6
f 1889/4/1 1890/4/1 1704/4/1 1703/4/1
f 1891/4/4 1892/4/4 1890/4/4 1889/4/4
f 1854/4/5 1891/4/5 1889/4/5 1703/4/5
f 1890/4/1 1893/4/1 1705/4/1 1704/4/1
f 1892/4/4 1894/4/4 1893/4/4 1890/4/4
f 1893/4/1 1895/4/1 1706/4/1 1705/4/1
f 1894/4/4 1896/4/4 1895/4/4 1893/4/4
f 1895/4/6 1896/4/6 1855/4/6 1706/4/6
f 1897/4/4 1898/4/4 1727/4/4 1726/4/4
f 1856/4/5 1897/4/5 1726/4/5 1707/4/5
f 1898/4/4 1899/4/4 1728/4/4 1727/4/4
f 1899/4/4 1900/4/4 1729/4/4 1728/4/4
f 1729/4/6 1900/4/6 1857/4/6 1708/4/6
f 1901/4/1 1902/4/1 1710/4/1 1709/4/1
f 1903/4/4 1904/4/4 1902/4/4 1901/4/4
f 1858/4/5 1903/4/5 1901/4/5 1709/4/5
f 1902/4/1 1905/4/1 1711/4/1 1710/4/1
f 1904/4/4 1906/4/4 1905/4/4 1902/4/4
f 1905/5/1 1907/5/1 1712/5/1 1711/5/1
f 1906/5/4 1908/5/4 1907/5/4 1905/5/4
f 1907/5/6 1908/5/6 1859/5/6 1712/5/6
f 1730/11/3 1909/11/3 1910/11/3 1731/11/3
f 1910/11/5 1911/11/5 1732/11/5 1731/11/5
f 1733/4/3 1912/4/3 1909/4/3 1730/4/3
f 1734/4/3 1913/4/3 1912/4/3 1733/4/3
f 1735/4/3 1914/4/3 1913/4/3 1734/4/3
f 1736/4/6 1915/4/6 1914/4/6 1735/4/6
f 1739/4/3 1916/4/3 1917/4/3 1740/4/3
f 1917/4/5 1918/4/5 1741/4/5 1740/4/5
f 1743/4/3 1919/4/3 1916/4/3 1739/4/3
f 1747/4/6 1920/4/6 1919/4/6 1743/4/6
f 1921/4/2 1922/4/2 1923/4/2 1924/4/2
f 1752/4/3 1921/4/3 1924/4/3 1748/4/3
f 1924/4/5 1923/4/5 1749/4/5 1748/4/5
f 1925/4/2 1926/4/2 1922/4/2 1921/4/2
f 1753/4/3 1925/4/3 1921/4/3 1752/4/3
f 1754/4/6 1926/4/6 1925/4/6 1753/4/6
f 1927/4/2 1928/4/2 1929/4/2 1930/4/2
f 1757/4/3 1927/4/3 1930/4/3 1758/4/3
f 1930/4/5 1929/4/5 1759/4/5 1758/4/5
f 1931/4/2 1932/4/2 1928/4/2 1927/4/2
f 1761/4/3 1931/4/3 1927/4/3 1757/4/3
f 1762/4/6 1932/4/6 1931/4/6 1761/4/6
f 1933/4/2 1934/4/2 1935/4/2 1936/4/2
f 1775/4/3 1933/4/3 1936/4/3 1776/4/3
f 1936/4/5 1935/4/5 1777/4/5 1776/4/5
f 1937/4/2 1938/4/2 1934/4/2 1933/4/2
f 1778/4/3 1937/4/3 1933/4/3 1775/4/3
f 1939/4/2 1940/4/2 1938/4/2 1937/4/2
f 1779/4/3 1939/4/3 1937/4/3 1778/4/3
f 1780/4/6 1940/4/6 1939/4/6 1779/4/6
f 1941/4/2 1942/4/2 1943/4/2 1944/4/2
f 1783/4/3 1941/4/3 1944/4/3 1784/4/3
f 1944/4/5 1943/4/5 1785/4/5 1784/4/5
f 1787/4/3 1945/4/3 1941/4/3 1783/4/3
f 1789/5/3 1946/5/3 1945/5/3 1787/5/3
f 1790/5/6 1947/5/6 1946/5/6 1789/5/6
f 1911/11/5 1948/11/5 1791/11/5 1732/11/5
f 1741/4/3 1918/4/3 1915/4/3 1736/4/3
f 1793/4/6 1949/4/6 1920/4/6 1747/4/6
f 1922/4/2 1950/4/2 1951/4/2 1923/4/2
f 1923/4/5 1951/4/5 1795/4/5 1749/4/5
f 1926/4/2 1952/4/2 1950/4/2 1922/4/2
f 1929/4/2 1953/4/2 1952/4/2 1926/4/2
f 1759/4/3 1929/4/3 1926/4/3 1754/4/3
f 1928/4/2 1954/4/2 1953/4/2 1929/4/2
f 1932/4/2 1955/4/2 1954/4/2 1928/4/2
f 1796/4/6 1955/4/6 1932/4/6 1762/4/6
f 1934/4/2 1956/4/2 1957/4/2 1935/4/2
f 1935/4/5 1957/4/5 1803/4/5 1777/4/5
f 1938/4/2 1958/4/2 1956/4/2 1934/4/2
f 1940/4/2 1959/4/2 1958/4/2 1938/4/2
f 1943/4/2 1960/4/2 1959/4/2 1940/4/2
f 1785/4/3 1943/4/3 1940/4/3 1780/4/3
f 1942/4/2 1961/4/2 1960/4/2 1943/4/2
f 1804/5/6 1962/5/6 1947/5/6 1790/5/6
f 1948/11/5 1963/11/5 1805/11/5 1791/11/5
f 1807/4/6 1964/4/6 1949/4/6 1793/4/6
f 1950/4/2 1965/4/2 1966/4/2 1951/4/2
f 1951/4/5 1966/4/5 1809/4/5 1795/4/5
f 1952/4/2 1967/4/2 1965/4/2 1950/4/2
f 1953/4/2 1968/4/2 1967/4/2 1952/4/2
f 1954/4/2 1969/4/2 1968/4/2 1953/4/2
f 1955/4/2 1970/4/2 1969/4/2 1954/4/2
f 1810/4/6 1970/4/6 1955/4/6 1796/4/6
f 1956/4/2 1971/4/2 1972/4/2 1957/4/2
f 1957/4/5 1972/4/5 1816/4/5 1803/4/5
f 1958/4/2 1973/4/2 1971/4/2 1956/4/2
f 1959/4/2 1974/4/2 1973/4/2 1958/4/2
f 1960/4/2 1975/4/2 1974/4/2 1959/4/2
f 1961/4/2 1976/4/2 1975/4/2 1960/4/2
f 1817/5/6 1977/5/6 1962/5/6 1804/5/6
f 1963/11/5 1978/11/5 1818/11/5 1805/11/5
f 1806/4/3 1979/4/3 1964/4/3 1807/4/3
f 1808/4/3 1980/4/3 1979/4/3 1806/4/3
f 1809/4/3 1966/4/3 1980/4/3 1808/4/3
f 1819/4/3 1981/4/3 1970/4/3 1810/4/3
f 1820/4/3 1982/4/3 1981/4/3 1819/4/3
f 1821/4/3 1983/4/3 1982/4/3 1820/4/3
f 1822/4/3 1984/4/3 1983/4/3 1821/4/3
f 1812/4/3 1985/4/3 1984/4/3 1822/4/3
f 1811/4/3 1986/4/3 1985/4/3 1812/4/3
f 1813/4/3 1987/4/3 1986/4/3 1811/4/3
f 1814/4/3 1988/4/3 1987/4/3 1813/4/3
f 1815/4/3 1989/4/3 1988/4/3 1814/4/3
f 1816/4/3 1972/4/3 1989/4/3 1815/4/3
f 1823/5/6 1990/5/6 1977/5/6 1817/5/6
f 1978/11/5 1991/11/5 1824/11/5 1818/11/5
f 1825/5/6 1992/5/6 1990/5/6 1823/5/6
f 1991/11/5 1993/11/5 1826/11/5 1824/11/5
f 1827/5/6 1994/5/6 1992/5/6 1825/5/6
f 1993/11/5 1995/11/5 1828/11/5 1826/11/5
f 1829/5/6 1996/5/6 1994/5/6 1827/5/6
f 1995/11/5 1997/11/5 1830/11/5 1828/11/5
f 1831/5/6 1998/5/6 1996/5/6 1829/5/6
f 1997/11/5 1999/11/5 1832/11/5 1830/11/5
f 1833/5/6 2000/5/6 1998/5/6 1831/5/6
f 1999/11/5 2001/11/5 1834/11/5 1832/11/5
f 1835/5/6 2002/5/6 2000/5/6 1833/5/6
f 2001/11/5 2003/11/5 1836/11/5 1834/11/5
f 1837/5/6 2004/5/6 2002/5/6 1835/5/6
f 2003/11/5 2005/11/5 1838/11/5 1836/11/5
f 1839/5/6 2006/5/6 2004/5/6 1837/5/6
f 2005/11/5 2007/11/5 1840/11/5 1838/11/5
f 1841/5/6 2008/5/6 2006/5/6 1839/5/6
f 2007/11/5 2009/11/5 1842/11/5 1840/11/5
f 1843/5/6 2010/5/6 2008/5/6 1841/5/6
f 2009/11/5 2011/11/5 1844/11/5 1842/11/5
f 2012/4/4 2013/4/4 1846/4/4 1845/4/4
f 2014/4/4 2015/4/4 1848/4/4 1847/4/4
f 2016/4/4 2017/4/4 1850/4/4 1849/4/4
f 2018/4/4 2019/4/4 1852/4/4 1851/4/4
f 2020/4/4 2021/4/4 1854/4/4 1853/4/4
f 2022/4/4 2023/4/4 1856/4/4 1855/4/4
f 2024/4/4 2025/4/4 1858/4/4 1857/4/4
f 1859/5/6 2026/5/6 2010/5/6 1843/5/6
f 2027/11/4 2028/11/4 1861/11/4 1860/11/4
f 2011/11/5 2027/11/5 1860/11/5 1844/11/5
f 2028/4/4 2029/4/4 1862/4/4 1861/4/4
f 2029/4/4 2030/4/4 1863/4/4 1862/4/4
f 2030/4/4 2031/4/4 1864/4/4 1863/4/4
f 1864/4/6 2031/4/6 2012/4/6 1845/4/6
f 2032/4/4 2033/4/4 1868/4/4 1867/4/4
f 2013/4/5 2032/4/5 1867/4/5 1846/4/5
f 2033/4/4 2034/4/4 1870/4/4 1868/4/4
f 2034/4/4 2035/4/4 1872/4/4 1870/4/4
f 1872/4/6 2035/4/6 2014/4/6 1847/4/6
f 2036/4/4 2037/4/4 1874/4/4 1873/4/4
f 2015/4/5 2036/4/5 1873/4/5 1848/4/5
f 2037/4/4 2038/4/4 1875/4/4 1874/4/4
f 2038/4/4 2039/4/4 1876/4/4 1875/4/4
f 1876/4/6 2039/4/6 2016/4/6 1849/4/6
f 2040/4/4 2041/4/4 1880/4/4 1879/4/4
f 2017/4/5 2040/4/5 1879/4/5 1850/4/5
f 2041/4/4 2042/4/4 1882/4/4 1880/4/4
f 2042/4/4 2043/4/4 1884/4/4 1882/4/4
f 1884/4/6 2043/4/6 2018/4/6 1851/4/6
f 2044/4/4 2045/4/4 1886/4/4 1885/4/4
f 2019/4/5 2044/4/5 1885/4/5 1852/4/5
f 2045/4/4 2046/4/4 1887/4/4 1886/4/4
f 2046/4/4 2047/4/4 1888/4/4 1887/4/4
f 1888/4/6 2047/4/6 2020/4/6 1853/4/6
f 2048/4/4 2049/4/4 1892/4/4 1891/4/4
f 2021/4/5 2048/4/5 1891/4/5 1854/4/5
f 2049/4/4 2050/4/4 1894/4/4 1892/4/4
f 2050/4/4 2051/4/4 1896/4/4 1894/4/4
f 1896/4/6 2051/4/6 2022/4/6 1855/4/6
f 2052/4/4 2053/4/4 1898/4/4 1897/4/4
f 2023/4/5 2052/4/5 1897/4/5 1856/4/5
f 2053/4/4 2054/4/4 1899/4/4 1898/4/4
f 2054/4/4 2055/4/4 1900/4/4 1899/4/4
f 1900/4/6 2055/4/6 2024/4/6 1857/4/6
f 2056/4/4 2057/4/4 1904/4/4 1903/4/4
f 2025/4/5 2056/4/5 1903/4/5 1858/4/5
f 2057/4/4 2058/4/4 1906/4/4 1904/4/4
f 2058/5/4 2059/5/4 1908/5/4 1906/5/4
f 1908/5/6 2059/5/6 2026/5/6 1859/5/6
f 1909/11/3 2060/11/3 2061/11/3 1910/11/3
f 2061/11/5 2062/11/5 1911/11/5 1910/11/5
f 1912/4/3 2063/4/3 2060/4/3 1909/4/3
f 1913/4/3 2064/4/3 2063/4/3 1912/4/3
f 1914/4/3 2065/4/3 2064/4/3 1913/4/3
f 1915/4/6 2066/4/6 2065/4/6 1914/4/6
f 1916/4/3 2067/4/3 2068/4/3 1917/4/3
f 2068/4/5 2069/4/5 1918/4/5 1917/4/5
f 1919/4/3 2070/4/3 2067/4/3 1916/4/3
f 1920/4/6 2071/4/6 2070/4/6 1919/4/6
f 1932/4/1 2072/4/1 2073/4/1 1931/4/1
f 2073/4/3 2074/4/3 2075/4/3 1931/4/3
f 2075/4/5 2076/4/5 1932/4/5 1931/4/5
f 2072/4/6 2077/4/6 2074/4/6 2073/4/6
f 2078/4/1 2079/4/1 2080/4/1 2081/4/1
f 2080/4/3 2082/4/3 2083/4/3 2081/4/3
f 2083/4/5 2084/4/5 2078/4/5 2081/4/5
f 2079/4/1 2085/4/1 2086/4/1 2080/4/1
f 2086/4/3 2087/4/3 2082/4/3 2080/4/3
f 2085/4/1 2088/4/1 2089/4/1 2086/4/1
f 2089/4/3 2090/4/3 2087/4/3 2086/4/3
f 2088/4/6 2091/4/6 2090/4/6 2089/4/6
f 1945/4/3 2092/4/3 2093/4/3 1941/4/3
f 2093/4/5 2094/4/5 1942/4/5 1941/4/5
f 1946/5/3 2095/5/3 2092/5/3 1945/5/3
f 1947/5/6 2096/5/6 2095/5/6 1946/5/6
f 2062/11/5 2097/11/5 1948/11/5 1911/11/5
f 1918/4/3 2069/4/3 2066/4/3 1915/4/3
f 1949/4/6 2098/4/6 2071/4/6 1920/4/6
f 1955/4/1 2099/4/1 2072/4/1 1932/4/1
f 2076/4/5 2100/4/5 1955/4/5 1932/4/5
f 2099/4/1 2101/4/1 2078/4/1 2072/4/1
f 2078/4/3 2084/4/3 2077/4/3 2072/4/3
f 2101/4/1 2102/4/1 2079/4/1 2078/4/1
f 2102/4/1 2103/4/1 2085/4/1 2079/4/1
f 2103/4/1 2104/4/1 2088/4/1 2085/4/1
f 2104/4/6 2105/4/6 2091/4/6 2088/4/6
f 2094/4/5 2106/4/5 1961/4/5 1942/4/5
f 1962/5/6 2107/5/6 2096/5/6 1947/5/6
f 2097/11/5 2108/11/5 1963/11/5 1948/11/5
f 1964/4/6 2109/4/6 2098/4/6 1949/4/6
f 1970/4/1 1981/4/1 2099/4/1 1955/4/1
f 2100/4/5 2110/4/5 1970/4/5 1955/4/5
f 1981/4/1 1982/4/1 2101/4/1 2099/4/1
f 1982/4/1 1983/4/1 2102/4/1 2101/4/1
f 1983/4/1 1984/4/1 2103/4/1 2102/4/1
f 1984/4/1 1985/4/1 2104/4/1 2103/4/1
f 1985/4/6 2111/4/6 2105/4/6 2104/4/6
f 2106/4/5 2112/4/5 1976/4/5 1961/4/5
f 1977/5/6 2113/5/6 2107/5/6 1962/5/6
f 2108/11/5 2114/11/5 1978/11/5 1963/11/5
f 1979/4/3 2115/4/3 2109/4/3 1964/4/3
f 1980/4/3 2116/4/3 2115/4/3 1979/4/3
f 1966/4/3 2117/4/3 2116/4/3 1980/4/3
f 1965/4/3 2118/4/3 2117/4/3 1966/4/3
f 1967/4/3 2119/4/3 2118/4/3 1965/4/3
f 1968/4/3 2120/4/3 2119/4/3 1967/4/3
f 1969/4/3 2121/4/3 2120/4/3 1968/4/3
f 1970/4/3 2110/4/3 2121/4/3 1969/4/3
f 1986/4/3 2122/4/3 2111/4/3 1985/4/3
f 1987/4/3 2123/4/3 2122/4/3 1986/4/3
f 1988/4/3 2124/4/3 2123/4/3 1987/4/3
f 1989/4/3 2125/4/3 2124/4/3 1988/4/3
f 1972/4/3 2126/4/3 2125/4/3 1989/4/3
f 1971/4/3 2127/4/3 2126/4/3 1972/4/3
f 1973/4/3 2128/4/3 2127/4/3 1971/4/3
f 1974/4/3 2129/4/3 2128/4/3 1973/4/3
f 1975/4/3 2130/4/3 2129/4/3 1974/4/3
f 1976/4/3 2112/4/3 2130/4/3 1975/4/3
f 1990/5/6 2131/5/6 2113/5/6 1977/5/6
f 2114/11/5 2132/11/5 1991/11/5 1978/11/5
f 1992/5/6 2133/5/6 2131/5/6 1990/5/6
f 2132/11/5 2134/11/5 1993/11/5 1991/11/5
f 1994/5/6 2135/5/6 2133/5/6 1992/5/6
f 2134/11/5 2136/11/5 1995/11/5 1993/11/5
f 1996/5/6 2137/5/6 2135/5/6 1994/5/6
f 2136/11/5 2138/11/5 1997/11/5 1995/11/5
f 1998/5/6 2139/5/6 2137/5/6 1996/5/6
f 2138/11/5 2140/11/5 1999/11/5 1997/11/5
f 2000/5/6 2141/5/6 2139/5/6 1998/5/6
f 2140/11/5 2142/11/5 2001/11/5 1999/11/5
f 2002/5/6 2143/5/6 2141/5/6 2000/5/6
f 2142/11/5 2144/11/5 2003/11/5 2001/11/5
f 2004/5/6 2145/5/6 2143/5/6 2002/5/6
f 2144/11/5 2146/11/5 2005/11/5 2003/11/5
f 2006/5/6 2147/5/6 2145/5/6 2004/5/6
f 2146/11/5 2148/11/5 2007/11/5 2005/11/5
f 2008/5/6 2149/5/6 2147/5/6 2006/5/6
f 2148/11/5 2150/11/5 2009/11/5 2007/11/5
f 2010/5/6 2151/5/6 2149/5/6 2008/5/6
f 2150/11/5 2152/11/5 2011/11/5 2009/11/5
f 2153/4/4 2154/4/4 2013/4/4 2012/4/4
f 2155/4/4 2156/4/4 2015/4/4 2014/4/4
f 2157/4/4 2158/4/4 2017/4/4 2016/4/4
f 2159/4/4 2160/4/4 2019/4/4 2018/4/4
f 2161/4/4 2162/4/4 2021/4/4 2020/4/4
f 2163/4/4 2164/4/4 2023/4/4 2022/4/4
f 2165/4/4 2166/4/4 2025/4/4 2024/4/4
f 2026/5/6 2167/5/6 2151/5/6 2010/5/6
f 2168/11/4 2169/11/4 2028/11/4 2027/11/4
f 2152/11/5 2168/11/5 2027/11/5 2011/11/5
f 2169/4/4 2170/4/4 2029/4/4 2028/4/4
f 2170/4/4 2171/4/4 2030/4/4 2029/4/4
f 2171/4/4 2172/4/4 2031/4/4 2030/4/4
f 2031/4/6 2172/4/6 2153/4/6 2012/4/6
f 2173/4/4 2174/4/4 2033/4/4 2032/4/4
f 2154/4/5 2173/4/5 2032/4/5 2013/4/5
f 2174/4/4 2175/4/4 2034/4/4 2033/4/4
f 2175/4/4 2176/4/4 2035/4/4 2034/4/4
f 2035/4/6 2176/4/6 2155/4/6 2014/4/6
f 2177/4/4 2178/4/4 2037/4/4 2036/4/4
f 2156/4/5 2177/4/5 2036/4/5 2015/4/5
f 2178/4/4 2179/4/4 2038/4/4 2037/4/4
f 2179/4/4 2180/4/4 2039/4/4 2038/4/4
f 2039/4/6 2180/4/6 2157/4/6 2016/4/6
f 2181/4/4 2182/4/4 2041/4/4 2040/4/4
f 2158/4/5 2181/4/5 2040/4/5 2017/4/5
f 2182/4/4 2183/4/4 2042/4/4 2041/4/4
f 2183/4/4 2184/4/4 2043/4/4 2042/4/4
f 2043/4/6 2184/4/6 2159/4/6 2018/4/6
f 2185/4/4 2186/4/4 2045/4/4 2044/4/4
f 2160/4/5 2185/4/5 2044/4/5 2019/4/5
f 2186/4/4 2187/4/4 2046/4/4 2045/4/4
f 2187/4/4 2188/4/4 2047/4/4 2046/4/4
f 2047/4/6 2188/4/6 2161/4/6 2020/4/6
f 2189/4/4 2190/4/4 2049/4/4 2048/4/4
f 2162/4/5 2189/4/5 2048/4/5 2021/4/5
f 2190/4/4 2191/4/4 2050/4/4 2049/4/4
f 2191/4/4 2192/4/4 2051/4/4 2050/4/4
f 2051/4/6 2192/4/6 2163/4/6 2022/4/6
f 2193/4/4 2194/4/4 2053/4/4 2052/4/4
f 2164/4/5 2193/4/5 2052/4/5 2023/4/5
f 2194/4/4 2195/4/4 2054/4/4 2053/4/4
f 2195/4/4 2196/4/4 2055/4/4 2054/4/4
f 2055/4/6 2196/4/6 2165/4/6 2024/4/6
f 2197/4/4 2198/4/4 2057/4/4 2056/4/4
f 2166/4/5 2197/4/5 2056/4/5 2025/4/5
f 2198/4/4 2199/4/4 2058/4/4 2057/4/4
f 2199/5/4 2200/5/4 2059/5/4 2058/5/4
f 2059/5/6 2200/5/6 2167/5/6 2026/5/6
f 2060/11/3 2201/11/3 2202/11/3 2061/11/3
f 2202/11/5 2203/11/5 2062/11/5 2061/11/5
f 2063/4/3 2204/4/3 2201/4/3 2060/4/3
f 2064/4/3 2205/4/3 2204/4/3 2063/4/3
f 2065/4/3 2206/4/3 2205/4/3 2064/4/3
f 2066/4/6 2207/4/6 2206/4/6 2065/4/6
f 2067/4/3 2208/4/3 2209/4/3 2068/4/3
f 2209/4/5 2210/4/5 2069/4/5 2068/4/5
f 2070/4/3 2211/4/3 2208/4/3 2067/4/3
f 2071/4/1 2212/4/1 2213/4/1 2070/4/1
f 2213/4/3 2214/4/3 2211/4/3 2070/4/3
f 2212/4/6 2215/4/6 2214/4/6 2213/4/6
f 2216/4/1 2217/4/1 2218/4/1 2219/4/1
f 2218/4/3 2220/4/3 2221/4/3 2219/4/3
f 2221/4/5 2222/4/5 2216/4/5 2219/4/5
f 2217/4/6 2223/4/6 2220/4/6 2218/4/6
f 2074/4/3 2224/4/3 2225/4/3 2075/4/3
f 2225/4/5 2226/4/5 2076/4/5 2075/4/5
f 2077/4/6 2227/4/6 2224/4/6 2074/4/6
f 2082/4/3 2228/4/3 2229/4/3 2083/4/3
f 2229/4/5 2230/4/5 2084/4/5 2083/4/5
f 2087/4/3 2231/4/3 2228/4/3 2082/4/3
f 2090/4/3 2232/4/3 2231/4/3 2087/4/3
f 2091/4/6 2233/4/6 2232/4/6 2090/4/6
f 2234/4/1 2235/4/1 2236/4/1 2237/4/1
f 2236/4/3 2238/4/3 2239/4/3 2237/4/3
f 2239/4/5 2240/4/5 2234/4/5 2237/4/5
f 2235/4/1 2241/4/1 2242/4/1 2236/4/1
f 2242/4/3 2243/4/3 2238/4/3 2236/4/3
f 2241/4/1 2244/4/1 2245/4/1 2242/4/1
f 2245/4/3 2246/4/3 2243/4/3 2242/4/3
f 2244/4/6 2247/4/6 2246/4/6 2245/4/6
f 2092/4/3 2248/4/3 2249/4/3 2093/4/3
f 2249/4/5 2250/4/5 2094/4/5 2093/4/5
f 2095/5/3 2251/5/3 2248/5/3 2092/5/3
f 2096/5/6 2252/5/6 2251/5/6 2095/5/6
f 2203/11/5 2253/11/5 2097/11/5 2062/11/5
f 2069/4/3 2210/4/3 2207/4/3 2066/4/3
f 2098/4/1 2254/4/1 2212/4/1 2071/4/1
f 2254/4/1 2255/4/1 2216/4/1 2212/4/1
f 2216/4/3 2222/4/3 2215/4/3 2212/4/3
f 2255/4/1 2256/4/1 2217/4/1 2216/4/1
f 2256/4/6 2257/4/6 2223/4/6 2217/4/6
f 2226/4/5 2258/4/5 2100/4/5 2076/4/5
f 2084/4/3 2230/4/3 2227/4/3 2077/4/3
f 2105/4/1 2259/4/1 2234/4/1 2091/4/1
f 2234/4/3 2240/4/3 2233/4/3 2091/4/3
f 2259/4/1 2260/4/1 2235/4/1 2234/4/1
f 2260/4/1 2261/4/1 2241/4/1 2235/4/1
f 2261/4/1 2262/4/1 2244/4/1 2241/4/1
f 2262/4/1 2263/4/1 2264/4/1 2244/4/1
f 2264/4/3 2265/4/3 2247/4/3 2244/4/3
f 2263/4/6 2266/4/6 2265/4/6 2264/4/6
f 2250/4/5 2267/4/5 2106/4/5 2094/4/5
f 2107/5/6 2268/5/6 2252/5/6 2096/5/6
f 2253/11/5 2269/11/5 2108/11/5 2097/11/5
f 2109/4/1 2115/4/1 2254/4/1 2098/4/1
f 2115/4/1 2116/4/1 2255/4/1 2254/4/1
f 2116/4/1 2117/4/1 2256/4/1 2255/4/1
f 2117/4/6 2270/4/6 2257/4/6 2256/4/6
f 2258/4/5 2271/4/5 2110/4/5 2100/4/5
f 2111/4/1 2122/4/1 2259/4/1 2105/4/1
f 2122/4/1 2123/4/1 2260/4/1 2259/4/1
f 2123/4/1 2124/4/1 2261/4/1 2260/4/1
f 2124/4/1 2125/4/1 2262/4/1 2261/4/1
f 2125/4/1 2126/4/1 2263/4/1 2262/4/1
f 2126/4/6 2272/4/6 2266/4/6 2263/4/6
f 2267/4/5 2273/4/5 2112/4/5 2106/4/5
f 2113/5/6 2274/5/6 2268/5/6 2107/5/6
f 2269/11/5 2275/11/5 2114/11/5 2108/11/5
f 2118/4/3 2276/4/3 2270/4/3 2117/4/3
f 2119/4/3 2277/4/3 2276/4/3 2118/4/3
f 2120/4/3 2278/4/3 2277/4/3 2119/4/3
f 2121/4/3 2279/4/3 2278/4/3 2120/4/3
f 2110/4/3 2271/4/3 2279/4/3 2121/4/3
f 2127/4/3 2280/4/3 2272/4/3 2126/4/3
f 2128/4/3 2281/4/3 2280/4/3 2127/4/3
f 2129/4/3 2282/4/3 2281/4/3 2128/4/3
f 2130/4/3 2283/4/3 2282/4/3 2129/4/3
f 2112/4/3 2273/4/3 2283/4/3 2130/4/3
f 2131/5/6 2284/5/6 2274/5/6 2113/5/6
f 2275/11/5 2285/11/5 2132/11/5 2114/11/5
f 2133/5/6 2286/5/6 2284/5/6 2131/5/6
f 2285/11/5 2287/11/5 2134/11/5 2132/11/5
f 2135/5/6 2288/5/6 2286/5/6 2133/5/6
f 2287/11/5 2289/11/5 2136/11/5 2134/11/5
f 2137/5/6 2290/5/6 2288/5/6 2135/5/6
f 2289/11/5 2291/11/5 2138/11/5 2136/11/5
f 2139/5/6 2292/5/6 2290/5/6 2137/5/6
f 2291/11/5 2293/11/5 2140/11/5 2138/11/5
f 2141/5/6 2294/5/6 2292/5/6 2139/5/6
f 2293/11/5 2295/11/5 2142/11/5 2140/11/5
f 2143/5/6 2296/5/6 2294/5/6 2141/5/6
f 2295/11/5 2297/11/5 2144/11/5 2142/11/5
f 2145/5/6 2298/5/6 2296/5/6 2143/5/6
f 2297/11/5 2299/11/5 2146/11/5 2144/11/5
f 2147/5/6 2300/5/6 2298/5/6 2145/5/6
f 2299/11/5 2301/11/5 2148/11/5 2146/11/5
f 2149/5/6 2302/5/6 2300/5/6 2147/5/6
f 2301/11/5 2303/11/5 2150/11/5 2148/11/5
f 2151/5/6 2304/5/6 2302/5/6 2149/5/6
f 2303/11/5 2305/11/5 2152/11/5 2150/11/5
f 2306/4/4 2307/4/4 2154/4/4 2153/4/4
f 2308/4/4 2309/4/4 2156/4/4 2155/4/4
f 2310/4/4 2311/4/4 2158/4/4 2157/4/4
f 2312/4/4 2313/4/4 2160/4/4 2159/4/4
f 2314/4/4 2315/4/4 2162/4/4 2161/4/4
f 2316/4/4 2317/4/4 2164/4/4 2163/4/4
f 2318/4/4 2319/4/4 2166/4/4 2165/4/4
f 2167/5/6 2320/5/6 2304/5/6 2151/5/6
f 2321/11/4 2322/11/4 2169/11/4 2168/11/4
f 2305/11/5 2321/11/5 2168/11/5 2152/11/5
f 2322/4/4 2323/4/4 2170/4/4 2169/4/4
f 2323/4/4 2324/4/4 2171/4/4 2170/4/4
f 2324/4/4 2325/4/4 2172/4/4 2171/4/4
f 2172/4/6 2325/4/6 2306/4/6 2153/4/6
f 2326/4/4 2327/4/4 2174/4/4 2173/4/4
f 2307/4/5 2326/4/5 2173/4/5 2154/4/5
f 2327/4/4 2328/4/4 2175/4/4 2174/4/4
f 2328/4/4 2329/4/4 2176/4/4 2175/4/4
f 2176/4/6 2329/4/6 2308/4/6 2155/4/6
f 2330/4/4 2331/4/4 2178/4/4 2177/4/4
f 2309/4/5 2330/4/5 2177/4/5 2156/4/5
f 2331/4/4 2332/4/4 2179/4/4 2178/4/4
f 2332/4/4 2333/4/4 2180/4/4 2179/4/4
f 2180/4/6 2333/4/6 2310/4/6 2157/4/6
f 2334/4/4 2335/4/4 2182/4/4 2181/4/4
f 2311/4/5 2334/4/5 2181/4/5 2158/4/5
f 2335/4/4 2336/4/4 2183/4/4 2182/4/4
f 2336/4/4 2337/4/4 2184/4/4 2183/4/4
f 2184/4/6 2337/4/6 2312/4/6 2159/4/6
f 2338/4/4 2339/4/4 2186/4/4 2185/4/4
f 2313/4/5 2338/4/5 2185/4/5 2160/4/5
f 2339/4/4 2340/4/4 2187/4/4 2186/4/4
f 2340/4/4 2341/4/4 2188/4/4 2187/4/4
f 2188/4/6 2341/4/6 2314/4/6 2161/4/6
f 2342/4/4 2343/4/4 2190/4/4 2189/4/4
f 2315/4/5 2342/4/5 2189/4/5 2162/4/5
f 2343/4/4 2344/4/4 2191/4/4 2190/4/4
f 2344/4/4 2345/4/4 2192/4/4 2191/4/4
f 2192/4/6 2345/4/6 2316/4/6 2163/4/6
f 2346/4/4 2347/4/4 2194/4/4 2193/4/4
f 2317/4/5 2346/4/5 2193/4/5 2164/4/5
f 2347/4/4 2348/4/4 2195/4/4 2194/4/4
f 2348/4/4 2349/4/4 2196/4/4 2195/4/4
f 2196/4/6 2349/4/6 2318/4/6 2165/4/6
f 2350/4/4 2351/4/4 2198/4/4 2197/4/4
f 2319/4/5 2350/4/5 2197/4/5 2166/4/5
f 2351/4/4 2352/4/4 2199/4/4 2198/4/4
f 2352/5/4 2353/5/4 2200/5/4 2199/5/4
f 2200/5/6 2353/5/6 2320/5/6 2167/5/6
f 2201/11/3 2354/11/3 2355/11/3 2202/11/3
f 2355/11/5 2356/11/5 2203/11/5 2202/11/5
f 2357/4/2 2358/4/2 2359/4/2 2354/4/2
f 2204/4/3 2357/4/3 2354/4/3 2201/4/3
f 2360/4/2 2361/4/2 2358/4/2 2357/4/2
f 2205/4/3 2360/4/3 2357/4/3 2204/4/3
f 2362/4/2 2363/4/2 2361/4/2 2360/4/2
f 2206/4/3 2362/4/3 2360/4/3 2205/4/3
f 2207/4/6 2363/4/6 2362/4/6 2206/4/6
f 2208/4/3 2364/4/3 2365/4/3 2209/4/3
f 2365/4/5 2366/4/5 2210/4/5 2209/4/5
f 2211/4/3 2367/4/3 2364/4/3 2208/4/3
f 2214/4/3 2368/4/3 2367/4/3 2211/4/3
f 2215/4/6 2369/4/6 2368/4/6 2214/4/6
f 2370/4/2 2371/4/2 2372/4/2 2373/4/2
f 2220/4/3 2370/4/3 2373/4/3 2221/4/3
f 2373/4/5 2372/4/5 2222/4/5 2221/4/5
f 2223/4/1 2374/4/1 2375/4/1 2220/4/1
f 2376/4/2 2377/4/2 2371/4/2 2370/4/2
f 2375/4/3 2376/4/3 2370/4/3 2220/4/3
f 2374/4/1 2378/4/1 2379/4/1 2375/4/1
f 2380/4/2 2381/4/2 2377/4/2 2376/4/2
f 2379/4/3 2380/4/3 2376/4/3 2375/4/3
f 2378/4/6 2381/4/6 2380/4/6 2379/4/6
f 2382/4/1 2383/4/1 2384/4/1 2385/4/1
f 2384/4/3 2386/4/3 2387/4/3 2385/4/3
f 2387/4/5 2388/4/5 2382/4/5 2385/4/5
f 2383/4/1 2226/4/1 2225/4/1 2384/4/1
f 2225/4/3 2389/4/3 2386/4/3 2384/4/3
f 2224/4/3 2390/4/3 2389/4/3 2225/4/3
f 2227/4/6 2391/4/6 2390/4/6 2224/4/6
f 2392/4/2 2393/4/2 2394/4/2 2395/4/2
f 2228/4/3 2392/4/3 2395/4/3 2229/4/3
f 2395/4/5 2394/4/5 2230/4/5 2229/4/5
f 2396/4/2 2397/4/2 2393/4/2 2392/4/2
f 2231/4/3 2396/4/3 2392/4/3 2228/4/3
f 2398/4/2 2399/4/2 2397/4/2 2396/4/2
f 2232/4/3 2398/4/3 2396/4/3 2231/4/3
f 2233/4/6 2399/4/6 2398/4/6 2232/4/6
f 2238/4/3 2400/4/3 2401/4/3 2239/4/3
f 2401/4/5 2402/4/5 2240/4/5 2239/4/5
f 2243/4/3 2403/4/3 2400/4/3 2238/4/3
f 2246/4/3 2404/4/3 2403/4/3 2243/4/3
f 2247/4/6 2405/4/6 2404/4/6 2246/4/6
f 2265/4/1 2406/4/1 2407/4/1 2408/4/1
f 2409/4/2 2410/4/2 2411/4/2 2412/4/2
f 2407/4/3 2409/4/3 2412/4/3 2408/4/3
f 2412/4/5 2411/4/5 2265/4/5 2408/4/5
f 2406/4/1 2413/4/1 2414/4/1 2407/4/1
f 2415/4/2 2416/4/2 2410/4/2 2409/4/2
f 2414/4/3 2415/4/3 2409/4/3 2407/4/3
f 2413/4/1 2417/4/1 2418/4/1 2414/4/1
f 2419/4/2 2420/4/2 2416/4/2 2415/4/2
f 2418/4/3 2419/4/3 2415/4/3 2414/4/3
f 2417/4/6 2420/4/6 2419/4/6 2418/4/6
f 2421/4/1 2250/4/1 2249/4/1 2422/4/1
f 2249/4/3 2423/4/3 2424/4/3 2422/4/3
f 2424/4/5 2425/4/5 2421/4/5 2422/4/5
f 2248/4/3 2426/4/3 2423/4/3 2249/4/3
f 2251/5/3 2427/5/3 2426/5/3 2248/5/3
f 2252/5/6 2428/5/6 2427/5/6 2251/5/6
f 2356/11/5 2429/11/5 2253/11/5 2203/11/5
f 2210/4/3 2366/4/3 2363/4/3 2207/4/3
f 2222/4/3 2372/4/3 2369/4/3 2215/4/3
f 2257/4/1 2430/4/1 2374/4/1 2223/4/1
f 2430/4/1 2431/4/1 2378/4/1 2374/4/1
f 2431/4/1 2432/4/1 2382/4/1 2378/4/1
f 2382/4/3 2388/4/3 2381/4/3 2378/4/3
f 2432/4/1 2433/4/1 2383/4/1 2382/4/1
f 2433/4/1 2258/4/1 2226/4/1 2383/4/1
f 2230/4/3 2394/4/3 2391/4/3 2227/4/3
f 2240/4/3 2402/4/3 2399/4/3 2233/4/3
f 2265/4/3 2411/4/3 2405/4/3 2247/4/3
f 2266/4/1 2434/4/1 2406/4/1 2265/4/1
f 2434/4/1 2435/4/1 2413/4/1 2406/4/1
f 2435/4/1 2436/4/1 2417/4/1 2413/4/1
f 2436/4/1 2437/4/1 2421/4/1 2417/4/1
f 2421/4/3 2425/4/3 2420/4/3 2417/4/3
f 2437/4/1 2267/4/1 2250/4/1 2421/4/1
f 2268/5/6 2438/5/6 2428/5/6 2252/5/6
f 2429/11/5 2439/11/5 2269/11/5 2253/11/5
f 2270/4/1 2276/4/1 2430/4/1 2257/4/1
f 2276/4/1 2277/4/1 2431/4/1 2430/4/1
f 2277/4/1 2278/4/1 2432/4/1 2431/4/1
f 2278/4/1 2279/4/1 2433/4/1 2432/4/1
f 2279/4/1 2271/4/1 2258/4/1 2433/4/1
f 2272/4/1 2280/4/1 2434/4/1 2266/4/1
f 2280/4/1 2281/4/1 2435/4/1 2434/4/1
f 2281/4/1 2282/4/1 2436/4/1 2435/4/1
f 2282/4/1 2283/4/1 2437/4/1 2436/4/1
f 2283/4/1 2273/4/1 2267/4/1 2437/4/1
f 2274/5/6 2440/5/6 2438/5/6 2268/5/6
f 2439/11/5 2441/11/5 2275/11/5 2269/11/5
f 2284/5/6 2442/5/6 2440/5/6 2274/5/6
f 2441/11/5 2443/11/5 2285/11/5 2275/11/5
f 2286/5/6 2444/5/6 2442/5/6 2284/5/6
f 2443/11/5 2445/11/5 2287/11/5 2285/11/5
f 2288/5/6 2446/5/6 2444/5/6 2286/5/6
f 2445/11/5 2447/11/5 2289/11/5 2287/11/5
f 2290/5/6 2448/5/6 2446/5/6 2288/5/6
f 2447/11/5 2449/11/5 2291/11/5 2289/11/5
f 2292/5/6 2450/5/6 2448/5/6 2290/5/6
f 2449/11/5 2451/11/5 2293/11/5 2291/11/5
f 2294/5/6 2452/5/6 2450/5/6 2292/5/6
f 2451/11/5 2453/11/5 2295/11/5 2293/11/5
f 2296/5/6 2454/5/6 2452/5/6 2294/5/6
f 2453/11/5 2455/11/5 2297/11/5 2295/11/5
f 2298/5/6 2456/5/6 2454/5/6 2296/5/6
f 2455/11/5 2457/11/5 2299/11/5 2297/11/5
f 2300/5/6 2458/5/6 2456/5/6 2298/5/6
f 2457/11/5 2459/11/5 2301/11/5 2299/11/5
f 2302/5/6 2460/5/6 2458/5/6 2300/5/6
f 2459/11/5 2461/11/5 2303/11/5 2301/11/5
f 2304/5/6 2462/5/6 2460/5/6 2302/5/6
f 2461/11/5 2463/11/5 2305/11/5 2303/11/5
f 2464/4/4 2465/4/4 2307/4/4 2306/4/4
f 2466/4/4 2467/4/4 2309/4/4 2308/4/4
f 2468/4/4 2469/4/4 2311/4/4 2310/4/4
f 2470/4/4 2471/4/4 2313/4/4 2312/4/4
f 2472/4/4 2473/4/4 2315/4/4 2314/4/4
f 2474/4/4 2475/4/4 2317/4/4 2316/4/4
f 2476/4/4 2477/4/4 2319/4/4 2318/4/4
f 2320/5/6 2478/5/6 2462/5/6 2304/5/6
f 2479/11/4 2480/11/4 2322/11/4 2321/11/4
f 2463/11/5 2479/11/5 2321/11/5 2305/11/5
f 2481/4/2 2482/4/2 2480/4/2 2483/4/2
f 2480/4/4 2482/4/4 2323/4/4 2322/4/4
f 2484/4/2 2485/4/2 2482/4/2 2481/4/2
f 2482/4/4 2485/4/4 2324/4/4 2323/4/4
f 2464/4/2 2486/4/2 2485/4/2 2484/4/2
f 2485/4/4 2486/4/4 2325/4/4 2324/4/4
f 2325/4/6 2486/4/6 2464/4/6 2306/4/6
f 2487/4/4 2488/4/4 2327/4/4 2326/4/4
f 2465/4/5 2487/4/5 2326/4/5 2307/4/5
f 2488/4/4 2489/4/4 2328/4/4 2327/4/4
f 2489/4/4 2490/4/4 2329/4/4 2328/4/4
f 2329/4/6 2490/4/6 2466/4/6 2308/4/6
f 2491/4/2 2492/4/2 2493/4/2 2467/4/2
f 2493/4/4 2492/4/4 2331/4/4 2330/4/4
f 2467/4/5 2493/4/5 2330/4/5 2309/4/5
f 2494/4/2 2495/4/2 2492/4/2 2491/4/2
f 2492/4/4 2495/4/4 2332/4/4 2331/4/4
f 2468/4/2 2496/4/2 2495/4/2 2494/4/2
f 2495/4/4 2496/4/4 2333/4/4 2332/4/4
f 2333/4/6 2496/4/6 2468/4/6 2310/4/6
f 2497/4/4 2498/4/4 2335/4/4 2334/4/4
f 2469/4/5 2497/4/5 2334/4/5 2311/4/5
f 2498/4/4 2499/4/4 2336/4/4 2335/4/4
f 2499/4/4 2500/4/4 2337/4/4 2336/4/4
f 2337/4/6 2500/4/6 2470/4/6 2312/4/6
f 2501/4/2 2502/4/2 2503/4/2 2471/4/2
f 2503/4/4 2502/4/4 2339/4/4 2338/4/4
f 2471/4/5 2503/4/5 2338/4/5 2313/4/5
f 2504/4/2 2505/4/2 2502/4/2 2501/4/2
f 2502/4/4 2505/4/4 2340/4/4 2339/4/4
f 2472/4/2 2506/4/2 2505/4/2 2504/4/2
f 2505/4/4 2506/4/4 2341/4/4 2340/4/4
f 2341/4/6 2506/4/6 2472/4/6 2314/4/6
f 2507/4/4 2508/4/4 2343/4/4 2342/4/4
f 2473/4/5 2507/4/5 2342/4/5 2315/4/5
f 2508/4/4 2509/4/4 2344/4/4 2343/4/4
f 2509/4/4 2510/4/4 2345/4/4 2344/4/4
f 2345/4/6 2510/4/6 2474/4/6 2316/4/6
f 2511/4/2 2512/4/2 2513/4/2 2475/4/2
f 2513/4/4 2512/4/4 2347/4/4 2346/4/4
f 2475/4/5 2513/4/5 2346/4/5 2317/4/5
f 2514/4/2 2515/4/2 2512/4/2 2511/4/2
f 2512/4/4 2515/4/4 2348/4/4 2347/4/4
f 2476/4/2 2516/4/2 2515/4/2 2514/4/2
f 2515/4/4 2516/4/4 2349/4/4 2348/4/4
f 2349/4/6 2516/4/6 2476/4/6 2318/4/6
f 2517/4/4 2518/4/4 2351/4/4 2350/4/4
f 2477/4/5 2517/4/5 2350/4/5 2319/4/5
f 2518/4/4 2519/4/4 2352/4/4 2351/4/4
f 2519/5/4 2520/5/4 2353/5/4 2352/5/4
f 2353/5/6 2520/5/6 2478/5/6 2320/5/6
f 2354/11/3 2521/11/3 2522/11/3 2355/11/3
f 2522/11/5 2523/11/5 2356/11/5 2355/11/5
f 2359/11/6 2524/11/6 2521/11/6 2354/11/6
f 2364/4/3 2525/4/3 2526/4/3 2365/4/3
f 2526/4/5 2527/4/5 2366/4/5 2365/4/5
f 2367/4/3 2528/4/3 2525/4/3 2364/4/3
f 2368/4/3 2529/4/3 2528/4/3 2367/4/3
f 2369/4/6 2530/4/6 2529/4/6 2368/4/6
f 2386/4/3 2531/4/3 2532/4/3 2387/4/3
f 2532/4/5 2533/4/5 2388/4/5 2387/4/5
f 2389/4/3 2534/4/3 2531/4/3 2386/4/3
f 2390/4/3 2535/4/3 2534/4/3 2389/4/3
f 2391/4/6 2536/4/6 2535/4/6 2390/4/6
f 2400/4/3 2537/4/3 2538/4/3 2401/4/3
f 2538/4/5 2539/4/5 2402/4/5 2401/4/5
f 2403/4/3 2540/4/3 2537/4/3 2400/4/3
f 2404/4/3 2541/4/3 2540/4/3 2403/4/3
f 2405/4/6 2542/4/6 2541/4/6 2404/4/6
f 2543/4/2 2544/4/2 2545/4/2 2546/4/2
f 2423/4/3 2543/4/3 2546/4/3 2424/4/3
f 2546/4/5 2545/4/5 2425/4/5 2424/4/5
f 2547/4/2 2548/4/2 2544/4/2 2543/4/2
f 2426/4/3 2547/4/3 2543/4/3 2423/4/3
f 2549/5/2 2550/5/2 2548/5/2 2547/5/2
f 2427/5/3 2549/5/3 2547/5/3 2426/5/3
f 2428/5/6 2550/5/6 2549/5/6 2427/5/6
f 2523/11/5 2551/11/5 2429/11/5 2356/11/5
f 2358/4/3 2552/4/3 2524/4/3 2359/4/3
f 2361/11/3 2553/11/3 2552/11/3 2358/11/3
f 2363/4/3 2554/4/3 2553/4/3 2361/4/3
f 2366/5/3 2527/5/3 2554/5/3 2363/5/3
f 2372/4/3 2555/4/3 2530/4/3 2369/4/3
f 2371/4/3 2556/4/3 2555/4/3 2372/4/3
f 2377/4/3 2557/4/3 2556/4/3 2371/4/3
f 2381/4/3 2558/4/3 2557/4/3 2377/4/3
f 2388/4/3 2533/4/3 2558/4/3 2381/4/3
f 2394/4/3 2559/4/3 2536/4/3 2391/4/3
f 2393/4/3 2560/4/3 2559/4/3 2394/4/3
f 2397/4/3 2561/4/3 2560/4/3 2393/4/3
f 2399/4/3 2562/4/3 2561/4/3 2397/4/3
f 2402/4/3 2539/4/3 2562/4/3 2399/4/3
f 2411/4/3 2563/4/3 2542/4/3 2405/4/3
f 2410/4/3 2564/4/3 2563/4/3 2411/4/3
f 2416/4/3 2565/4/3 2564/4/3 2410/4/3
f 2420/4/3 2566/4/3 2565/4/3 2416/4/3
f 2425/4/3 2545/4/3 2566/4/3 2420/4/3
f 2544/4/2 2567/4/2 2568/4/2 2545/4/2
f 2548/4/2 2569/4/2 2567/4/2 2544/4/2
f 2550/5/2 2570/5/2 2569/5/2 2548/5/2
f 2438/5/6 2570/5/6 2550/5/6 2428/5/6
f 2551/11/5 2571/11/5 2439/11/5 2429/11/5
f 2567/4/2 2572/4/2 2573/4/2 2568/4/2
f 2569/4/2 2574/4/2 2572/4/2 2567/4/2
f 2570/5/2 2575/5/2 2574/5/2 2569/5/2
f 2440/5/6 2575/5/6 2570/5/6 2438/5/6
f 2571/11/5 2576/11/5 2441/11/5 2439/11/5
f 2442/5/6 2577/5/6 2575/5/6 2440/5/6
f 2576/11/5 2578/11/5 2443/11/5 2441/11/5
f 2444/5/6 2579/5/6 2577/5/6 2442/5/6
f 2578/11/5 2580/11/5 2445/11/5 2443/11/5
f 2446/5/6 2581/5/6 2579/5/6 2444/5/6
f 2580/11/5 2582/11/5 2447/11/5 2445/11/5
f 2448/5/6 2583/5/6 2581/5/6 2446/5/6
f 2582/11/5 2584/11/5 2449/11/5 2447/11/5
f 2450/5/6 2585/5/6 2583/5/6 2448/5/6
f 2584/11/5 2586/11/5 2451/11/5 2449/11/5
f 2452/5/6 2587/5/6 2585/5/6 2450/5/6
f 2586/11/5 2588/11/5 2453/11/5 2451/11/5
f 2454/5/6 2589/5/6 2587/5/6 2452/5/6
f 2588/11/5 2590/11/5 2455/11/5 2453/11/5
f 2456/5/6 2591/5/6 2589/5/6 2454/5/6
f 2590/11/5 2592/11/5 2457/11/5 2455/11/5
f 2458/5/6 2593/5/6 2591/5/6 2456/5/6
f 2592/11/5 2594/11/5 2459/11/5 2457/11/5
f 2460/5/6 2595/5/6 2593/5/6 2458/5/6
f 2594/11/5 2596/11/5 2461/11/5 2459/11/5
f 2462/5/6 2597/5/6 2595/5/6 2460/5/6
f 2596/11/5 2598/11/5 2463/11/5 2461/11/5
f 2599/4/4 2600/4/4 2481/4/4 2483/4/4
f 2600/4/4 2601/4/4 2484/4/4 2481/4/4
f 2601/4/4 2602/4/4 2464/4/4 2484/4/4
f 2602/4/4 2603/4/4 2465/4/4 2464/4/4
f 2604/4/4 2605/4/4 2467/4/4 2466/4/4
f 2605/4/4 2606/4/4 2491/4/4 2467/4/4
f 2606/4/4 2607/4/4 2494/4/4 2491/4/4
f 2607/4/4 2608/4/4 2468/4/4 2494/4/4
f 2608/4/4 2609/4/4 2469/4/4 2468/4/4
f 2610/4/4 2611/4/4 2471/4/4 2470/4/4
f 2611/4/4 2612/4/4 2501/4/4 2471/4/4
f 2612/4/4 2613/4/4 2504/4/4 2501/4/4
f 2613/4/4 2614/4/4 2472/4/4 2504/4/4
f 2614/4/4 2615/4/4 2473/4/4 2472/4/4
f 2616/4/4 2617/4/4 2475/4/4 2474/4/4
f 2617/4/4 2618/4/4 2511/4/4 2475/4/4
f 2618/4/4 2619/4/4 2514/4/4 2511/4/4
f 2619/4/4 2620/4/4 2476/4/4 2514/4/4
f 2620/4/4 2621/4/4 2477/4/4 2476/4/4
f 2478/5/6 2622/5/6 2597/5/6 2462/5/6
f 2623/11/4 2624/11/4 2480/11/4 2479/11/4
f 2598/11/5 2623/11/5 2479/11/5 2463/11/5
f 2480/11/6 2624/11/6 2599/11/6 2483/11/6
f 2625/4/4 2626/4/4 2488/4/4 2487/4/4
f 2603/4/5 2625/4/5 2487/4/5 2465/4/5
f 2626/4/4 2627/4/4 2489/4/4 2488/4/4
f 2627/4/4 2628/4/4 2490/4/4 2489/4/4
f 2490/4/6 2628/4/6 2604/4/6 2466/4/6
f 2629/4/4 2630/4/4 2498/4/4 2497/4/4
f 2609/4/5 2629/4/5 2497/4/5 2469/4/5
f 2630/4/4 2631/4/4 2499/4/4 2498/4/4
f 2631/4/4 2632/4/4 2500/4/4 2499/4/4
f 2500/4/6 2632/4/6 2610/4/6 2470/4/6
f 2633/4/4 2634/4/4 2508/4/4 2507/4/4
f 2615/4/5 2633/4/5 2507/4/5 2473/4/5
f 2634/4/4 2635/4/4 2509/4/4 2508/4/4
f 2635/4/4 2636/4/4 2510/4/4 2509/4/4
f 2510/4/6 2636/4/6 2616/4/6 2474/4/6
f 2637/4/4 2638/4/4 2518/4/4 2517/4/4
f 2621/4/5 2637/4/5 2517/4/5 2477/4/5
f 2638/4/4 2639/4/4 2519/4/4 2518/4/4
f 2639/5/4 2640/5/4 2520/5/4 2519/5/4
f 2520/5/6 2640/5/6 2622/5/6 2478/5/6
f 2521/11/3 2641/11/3 2642/11/3 2522/11/3
f 2642/11/5 2643/11/5 2523/11/5 2522/11/5
f 2524/4/1 2552/4/1 2644/4/1 2521/4/1
f 2644/4/3 2645/4/3 2641/4/3 2521/4/3
f 2552/4/1 2553/4/1 2646/4/1 2644/4/1
f 2646/4/3 2647/4/3 2645/4/3 2644/4/3
f 2553/4/1 2554/4/1 2648/4/1 2646/4/1
f 2648/4/3 2649/4/3 2647/4/3 2646/4/3
f 2554/4/6 2650/4/6 2649/4/6 2648/4/6
f 2651/4/2 2652/4/2 2653/4/2 2654/4/2
f 2525/4/3 2651/4/3 2654/4/3 2526/4/3
f 2654/4/5 2653/4/5 2527/4/5 2526/4/5
f 2655/4/2 2656/4/2 2652/4/2 2651/4/2
f 2528/4/3 2655/4/3 2651/4/3 2525/4/3
f 2657/4/2 2658/4/2 2656/4/2 2655/4/2
f 2529/4/3 2657/4/3 2655/4/3 2528/4/3
f 2530/4/6 2658/4/6 2657/4/6 2529/4/6
f 2555/4/1 2556/4/1 2659/4/1 2660/4/1
f 2659/4/3 2661/4/3 2662/4/3 2660/4/3
f 2662/4/5 2663/4/5 2555/4/5 2660/4/5
f 2556/4/1 2557/4/1 2664/4/1 2659/4/1
f 2664/4/3 2665/4/3 2661/4/3 2659/4/3
f 2557/4/1 2558/4/1 2666/4/1 2664/4/1
f 2666/4/3 2667/4/3 2665/4/3 2664/4/3
f 2558/4/6 2668/4/6 2667/4/6 2666/4/6
f 2669/4/2 2670/4/2 2671/4/2 2672/4/2
f 2531/4/3 2669/4/3 2672/4/3 2532/4/3
f 2672/4/5 2671/4/5 2533/4/5 2532/4/5
f 2673/4/2 2674/4/2 2670/4/2 2669/4/2
f 2534/4/3 2673/4/3 2669/4/3 2531/4/3
f 2675/4/2 2676/4/2 2674/4/2 2673/4/2
f 2535/4/3 2675/4/3 2673/4/3 2534/4/3
f 2536/4/6 2676/4/6 2675/4/6 2535/4/6
f 2559/4/1 2560/4/1 2677/4/1 2678/4/1
f 2677/4/3 2679/4/3 2680/4/3 2678/4/3
f 2680/4/5 2681/4/5 2559/4/5 2678/4/5
f 2560/4/1 2561/4/1 2682/4/1 2677/4/1
f 2682/4/3 2683/4/3 2679/4/3 2677/4/3
f 2561/4/1 2562/4/1 2684/4/1 2682/4/1
f 2684/4/3 2685/4/3 2683/4/3 2682/4/3
f 2562/4/6 2686/4/6 2685/4/6 2684/4/6
f 2687/4/2 2688/4/2 2689/4/2 2690/4/2
f 2537/4/3 2687/4/3 2690/4/3 2538/4/3
f 2690/4/5 2689/4/5 2539/4/5 2538/4/5
f 2691/4/2 2692/4/2 2688/4/2 2687/4/2
f 2540/4/3 2691/4/3 2687/4/3 2537/4/3
f 2693/4/2 2694/4/2 2692/4/2 2691/4/2
f 2541/4/3 2693/4/3 2691/4/3 2540/4/3
f 2542/4/6 2694/4/6 2693/4/6 2541/4/6
f 2563/4/1 2564/4/1 2695/4/1 2696/4/1
f 2695/4/3 2697/4/3 2698/4/3 2696/4/3
f 2698/4/5 2699/4/5 2563/4/5 2696/4/5
f 2564/4/1 2565/4/1 2700/4/1 2695/4/1
f 2700/4/3 2701/4/3 2697/4/3 2695/4/3
f 2565/4/1 2566/4/1 2702/4/1 2700/4/1
f 2702/4/3 2703/4/3 2701/4/3 2700/4/3
f 2566/4/6 2704/4/6 2703/4/6 2702/4/6
f 2643/11/5 2705/11/5 2551/11/5 2523/11/5
f 2527/4/3 2653/4/3 2650/4/3 2554/4/3
f 2555/4/3 2663/4/3 2658/4/3 2530/4/3
f 2533/4/3 2671/4/3 2668/4/3 2558/4/3
f 2559/4/3 2681/4/3 2676/4/3 2536/4/3
f 2539/4/3 2689/4/3 2686/4/3 2562/4/3
f 2563/4/3 2699/4/3 2694/4/3 2542/4/3
f 2545/4/3 2706/4/3 2704/4/3 2566/4/3
f 2568/4/6 2707/4/6 2706/4/6 2545/4/6
f 2705/11/5 2708/11/5 2571/11/5 2551/11/5
f 2573/4/6 2709/4/6 2707/4/6 2568/4/6
f 2708/11/5 2710/11/5 2576/11/5 2571/11/5
f 2572/4/3 2711/4/3 2709/4/3 2573/4/3
f 2574/4/3 2712/4/3 2711/4/3 2572/4/3
f 2575/5/3 2713/5/3 2712/5/3 2574/5/3
f 2577/5/6 2714/5/6 2713/5/6 2575/5/6
f 2710/11/5 2715/11/5 2578/11/5 2576/11/5
f 2579/5/6 2716/5/6 2714/5/6 2577/5/6
f 2715/11/5 2717/11/5 2580/11/5 2578/11/5
f 2581/5/6 2718/5/6 2716/5/6 2579/5/6
f 2717/11/5 2719/11/5 2582/11/5 2580/11/5
f 2583/5/6 2720/5/6 2718/5/6 2581/5/6
f 2719/11/5 2721/11/5 2584/11/5 2582/11/5
f 2585/5/6 2722/5/6 2720/5/6 2583/5/6
f 2721/11/5 2723/11/5 2586/11/5 2584/11/5
f 2587/5/6 2724/5/6 2722/5/6 2585/5/6
f 2723/11/5 2725/11/5 2588/11/5 2586/11/5
f 2589/5/6 2726/5/6 2724/5/6 2587/5/6
f 2725/11/5 2727/11/5 2590/11/5 2588/11/5
f 2591/5/6 2728/5/6 2726/5/6 2589/5/6
f 2727/11/5 2729/11/5 2592/11/5 2590/11/5
f 2593/5/6 2730/5/6 2728/5/6 2591/5/6
f 2729/11/5 2731/11/5 2594/11/5 2592/11/5
f 2595/5/6 2732/5/6 2730/5/6 2593/5/6
f 2731/11/5 2733/11/5 2596/11/5 2594/11/5
f 2597/5/6 2734/5/6 2732/5/6 2595/5/6
f 2733/11/5 2735/11/5 2598/11/5 2596/11/5
f 2736/4/4 2737/4/4 2603/4/4 2602/4/4
f 2738/4/4 2739/4/4 2605/4/4 2604/4/4
f 2740/4/4 2741/4/4 2609/4/4 2608/4/4
f 2742/4/4 2743/4/4 2611/4/4 2610/4/4
f 2744/4/4 2745/4/4 2615/4/4 2614/4/4
f 2746/4/4 2747/4/4 2617/4/4 2616/4/4
f 2748/4/4 2749/4/4 2621/4/4 2620/4/4
f 2622/5/6 2750/5/6 2734/5/6 2597/5/6
f 2751/11/4 2752/11/4 2624/11/4 2623/11/4
f 2735/11/5 2751/11/5 2623/11/5 2598/11/5
f 2624/4/1 2753/4/1 2600/4/1 2599/4/1
f 2752/4/4 2754/4/4 2753/4/4 2624/4/4
f 2753/4/1 2755/4/1 2601/4/1 2600/4/1
f 2754/4/4 2756/4/4 2755/4/4 2753/4/4
f 2755/4/1 2757/4/1 2602/4/1 2601/4/1
f 2756/4/4 2758/4/4 2757/4/4 2755/4/4
f 2757/4/6 2758/4/6 2736/4/6 2602/4/6
f 2759/4/2 2760/4/2 2761/4/2 2737/4/2
f 2761/4/4 2760/4/4 2626/4/4 2625/4/4
f 2737/4/5 2761/4/5 2625/4/5 2603/4/5
f 2762/4/2 2763/4/2 2760/4/2 2759/4/2
f 2760/4/4 2763/4/4 2627/4/4 2626/4/4
f 2738/4/2 2764/4/2 2763/4/2 2762/4/2
f 2763/4/4 2764/4/4 2628/4/4 2627/4/4
f 2628/4/6 2764/4/6 2738/4/6 2604/4/6
f 2765/4/1 2766/4/1 2606/4/1 2605/4/1
f 2767/4/4 2768/4/4 2766/4/4 2765/4/4
f 2739/4/5 2767/4/5 2765/4/5 2605/4/5
f 2766/4/1 2769/4/1 2607/4/1 2606/4/1
f 2768/4/4 2770/4/4 2769/4/4 2766/4/4
f 2769/4/1 2771/4/1 2608/4/1 2607/4/1
f 2770/4/4 2772/4/4 2771/4/4 2769/4/4
f 2771/4/6 2772/4/6 2740/4/6 2608/4/6
f 2773/4/2 2774/4/2 2775/4/2 2741/4/2
f 2775/4/4 2774/4/4 2630/4/4 2629/4/4
f 2741/4/5 2775/4/5 2629/4/5 2609/4/5
f 2776/4/2 2777/4/2 2774/4/2 2773/4/2
f 2774/4/4 2777/4/4 2631/4/4 2630/4/4
f 2742/4/2 2778/4/2 2777/4/2 2776/4/2
f 2777/4/4 2778/4/4 2632/4/4 2631/4/4
f 2632/4/6 2778/4/6 2742/4/6 2610/4/6
f 2779/4/1 2780/4/1 2612/4/1 2611/4/1
f 2781/4/4 2782/4/4 2780/4/4 2779/4/4
f 2743/4/5 2781/4/5 2779/4/5 2611/4/5
f 2780/4/1 2783/4/1 2613/4/1 2612/4/1
f 2782/4/4 2784/4/4 2783/4/4 2780/4/4
f 2783/4/1 2785/4/1 2614/4/1 2613/4/1
f 2784/4/4 2786/4/4 2785/4/4 2783/4/4
f 2785/4/6 2786/4/6 2744/4/6 2614/4/6
f 2787/4/2 2788/4/2 2789/4/2 2745/4/2
f 2789/4/4 2788/4/4 2634/4/4 2633/4/4
f 2745/4/5 2789/4/5 2633/4/5 2615/4/5
f 2790/4/2 2791/4/2 2788/4/2 2787/4/2
f 2788/4/4 2791/4/4 2635/4/4 2634/4/4
f 2746/4/2 2792/4/2 2791/4/2 2790/4/2
f 2791/4/4 2792/4/4 2636/4/4 2635/4/4
f 2636/4/6 2792/4/6 2746/4/6 2616/4/6
f 2793/4/1 2794/4/1 2618/4/1 2617/4/1
f 2795/4/4 2796/4/4 2794/4/4 2793/4/4
f 2747/4/5 2795/4/5 2793/4/5 2617/4/5
f 2794/4/1 2797/4/1 2619/4/1 2618/4/1
f 2796/4/4 2798/4/4 2797/4/4 2794/4/4
f 2797/4/1 2799/4/1 2620/4/1 2619/4/1
f 2798/4/4 2800/4/4 2799/4/4 2797/4/4
f 2799/4/6 2800/4/6 2748/4/6 2620/4/6
f 2801/4/2 2802/4/2 2803/4/2 2749/4/2
f 2803/4/4 2802/4/4 2638/4/4 2637/4/4
f 2749/4/5 2803/4/5 2637/4/5 2621/4/5
f 2804/4/2 2805/4/2 2802/4/2 2801/4/2
f 2802/4/4 2805/4/4 2639/4/4 2638/4/4
f 2750/5/2 2806/5/2 2805/5/2 2804/5/2
f 2805/5/4 2806/5/4 2640/5/4 2639/5/4
f 2640/5/6 2806/5/6 2750/5/6 2622/5/6
f 2641/11/3 2807/11/3 2808/11/3 2642/11/3
f 2808/11/5 2809/11/5 2643/11/5 2642/11/5
f 2645/4/3 2810/4/3 2807/4/3 2641/4/3
f 2647/4/3 2811/4/3 2810/4/3 2645/4/3
f 2649/4/3 2812/4/3 2811/4/3 2647/4/3
f 2650/4/6 2813/4/6 2812/4/6 2649/4/6
f 2661/4/3 2814/4/3 2815/4/3 2662/4/3
f 2815/4/5 2816/4/5 2663/4/5 2662/4/5
f 2665/4/3 2817/4/3 2814/4/3 2661/4/3
f 2667/4/3 2818/4/3 2817/4/3 2665/4/3
f 2668/4/6 2819/4/6 2818/4/6 2667/4/6
f 2679/4/3 2820/4/3 2821/4/3 2680/4/3
f 2821/4/5 2822/4/5 2681/4/5 2680/4/5
f 2683/4/3 2823/4/3 2820/4/3 2679/4/3
f 2685/4/3 2824/4/3 2823/4/3 2683/4/3
f 2686/4/6 2825/4/6 2824/4/6 2685/4/6
f 2697/4/3 2826/4/3 2827/4/3 2698/4/3
f 2827/4/5 2828/4/5 2699/4/5 2698/4/5
f 2701/4/3 2829/4/3 2826/4/3 2697/4/3
f 2703/4/3 2830/4/3 2829/4/3 2701/4/3
f 2704/4/6 2831/4/6 2830/4/6 2703/4/6
f 2809/11/5 2832/11/5 2705/11/5 2643/11/5
f 2833/4/2 2834/4/2 2835/4/2 2813/4/2
f 2653/4/3 2833/4/3 2813/4/3 2650/4/3
f 2652/4/3 2836/4/3 2833/4/3 2653/4/3
f 2656/4/3 2837/4/3 2836/4/3 2652/4/3
f 2658/4/3 2838/4/3 2837/4/3 2656/4/3
f 2816/4/2 2839/4/2 2840/4/2 2838/4/2
f 2663/4/3 2816/4/3 2838/4/3 2658/4/3
f 2841/4/2 2842/4/2 2843/4/2 2819/4/2
f 2671/4/3 2841/4/3 2819/4/3 2668/4/3
f 2670/4/3 2844/4/3 2841/4/3 2671/4/3
f 2674/4/3 2845/4/3 2844/4/3 2670/4/3
f 2676/4/3 2846/4/3 2845/4/3 2674/4/3
f 2822/4/2 2847/4/2 2848/4/2 2846/4/2
f 2681/4/3 2822/4/3 2846/4/3 2676/4/3
f 2849/4/2 2850/4/2 2851/4/2 2825/4/2
f 2689/4/3 2849/4/3 2825/4/3 2686/4/3
f 2688/11/3 2852/11/3 2849/11/3 2689/11/3
f 2692/4/3 2853/4/3 2852/4/3 2688/4/3
f 2694/4/3 2854/4/3 2853/4/3 2692/4/3
f 2828/4/2 2855/4/2 2856/4/2 2854/4/2
f 2699/4/3 2828/4/3 2854/4/3 2694/4/3
f 2857/4/2 2858/4/2 2859/4/2 2831/4/2
f 2706/4/3 2857/4/3 2831/4/3 2704/4/3
f 2707/4/6 2858/4/6 2857/4/6 2706/4/6
f 2832/11/5 2860/11/5 2708/11/5 2705/11/5
f 2834/4/2 2861/4/2 2862/4/2 2835/4/2
f 2839/4/2 2863/4/2 2864/4/2 2840/4/2
f 2842/4/2 2865/4/2 2866/4/2 2843/4/2
f 2847/4/2 2867/4/2 2868/4/2 2848/4/2
f 2850/4/2 2869/4/2 2870/4/2 2851/4/2
f 2855/4/2 2871/4/2 2872/4/2 2856/4/2
f 2858/4/2 2873/4/2 2874/4/2 2859/4/2
f 2709/4/6 2873/4/6 2858/4/6 2707/4/6
f 2860/11/5 2875/11/5 2710/11/5 2708/11/5
f 2861/4/2 2876/4/2 2877/4/2 2862/4/2
f 2863/4/2 2878/4/2 2879/4/2 2864/4/2
f 2865/4/2 2880/4/2 2881/4/2 2866/4/2
f 2867/4/2 2882/4/2 2883/4/2 2868/4/2
f 2869/4/2 2884/4/2 2885/4/2 2870/4/2
f 2871/4/2 2886/4/2 2887/4/2 2872/4/2
f 2873/4/2 2888/4/2 2889/4/2 2874/4/2
f 2711/4/3 2890/4/3 2873/4/3 2709/4/3
f 2712/4/3 2891/4/3 2890/4/3 2711/4/3
f 2713/5/3 2892/5/3 2891/5/3 2712/5/3
f 2714/5/6 2893/5/6 2892/5/6 2713/5/6
f 2875/11/5 2894/11/5 2715/11/5 2710/11/5
f 2895/4/2 2896/4/2 2897/4/2 2898/4/2
f 2899/4/2 2900/4/2 2896/4/2 2895/4/2
f 2877/4/2 2901/4/2 2900/4/2 2899/4/2
f 2876/4/2 2902/4/2 2901/4/2 2877/4/2
f 2878/4/2 2903/4/2 2904/4/2 2879/4/2
f 2905/4/2 2906/4/2 2903/4/2 2878/4/2
f 2907/4/2 2908/4/2 2906/4/2 2905/4/2
f 2881/4/2 2909/4/2 2908/4/2 2907/4/2
f 2880/4/2 2910/4/2 2909/4/2 2881/4/2
f 2882/4/2 2911/4/2 2912/4/2 2883/4/2
f 2913/4/2 2914/4/2 2911/4/2 2882/4/2
f 2915/4/2 2916/4/2 2914/4/2 2913/4/2
f 2885/4/2 2917/4/2 2916/4/2 2915/4/2
f 2884/4/2 2918/4/2 2917/4/2 2885/4/2
f 2886/4/2 2919/4/2 2920/4/2 2887/4/2
f 2921/4/2 2922/4/2 2919/4/2 2886/4/2
f 2923/4/2 2924/4/2 2922/4/2 2921/4/2
f 2889/4/2 2925/4/2 2924/4/2 2923/4/2
f 2888/4/2 2926/4/2 2925/4/2 2889/4/2
f 2716/5/6 2927/5/6 2893/5/6 2714/5/6
f 2894/11/5 2928/11/5 2717/11/5 2715/11/5
f 2902/4/2 2929/4/2 2930/4/2 2901/4/2
f 2903/4/2 2931/4/2 2932/4/2 2904/4/2
f 2910/4/2 2933/4/2 2934/4/2 2909/4/2
f 2911/4/2 2935/4/2 2936/4/2 2912/4/2
f 2918/4/2 2937/4/2 2938/4/2 2917/4/2
f 2919/4/2 2939/4/2 2940/4/2 2920/4/2
f 2926/4/2 2941/4/2 2942/4/2 2925/4/2
f 2718/5/6 2943/5/6 2927/5/6 2716/5/6
f 2928/11/5 2944/11/5 2719/11/5 2717/11/5
f 2929/4/2 2945/4/2 2946/4/2 2930/4/2
f 2947/4/2 2948/4/2 2945/4/2 2929/4/2
f 2949/4/2 2950/4/2 2948/4/2 2947/4/2
f 2932/4/2 2951/4/2 2950/4/2 2949/4/2
f 2931/4/2 2952/4/2 2951/4/2 2932/4/2
f 2933/4/2 2953/4/2 2954/4/2 2934/4/2
f 2955/4/2 2956/4/2 2953/4/2 2933/4/2
f 2957/11/2 2958/11/2 2956/11/2 2955/11/2
f 2936/4/2 2959/4/2 2958/4/2 2957/4/2
f 2935/4/2 2960/4/2 2959/4/2 2936/4/2
f 2937/4/2 2961/4/2 2962/4/2 2938/4/2
f 2963/4/2 2964/4/2 2961/4/2 2937/4/2
f 2965/4/2 2966/4/2 2964/4/2 2963/4/2
f 2940/4/2 2967/4/2 2966/4/2 2965/4/2
f 2939/4/2 2968/4/2 2967/4/2 2940/4/2
f 2941/4/2 2969/4/2 2970/4/2 2942/4/2
f 2971/4/2 2972/4/2 2969/4/2 2941/4/2
f 2973/4/2 2974/4/2 2972/4/2 2971/4/2
f 2943/5/2 2975/5/2 2974/5/2 2973/5/2
f 2720/5/6 2975/5/6 2943/5/6 2718/5/6
f 2944/11/5 2976/11/5 2721/11/5 2719/11/5
f 2945/4/2 2977/4/2 2978/4/2 2946/4/2
f 2952/4/2 2979/4/2 2980/4/2 2951/4/2
f 2953/4/2 2981/4/2 2982/4/2 2954/4/2
f 2960/4/2 2983/4/2 2984/4/2 2959/4/2
f 2961/4/2 2985/4/2 2986/4/2 2962/4/2
f 2968/4/2 2987/4/2 2988/4/2 2967/4/2
f 2969/4/2 2989/4/2 2990/4/2 2970/4/2
f 2722/5/6 2991/5/6 2975/5/6 2720/5/6
f 2976/11/5 2992/11/5 2723/11/5 2721/11/5
f 2977/4/2 2993/4/2 2994/4/2 2978/4/2
f 2979/4/2 2995/4/2 2996/4/2 2980/4/2
f 2981/5/2 2997/5/2 2998/5/2 2982/5/2
f 2983/4/2 2999/4/2 3000/4/2 2984/4/2
f 2985/4/2 3001/4/2 3002/4/2 2986/4/2
f 2987/4/2 3003/4/2 3004/4/2 2988/4/2
f 2989/4/2 3005/4/2 3006/4/2 2990/4/2
f 2724/5/6 3007/5/6 2991/5/6 2722/5/6
f 2992/11/5 3008/11/5 2725/11/5 2723/11/5
f 2993/4/2 3009/4/2 3010/4/2 2994/4/2
f 2995/4/2 3011/4/2 3012/4/2 2996/4/2
f 2997/4/2 3013/4/2 3014/4/2 2998/4/2
f 2999/4/2 3015/4/2 3016/4/2 3000/4/2
f 3001/4/2 3017/4/2 3018/4/2 3002/4/2
f 3003/4/2 3019/4/2 3020/4/2 3004/4/2
f 3005/4/2 3021/4/2 3022/4/2 3006/4/2
f 2726/5/6 3023/5/6 3007/5/6 2724/5/6
f 3008/11/5 3024/11/5 2727/11/5 2725/11/5
f 3009/4/2 3025/4/2 3026/4/2 3010/4/2
f 3011/4/2 3027/4/2 3028/4/2 3012/4/2
f 3013/4/2 3029/4/2 3030/4/2 3014/4/2
f 3015/4/2 3031/4/2 3032/4/2 3016/4/2
f 3017/4/2 3033/4/2 3034/4/2 3018/4/2
f 3019/4/2 3035/4/2 3036/4/2 3020/4/2
f 3021/4/2 3037/4/2 3038/4/2 3022/4/2
f 2728/5/6 3039/5/6 3023/5/6 2726/5/6
f 3024/11/5 3040/11/5 2729/11/5 2727/11/5
f 3025/4/2 3041/4/2 3042/4/2 3026/4/2
f 3027/4/2 3043/4/2 3044/4/2 3028/4/2
f 3029/4/2 3045/4/2 3046/4/2 3030/4/2
f 3031/4/2 3047/4/2 3048/4/2 3032/4/2
f 3033/4/2 3049/4/2 3050/4/2 3034/4/2
f 3035/4/2 3051/4/2 3052/4/2 3036/4/2
f 3037/4/2 3053/4/2 3054/4/2 3038/4/2
f 2730/5/6 3055/5/6 3039/5/6 2728/5/6
f 3040/11/5 3056/11/5 2731/11/5 2729/11/5
f 3057/4/2 3058/4/2 3059/4/2 3060/4/2
f 3061/4/2 3062/4/2 3058/4/2 3057/4/2
f 3042/4/2 3063/4/2 3062/4/2 3061/4/2
f 3041/4/2 3064/4/2 3063/4/2 3042/4/2
f 3043/4/2 3065/4/2 3066/4/2 3044/4/2
f 3067/4/2 3068/4/2 3065/4/2 3043/4/2
f 3069/4/2 3070/4/2 3068/4/2 3067/4/2
f 3046/4/2 3071/4/2 3070/4/2 3069/4/2
f 3045/4/2 3072/4/2 3071/4/2 3046/4/2
f 3047/4/2 3073/4/2 3074/4/2 3048/4/2
f 3075/4/2 3076/4/2 3073/4/2 3047/4/2
f 3077/4/2 3078/4/2 3076/4/2 3075/4/2
f 3050/4/2 3079/4/2 3078/4/2 3077/4/2
f 3049/4/2 3080/4/2 3079/4/2 3050/4/2
f 3051/4/2 3081/4/2 3082/4/2 3052/4/2
f 3083/4/2 3084/4/2 3081/4/2 3051/4/2
f 3085/4/2 3086/4/2 3084/4/2 3083/4/2
f 3054/4/2 3087/4/2 3086/4/2 3085/4/2
f 3053/4/2 3088/4/2 3087/4/2 3054/4/2
f 2732/5/6 3089/5/6 3055/5/6 2730/5/6
f 3056/11/5 3090/11/5 2733/11/5 2731/11/5
f 3064/4/2 3091/4/2 3092/4/2 3063/4/2
f 3065/4/2 3093/4/2 3094/4/2 3066/4/2
f 3072/4/2 3095/4/2 3096/4/2 3071/4/2
f 3073/4/2 3097/4/2 3098/4/2 3074/4/2
f 3080/4/2 3099/4/2 3100/4/2 3079/4/2
f 3081/4/2 3101/4/2 3102/4/2 3082/4/2
f 3088/4/2 3103/4/2 3104/4/2 3087/4/2
f 2734/5/6 3105/5/6 3089/5/6 2732/5/6
f 3090/11/5 3106/11/5 2735/11/5 2733/11/5
f 3091/4/2 3107/4/2 3108/4/2 3092/4/2
f 3108/4/4 3107/4/4 2737/4/4 2736/4/4
f 3109/4/2 3110/4/2 3107/4/2 3091/4/2
f 3107/4/4 3110/4/4 2759/4/4 2737/4/4
f 3111/4/2 3112/4/2 3110/4/2 3109/4/2
f 3110/4/4 3112/4/4 2762/4/4 2759/4/4
f 3094/4/2 3113/4/2 3112/4/2 3111/4/2
f 3112/4/4 3113/4/4 2738/4/4 2762/4/4
f 3093/4/2 3114/4/2 3113/4/2 3094/4/2
f 3113/4/4 3114/4/4 2739/4/4 2738/4/4
f 3095/4/2 3115/4/2 3116/4/2 3096/4/2
f 3116/4/4 3115/4/4 2741/4/4 2740/4/4
f 3117/4/2 3118/4/2 3115/4/2 3095/4/2
f 3115/4/4 3118/4/4 2773/4/4 2741/4/4
f 3119/4/2 3120/4/2 3118/4/2 3117/4/2
f 3118/4/4 3120/4/4 2776/4/4 2773/4/4
f 3098/4/2 3121/4/2 3120/4/2 3119/4/2
f 3120/4/4 3121/4/4 2742/4/4 2776/4/4
f 3097/4/2 3122/4/2 3121/4/2 3098/4/2
f 3121/4/4 3122/4/4 2743/4/4 2742/4/4
f 3099/4/2 3123/4/2 3124/4/2 3100/4/2
f 3124/4/4 3123/4/4 2745/4/4 2744/4/4
f 3125/4/2 3126/4/2 3123/4/2 3099/4/2
f 3123/4/4 3126/4/4 2787/4/4 2745/4/4
f 3127/4/2 3128/4/2 3126/4/2 3125/4/2
f 3126/4/4 3128/4/4 2790/4/4 2787/4/4
f 3102/4/2 3129/4/2 3128/4/2 3127/4/2
f 3128/4/4 3129/4/4 2746/4/4 2790/4/4
f 3101/4/2 3130/4/2 3129/4/2 3102/4/2
f 3129/4/4 3130/4/4 2747/4/4 2746/4/4
f 3103/4/2 3131/4/2 3132/4/2 3104/4/2
f 3132/4/4 3131/4/4 2749/4/4 2748/4/4
f 3133/4/2 3134/4/2 3131/4/2 3103/4/2
f 3131/4/4 3134/4/4 2801/4/4 2749/4/4
f 3135/4/2 3136/4/2 3134/4/2 3133/4/2
f 3134/4/4 3136/4/4 2804/4/4 2801/4/4
f 3105/5/2 3137/5/2 3136/5/2 3135/5/2
f 3136/5/4 3137/5/4 2750/5/4 2804/5/4
f 2750/5/6 3137/5/6 3105/5/6 2734/5/6
f 3138/11/4 3139/11/4 2752/11/4 2751/11/4
f 3106/11/5 3138/11/5 2751/11/5 2735/11/5
f 3139/4/4 3140/4/4 2754/4/4 2752/4/4
f 3140/4/4 3141/4/4 2756/4/4 2754/4/4
f 3141/4/4 3142/4/4 2758/4/4 2756/4/4
f 2758/4/6 3142/4/6 3108/4/6 2736/4/6
f 3143/4/4 3144/4/4 2768/4/4 2767/4/4
f 3114/4/5 3143/4/5 2767/4/5 2739/4/5
f 3144/4/4 3145/4/4 2770/4/4 2768/4/4
f 3145/4/4 3146/4/4 2772/4/4 2770/4/4
f 2772/4/6 3146/4/6 3116/4/6 2740/4/6
f 3147/4/4 3148/4/4 2782/4/4 2781/4/4
f 3122/4/5 3147/4/5 2781/4/5 2743/4/5
f 3148/4/4 3149/4/4 2784/4/4 2782/4/4
f 3149/4/4 3150/4/4 2786/4/4 2784/4/4
f 2786/4/6 3150/4/6 3124/4/6 2744/4/6
f 3151/4/4 3152/4/4 2796/4/4 2795/4/4
f 3130/4/5 3151/4/5 2795/4/5 2747/4/5
f 3152/4/4 3153/4/4 2798/4/4 2796/4/4
f 3153/4/4 3154/4/4 2800/4/4 2798/4/4
f 2800/4/6 3154/4/6 3132/4/6 2748/4/6
f 3155/11/2 3156/11/2 3157/11/2 3158/11/2
f 2807/11/3 3155/11/3 3158/11/3 2808/11/3
f 3158/11/5 3157/11/5 2809/11/5 2808/11/5
f 3159/4/2 3160/4/2 3156/4/2 3155/4/2
f 2810/4/3 3159/4/3 3155/4/3 2807/4/3
f 3161/4/2 3162/4/2 3160/4/2 3159/4/2
f 2811/4/3 3161/4/3 3159/4/3 2810/4/3
f 3163/4/2 3164/4/2 3162/4/2 3161/4/2
f 2812/4/3 3163/4/3 3161/4/3 2811/4/3
f 2813/4/6 3164/4/6 3163/4/6 2812/4/6
f 2833/4/1 2836/4/1 3165/4/1 3166/4/1
f 3167/4/2 3168/4/2 3169/4/2 3170/4/2
f 3165/4/3 3167/4/3 3170/4/3 3166/4/3
f 3170/4/5 3169/4/5 2833/4/5 3166/4/5
f 2836/4/1 2837/4/1 3171/4/1 3165/4/1
f 3172/4/2 3173/4/2 3168/4/2 3167/4/2
f 3171/4/3 3172/4/3 3167/4/3 3165/4/3
f 2837/4/1 2838/4/1 3174/4/1 3171/4/1
f 3175/4/2 3176/4/2 3173/4/2 3172/4/2
f 3174/4/3 3175/4/3 3172/4/3 3171/4/3
f 2838/4/6 3176/4/6 3175/4/6 3174/4/6
f 3177/4/2 3178/4/2 3179/4/2 3180/4/2
f 2814/4/3 3177/4/3 3180/4/3 2815/4/3
f 3180/4/5 3179/4/5 2816/4/5 2815/4/5
f 3181/4/2 3182/4/2 3178/4/2 3177/4/2
f 2817/4/3 3181/4/3 3177/4/3 2814/4/3
f 3183/4/2 3184/4/2 3182/4/2 3181/4/2
f 2818/4/3 3183/4/3 3181/4/3 2817/4/3
f 2819/4/6 3184/4/6 3183/4/6 2818/4/6
f 2841/4/1 2844/4/1 3185/4/1 3186/4/1
f 3187/4/2 3188/4/2 3189/4/2 3190/4/2
f 3185/4/3 3187/4/3 3190/4/3 3186/4/3
f 3190/4/5 3189/4/5 2841/4/5 3186/4/5
f 2844/4/1 2845/4/1 3191/4/1 3185/4/1
f 3192/4/2 3193/4/2 3188/4/2 3187/4/2
f 3191/4/3 3192/4/3 3187/4/3 3185/4/3
f 2845/4/1 2846/4/1 3194/4/1 3191/4/1
f 3195/4/2 3196/4/2 3193/4/2 3192/4/2
f 3194/4/3 3195/4/3 3192/4/3 3191/4/3
f 2846/4/6 3196/4/6 3195/4/6 3194/4/6
f 3197/5/2 3198/5/2 3199/5/2 3200/5/2
f 2820/5/3 3197/5/3 3200/5/3 2821/5/3
f 3200/5/5 3199/5/5 2822/5/5 2821/5/5
f 3201/4/2 3202/4/2 3198/4/2 3197/4/2
f 2823/4/3 3201/4/3 3197/4/3 2820/4/3
f 3203/4/2 3204/4/2 3202/4/2 3201/4/2
f 2824/4/3 3203/4/3 3201/4/3 2823/4/3
f 2825/4/6 3204/4/6 3203/4/6 2824/4/6
f 2849/4/1 2852/4/1 3205/4/1 3206/4/1
f 3207/4/2 3208/4/2 3209/4/2 3210/4/2
f 3205/4/3 3207/4/3 3210/4/3 3206/4/3
f 3210/4/5 3209/4/5 2849/4/5 3206/4/5
f 2852/4/1 2853/4/1 3211/4/1 3205/4/1
f 3212/4/2 3213/4/2 3208/4/2 3207/4/2
f 3211/4/3 3212/4/3 3207/4/3 3205/4/3
f 2853/4/1 2854/4/1 3214/4/1 3211/4/1
f 3215/4/2 3216/4/2 3213/4/2 3212/4/2
f 3214/4/3 3215/4/3 3212/4/3 3211/4/3
f 2854/4/6 3216/4/6 3215/4/6 3214/4/6
f 3217/4/2 3218/4/2 3219/4/2 3220/4/2
f 2826/4/3 3217/4/3 3220/4/3 2827/4/3
f 3220/4/5 3219/4/5 2828/4/5 2827/4/5
f 3221/4/2 3222/4/2 3218/4/2 3217/4/2
f 2829/4/3 3221/4/3 3217/4/3 2826/4/3
f 3223/4/2 3224/4/2 3222/4/2 3221/4/2
f 2830/4/3 3223/4/3 3221/4/3 2829/4/3
f 2831/4/6 3224/4/6 3223/4/6 2830/4/6
f 3156/11/2 3225/11/2 3226/11/2 3157/11/2
f 3157/11/5 3226/11/5 2832/11/5 2809/11/5
f 3160/4/2 3227/4/2 3225/4/2 3156/4/2
f 3162/4/2 3228/4/2 3227/4/2 3160/4/2
f 3164/4/2 3229/4/2 3228/4/2 3162/4/2
f 2835/4/6 3229/4/6 3164/4/6 2813/4/6
f 3168/4/2 3230/4/2 3231/4/2 3169/4/2
f 3169/4/5 3231/4/5 2834/4/5 2833/4/5
f 3173/4/2 3232/4/2 3230/4/2 3168/4/2
f 3176/4/2 3233/4/2 3232/4/2 3173/4/2
f 2840/4/6 3233/4/6 3176/4/6 2838/4/6
f 3178/4/2 3234/4/2 3235/4/2 3179/4/2
f 3179/4/5 3235/4/5 2839/4/5 2816/4/5
f 3182/4/2 3236/4/2 3234/4/2 3178/4/2
f 3184/4/2 3237/4/2 3236/4/2 3182/4/2
f 2843/4/6 3237/4/6 3184/4/6 2819/4/6
f 3188/4/2 3238/4/2 3239/4/2 3189/4/2
f 3189/4/5 3239/4/5 2842/4/5 2841/4/5
f 3193/4/2 3240/4/2 3238/4/2 3188/4/2
f 3196/4/2 3241/4/2 3240/4/2 3193/4/2
f 2848/4/6 3241/4/6 3196/4/6 2846/4/6
f 3198/4/2 3242/4/2 3243/4/2 3199/4/2
f 3199/4/5 3243/4/5 2847/4/5 2822/4/5
f 3202/4/2 3244/4/2 3242/4/2 3198/4/2
f 3204/4/2 3245/4/2 3244/4/2 3202/4/2
f 2851/4/6 3245/4/6 3204/4/6 2825/4/6
f 3208/4/2 3246/4/2 3247/4/2 3209/4/2
f 3209/4/5 3247/4/5 2850/4/5 2849/4/5
f 3213/4/2 3248/4/2 3246/4/2 3208/4/2
f 3216/4/2 3249/4/2 3248/4/2 3213/4/2
f 2856/4/6 3249/4/6 3216/4/6 2854/4/6
f 3218/4/2 3250/4/2 3251/4/2 3219/4/2
f 3219/4/5 3251/4/5 2855/4/5 2828/4/5
f 3222/4/2 3252/4/2 3250/4/2 3218/4/2
f 3224/4/2 3253/4/2 3252/4/2 3222/4/2
f 2859/4/6 3253/4/6 3224/4/6 2831/4/6
f 3225/11/2 3254/11/2 3255/11/2 3226/11/2
f 3226/11/5 3255/11/5 2860/11/5 2832/11/5
f 3227/4/2 3256/4/2 3254/4/2 3225/4/2
f 3228/4/2 3257/4/2 3256/4/2 3227/4/2
f 3229/4/2 3258/4/2 3257/4/2 3228/4/2
f 2862/4/6 3258/4/6 3229/4/6 2835/4/6
f 3230/4/2 3259/4/2 3260/4/2 3231/4/2
f 3231/4/5 3260/4/5 2861/4/5 2834/4/5
f 3232/4/2 3261/4/2 3259/4/2 3230/4/2
f 3233/4/2 3262/4/2 3261/4/2 3232/4/2
f 2864/4/6 3262/4/6 3233/4/6 2840/4/6
f 3234/4/2 3263/4/2 3264/4/2 3235/4/2
f 3235/4/5 3264/4/5 2863/4/5 2839/4/5
f 3236/4/2 3265/4/2 3263/4/2 3234/4/2
f 3237/4/2 3266/4/2 3265/4/2 3236/4/2
f 2866/4/6 3266/4/6 3237/4/6 2843/4/6
f 3238/4/2 3267/4/2 3268/4/2 3239/4/2
f 3239/4/5 3268/4/5 2865/4/5 2842/4/5
f 3240/4/2 3269/4/2 3267/4/2 3238/4/2
f 3241/4/2 3270/4/2 3269/4/2 3240/4/2
f 2868/4/6 3270/4/6 3241/4/6 2848/4/6
f 3242/4/2 3271/4/2 3272/4/2 3243/4/2
f 3243/4/5 3272/4/5 2867/4/5 2847/4/5
f 3244/4/2 3273/4/2 3271/4/2 3242/4/2
f 3245/4/2 3274/4/2 3273/4/2 3244/4/2
f 2870/4/6 3274/4/6 3245/4/6 2851/4/6
f 3246/4/2 3275/4/2 3276/4/2 3247/4/2
f 3247/4/5 3276/4/5 2869/4/5 2850/4/5
f 3248/4/2 3277/4/2 3275/4/2 3246/4/2
f 3249/4/2 3278/4/2 3277/4/2 3248/4/2
f 2872/4/6 3278/4/6 3249/4/6 2856/4/6
f 3250/4/2 3279/4/2 3280/4/2 3251/4/2
f 3251/4/5 3280/4/5 2871/4/5 2855/4/5
f 3252/4/2 3281/4/2 3279/4/2 3250/4/2
f 3253/4/2 3282/4/2 3281/4/2 3252/4/2
f 2874/4/6 3282/4/6 3253/4/6 2859/4/6
f 3254/11/2 3283/11/2 3284/11/2 3255/11/2
f 3255/11/5 3284/11/5 2875/11/5 2860/11/5
f 3256/4/2 3285/4/2 3283/4/2 3254/4/2
f 3283/4/4 3285/4/4 2895/4/4 2898/4/4
f 3257/4/2 3286/4/2 3285/4/2 3256/4/2
f 3285/4/4 3286/4/4 2899/4/4 2895/4/4
f 3258/4/2 3287/4/2 3286/4/2 3257/4/2
f 3286/4/4 3287/4/4 2877/4/4 2899/4/4
f 2877/4/6 3287/4/6 3258/4/6 2862/4/6
f 3259/4/2 3288/4/2 3289/4/2 3260/4/2
f 3260/4/5 3289/4/5 2876/4/5 2861/4/5
f 3261/4/2 3290/4/2 3288/4/2 3259/4/2
f 3262/4/2 3291/4/2 3290/4/2 3261/4/2
f 2879/4/6 3291/4/6 3262/4/6 2864/4/6
f 3263/4/2 3292/4/2 3293/4/2 3264/4/2
f 3293/4/4 3292/4/4 2905/4/4 2878/4/4
f 3264/4/5 3293/4/5 2878/4/5 2863/4/5
f 3265/4/2 3294/4/2 3292/4/2 3263/4/2
f 3292/4/4 3294/4/4 2907/4/4 2905/4/4
f 3266/4/2 3295/4/2 3294/4/2 3265/4/2
f 3294/4/4 3295/4/4 2881/4/4 2907/4/4
f 2881/4/6 3295/4/6 3266/4/6 2866/4/6
f 3267/4/2 3296/4/2 3297/4/2 3268/4/2
f 3268/4/5 3297/4/5 2880/4/5 2865/4/5
f 3269/4/2 3298/4/2 3296/4/2 3267/4/2
f 3270/4/2 3299/4/2 3298/4/2 3269/4/2
f 2883/4/6 3299/4/6 3270/4/6 2868/4/6
f 3271/4/2 3300/4/2 3301/4/2 3272/4/2
f 3301/4/4 3300/4/4 2913/4/4 2882/4/4
f 3272/4/5 3301/4/5 2882/4/5 2867/4/5
f 3273/4/2 3302/4/2 3300/4/2 3271/4/2
f 3300/4/4 3302/4/4 2915/4/4 2913/4/4
f 3274/4/2 3303/4/2 3302/4/2 3273/4/2
f 3302/4/4 3303/4/4 2885/4/4 2915/4/4
f 2885/4/6 3303/4/6 3274/4/6 2870/4/6
f 3275/4/2 3304/4/2 3305/4/2 3276/4/2
f 3276/4/5 3305/4/5 2884/4/5 2869/4/5
f 3277/4/2 3306/4/2 3304/4/2 3275/4/2
f 3278/4/2 3307/4/2 3306/4/2 3277/4/2
f 2887/4/6 3307/4/6 3278/4/6 2872/4/6
f 3279/4/2 3308/4/2 3309/4/2 3280/4/2
f 3309/4/4 3308/4/4 2921/4/4 2886/4/4
f 3280/4/5 3309/4/5 2886/4/5 2871/4/5
f 3281/4/2 3310/4/2 3308/4/2 3279/4/2
f 3308/4/4 3310/4/4 2923/4/4 2921/4/4
f 3282/4/2 3311/4/2 3310/4/2 3281/4/2
f 3310/4/4 3311/4/4 2889/4/4 2923/4/4
f 2889/4/6 3311/4/6 3282/4/6 2874/4/6
f 3312/4/2 3313/4/2 3314/4/2 3315/4/2
f 2890/4/3 3312/4/3 3315/4/3 2873/4/3
f 3315/4/5 3314/4/5 2888/4/5 2873/4/5
f 3316/4/2 3317/4/2 3313/4/2 3312/4/2
f 2891/4/3 3316/4/3 3312/4/3 2890/4/3
f 3318/5/2 3319/5/2 3317/5/2 3316/5/2
f 2892/5/3 3318/5/3 3316/5/3 2891/5/3
f 2893/5/6 3319/5/6 3318/5/6 2892/5/6
f 3283/11/2 3320/11/2 3321/11/2 3284/11/2
f 3284/11/5 3321/11/5 2894/11/5 2875/11/5
f 2897/11/6 3320/11/6 3283/11/6 2898/11/6
f 3288/4/2 3322/4/2 3323/4/2 3289/4/2
f 3289/4/5 3323/4/5 2902/4/5 2876/4/5
f 3290/4/2 3324/4/2 3322/4/2 3288/4/2
f 3291/4/2 3325/4/2 3324/4/2 3290/4/2
f 2904/4/6 3325/4/6 3291/4/6 2879/4/6
f 3296/4/2 3326/4/2 3327/4/2 3297/4/2
f 3297/4/5 3327/4/5 2910/4/5 2880/4/5
f 3298/4/2 3328/4/2 3326/4/2 3296/4/2
f 3299/4/2 3329/4/2 3328/4/2 3298/4/2
f 2912/4/6 3329/4/6 3299/4/6 2883/4/6
f 3304/4/2 3330/4/2 3331/4/2 3305/4/2
f 3305/4/5 3331/4/5 2918/4/5 2884/4/5
f 3306/4/2 3332/4/2 3330/4/2 3304/4/2
f 3307/4/2 3333/4/2 3332/4/2 3306/4/2
f 2920/4/6 3333/4/6 3307/4/6 2887/4/6
f 3313/4/2 3334/4/2 3335/4/2 3314/4/2
f 3314/4/5 3335/4/5 2926/4/5 2888/4/5
f 3317/4/2 3336/4/2 3334/4/2 3313/4/2
f 3319/5/2 3337/5/2 3336/5/2 3317/5/2
f 2927/5/6 3337/5/6 3319/5/6 2893/5/6
f 3320/11/2 3338/11/2 3339/11/2 3321/11/2
f 3321/11/5 3339/11/5 2928/11/5 2894/11/5
f 3340/4/2 3341/4/2 3338/4/2 3320/4/2
f 2896/4/3 3340/4/3 3320/4/3 2897/4/3
f 3342/4/2 3343/4/2 3341/4/2 3340/4/2
f 2900/4/3 3342/4/3 3340/4/3 2896/4/3
f 3344/4/2 3345/4/2 3343/4/2 3342/4/2
f 2901/4/3 3344/4/3 3342/4/3 2900/4/3
f 2930/4/6 3345/4/6 3344/4/6 2901/4/6
f 3322/4/2 3346/4/2 3347/4/2 3323/4/2
f 3347/4/4 3346/4/4 2947/4/4 2929/4/4
f 3323/4/5 3347/4/5 2929/4/5 2902/4/5
f 3324/4/2 3348/4/2 3346/4/2 3322/4/2
f 3346/4/4 3348/4/4 2949/4/4 2947/4/4
f 3325/4/2 3349/4/2 3348/4/2 3324/4/2
f 3348/4/4 3349/4/4 2932/4/4 2949/4/4
f 2932/4/6 3349/4/6 3325/4/6 2904/4/6
f 3350/4/2 3351/4/2 3352/4/2 3353/4/2
f 2906/4/3 3350/4/3 3353/4/3 2903/4/3
f 3353/4/5 3352/4/5 2931/4/5 2903/4/5
f 3354/4/2 3355/4/2 3351/4/2 3350/4/2
f 2908/4/3 3354/4/3 3350/4/3 2906/4/3
f 3356/4/2 3357/4/2 3355/4/2 3354/4/2
f 2909/4/3 3356/4/3 3354/4/3 2908/4/3
f 2934/4/6 3357/4/6 3356/4/6 2909/4/6
f 3326/4/2 3358/4/2 3359/4/2 3327/4/2
f 3359/4/4 3358/4/4 2955/4/4 2933/4/4
f 3327/4/5 3359/4/5 2933/4/5 2910/4/5
f 3328/4/2 3360/4/2 3358/4/2 3326/4/2
f 3358/4/4 3360/4/4 2957/4/4 2955/4/4
f 3329/4/2 3361/4/2 3360/4/2 3328/4/2
f 3360/4/4 3361/4/4 2936/4/4 2957/4/4
f 2936/4/6 3361/4/6 3329/4/6 2912/4/6
f 3362/4/2 3363/4/2 3364/4/2 3365/4/2
f 2914/4/3 3362/4/3 3365/4/3 2911/4/3
f 3365/4/5 3364/4/5 2935/4/5 2911/4/5
f 3366/4/2 3367/4/2 3363/4/2 3362/4/2
f 2916/4/3 3366/4/3 3362/4/3 2914/4/3
f 3368/4/2 3369/4/2 3367/4/2 3366/4/2
f 2917/4/3 3368/4/3 3366/4/3 2916/4/3
f 2938/4/6 3369/4/6 3368/4/6 2917/4/6
f 3330/4/2 3370/4/2 3371/4/2 3331/4/2
f 3371/4/4 3370/4/4 2963/4/4 2937/4/4
f 3331/4/5 3371/4/5 2937/4/5 2918/4/5
f 3332/4/2 3372/4/2 3370/4/2 3330/4/2
f 3370/4/4 3372/4/4 2965/4/4 2963/4/4
f 3333/4/2 3373/4/2 3372/4/2 3332/4/2
f 3372/4/4 3373/4/4 2940/4/4 2965/4/4
f 2940/4/6 3373/4/6 3333/4/6 2920/4/6
f 3374/4/2 3375/4/2 3376/4/2 3377/4/2
f 2922/4/3 3374/4/3 3377/4/3 2919/4/3
f 3377/4/5 3376/4/5 2939/4/5 2919/4/5
f 3378/4/2 3379/4/2 3375/4/2 3374/4/2
f 2924/4/3 3378/4/3 3374/4/3 2922/4/3
f 3380/4/2 3381/4/2 3379/4/2 3378/4/2
f 2925/4/3 3380/4/3 3378/4/3 2924/4/3
f 2942/4/6 3381/4/6 3380/4/6 2925/4/6
f 3334/4/2 3382/4/2 3383/4/2 3335/4/2
f 3383/4/4 3382/4/4 2971/4/4 2941/4/4
f 3335/4/5 3383/4/5 2941/4/5 2926/4/5
f 3336/4/2 3384/4/2 3382/4/2 3334/4/2
f 3382/4/4 3384/4/4 2973/4/4 2971/4/4
f 3337/5/2 3385/5/2 3384/5/2 3336/5/2
f 3384/5/4 3385/5/4 2943/5/4 2973/5/4
f 2943/5/6 3385/5/6 3337/5/6 2927/5/6
f 3338/11/2 3386/11/2 3387/11/2 3339/11/2
f 3339/11/5 3387/11/5 2944/11/5 2928/11/5
f 3341/4/2 3388/4/2 3386/4/2 3338/4/2
f 3343/4/2 3389/4/2 3388/4/2 3341/4/2
f 3345/4/2 3390/4/2 3389/4/2 3343/4/2
f 2946/4/6 3390/4/6 3345/4/6 2930/4/6
f 3351/4/2 3391/4/2 3392/4/2 3352/4/2
f 3352/4/5 3392/4/5 2952/4/5 2931/4/5
f 3355/4/2 3393/4/2 3391/4/2 3351/4/2
f 3357/4/2 3394/4/2 3393/4/2 3355/4/2
f 2954/4/6 3394/4/6 3357/4/6 2934/4/6
f 3363/4/2 3395/4/2 3396/4/2 3364/4/2
f 3364/4/5 3396/4/5 2960/4/5 2935/4/5
f 3367/4/2 3397/4/2 3395/4/2 3363/4/2
f 3369/4/2 3398/4/2 3397/4/2 3367/4/2
f 2962/4/6 3398/4/6 3369/4/6 2938/4/6
f 3375/4/2 3399/4/2 3400/4/2 3376/4/2
f 3376/4/5 3400/4/5 2968/4/5 2939/4/5
f 3379/4/2 3401/4/2 3399/4/2 3375/4/2
f 3381/4/2 3402/4/2 3401/4/2 3379/4/2
f 2970/4/6 3402/4/6 3381/4/6 2942/4/6
f 3386/11/2 3403/11/2 3404/11/2 3387/11/2
f 3387/11/5 3404/11/5 2976/11/5 2944/11/5
f 3388/4/2 3405/4/2 3403/4/2 3386/4/2
f 3389/4/2 3406/4/2 3405/4/2 3388/4/2
f 3390/4/2 3407/4/2 3406/4/2 3389/4/2
f 2978/4/6 3407/4/6 3390/4/6 2946/4/6
f 3408/4/2 3409/4/2 3410/4/2 3411/4/2
f 2948/4/3 3408/4/3 3411/4/3 2945/4/3
f 3411/4/5 3410/4/5 2977/4/5 2945/4/5
f 3412/4/2 3413/4/2 3409/4/2 3408/4/2
f 2950/4/3 3412/4/3 3408/4/3 2948/4/3
f 3414/4/2 3415/4/2 3413/4/2 3412/4/2
f 2951/4/3 3414/4/3 3412/4/3 2950/4/3
f 2980/4/6 3415/4/6 3414/4/6 2951/4/6
f 3391/4/2 3416/4/2 3417/4/2 3392/4/2
f 3392/4/5 3417/4/5 2979/4/5 2952/4/5
f 3393/4/2 3418/4/2 3416/4/2 3391/4/2
f 3394/4/2 3419/4/2 3418/4/2 3393/4/2
f 2982/4/6 3419/4/6 3394/4/6 2954/4/6
f 3420/4/2 3421/4/2 3422/4/2 3423/4/2
f 2956/4/3 3420/4/3 3423/4/3 2953/4/3
f 3423/4/5 3422/4/5 2981/4/5 2953/4/5
f 3424/4/2 3425/4/2 3421/4/2 3420/4/2
f 2958/4/3 3424/4/3 3420/4/3 2956/4/3
f 3426/4/2 3427/4/2 3425/4/2 3424/4/2
f 2959/4/3 3426/4/3 3424/4/3 2958/4/3
f 2984/4/6 3427/4/6 3426/4/6 2959/4/6
f 3395/4/2 3428/4/2 3429/4/2 3396/4/2
f 3396/4/5 3429/4/5 2983/4/5 2960/4/5
f 3397/4/2 3430/4/2 3428/4/2 3395/4/2
f 3398/4/2 3431/4/2 3430/4/2 3397/4/2
f 2986/4/6 3431/4/6 3398/4/6 2962/4/6
f 3432/4/2 3433/4/2 3434/4/2 3435/4/2
f 2964/4/3 3432/4/3 3435/4/3 2961/4/3
f 3435/4/5 3434/4/5 2985/4/5 2961/4/5
f 3436/4/2 3437/4/2 3433/4/2 3432/4/2
f 2966/4/3 3436/4/3 3432/4/3 2964/4/3
f 3438/4/2 3439/4/2 3437/4/2 3436/4/2
f 2967/4/3 3438/4/3 3436/4/3 2966/4/3
f 2988/4/6 3439/4/6 3438/4/6 2967/4/6
f 3399/4/2 3440/4/2 3441/4/2 3400/4/2
f 3400/4/5 3441/4/5 2987/4/5 2968/4/5
f 3401/4/2 3442/4/2 3440/4/2 3399/4/2
f 3402/4/2 3443/4/2 3442/4/2 3401/4/2
f 2990/4/6 3443/4/6 3402/4/6 2970/4/6
f 3444/4/2 3445/4/2 3446/4/2 3447/4/2
f 2972/4/3 3444/4/3 3447/4/3 2969/4/3
f 3447/4/5 3446/4/5 2989/4/5 2969/4/5
f 3448/4/2 3449/4/2 3445/4/2 3444/4/2
f 2974/4/3 3448/4/3 3444/4/3 2972/4/3
f 3450/5/2 3451/5/2 3449/5/2 3448/5/2
f 2975/5/3 3450/5/3 3448/5/3 2974/5/3
f 2991/5/6 3451/5/6 3450/5/6 2975/5/6
f 3403/11/2 3452/11/2 3453/11/2 3404/11/2
f 3404/11/5 3453/11/5 2992/11/5 2976/11/5
f 3405/4/2 3454/4/2 3452/4/2 3403/4/2
f 3406/4/2 3455/4/2 3454/4/2 3405/4/2
f 3407/4/2 3456/4/2 3455/4/2 3406/4/2
f 2994/4/6 3456/4/6 3407/4/6 2978/4/6
f 3409/4/2 3457/4/2 3458/4/2 3410/4/2
f 3410/4/5 3458/4/5 2993/4/5 2977/4/5
f 3413/4/2 3459/4/2 3457/4/2 3409/4/2
f 3415/4/2 3460/4/2 3459/4/2 3413/4/2
f 2996/4/6 3460/4/6 3415/4/6 2980/4/6
f 3416/4/2 3461/4/2 3462/4/2 3417/4/2
f 3417/4/5 3462/4/5 2995/4/5 2979/4/5
f 3418/4/2 3463/4/2 3461/4/2 3416/4/2
f 3419/4/2 3464/4/2 3463/4/2 3418/4/2
f 2998/4/6 3464/4/6 3419/4/6 2982/4/6
f 3421/4/2 3465/4/2 3466/4/2 3422/4/2
f 3422/4/5 3466/4/5 2997/4/5 2981/4/5
f 3425/4/2 3467/4/2 3465/4/2 3421/4/2
f 3427/4/2 3468/4/2 3467/4/2 3425/4/2
f 3000/4/6 3468/4/6 3427/4/6 2984/4/6
f 3428/4/2 3469/4/2 3470/4/2 3429/4/2
f 3429/4/5 3470/4/5 2999/4/5 2983/4/5
f 3430/4/2 3471/4/2 3469/4/2 3428/4/2
f 3431/4/2 3472/4/2 3471/4/2 3430/4/2
f 3002/4/6 3472/4/6 3431/4/6 2986/4/6
f 3433/4/2 3473/4/2 3474/4/2 3434/4/2
f 3434/4/5 3474/4/5 3001/4/5 2985/4/5
f 3437/4/2 3475/4/2 3473/4/2 3433/4/2
f 3439/4/2 3476/4/2 3475/4/2 3437/4/2
f 3004/4/6 3476/4/6 3439/4/6 2988/4/6
f 3440/4/2 3477/4/2 3478/4/2 3441/4/2
f 3441/4/5 3478/4/5 3003/4/5 2987/4/5
f 3442/4/2 3479/4/2 3477/4/2 3440/4/2
f 3443/4/2 3480/4/2 3479/4/2 3442/4/2
f 3006/4/6 3480/4/6 3443/4/6 2990/4/6
f 3445/4/2 3481/4/2 3482/4/2 3446/4/2
f 3446/4/5 3482/4/5 3005/4/5 2989/4/5
f 3449/4/2 3483/4/2 3481/4/2 3445/4/2
f 3451/5/2 3484/5/2 3483/5/2 3449/5/2
f 3007/5/6 3484/5/6 3451/5/6 2991/5/6
f 3452/11/2 3485/11/2 3486/11/2 3453/11/2
f 3453/11/5 3486/11/5 3008/11/5 2992/11/5
f 3454/4/2 3487/4/2 3485/4/2 3452/4/2
f 3455/4/2 3488/4/2 3487/4/2 3454/4/2
f 3456/4/2 3489/4/2 3488/4/2 3455/4/2
f 3010/4/6 3489/4/6 3456/4/6 2994/4/6
f 3457/4/2 3490/4/2 3491/4/2 3458/4/2
f 3458/4/5 3491/4/5 3009/4/5 2993/4/5
f 3459/4/2 3492/4/2 3490/4/2 3457/4/2
f 3460/4/2 3493/4/2 3492/4/2 3459/4/2
f 3012/4/6 3493/4/6 3460/4/6 2996/4/6
f 3461/4/2 3494/4/2 3495/4/2 3462/4/2
f 3462/4/5 3495/4/5 3011/4/5 2995/4/5
f 3463/4/2 3496/4/2 3494/4/2 3461/4/2
f 3464/4/2 3497/4/2 3496/4/2 3463/4/2
f 3014/4/6 3497/4/6 3464/4/6 2998/4/6
f 3465/4/2 3498/4/2 3499/4/2 3466/4/2
f 3466/4/5 3499/4/5 3013/4/5 2997/4/5
f 3467/4/2 3500/4/2 3498/4/2 3465/4/2
f 3468/4/2 3501/4/2 3500/4/2 3467/4/2
f 3016/4/6 3501/4/6 3468/4/6 3000/4/6
f 3469/4/2 3502/4/2 3503/4/2 3470/4/2
f 3470/4/5 3503/4/5 3015/4/5 2999/4/5
f 3471/4/2 3504/4/2 3502/4/2 3469/4/2
f 3472/4/2 3505/4/2 3504/4/2 3471/4/2
f 3018/4/6 3505/4/6 3472/4/6 3002/4/6
f 3473/4/2 3506/4/2 3507/4/2 3474/4/2
f 3474/4/5 3507/4/5 3017/4/5 3001/4/5
f 3475/4/2 3508/4/2 3506/4/2 3473/4/2
f 3476/4/2 3509/4/2 3508/4/2 3475/4/2
f 3020/4/6 3509/4/6 3476/4/6 3004/4/6
f 3477/4/2 3510/4/2 3511/4/2 3478/4/2
f 3478/4/5 3511/4/5 3019/4/5 3003/4/5
f 3479/4/2 3512/4/2 3510/4/2 3477/4/2
f 3480/4/2 3513/4/2 3512/4/2 3479/4/2
f 3022/4/6 3513/4/6 3480/4/6 3006/4/6
f 3481/4/2 3514/4/2 3515/4/2 3482/4/2
f 3482/4/5 3515/4/5 3021/4/5 3005/4/5
f 3483/4/2 3516/4/2 3514/4/2 3481/4/2
f 3484/5/2 3517/5/2 3516/5/2 3483/5/2
f 3023/5/6 3517/5/6 3484/5/6 3007/5/6
f 3485/11/2 3518/11/2 3519/11/2 3486/11/2
f 3486/11/5 3519/11/5 3024/11/5 3008/11/5
f 3487/4/2 3520/4/2 3518/4/2 3485/4/2
f 3488/4/2 3521/4/2 3520/4/2 3487/4/2
f 3489/4/2 3522/4/2 3521/4/2 3488/4/2
f 3026/4/6 3522/4/6 3489/4/6 3010/4/6
f 3490/4/2 3523/4/2 3524/4/2 3491/4/2
f 3491/4/5 3524/4/5 3025/4/5 3009/4/5
f 3492/4/2 3525/4/2 3523/4/2 3490/4/2
f 3493/4/2 3526/4/2 3525/4/2 3492/4/2
f 3028/4/6 3526/4/6 3493/4/6 3012/4/6
f 3494/4/2 3527/4/2 3528/4/2 3495/4/2
f 3495/4/5 3528/4/5 3027/4/5 3011/4/5
f 3496/4/2 3529/4/2 3527/4/2 3494/4/2
f 3497/4/2 3530/4/2 3529/4/2 3496/4/2
f 3030/4/6 3530/4/6 3497/4/6 3014/4/6
f 3498/4/2 3531/4/2 3532/4/2 3499/4/2
f 3499/4/5 3532/4/5 3029/4/5 3013/4/5
f 3500/4/2 3533/4/2 3531/4/2 3498/4/2
f 3501/4/2 3534/4/2 3533/4/2 3500/4/2
f 3032/4/6 3534/4/6 3501/4/6 3016/4/6
f 3502/4/2 3535/4/2 3536/4/2 3503/4/2
f 3503/4/5 3536/4/5 3031/4/5 3015/4/5
f 3504/4/2 3537/4/2 3535/4/2 3502/4/2
f 3505/4/2 3538/4/2 3537/4/2 3504/4/2
f 3034/4/6 3538/4/6 3505/4/6 3018/4/6
f 3506/4/2 3539/4/2 3540/4/2 3507/4/2
f 3507/4/5 3540/4/5 3033/4/5 3017/4/5
f 3508/4/2 3541/4/2 3539/4/2 3506/4/2
f 3509/4/2 3542/4/2 3541/4/2 3508/4/2
f 3036/4/6 3542/4/6 3509/4/6 3020/4/6
f 3510/4/2 3543/4/2 3544/4/2 3511/4/2
f 3511/4/5 3544/4/5 3035/4/5 3019/4/5
f 3512/4/2 3545/4/2 3543/4/2 3510/4/2
f 3513/4/2 3546/4/2 3545/4/2 3512/4/2
f 3038/4/6 3546/4/6 3513/4/6 3022/4/6
f 3514/4/2 3547/4/2 3548/4/2 3515/4/2
f 3515/4/5 3548/4/5 3037/4/5 3021/4/5
f 3516/4/2 3549/4/2 3547/4/2 3514/4/2
f 3517/5/2 3550/5/2 3549/5/2 3516/5/2
f 3039/5/6 3550/5/6 3517/5/6 3023/5/6
f 3518/11/2 3551/11/2 3552/11/2 3519/11/2
f 3519/11/5 3552/11/5 3040/11/5 3024/11/5
f 3520/4/2 3553/4/2 3551/4/2 3518/4/2
f 3551/4/4 3553/4/4 3057/4/4 3060/4/4
f 3521/4/2 3554/4/2 3553/4/2 3520/4/2
f 3553/4/4 3554/4/4 3061/4/4 3057/4/4
f 3522/4/2 3555/4/2 3554/4/2 3521/4/2
f 3554/4/4 3555/4/4 3042/4/4 3061/4/4
f 3042/4/6 3555/4/6 3522/4/6 3026/4/6
f 3523/4/2 3556/4/2 3557/4/2 3524/4/2
f 3524/4/5 3557/4/5 3041/4/5 3025/4/5
f 3525/4/2 3558/4/2 3556/4/2 3523/4/2
f 3526/4/2 3559/4/2 3558/4/2 3525/4/2
f 3044/4/6 3559/4/6 3526/4/6 3028/4/6
f 3527/4/2 3560/4/2 3561/4/2 3528/4/2
f 3561/4/4 3560/4/4 3067/4/4 3043/4/4
f 3528/4/5 3561/4/5 3043/4/5 3027/4/5
f 3529/4/2 3562/4/2 3560/4/2 3527/4/2
f 3560/4/4 3562/4/4 3069/4/4 3067/4/4
f 3530/4/2 3563/4/2 3562/4/2 3529/4/2
f 3562/4/4 3563/4/4 3046/4/4 3069/4/4
f 3046/4/6 3563/4/6 3530/4/6 3030/4/6
f 3531/4/2 3564/4/2 3565/4/2 3532/4/2
f 3532/4/5 3565/4/5 3045/4/5 3029/4/5
f 3533/4/2 3566/4/2 3564/4/2 3531/4/2
f 3534/4/2 3567/4/2 3566/4/2 3533/4/2
f 3048/4/6 3567/4/6 3534/4/6 3032/4/6
f 3535/4/2 3568/4/2 3569/4/2 3536/4/2
f 3569/4/4 3568/4/4 3075/4/4 3047/4/4
f 3536/4/5 3569/4/5 3047/4/5 3031/4/5
f 3537/4/2 3570/4/2 3568/4/2 3535/4/2
f 3568/4/4 3570/4/4 3077/4/4 3075/4/4
f 3538/4/2 3571/4/2 3570/4/2 3537/4/2
f 3570/4/4 3571/4/4 3050/4/4 3077/4/4
f 3050/4/6 3571/4/6 3538/4/6 3034/4/6
f 3539/4/2 3572/4/2 3573/4/2 3540/4/2
f 3540/4/5 3573/4/5 3049/4/5 3033/4/5
f 3541/4/2 3574/4/2 3572/4/2 3539/4/2
f 3542/4/2 3575/4/2 3574/4/2 3541/4/2
f 3052/4/6 3575/4/6 3542/4/6 3036/4/6
f 3543/4/2 3576/4/2 3577/4/2 3544/4/2
f 3577/4/4 3576/4/4 3083/4/4 3051/4/4
f 3544/4/5 3577/4/5 3051/4/5 3035/4/5
f 3545/4/2 3578/4/2 3576/4/2 3543/4/2
f 3576/4/4 3578/4/4 3085/4/4 3083/4/4
f 3546/4/2 3579/4/2 3578/4/2 3545/4/2
f 3578/4/4 3579/4/4 3054/4/4 3085/4/4
f 3054/4/6 3579/4/6 3546/4/6 3038/4/6
f 3547/4/2 3580/4/2 3581/4/2 3548/4/2
f 3548/4/5 3581/4/5 3053/4/5 3037/4/5
f 3549/4/2 3582/4/2 3580/4/2 3547/4/2
f 3550/5/2 3583/5/2 3582/5/2 3549/5/2
f 3055/5/6 3583/5/6 3550/5/6 3039/5/6
f 3551/11/2 3584/11/2 3585/11/2 3552/11/2
f 3552/11/5 3585/11/5 3056/11/5 3040/11/5
f 3059/11/6 3584/11/6 3551/11/6 3060/11/6
f 3556/4/2 3586/4/2 3587/4/2 3557/4/2
f 3557/4/5 3587/4/5 3064/4/5 3041/4/5
f 3558/4/2 3588/4/2 3586/4/2 3556/4/2
f 3559/4/2 3589/4/2 3588/4/2 3558/4/2
f 3066/4/6 3589/4/6 3559/4/6 3044/4/6
f 3564/4/2 3590/4/2 3591/4/2 3565/4/2
f 3565/4/5 3591/4/5 3072/4/5 3045/4/5
f 3566/4/2 3592/4/2 3590/4/2 3564/4/2
f 3567/4/2 3593/4/2 3592/4/2 3566/4/2
f 3074/4/6 3593/4/6 3567/4/6 3048/4/6
f 3572/4/2 3594/4/2 3595/4/2 3573/4/2
f 3573/4/5 3595/4/5 3080/4/5 3049/4/5
f 3574/4/2 3596/4/2 3594/4/2 3572/4/2
f 3575/4/2 3597/4/2 3596/4/2 3574/4/2
f 3082/4/6 3597/4/6 3575/4/6 3052/4/6
f 3580/4/2 3598/4/2 3599/4/2 3581/4/2
f 3581/4/5 3599/4/5 3088/4/5 3053/4/5
f 3582/4/2 3600/4/2 3598/4/2 3580/4/2
f 3583/5/2 3601/5/2 3600/5/2 3582/5/2
f 3089/5/6 3601/5/6 3583/5/6 3055/5/6
f 3584/11/2 3602/11/2 3603/11/2 3585/11/2
f 3585/11/5 3603/11/5 3090/11/5 3056/11/5
f 3604/4/2 3605/4/2 3602/4/2 3584/4/2
f 3058/4/3 3604/4/3 3584/4/3 3059/4/3
f 3606/4/2 3607/4/2 3605/4/2 3604/4/2
f 3062/4/3 3606/4/3 3604/4/3 3058/4/3
f 3608/4/2 3609/4/2 3607/4/2 3606/4/2
f 3063/4/3 3608/4/3 3606/4/3 3062/4/3
f 3092/4/6 3609/4/6 3608/4/6 3063/4/6
f 3586/4/2 3610/4/2 3611/4/2 3587/4/2
f 3611/4/4 3610/4/4 3109/4/4 3091/4/4
f 3587/4/5 3611/4/5 3091/4/5 3064/4/5
f 3588/4/2 3612/4/2 3610/4/2 3586/4/2
f 3610/4/4 3612/4/4 3111/4/4 3109/4/4
f 3589/4/2 3613/4/2 3612/4/2 3588/4/2
f 3612/4/4 3613/4/4 3094/4/4 3111/4/4
f 3094/4/6 3613/4/6 3589/4/6 3066/4/6
f 3614/4/2 3615/4/2 3616/4/2 3617/4/2
f 3068/4/3 3614/4/3 3617/4/3 3065/4/3
f 3617/4/5 3616/4/5 3093/4/5 3065/4/5
f 3618/4/2 3619/4/2 3615/4/2 3614/4/2
f 3070/4/3 3618/4/3 3614/4/3 3068/4/3
f 3620/4/2 3621/4/2 3619/4/2 3618/4/2
f 3071/4/3 3620/4/3 3618/4/3 3070/4/3
f 3096/4/6 3621/4/6 3620/4/6 3071/4/6
f 3590/4/2 3622/4/2 3623/4/2 3591/4/2
f 3623/4/4 3622/4/4 3117/4/4 3095/4/4
f 3591/4/5 3623/4/5 3095/4/5 3072/4/5
f 3592/4/2 3624/4/2 3622/4/2 3590/4/2
f 3622/4/4 3624/4/4 3119/4/4 3117/4/4
f 3593/4/2 3625/4/2 3624/4/2 3592/4/2
f 3624/4/4 3625/4/4 3098/4/4 3119/4/4
f 3098/4/6 3625/4/6 3593/4/6 3074/4/6
f 3626/4/2 3627/4/2 3628/4/2 3629/4/2
f 3076/4/3 3626/4/3 3629/4/3 3073/4/3
f 3629/4/5 3628/4/5 3097/4/5 3073/4/5
f 3630/4/2 3631/4/2 3627/4/2 3626/4/2
f 3078/4/3 3630/4/3 3626/4/3 3076/4/3
f 3632/4/2 3633/4/2 3631/4/2 3630/4/2
f 3079/4/3 3632/4/3 3630/4/3 3078/4/3
f 3100/4/6 3633/4/6 3632/4/6 3079/4/6
f 3594/4/2 3634/4/2 3635/4/2 3595/4/2
f 3635/4/4 3634/4/4 3125/4/4 3099/4/4
f 3595/4/5 3635/4/5 3099/4/5 3080/4/5
f 3596/4/2 3636/4/2 3634/4/2 3594/4/2
f 3634/4/4 3636/4/4 3127/4/4 3125/4/4
f 3597/4/2 3637/4/2 3636/4/2 3596/4/2
f 3636/4/4 3637/4/4 3102/4/4 3127/4/4
f 3102/4/6 3637/4/6 3597/4/6 3082/4/6
f 3638/4/2 3639/4/2 3640/4/2 3641/4/2
f 3084/4/3 3638/4/3 3641/4/3 3081/4/3
f 3641/4/5 3640/4/5 3101/4/5 3081/4/5
f 3642/4/2 3643/4/2 3639/4/2 3638/4/2
f 3086/4/3 3642/4/3 3638/4/3 3084/4/3
f 3644/4/2 3645/4/2 3643/4/2 3642/4/2
f 3087/4/3 3644/4/3 3642/4/3 3086/4/3
f 3104/4/6 3645/4/6 3644/4/6 3087/4/6
f 3598/4/2 3646/4/2 3647/4/2 3599/4/2
f 3647/4/4 3646/4/4 3133/4/4 3103/4/4
f 3599/4/5 3647/4/5 3103/4/5 3088/4/5
f 3600/4/2 3648/4/2 3646/4/2 3598/4/2
f 3646/4/4 3648/4/4 3135/4/4 3133/4/4
f 3601/5/2 3649/5/2 3648/5/2 3600/5/2
f 3648/5/4 3649/5/4 3105/5/4 3135/5/4
f 3105/5/6 3649/5/6 3601/5/6 3089/5/6
f 3602/11/2 3650/11/2 3651/11/2 3603/11/2
f 3603/11/5 3651/11/5 3106/11/5 3090/11/5
f 3605/4/2 3652/4/2 3650/4/2 3602/4/2
f 3607/4/2 3653/4/2 3652/4/2 3605/4/2
f 3609/4/2 3654/4/2 3653/4/2 3607/4/2
f 3108/4/6 3654/4/6 3609/4/6 3092/4/6
f 3615/4/2 3655/4/2 3656/4/2 3616/4/2
f 3616/4/5 3656/4/5 3114/4/5 3093/4/5
f 3619/4/2 3657/4/2 3655/4/2 3615/4/2
f 3621/4/2 3658/4/2 3657/4/2 3619/4/2
f 3116/4/6 3658/4/6 3621/4/6 3096/4/6
f 3627/4/2 3659/4/2 3660/4/2 3628/4/2
f 3628/4/5 3660/4/5 3122/4/5 3097/4/5
f 3631/4/2 3661/4/2 3659/4/2 3627/4/2
f 3633/4/2 3662/4/2 3661/4/2 3631/4/2
f 3124/4/6 3662/4/6 3633/4/6 3100/4/6
f 3639/4/2 3663/4/2 3664/4/2 3640/4/2
f 3640/4/5 3664/4/5 3130/4/5 3101/4/5
f 3643/4/2 3665/4/2 3663/4/2 3639/4/2
f 3645/4/2 3666/4/2 3665/4/2 3643/4/2
f 3132/4/6 3666/4/6 3645/4/6 3104/4/6
f 3650/11/2 3667/11/2 3668/11/2 3651/11/2
f 3668/11/4 3667/11/4 3139/11/4 3138/11/4
f 3651/11/5 3668/11/5 3138/11/5 3106/11/5
f 3652/4/2 3669/4/2 3667/4/2 3650/4/2
f 3667/4/4 3669/4/4 3140/4/4 3139/4/4
f 3653/4/2 3670/4/2 3669/4/2 3652/4/2
f 3669/4/4 3670/4/4 3141/4/4 3140/4/4
f 3654/4/2 3671/4/2 3670/4/2 3653/4/2
f 3670/4/4 3671/4/4 3142/4/4 3141/4/4
f 3142/4/6 3671/4/6 3654/4/6 3108/4/6
f 3672/4/1 3673/4/1 3110/4/1 3107/4/1
f 3674/4/2 3675/4/2 3676/4/2 3677/4/2
f 3110/4/3 3674/4/3 3677/4/3 3107/4/3
f 3676/4/4 3675/4/4 3673/4/4 3672/4/4
f 3677/4/5 3676/4/5 3672/4/5 3107/4/5
f 3673/4/1 3678/4/1 3112/4/1 3110/4/1
f 3679/4/2 3680/4/2 3675/4/2 3674/4/2
f 3112/4/3 3679/4/3 3674/4/3 3110/4/3
f 3675/4/4 3680/4/4 3678/4/4 3673/4/4
f 3678/4/1 3681/4/1 3113/4/1 3112/4/1
f 3682/4/2 3683/4/2 3680/4/2 3679/4/2
f 3113/4/3 3682/4/3 3679/4/3 3112/4/3
f 3680/4/4 3683/4/4 3681/4/4 3678/4/4
f 3681/4/6 3683/4/6 3682/4/6 3113/4/6
f 3655/4/2 3684/4/2 3685/4/2 3656/4/2
f 3685/4/4 3684/4/4 3144/4/4 3143/4/4
f 3656/4/5 3685/4/5 3143/4/5 3114/4/5
f 3657/4/2 3686/4/2 3684/4/2 3655/4/2
f 3684/4/4 3686/4/4 3145/4/4 3144/4/4
f 3658/4/2 3687/4/2 3686/4/2 3657/4/2
f 3686/4/4 3687/4/4 3146/4/4 3145/4/4
f 3146/4/6 3687/4/6 3658/4/6 3116/4/6
f 3688/4/1 3689/4/1 3118/4/1 3115/4/1
f 3690/4/2 3691/4/2 3692/4/2 3693/4/2
f 3118/4/3 3690/4/3 3693/4/3 3115/4/3
f 3692/4/4 3691/4/4 3689/4/4 3688/4/4
f 3693/4/5 3692/4/5 3688/4/5 3115/4/5
f 3689/4/1 3694/4/1 3120/4/1 3118/4/1
f 3695/4/2 3696/4/2 3691/4/2 3690/4/2
f 3120/4/3 3695/4/3 3690/4/3 3118/4/3
f 3691/4/4 3696/4/4 3694/4/4 3689/4/4
f 3694/4/1 3697/4/1 3121/4/1 3120/4/1
f 3698/4/2 3699/4/2 3696/4/2 3695/4/2
f 3121/4/3 3698/4/3 3695/4/3 3120/4/3
f 3696/4/4 3699/4/4 3697/4/4 3694/4/4
f 3697/4/6 3699/4/6 3698/4/6 3121/4/6
f 3659/4/2 3700/4/2 3701/4/2 3660/4/2
f 3701/4/4 3700/4/4 3148/4/4 3147/4/4
f 3660/4/5 3701/4/5 3147/4/5 3122/4/5
f 3661/4/2 3702/4/2 3700/4/2 3659/4/2
f 3700/4/4 3702/4/4 3149/4/4 3148/4/4
f 3662/4/2 3703/4/2 3702/4/2 3661/4/2
f 3702/4/4 3703/4/4 3150/4/4 3149/4/4
f 3150/4/6 3703/4/6 3662/4/6 3124/4/6
f 3704/4/1 3705/4/1 3126/4/1 3123/4/1
f 3706/4/2 3707/4/2 3708/4/2 3709/4/2
f 3126/4/3 3706/4/3 3709/4/3 3123/4/3
f 3708/4/4 3707/4/4 3705/4/4 3704/4/4
f 3709/4/5 3708/4/5 3704/4/5 3123/4/5
f 3705/4/1 3710/4/1 3128/4/1 3126/4/1
f 3711/4/2 3712/4/2 3707/4/2 3706/4/2
f 3128/4/3 3711/4/3 3706/4/3 3126/4/3
f 3707/4/4 3712/4/4 3710/4/4 3705/4/4
f 3710/4/1 3713/4/1 3129/4/1 3128/4/1
f 3714/4/2 3715/4/2 3712/4/2 3711/4/2
f 3129/4/3 3714/4/3 3711/4/3 3128/4/3
f 3712/4/4 3715/4/4 3713/4/4 3710/4/4
f 3713/4/6 3715/4/6 3714/4/6 3129/4/6
f 3663/4/2 3716/4/2 3717/4/2 3664/4/2
f 3717/4/4 3716/4/4 3152/4/4 3151/4/4
f 3664/4/5 3717/4/5 3151/4/5 3130/4/5
f 3665/4/2 3718/4/2 3716/4/2 3663/4/2
f 3716/4/4 3718/4/4 3153/4/4 3152/4/4
f 3666/4/2 3719/4/2 3718/4/2 3665/4/2
f 3718/4/4 3719/4/4 3154/4/4 3153/4/4
f 3154/4/6 3719/4/6 3666/4/6 3132/4/6
f 3720/11/1 3721/11/1 3134/11/1 3131/11/1
f 3722/11/2 3723/11/2 3724/11/2 3725/11/2
f 3134/11/3 3722/11/3 3725/11/3 3131/11/3
f 3724/11/4 3723/11/4 3721/11/4 3720/11/4
f 3725/11/5 3724/11/5 3720/11/5 3131/11/5
f 3721/4/1 3726/4/1 3136/4/1 3134/4/1
f 3727/4/2 3728/4/2 3723/4/2 3722/4/2
f 3136/4/3 3727/4/3 3722/4/3 3134/4/3
f 3723/4/4 3728/4/4 3726/4/4 3721/4/4
f 3726/5/1 3729/5/1 3137/5/1 3136/5/1
f 3730/5/2 3731/5/2 3728/5/2 3727/5/2
f 3137/5/3 3730/5/3 3727/5/3 3136/5/3
f 3728/5/4 3731/5/4 3729/5/4 3726/5/4
f 3729/5/6 3731/5/6 3730/5/6 3137/5/6
